2026-09-28 07:02:29.778770 91.57% [NOTICE] mod_logfile.c:196 New log started: /var/log/freeswitch/freeswitch.log
2026-09-28 07:04:17.138830 87.40% [NOTICE] sofia_reg.c:463 Registering platform-switch
2026-09-28 07:04:17.198784 87.40% [ERR] sofia_reg.c:2661 platform-switch Failed Registration with status Forbidden [403]. failure #5
2026-09-28 07:04:18.158821 87.33% [WARNING] sofia_reg.c:520 platform-switch Failed Registration [403], setting retry to 150 seconds.
2026-09-28 07:06:49.598880 92.33% [NOTICE] sofia_reg.c:463 Registering platform-switch
2026-09-28 07:24:02.502571 90.07% [INFO] switch_core.c:2894 Shutting down
2026-09-28 07:24:02.502571 90.07% [DEBUG] switch_console.c:1088 Editline thread exiting
2026-09-28 07:24:02.558786 88.30% [CONSOLE] switch_core.c:3041 End existing sessions
2026-09-28 07:24:02.558786 88.30% [CONSOLE] switch_core.c:3043 Clean up modules.
2026-09-28 07:24:02.558786 88.30% [DEBUG] switch_loadable_module.c:919 Chat Thread Ended
2026-09-28 07:24:02.558786 88.30% [DEBUG] switch_loadable_module.c:919 Chat Thread Ended
2026-09-28 07:24:02.558786 88.30% [NOTICE] switch_loadable_module.c:1230 Deleting Application 'play_fsv'
2026-09-28 07:24:02.558786 88.30% [DEBUG] switch_loadable_module.c:1232 Write lock interface 'play_fsv' to wait for existing references.
2026-09-28 07:24:02.558786 88.30% [NOTICE] switch_loadable_module.c:1230 Deleting Application 'record_fsv'
2026-09-28 07:24:02.558786 88.30% [DEBUG] switch_loadable_module.c:1232 Write lock interface 'record_fsv' to wait for existing references.
2026-09-28 07:24:02.558786 88.30% [NOTICE] switch_loadable_module.c:1230 Deleting Application 'play_yuv'
2026-09-28 07:24:02.558786 88.30% [DEBUG] switch_loadable_module.c:1232 Write lock interface 'play_yuv' to wait for existing references.
2026-09-28 07:24:02.558786 88.30% [NOTICE] switch_loadable_module.c:1230 Deleting Application 'decode_video'
2026-09-28 07:24:02.558786 88.30% [DEBUG] switch_loadable_module.c:1232 Write lock interface 'decode_video' to wait for existing references.
2026-09-28 07:24:02.558786 88.30% [DEBUG] switch_loadable_module.c:1350 Write lock interface 'mod_fsv' to wait for existing references.
2026-09-28 07:24:02.558786 88.30% [NOTICE] switch_loadable_module.c:1360 Deleting File Format 'fsv'
2026-09-28 07:24:02.558786 88.30% [CONSOLE] switch_loadable_module.c:2357 mod_fsv has no shutdown routine
2026-09-28 07:24:02.558786 88.30% [NOTICE] switch_loadable_module.c:1230 Deleting Application 'hash'
2026-09-28 07:24:02.558786 88.30% [DEBUG] switch_loadable_module.c:1232 Write lock interface 'hash' to wait for existing references.
2026-09-28 07:24:02.558786 88.30% [NOTICE] switch_loadable_module.c:1285 Deleting API Function 'hash'
2026-09-28 07:24:02.558786 88.30% [DEBUG] switch_loadable_module.c:1287 Write lock interface 'hash' to wait for existing references.
2026-09-28 07:24:02.558786 88.30% [NOTICE] switch_loadable_module.c:1285 Deleting API Function 'hash_dump'
2026-09-28 07:24:02.558786 88.30% [DEBUG] switch_loadable_module.c:1287 Write lock interface 'hash_dump' to wait for existing references.
2026-09-28 07:24:02.558786 88.30% [NOTICE] switch_loadable_module.c:1285 Deleting API Function 'hash_remote'
2026-09-28 07:24:02.558786 88.30% [DEBUG] switch_loadable_module.c:1287 Write lock interface 'hash_remote' to wait for existing references.
2026-09-28 07:24:02.558786 88.30% [NOTICE] switch_loadable_module.c:1608 Deleting Limit interface 'hash'
2026-09-28 07:24:02.558786 88.30% [CONSOLE] switch_loadable_module.c:2354 Stopping: mod_hash
2026-09-28 07:24:02.578782 88.30% [NOTICE] switch_loadable_module.c:1153 Deleting Codec VP8 99 VP8 Video 90000hz 0ms
2026-09-28 07:24:02.578782 88.30% [NOTICE] switch_loadable_module.c:1153 Deleting Codec VP9 99 VP9 Video 90000hz 0ms
2026-09-28 07:24:02.578782 88.30% [NOTICE] switch_loadable_module.c:1285 Deleting API Function 'vpx'
2026-09-28 07:24:02.578782 88.30% [DEBUG] switch_loadable_module.c:1287 Write lock interface 'vpx' to wait for existing references.
2026-09-28 07:24:02.578782 88.30% [CONSOLE] switch_loadable_module.c:2354 Stopping: CORE_VPX_MODULE
2026-09-28 07:24:02.578782 88.30% [NOTICE] switch_loadable_module.c:1153 Deleting Codec SPEEX 99 Speex 32000hz 20ms
2026-09-28 07:24:02.578782 88.30% [NOTICE] switch_loadable_module.c:1153 Deleting Codec SPEEX 99 Speex 16000hz 20ms
2026-09-28 07:24:02.578782 88.30% [NOTICE] switch_loadable_module.c:1153 Deleting Codec SPEEX 99 Speex 8000hz 20ms
2026-09-28 07:24:02.578782 88.30% [CONSOLE] switch_loadable_module.c:2357 CORE_SPEEX_MODULE has no shutdown routine
2026-09-28 07:24:02.578782 88.30% [DEBUG] switch_loadable_module.c:1350 Write lock interface 'mod_native_file' to wait for existing references.
2026-09-28 07:24:02.578782 88.30% [NOTICE] switch_loadable_module.c:1360 Deleting File Format 'AAL2-G726-32'
2026-09-28 07:24:02.578782 88.30% [NOTICE] switch_loadable_module.c:1360 Deleting File Format 'DVI4'
2026-09-28 07:24:02.578782 88.30% [NOTICE] switch_loadable_module.c:1360 Deleting File Format 'PCMU'
2026-09-28 07:24:02.578782 88.30% [NOTICE] switch_loadable_module.c:1360 Deleting File Format 'G722'
2026-09-28 07:24:02.578782 88.30% [NOTICE] switch_loadable_module.c:1360 Deleting File Format 'AAL2-G726-24'
2026-09-28 07:24:02.578782 88.30% [NOTICE] switch_loadable_module.c:1360 Deleting File Format 'AAL2-G726-40'
2026-09-28 07:24:02.578782 88.30% [NOTICE] switch_loadable_module.c:1360 Deleting File Format 'L16'
2026-09-28 07:24:02.578782 88.30% [NOTICE] switch_loadable_module.c:1360 Deleting File Format 'G726-16'
2026-09-28 07:24:02.578782 88.30% [NOTICE] switch_loadable_module.c:1360 Deleting File Format 'PCMA'
2026-09-28 07:24:02.578782 88.30% [NOTICE] switch_loadable_module.c:1360 Deleting File Format 'G726-24'
2026-09-28 07:24:02.578782 88.30% [NOTICE] switch_loadable_module.c:1360 Deleting File Format 'G729'
2026-09-28 07:24:02.578782 88.30% [NOTICE] switch_loadable_module.c:1360 Deleting File Format 'AAL2-G726-16'
2026-09-28 07:24:02.578782 88.30% [NOTICE] switch_loadable_module.c:1360 Deleting File Format 'G726-32'
2026-09-28 07:24:02.578782 88.30% [NOTICE] switch_loadable_module.c:1360 Deleting File Format 'GSM'
2026-09-28 07:24:02.578782 88.30% [NOTICE] switch_loadable_module.c:1360 Deleting File Format 'G726-40'
2026-09-28 07:24:02.578782 88.30% [NOTICE] switch_loadable_module.c:1360 Deleting File Format 'G723'
2026-09-28 07:24:02.578782 88.30% [NOTICE] switch_loadable_module.c:1360 Deleting File Format 'LPC'
2026-09-28 07:24:02.578782 88.30% [CONSOLE] switch_loadable_module.c:2357 mod_native_file has no shutdown routine
2026-09-28 07:24:02.578782 88.30% [NOTICE] switch_loadable_module.c:1285 Deleting API Function 'cdr_csv'
2026-09-28 07:24:02.578782 88.30% [DEBUG] switch_loadable_module.c:1287 Write lock interface 'cdr_csv' to wait for existing references.
2026-09-28 07:24:02.578782 88.30% [CONSOLE] switch_loadable_module.c:2354 Stopping: mod_cdr_csv
2026-09-28 07:24:02.578782 88.30% [DEBUG] switch_event.c:2157 Event Binding deleted for mod_cdr_csv:TRAP
2026-09-28 07:24:02.578782 88.30% [DEBUG] switch_loadable_module.c:1117 Write lock interface 'loopback' to wait for existing references.
2026-09-28 07:24:02.578782 88.30% [NOTICE] switch_loadable_module.c:1125 Deleting Endpoint 'loopback'
2026-09-28 07:24:02.578782 88.30% [DEBUG] switch_loadable_module.c:1117 Write lock interface 'null' to wait for existing references.
2026-09-28 07:24:02.578782 88.30% [NOTICE] switch_loadable_module.c:1125 Deleting Endpoint 'null'
2026-09-28 07:24:02.578782 88.30% [NOTICE] switch_loadable_module.c:1230 Deleting Application 'unloop'
2026-09-28 07:24:02.578782 88.30% [DEBUG] switch_loadable_module.c:1232 Write lock interface 'unloop' to wait for existing references.
2026-09-28 07:24:02.578782 88.30% [CONSOLE] switch_loadable_module.c:2354 Stopping: mod_loopback
2026-09-28 07:24:02.578782 88.30% [NOTICE] switch_event.c:468 Subclass reservation deleted for mod_loopback.c:loopback::bowout
2026-09-28 07:24:02.578782 88.30% [NOTICE] switch_event.c:468 Subclass reservation deleted for mod_loopback.c:loopback::direct
2026-09-28 07:24:02.578782 88.30% [DEBUG] switch_event.c:2157 Event Binding deleted for mod_loopback:RELOADXML
2026-09-28 07:24:02.578782 88.30% [NOTICE] switch_loadable_module.c:1230 Deleting Application 'voicemail'
2026-09-28 07:24:02.578782 88.30% [DEBUG] switch_loadable_module.c:1232 Write lock interface 'voicemail' to wait for existing references.
2026-09-28 07:24:02.578782 88.30% [NOTICE] switch_loadable_module.c:1285 Deleting API Function 'voicemail'
2026-09-28 07:24:02.578782 88.30% [DEBUG] switch_loadable_module.c:1287 Write lock interface 'voicemail' to wait for existing references.
2026-09-28 07:24:02.578782 88.30% [NOTICE] switch_loadable_module.c:1285 Deleting API Function 'voicemail_inject'
2026-09-28 07:24:02.578782 88.30% [DEBUG] switch_loadable_module.c:1287 Write lock interface 'voicemail_inject' to wait for existing references.
2026-09-28 07:24:02.578782 88.30% [NOTICE] switch_loadable_module.c:1285 Deleting API Function 'vm_inject'
2026-09-28 07:24:02.578782 88.30% [DEBUG] switch_loadable_module.c:1287 Write lock interface 'vm_inject' to wait for existing references.
2026-09-28 07:24:02.578782 88.30% [NOTICE] switch_loadable_module.c:1285 Deleting API Function 'vm_boxcount'
2026-09-28 07:24:02.578782 88.30% [DEBUG] switch_loadable_module.c:1287 Write lock interface 'vm_boxcount' to wait for existing references.
2026-09-28 07:24:02.578782 88.30% [NOTICE] switch_loadable_module.c:1285 Deleting API Function 'vm_prefs'
2026-09-28 07:24:02.578782 88.30% [DEBUG] switch_loadable_module.c:1287 Write lock interface 'vm_prefs' to wait for existing references.
2026-09-28 07:24:02.578782 88.30% [NOTICE] switch_loadable_module.c:1285 Deleting API Function 'vm_delete'
2026-09-28 07:24:02.578782 88.30% [DEBUG] switch_loadable_module.c:1287 Write lock interface 'vm_delete' to wait for existing references.
2026-09-28 07:24:02.578782 88.30% [NOTICE] switch_loadable_module.c:1285 Deleting API Function 'vm_read'
2026-09-28 07:24:02.578782 88.30% [DEBUG] switch_loadable_module.c:1287 Write lock interface 'vm_read' to wait for existing references.
2026-09-28 07:24:02.578782 88.30% [NOTICE] switch_loadable_module.c:1285 Deleting API Function 'vm_list'
2026-09-28 07:24:02.578782 88.30% [DEBUG] switch_loadable_module.c:1287 Write lock interface 'vm_list' to wait for existing references.
2026-09-28 07:24:02.578782 88.30% [NOTICE] switch_loadable_module.c:1285 Deleting API Function 'vm_fsdb_auth_login'
2026-09-28 07:24:02.578782 88.30% [DEBUG] switch_loadable_module.c:1287 Write lock interface 'vm_fsdb_auth_login' to wait for existing references.
2026-09-28 07:24:02.578782 88.30% [NOTICE] switch_loadable_module.c:1285 Deleting API Function 'vm_fsdb_msg_count'
2026-09-28 07:24:02.578782 88.30% [DEBUG] switch_loadable_module.c:1287 Write lock interface 'vm_fsdb_msg_count' to wait for existing references.
2026-09-28 07:24:02.578782 88.30% [NOTICE] switch_loadable_module.c:1285 Deleting API Function 'vm_fsdb_msg_list'
2026-09-28 07:24:02.578782 88.30% [DEBUG] switch_loadable_module.c:1287 Write lock interface 'vm_fsdb_msg_list' to wait for existing references.
2026-09-28 07:24:02.578782 88.30% [NOTICE] switch_loadable_module.c:1285 Deleting API Function 'vm_fsdb_msg_get'
2026-09-28 07:24:02.578782 88.30% [DEBUG] switch_loadable_module.c:1287 Write lock interface 'vm_fsdb_msg_get' to wait for existing references.
2026-09-28 07:24:02.578782 88.30% [NOTICE] switch_loadable_module.c:1285 Deleting API Function 'vm_fsdb_msg_delete'
2026-09-28 07:24:02.578782 88.30% [DEBUG] switch_loadable_module.c:1287 Write lock interface 'vm_fsdb_msg_delete' to wait for existing references.
2026-09-28 07:24:02.578782 88.30% [NOTICE] switch_loadable_module.c:1285 Deleting API Function 'vm_fsdb_msg_undelete'
2026-09-28 07:24:02.578782 88.30% [DEBUG] switch_loadable_module.c:1287 Write lock interface 'vm_fsdb_msg_undelete' to wait for existing references.
2026-09-28 07:24:02.578782 88.30% [NOTICE] switch_loadable_module.c:1285 Deleting API Function 'vm_fsdb_msg_email'
2026-09-28 07:24:02.578782 88.30% [DEBUG] switch_loadable_module.c:1287 Write lock interface 'vm_fsdb_msg_email' to wait for existing references.
2026-09-28 07:24:02.578782 88.30% [NOTICE] switch_loadable_module.c:1285 Deleting API Function 'vm_fsdb_msg_purge'
2026-09-28 07:24:02.578782 88.30% [DEBUG] switch_loadable_module.c:1287 Write lock interface 'vm_fsdb_msg_purge' to wait for existing references.
2026-09-28 07:24:02.578782 88.30% [NOTICE] switch_loadable_module.c:1285 Deleting API Function 'vm_fsdb_msg_save'
2026-09-28 07:24:02.578782 88.30% [DEBUG] switch_loadable_module.c:1287 Write lock interface 'vm_fsdb_msg_save' to wait for existing references.
2026-09-28 07:24:02.578782 88.30% [NOTICE] switch_loadable_module.c:1285 Deleting API Function 'vm_fsdb_msg_forward'
2026-09-28 07:24:02.578782 88.30% [DEBUG] switch_loadable_module.c:1287 Write lock interface 'vm_fsdb_msg_forward' to wait for existing references.
2026-09-28 07:24:02.578782 88.30% [NOTICE] switch_loadable_module.c:1285 Deleting API Function 'vm_fsdb_pref_greeting_set'
2026-09-28 07:24:02.578782 88.30% [DEBUG] switch_loadable_module.c:1287 Write lock interface 'vm_fsdb_pref_greeting_set' to wait for existing references.
2026-09-28 07:24:02.598793 88.30% [NOTICE] switch_loadable_module.c:1285 Deleting API Function 'vm_fsdb_pref_greeting_get'
2026-09-28 07:24:02.598793 88.30% [DEBUG] switch_loadable_module.c:1287 Write lock interface 'vm_fsdb_pref_greeting_get' to wait for existing references.
2026-09-28 07:24:02.598793 88.30% [NOTICE] switch_loadable_module.c:1285 Deleting API Function 'vm_fsdb_pref_recname_set'
2026-09-28 07:24:02.598793 88.30% [DEBUG] switch_loadable_module.c:1287 Write lock interface 'vm_fsdb_pref_recname_set' to wait for existing references.
2026-09-28 07:24:02.598793 88.30% [NOTICE] switch_loadable_module.c:1285 Deleting API Function 'vm_fsdb_pref_password_set'
2026-09-28 07:24:02.598793 88.30% [DEBUG] switch_loadable_module.c:1287 Write lock interface 'vm_fsdb_pref_password_set' to wait for existing references.
2026-09-28 07:24:02.598793 88.30% [CONSOLE] switch_loadable_module.c:2354 Stopping: mod_voicemail
2026-09-28 07:24:02.598793 88.30% [NOTICE] switch_event.c:468 Subclass reservation deleted for mod_voicemail.c:vm::maintenance
2026-09-28 07:24:02.598793 88.30% [DEBUG] switch_event.c:2157 Event Binding deleted for mod_voicemail:MESSAGE_QUERY
2026-09-28 07:24:02.598793 88.30% [DEBUG] mod_voicemail.c:6294 Waiting for write lock (Profile default)
2026-09-28 07:24:02.598793 88.30% [DEBUG] mod_voicemail.c:6297 Destroying Profile default
2026-09-28 07:24:02.598793 88.30% [DEBUG] switch_loadable_module.c:1117 Write lock interface 'modem' to wait for existing references.
2026-09-28 07:24:02.598793 88.30% [NOTICE] switch_loadable_module.c:1125 Deleting Endpoint 'modem'
2026-09-28 07:24:02.598793 88.30% [NOTICE] switch_loadable_module.c:1153 Deleting Codec DVI4 6 ADPCM (IMA) 16000hz 10ms
2026-09-28 07:24:02.598793 88.30% [NOTICE] switch_loadable_module.c:1153 Deleting Codec DVI4 6 ADPCM (IMA) 16000hz 20ms
2026-09-28 07:24:02.598793 88.30% [NOTICE] switch_loadable_module.c:1153 Deleting Codec DVI4 6 ADPCM (IMA) 16000hz 30ms
2026-09-28 07:24:02.598793 88.30% [NOTICE] switch_loadable_module.c:1153 Deleting Codec DVI4 6 ADPCM (IMA) 16000hz 40ms
2026-09-28 07:24:02.598793 88.30% [NOTICE] switch_loadable_module.c:1153 Deleting Codec DVI4 6 ADPCM (IMA) 16000hz 50ms
2026-09-28 07:24:02.598793 88.30% [NOTICE] switch_loadable_module.c:1153 Deleting Codec DVI4 6 ADPCM (IMA) 16000hz 60ms
2026-09-28 07:24:02.598793 88.30% [NOTICE] switch_loadable_module.c:1153 Deleting Codec DVI4 5 ADPCM (IMA) 8000hz 10ms
2026-09-28 07:24:02.598793 88.30% [NOTICE] switch_loadable_module.c:1153 Deleting Codec DVI4 5 ADPCM (IMA) 8000hz 20ms
2026-09-28 07:24:02.598793 88.30% [NOTICE] switch_loadable_module.c:1153 Deleting Codec DVI4 5 ADPCM (IMA) 8000hz 30ms
2026-09-28 07:24:02.598793 88.30% [NOTICE] switch_loadable_module.c:1153 Deleting Codec DVI4 5 ADPCM (IMA) 8000hz 40ms
2026-09-28 07:24:02.598793 88.30% [NOTICE] switch_loadable_module.c:1153 Deleting Codec DVI4 5 ADPCM (IMA) 8000hz 50ms
2026-09-28 07:24:02.598793 88.30% [NOTICE] switch_loadable_module.c:1153 Deleting Codec DVI4 5 ADPCM (IMA) 8000hz 60ms
2026-09-28 07:24:02.598793 88.30% [NOTICE] switch_loadable_module.c:1153 Deleting Codec DVI4 5 ADPCM (IMA) 8000hz 70ms
2026-09-28 07:24:02.598793 88.30% [NOTICE] switch_loadable_module.c:1153 Deleting Codec DVI4 5 ADPCM (IMA) 8000hz 80ms
2026-09-28 07:24:02.598793 88.30% [NOTICE] switch_loadable_module.c:1153 Deleting Codec DVI4 5 ADPCM (IMA) 8000hz 90ms
2026-09-28 07:24:02.598793 88.30% [NOTICE] switch_loadable_module.c:1153 Deleting Codec DVI4 5 ADPCM (IMA) 8000hz 100ms
2026-09-28 07:24:02.598793 88.30% [NOTICE] switch_loadable_module.c:1153 Deleting Codec DVI4 5 ADPCM (IMA) 8000hz 110ms
2026-09-28 07:24:02.598793 88.30% [NOTICE] switch_loadable_module.c:1153 Deleting Codec DVI4 5 ADPCM (IMA) 8000hz 120ms
2026-09-28 07:24:02.598793 88.30% [NOTICE] switch_loadable_module.c:1153 Deleting Codec AAL2-G726-16 124 G.726 16k (AAL2) 8000hz 10ms
2026-09-28 07:24:02.598793 88.30% [NOTICE] switch_loadable_module.c:1153 Deleting Codec AAL2-G726-16 124 G.726 16k (AAL2) 8000hz 20ms
2026-09-28 07:24:02.598793 88.30% [NOTICE] switch_loadable_module.c:1153 Deleting Codec AAL2-G726-16 124 G.726 16k (AAL2) 8000hz 30ms
2026-09-28 07:24:02.598793 88.30% [NOTICE] switch_loadable_module.c:1153 Deleting Codec AAL2-G726-16 124 G.726 16k (AAL2) 8000hz 40ms
2026-09-28 07:24:02.598793 88.30% [NOTICE] switch_loadable_module.c:1153 Deleting Codec AAL2-G726-16 124 G.726 16k (AAL2) 8000hz 50ms
2026-09-28 07:24:02.598793 88.30% [NOTICE] switch_loadable_module.c:1153 Deleting Codec AAL2-G726-16 124 G.726 16k (AAL2) 8000hz 60ms
2026-09-28 07:24:02.598793 88.30% [NOTICE] switch_loadable_module.c:1153 Deleting Codec AAL2-G726-16 124 G.726 16k (AAL2) 8000hz 70ms
2026-09-28 07:24:02.598793 88.30% [NOTICE] switch_loadable_module.c:1153 Deleting Codec AAL2-G726-16 124 G.726 16k (AAL2) 8000hz 80ms
2026-09-28 07:24:02.598793 88.30% [NOTICE] switch_loadable_module.c:1153 Deleting Codec AAL2-G726-16 124 G.726 16k (AAL2) 8000hz 90ms
2026-09-28 07:24:02.598793 88.30% [NOTICE] switch_loadable_module.c:1153 Deleting Codec AAL2-G726-16 124 G.726 16k (AAL2) 8000hz 100ms
2026-09-28 07:24:02.598793 88.30% [NOTICE] switch_loadable_module.c:1153 Deleting Codec AAL2-G726-16 124 G.726 16k (AAL2) 8000hz 110ms
2026-09-28 07:24:02.598793 88.30% [NOTICE] switch_loadable_module.c:1153 Deleting Codec AAL2-G726-16 124 G.726 16k (AAL2) 8000hz 120ms
2026-09-28 07:24:02.598793 88.30% [NOTICE] switch_loadable_module.c:1153 Deleting Codec G726-16 124 G.726 16k 8000hz 10ms
2026-09-28 07:24:02.598793 88.30% [NOTICE] switch_loadable_module.c:1153 Deleting Codec G726-16 124 G.726 16k 8000hz 20ms
2026-09-28 07:24:02.598793 88.30% [NOTICE] switch_loadable_module.c:1153 Deleting Codec G726-16 124 G.726 16k 8000hz 30ms
2026-09-28 07:24:02.598793 88.30% [NOTICE] switch_loadable_module.c:1153 Deleting Codec G726-16 124 G.726 16k 8000hz 40ms
2026-09-28 07:24:02.598793 88.30% [NOTICE] switch_loadable_module.c:1153 Deleting Codec G726-16 124 G.726 16k 8000hz 50ms
2026-09-28 07:24:02.598793 88.30% [NOTICE] switch_loadable_module.c:1153 Deleting Codec G726-16 124 G.726 16k 8000hz 60ms
2026-09-28 07:24:02.598793 88.30% [NOTICE] switch_loadable_module.c:1153 Deleting Codec G726-16 124 G.726 16k 8000hz 70ms
2026-09-28 07:24:02.598793 88.30% [NOTICE] switch_loadable_module.c:1153 Deleting Codec G726-16 124 G.726 16k 8000hz 80ms
2026-09-28 07:24:02.598793 88.30% [NOTICE] switch_loadable_module.c:1153 Deleting Codec G726-16 124 G.726 16k 8000hz 90ms
2026-09-28 07:24:02.598793 88.30% [NOTICE] switch_loadable_module.c:1153 Deleting Codec G726-16 124 G.726 16k 8000hz 100ms
2026-09-28 07:24:02.598793 88.30% [NOTICE] switch_loadable_module.c:1153 Deleting Codec G726-16 124 G.726 16k 8000hz 110ms
2026-09-28 07:24:02.598793 88.30% [NOTICE] switch_loadable_module.c:1153 Deleting Codec G726-16 124 G.726 16k 8000hz 120ms
2026-09-28 07:24:02.598793 88.30% [NOTICE] switch_loadable_module.c:1153 Deleting Codec AAL2-G726-24 123 G.726 24k (AAL2) 8000hz 10ms
2026-09-28 07:24:02.598793 88.30% [NOTICE] switch_loadable_module.c:1153 Deleting Codec AAL2-G726-24 123 G.726 24k (AAL2) 8000hz 20ms
2026-09-28 07:24:02.598793 88.30% [NOTICE] switch_loadable_module.c:1153 Deleting Codec AAL2-G726-24 123 G.726 24k (AAL2) 8000hz 30ms
2026-09-28 07:24:02.619317 88.30% [NOTICE] switch_loadable_module.c:1153 Deleting Codec AAL2-G726-24 123 G.726 24k (AAL2) 8000hz 40ms
2026-09-28 07:24:02.619317 88.30% [NOTICE] switch_loadable_module.c:1153 Deleting Codec AAL2-G726-24 123 G.726 24k (AAL2) 8000hz 50ms
2026-09-28 07:24:02.619317 88.30% [NOTICE] switch_loadable_module.c:1153 Deleting Codec AAL2-G726-24 123 G.726 24k (AAL2) 8000hz 60ms
2026-09-28 07:24:02.619317 88.30% [NOTICE] switch_loadable_module.c:1153 Deleting Codec AAL2-G726-24 123 G.726 24k (AAL2) 8000hz 70ms
2026-09-28 07:24:02.619317 88.30% [NOTICE] switch_loadable_module.c:1153 Deleting Codec AAL2-G726-24 123 G.726 24k (AAL2) 8000hz 80ms
2026-09-28 07:24:02.619317 88.30% [NOTICE] switch_loadable_module.c:1153 Deleting Codec AAL2-G726-24 123 G.726 24k (AAL2) 8000hz 90ms
2026-09-28 07:24:02.619317 88.30% [NOTICE] switch_loadable_module.c:1153 Deleting Codec AAL2-G726-24 123 G.726 24k (AAL2) 8000hz 100ms
2026-09-28 07:24:02.619317 88.30% [NOTICE] switch_loadable_module.c:1153 Deleting Codec AAL2-G726-24 123 G.726 24k (AAL2) 8000hz 110ms
2026-09-28 07:24:02.619317 88.30% [NOTICE] switch_loadable_module.c:1153 Deleting Codec AAL2-G726-24 123 G.726 24k (AAL2) 8000hz 120ms
2026-09-28 07:24:02.619317 88.30% [NOTICE] switch_loadable_module.c:1153 Deleting Codec G726-24 123 G.726 24k 8000hz 10ms
2026-09-28 07:24:02.619317 88.30% [NOTICE] switch_loadable_module.c:1153 Deleting Codec G726-24 123 G.726 24k 8000hz 20ms
2026-09-28 07:24:02.619317 88.30% [NOTICE] switch_loadable_module.c:1153 Deleting Codec G726-24 123 G.726 24k 8000hz 30ms
2026-09-28 07:24:02.619317 88.30% [NOTICE] switch_loadable_module.c:1153 Deleting Codec G726-24 123 G.726 24k 8000hz 40ms
2026-09-28 07:24:02.619317 88.30% [NOTICE] switch_loadable_module.c:1153 Deleting Codec G726-24 123 G.726 24k 8000hz 50ms
2026-09-28 07:24:02.619317 88.30% [NOTICE] switch_loadable_module.c:1153 Deleting Codec G726-24 123 G.726 24k 8000hz 60ms
2026-09-28 07:24:02.619317 88.30% [NOTICE] switch_loadable_module.c:1153 Deleting Codec G726-24 123 G.726 24k 8000hz 70ms
2026-09-28 07:24:02.619317 88.30% [NOTICE] switch_loadable_module.c:1153 Deleting Codec G726-24 123 G.726 24k 8000hz 80ms
2026-09-28 07:24:02.619317 88.30% [NOTICE] switch_loadable_module.c:1153 Deleting Codec G726-24 123 G.726 24k 8000hz 90ms
2026-09-28 07:24:02.619317 88.30% [NOTICE] switch_loadable_module.c:1153 Deleting Codec G726-24 123 G.726 24k 8000hz 100ms
2026-09-28 07:24:02.619317 88.30% [NOTICE] switch_loadable_module.c:1153 Deleting Codec G726-24 123 G.726 24k 8000hz 110ms
2026-09-28 07:24:02.619317 88.30% [NOTICE] switch_loadable_module.c:1153 Deleting Codec G726-24 123 G.726 24k 8000hz 120ms
2026-09-28 07:24:02.619317 88.30% [NOTICE] switch_loadable_module.c:1153 Deleting Codec AAL2-G726-32 122 G.726 32k (AAL2) 8000hz 10ms
2026-09-28 07:24:02.619317 88.30% [NOTICE] switch_loadable_module.c:1153 Deleting Codec AAL2-G726-32 122 G.726 32k (AAL2) 8000hz 20ms
2026-09-28 07:24:02.619317 88.30% [NOTICE] switch_loadable_module.c:1153 Deleting Codec AAL2-G726-32 122 G.726 32k (AAL2) 8000hz 30ms
2026-09-28 07:24:02.619317 88.30% [NOTICE] switch_loadable_module.c:1153 Deleting Codec AAL2-G726-32 122 G.726 32k (AAL2) 8000hz 40ms
2026-09-28 07:24:02.619317 88.30% [NOTICE] switch_loadable_module.c:1153 Deleting Codec AAL2-G726-32 122 G.726 32k (AAL2) 8000hz 50ms
2026-09-28 07:24:02.619317 88.30% [NOTICE] switch_loadable_module.c:1153 Deleting Codec AAL2-G726-32 122 G.726 32k (AAL2) 8000hz 60ms
2026-09-28 07:24:02.619317 88.30% [NOTICE] switch_loadable_module.c:1153 Deleting Codec AAL2-G726-32 122 G.726 32k (AAL2) 8000hz 70ms
2026-09-28 07:24:02.619317 88.30% [NOTICE] switch_loadable_module.c:1153 Deleting Codec AAL2-G726-32 122 G.726 32k (AAL2) 8000hz 80ms
2026-09-28 07:24:02.619317 88.30% [NOTICE] switch_loadable_module.c:1153 Deleting Codec AAL2-G726-32 122 G.726 32k (AAL2) 8000hz 90ms
2026-09-28 07:24:02.619317 88.30% [NOTICE] switch_loadable_module.c:1153 Deleting Codec AAL2-G726-32 122 G.726 32k (AAL2) 8000hz 100ms
2026-09-28 07:24:02.619317 88.30% [NOTICE] switch_loadable_module.c:1153 Deleting Codec AAL2-G726-32 122 G.726 32k (AAL2) 8000hz 110ms
2026-09-28 07:24:02.619317 88.30% [NOTICE] switch_loadable_module.c:1153 Deleting Codec AAL2-G726-32 122 G.726 32k (AAL2) 8000hz 120ms
2026-09-28 07:24:02.619317 88.30% [NOTICE] switch_loadable_module.c:1153 Deleting Codec G726-32 122 G.726 32k 8000hz 10ms
2026-09-28 07:24:02.619317 88.30% [NOTICE] switch_loadable_module.c:1153 Deleting Codec G726-32 122 G.726 32k 8000hz 20ms
2026-09-28 07:24:02.619317 88.30% [NOTICE] switch_loadable_module.c:1153 Deleting Codec G726-32 122 G.726 32k 8000hz 30ms
2026-09-28 07:24:02.619317 88.30% [NOTICE] switch_loadable_module.c:1153 Deleting Codec G726-32 122 G.726 32k 8000hz 40ms
2026-09-28 07:24:02.619317 88.30% [NOTICE] switch_loadable_module.c:1153 Deleting Codec G726-32 122 G.726 32k 8000hz 50ms
2026-09-28 07:24:02.619317 88.30% [NOTICE] switch_loadable_module.c:1153 Deleting Codec G726-32 122 G.726 32k 8000hz 60ms
2026-09-28 07:24:02.619317 88.30% [NOTICE] switch_loadable_module.c:1153 Deleting Codec G726-32 122 G.726 32k 8000hz 70ms
2026-09-28 07:24:02.619317 88.30% [NOTICE] switch_loadable_module.c:1153 Deleting Codec G726-32 122 G.726 32k 8000hz 80ms
2026-09-28 07:24:02.619317 88.30% [NOTICE] switch_loadable_module.c:1153 Deleting Codec G726-32 122 G.726 32k 8000hz 90ms
2026-09-28 07:24:02.619317 88.30% [NOTICE] switch_loadable_module.c:1153 Deleting Codec G726-32 122 G.726 32k 8000hz 100ms
2026-09-28 07:24:02.619317 88.30% [NOTICE] switch_loadable_module.c:1153 Deleting Codec G726-32 122 G.726 32k 8000hz 110ms
2026-09-28 07:24:02.619317 88.30% [NOTICE] switch_loadable_module.c:1153 Deleting Codec G726-32 122 G.726 32k 8000hz 120ms
2026-09-28 07:24:02.619317 88.30% [NOTICE] switch_loadable_module.c:1153 Deleting Codec AAL2-G726-40 121 G.726 40k (AAL2) 8000hz 10ms
2026-09-28 07:24:02.619317 88.30% [NOTICE] switch_loadable_module.c:1153 Deleting Codec AAL2-G726-40 121 G.726 40k (AAL2) 8000hz 20ms
2026-09-28 07:24:02.619317 88.30% [NOTICE] switch_loadable_module.c:1153 Deleting Codec AAL2-G726-40 121 G.726 40k (AAL2) 8000hz 30ms
2026-09-28 07:24:02.619317 88.30% [NOTICE] switch_loadable_module.c:1153 Deleting Codec AAL2-G726-40 121 G.726 40k (AAL2) 8000hz 40ms
2026-09-28 07:24:02.619317 88.30% [NOTICE] switch_loadable_module.c:1153 Deleting Codec AAL2-G726-40 121 G.726 40k (AAL2) 8000hz 50ms
2026-09-28 07:24:02.619317 88.30% [NOTICE] switch_loadable_module.c:1153 Deleting Codec AAL2-G726-40 121 G.726 40k (AAL2) 8000hz 60ms
2026-09-28 07:24:02.619317 88.30% [NOTICE] switch_loadable_module.c:1153 Deleting Codec AAL2-G726-40 121 G.726 40k (AAL2) 8000hz 70ms
2026-09-28 07:24:02.619317 88.30% [NOTICE] switch_loadable_module.c:1153 Deleting Codec AAL2-G726-40 121 G.726 40k (AAL2) 8000hz 80ms
2026-09-28 07:24:02.619317 88.30% [NOTICE] switch_loadable_module.c:1153 Deleting Codec AAL2-G726-40 121 G.726 40k (AAL2) 8000hz 90ms
2026-09-28 07:24:02.619317 88.30% [NOTICE] switch_loadable_module.c:1153 Deleting Codec AAL2-G726-40 121 G.726 40k (AAL2) 8000hz 100ms
2026-09-28 07:24:02.619317 88.30% [NOTICE] switch_loadable_module.c:1153 Deleting Codec AAL2-G726-40 121 G.726 40k (AAL2) 8000hz 110ms
2026-09-28 07:24:02.619317 88.30% [NOTICE] switch_loadable_module.c:1153 Deleting Codec AAL2-G726-40 121 G.726 40k (AAL2) 8000hz 120ms
2026-09-28 07:24:02.619317 88.30% [NOTICE] switch_loadable_module.c:1153 Deleting Codec G726-40 121 G.726 40k 8000hz 10ms
2026-09-28 07:24:02.619317 88.30% [NOTICE] switch_loadable_module.c:1153 Deleting Codec G726-40 121 G.726 40k 8000hz 20ms
2026-09-28 07:24:02.619317 88.30% [NOTICE] switch_loadable_module.c:1153 Deleting Codec G726-40 121 G.726 40k 8000hz 30ms
2026-09-28 07:24:02.619317 88.30% [NOTICE] switch_loadable_module.c:1153 Deleting Codec G726-40 121 G.726 40k 8000hz 40ms
2026-09-28 07:24:02.619317 88.30% [NOTICE] switch_loadable_module.c:1153 Deleting Codec G726-40 121 G.726 40k 8000hz 50ms
2026-09-28 07:24:02.619317 88.30% [NOTICE] switch_loadable_module.c:1153 Deleting Codec G726-40 121 G.726 40k 8000hz 60ms
2026-09-28 07:24:02.619317 88.30% [NOTICE] switch_loadable_module.c:1153 Deleting Codec G726-40 121 G.726 40k 8000hz 70ms
2026-09-28 07:24:02.619317 88.30% [NOTICE] switch_loadable_module.c:1153 Deleting Codec G726-40 121 G.726 40k 8000hz 80ms
2026-09-28 07:24:02.619317 88.30% [NOTICE] switch_loadable_module.c:1153 Deleting Codec G726-40 121 G.726 40k 8000hz 90ms
2026-09-28 07:24:02.619317 88.30% [NOTICE] switch_loadable_module.c:1153 Deleting Codec G726-40 121 G.726 40k 8000hz 100ms
2026-09-28 07:24:02.619317 88.30% [NOTICE] switch_loadable_module.c:1153 Deleting Codec G726-40 121 G.726 40k 8000hz 110ms
2026-09-28 07:24:02.619317 88.30% [NOTICE] switch_loadable_module.c:1153 Deleting Codec G726-40 121 G.726 40k 8000hz 120ms
2026-09-28 07:24:02.619317 88.30% [NOTICE] switch_loadable_module.c:1153 Deleting Codec G722 9 G.722 16000hz 10ms
2026-09-28 07:24:02.619317 88.30% [NOTICE] switch_loadable_module.c:1153 Deleting Codec G722 9 G.722 16000hz 20ms
2026-09-28 07:24:02.619317 88.30% [NOTICE] switch_loadable_module.c:1153 Deleting Codec G722 9 G.722 16000hz 30ms
2026-09-28 07:24:02.619317 88.30% [NOTICE] switch_loadable_module.c:1153 Deleting Codec G722 9 G.722 16000hz 40ms
2026-09-28 07:24:02.619317 88.30% [NOTICE] switch_loadable_module.c:1153 Deleting Codec G722 9 G.722 16000hz 50ms
2026-09-28 07:24:02.619317 88.30% [NOTICE] switch_loadable_module.c:1153 Deleting Codec G722 9 G.722 16000hz 60ms
2026-09-28 07:24:02.619317 88.30% [NOTICE] switch_loadable_module.c:1153 Deleting Codec GSM 3 GSM 8000hz 20ms
2026-09-28 07:24:02.619317 88.30% [NOTICE] switch_loadable_module.c:1153 Deleting Codec GSM 3 GSM 8000hz 40ms
2026-09-28 07:24:02.619317 88.30% [NOTICE] switch_loadable_module.c:1153 Deleting Codec GSM 3 GSM 8000hz 60ms
2026-09-28 07:24:02.619317 88.30% [NOTICE] switch_loadable_module.c:1153 Deleting Codec GSM 3 GSM 8000hz 80ms
2026-09-28 07:24:02.619317 88.30% [NOTICE] switch_loadable_module.c:1153 Deleting Codec GSM 3 GSM 8000hz 100ms
2026-09-28 07:24:02.619317 88.30% [NOTICE] switch_loadable_module.c:1153 Deleting Codec GSM 3 GSM 8000hz 120ms
2026-09-28 07:24:02.619317 88.30% [NOTICE] switch_loadable_module.c:1153 Deleting Codec LPC 7 LPC-10 8000hz 90ms
2026-09-28 07:24:02.619317 88.30% [NOTICE] switch_loadable_module.c:1230 Deleting Application 't38_gateway'
2026-09-28 07:24:02.619317 88.30% [DEBUG] switch_loadable_module.c:1232 Write lock interface 't38_gateway' to wait for existing references.
2026-09-28 07:24:02.619317 88.30% [NOTICE] switch_loadable_module.c:1230 Deleting Application 'rxfax'
2026-09-28 07:24:02.619317 88.30% [DEBUG] switch_loadable_module.c:1232 Write lock interface 'rxfax' to wait for existing references.
2026-09-28 07:24:02.619317 88.30% [NOTICE] switch_loadable_module.c:1230 Deleting Application 'txfax'
2026-09-28 07:24:02.619317 88.30% [DEBUG] switch_loadable_module.c:1232 Write lock interface 'txfax' to wait for existing references.
2026-09-28 07:24:02.619317 88.30% [NOTICE] switch_loadable_module.c:1230 Deleting Application 'stopfax'
2026-09-28 07:24:02.619317 88.30% [DEBUG] switch_loadable_module.c:1232 Write lock interface 'stopfax' to wait for existing references.
2026-09-28 07:24:02.619317 88.30% [NOTICE] switch_loadable_module.c:1230 Deleting Application 'spandsp_stop_dtmf'
2026-09-28 07:24:02.619317 88.30% [DEBUG] switch_loadable_module.c:1232 Write lock interface 'spandsp_stop_dtmf' to wait for existing references.
2026-09-28 07:24:02.619317 88.30% [NOTICE] switch_loadable_module.c:1230 Deleting Application 'spandsp_start_dtmf'
2026-09-28 07:24:02.619317 88.30% [DEBUG] switch_loadable_module.c:1232 Write lock interface 'spandsp_start_dtmf' to wait for existing references.
2026-09-28 07:24:02.619317 88.30% [NOTICE] switch_loadable_module.c:1230 Deleting Application 'spandsp_stop_inject_tdd'
2026-09-28 07:24:02.619317 88.30% [DEBUG] switch_loadable_module.c:1232 Write lock interface 'spandsp_stop_inject_tdd' to wait for existing references.
2026-09-28 07:24:02.619317 88.30% [NOTICE] switch_loadable_module.c:1230 Deleting Application 'spandsp_inject_tdd'
2026-09-28 07:24:02.619317 88.30% [DEBUG] switch_loadable_module.c:1232 Write lock interface 'spandsp_inject_tdd' to wait for existing references.
2026-09-28 07:24:02.619317 88.30% [NOTICE] switch_loadable_module.c:1230 Deleting Application 'spandsp_stop_detect_tdd'
2026-09-28 07:24:02.619317 88.30% [DEBUG] switch_loadable_module.c:1232 Write lock interface 'spandsp_stop_detect_tdd' to wait for existing references.
2026-09-28 07:24:02.619317 88.30% [NOTICE] switch_loadable_module.c:1230 Deleting Application 'spandsp_detect_tdd'
2026-09-28 07:24:02.619317 88.30% [DEBUG] switch_loadable_module.c:1232 Write lock interface 'spandsp_detect_tdd' to wait for existing references.
2026-09-28 07:24:02.619317 88.30% [NOTICE] switch_loadable_module.c:1230 Deleting Application 'spandsp_send_tdd'
2026-09-28 07:24:02.619317 88.30% [DEBUG] switch_loadable_module.c:1232 Write lock interface 'spandsp_send_tdd' to wait for existing references.
2026-09-28 07:24:02.619317 88.30% [NOTICE] switch_loadable_module.c:1230 Deleting Application 'spandsp_start_fax_detect'
2026-09-28 07:24:02.619317 88.30% [DEBUG] switch_loadable_module.c:1232 Write lock interface 'spandsp_start_fax_detect' to wait for existing references.
2026-09-28 07:24:02.619317 88.30% [NOTICE] switch_loadable_module.c:1230 Deleting Application 'spandsp_stop_fax_detect'
2026-09-28 07:24:02.619317 88.30% [DEBUG] switch_loadable_module.c:1232 Write lock interface 'spandsp_stop_fax_detect' to wait for existing references.
2026-09-28 07:24:02.619317 88.30% [NOTICE] switch_loadable_module.c:1230 Deleting Application 'spandsp_start_tone_detect'
2026-09-28 07:24:02.619317 88.30% [DEBUG] switch_loadable_module.c:1232 Write lock interface 'spandsp_start_tone_detect' to wait for existing references.
2026-09-28 07:24:02.619317 88.30% [NOTICE] switch_loadable_module.c:1230 Deleting Application 'spandsp_stop_tone_detect'
2026-09-28 07:24:02.619317 88.30% [DEBUG] switch_loadable_module.c:1232 Write lock interface 'spandsp_stop_tone_detect' to wait for existing references.
2026-09-28 07:24:02.619317 88.30% [NOTICE] switch_loadable_module.c:1285 Deleting API Function 'spandsp_start_tone_detect'
2026-09-28 07:24:02.619317 88.30% [DEBUG] switch_loadable_module.c:1287 Write lock interface 'spandsp_start_tone_detect' to wait for existing references.
2026-09-28 07:24:02.619317 88.30% [NOTICE] switch_loadable_module.c:1285 Deleting API Function 'spandsp_stop_tone_detect'
2026-09-28 07:24:02.619317 88.30% [DEBUG] switch_loadable_module.c:1287 Write lock interface 'spandsp_stop_tone_detect' to wait for existing references.
2026-09-28 07:24:02.619317 88.30% [NOTICE] switch_loadable_module.c:1285 Deleting API Function 'start_tdd_detect'
2026-09-28 07:24:02.619317 88.30% [DEBUG] switch_loadable_module.c:1287 Write lock interface 'start_tdd_detect' to wait for existing references.
2026-09-28 07:24:02.619317 88.30% [NOTICE] switch_loadable_module.c:1285 Deleting API Function 'stop_tdd_detect'
2026-09-28 07:24:02.619317 88.30% [DEBUG] switch_loadable_module.c:1287 Write lock interface 'stop_tdd_detect' to wait for existing references.
2026-09-28 07:24:02.619317 88.30% [NOTICE] switch_loadable_module.c:1285 Deleting API Function 'uuid_send_tdd'
2026-09-28 07:24:02.619317 88.30% [DEBUG] switch_loadable_module.c:1287 Write lock interface 'uuid_send_tdd' to wait for existing references.
2026-09-28 07:24:02.619317 88.30% [CONSOLE] switch_loadable_module.c:2354 Stopping: mod_spandsp
2026-09-28 07:24:02.619317 88.30% [DEBUG] switch_event.c:2157 Event Binding deleted for mod_spandsp:RELOADXML
2026-09-28 07:24:02.619317 88.30% [DEBUG] switch_event.c:2157 Event Binding deleted for mod_spandsp:CUSTOM
2026-09-28 07:24:02.619317 88.30% [NOTICE] switch_event.c:468 Subclass reservation deleted for mod_spandsp.c:TDD::RECV_MESSAGE
2026-09-28 07:24:02.619317 88.30% [NOTICE] switch_event.c:468 Subclass reservation deleted for mod_spandsp.c:spandsp::txfaxnegociateresult
2026-09-28 07:24:02.619317 88.30% [NOTICE] switch_event.c:468 Subclass reservation deleted for mod_spandsp.c:spandsp::rxfaxnegociateresult
2026-09-28 07:24:02.619317 88.30% [NOTICE] switch_event.c:468 Subclass reservation deleted for mod_spandsp.c:spandsp::txfaxpageresult
2026-09-28 07:24:02.619317 88.30% [NOTICE] switch_event.c:468 Subclass reservation deleted for mod_spandsp.c:spandsp::rxfaxpageresult
2026-09-28 07:24:02.619317 88.30% [NOTICE] switch_event.c:468 Subclass reservation deleted for mod_spandsp.c:spandsp::txfaxresult
2026-09-28 07:24:02.619317 88.30% [NOTICE] switch_event.c:468 Subclass reservation deleted for mod_spandsp.c:spandsp::rxfaxresult
2026-09-28 07:24:02.619317 88.30% [DEBUG] mod_spandsp_fax.c:244 FAX timer thread ended.
2026-09-28 07:24:02.619317 88.30% [NOTICE] switch_loadable_module.c:1153 Deleting Codec G723 4 G.723.1 6.3k 8000hz 120ms
2026-09-28 07:24:02.619317 88.30% [NOTICE] switch_loadable_module.c:1153 Deleting Codec G723 4 G.723.1 6.3k 8000hz 90ms
2026-09-28 07:24:02.619317 88.30% [NOTICE] switch_loadable_module.c:1153 Deleting Codec G723 4 G.723.1 6.3k 8000hz 60ms
2026-09-28 07:24:02.619317 88.30% [NOTICE] switch_loadable_module.c:1153 Deleting Codec G723 4 G.723.1 6.3k 8000hz 30ms
2026-09-28 07:24:02.619317 88.30% [CONSOLE] switch_loadable_module.c:2357 mod_g723_1 has no shutdown routine
2026-09-28 07:24:02.619317 88.30% [NOTICE] switch_loadable_module.c:1285 Deleting API Function 'local_stream'
2026-09-28 07:24:02.619317 88.30% [DEBUG] switch_loadable_module.c:1287 Write lock interface 'local_stream' to wait for existing references.
2026-09-28 07:24:02.619317 88.30% [DEBUG] switch_loadable_module.c:1350 Write lock interface 'mod_local_stream' to wait for existing references.
2026-09-28 07:24:02.619317 88.30% [NOTICE] switch_loadable_module.c:1360 Deleting File Format 'local_stream'
2026-09-28 07:24:02.619317 88.30% [CONSOLE] switch_loadable_module.c:2354 Stopping: mod_local_stream
2026-09-28 07:24:02.619317 88.30% [DEBUG] switch_event.c:2157 Event Binding deleted for mod_local_stream:SHUTDOWN
2026-09-28 07:24:02.619317 88.30% [DEBUG] switch_loadable_module.c:1117 Write lock interface 'sofia' to wait for existing references.
2026-09-28 07:24:02.619317 88.30% [NOTICE] switch_loadable_module.c:1125 Deleting Endpoint 'sofia'
2026-09-28 07:24:02.619317 88.30% [DEBUG] switch_loadable_module.c:1117 Write lock interface 'rtp' to wait for existing references.
2026-09-28 07:24:02.619317 88.30% [NOTICE] switch_loadable_module.c:1125 Deleting Endpoint 'rtp'
2026-09-28 07:24:02.619317 88.30% [NOTICE] switch_loadable_module.c:1230 Deleting Application 'sofia_sla'
2026-09-28 07:24:02.619317 88.30% [DEBUG] switch_loadable_module.c:1232 Write lock interface 'sofia_sla' to wait for existing references.
2026-09-28 07:24:02.619317 88.30% [NOTICE] switch_loadable_module.c:1230 Deleting Application 'sofia_stir_shaken_vs'
2026-09-28 07:24:02.619317 88.30% [DEBUG] switch_loadable_module.c:1232 Write lock interface 'sofia_stir_shaken_vs' to wait for existing references.
2026-09-28 07:24:02.619317 88.30% [NOTICE] switch_loadable_module.c:1285 Deleting API Function 'sofia'
2026-09-28 07:24:02.619317 88.30% [DEBUG] switch_loadable_module.c:1287 Write lock interface 'sofia' to wait for existing references.
2026-09-28 07:24:02.619317 88.30% [NOTICE] switch_loadable_module.c:1285 Deleting API Function 'sofia_gateway_data'
2026-09-28 07:24:02.619317 88.30% [DEBUG] switch_loadable_module.c:1287 Write lock interface 'sofia_gateway_data' to wait for existing references.
2026-09-28 07:24:02.619317 88.30% [NOTICE] switch_loadable_module.c:1285 Deleting API Function 'sofia_username_of'
2026-09-28 07:24:02.619317 88.30% [DEBUG] switch_loadable_module.c:1287 Write lock interface 'sofia_username_of' to wait for existing references.
2026-09-28 07:24:02.619317 88.30% [NOTICE] switch_loadable_module.c:1285 Deleting API Function 'sofia_contact'
2026-09-28 07:24:02.619317 88.30% [DEBUG] switch_loadable_module.c:1287 Write lock interface 'sofia_contact' to wait for existing references.
2026-09-28 07:24:02.619317 88.30% [NOTICE] switch_loadable_module.c:1285 Deleting API Function 'sofia_count_reg'
2026-09-28 07:24:02.619317 88.30% [DEBUG] switch_loadable_module.c:1287 Write lock interface 'sofia_count_reg' to wait for existing references.
2026-09-28 07:24:02.619317 88.30% [NOTICE] switch_loadable_module.c:1285 Deleting API Function 'sofia_dig'
2026-09-28 07:24:02.619317 88.30% [DEBUG] switch_loadable_module.c:1287 Write lock interface 'sofia_dig' to wait for existing references.
2026-09-28 07:24:02.619317 88.30% [NOTICE] switch_loadable_module.c:1285 Deleting API Function 'sofia_presence_data'
2026-09-28 07:24:02.619317 88.30% [DEBUG] switch_loadable_module.c:1287 Write lock interface 'sofia_presence_data' to wait for existing references.
2026-09-28 07:24:02.658797 88.30% [NOTICE] switch_loadable_module.c:1317 Deleting API Function 'sofia.status'
2026-09-28 07:24:02.658797 88.30% [DEBUG] switch_loadable_module.c:1319 Write lock interface 'sofia.status' to wait for existing references.
2026-09-28 07:24:02.658797 88.30% [NOTICE] switch_loadable_module.c:1317 Deleting API Function 'sofia.status.info'
2026-09-28 07:24:02.658797 88.30% [DEBUG] switch_loadable_module.c:1319 Write lock interface 'sofia.status.info' to wait for existing references.
2026-09-28 07:24:02.658797 88.30% [DEBUG] switch_loadable_module.c:1537 Write lock interface 'sip' to wait for existing references.
2026-09-28 07:24:02.658797 88.30% [NOTICE] switch_loadable_module.c:1546 Deleting Chat interface 'sip'
2026-09-28 07:24:02.658797 88.30% [NOTICE] switch_loadable_module.c:1590 Deleting Management interface 'mod_sofia' OID[.1.3.6.1.4.1.27880.1001]
2026-09-28 07:24:02.658797 88.30% [CONSOLE] switch_loadable_module.c:2354 Stopping: mod_sofia
2026-09-28 07:24:02.658797 88.30% [NOTICE] switch_event.c:468 Subclass reservation deleted for mod_sofia.c:sofia::notify_refer
2026-09-28 07:24:02.658797 88.30% [NOTICE] switch_event.c:468 Subclass reservation deleted for mod_sofia.c:sofia::notify_watched_header
2026-09-28 07:24:02.658797 88.30% [NOTICE] switch_event.c:468 Subclass reservation deleted for mod_sofia.c:sofia::unregister
2026-09-28 07:24:02.658797 88.30% [NOTICE] switch_event.c:468 Subclass reservation deleted for mod_sofia.c:sofia::profile_start
2026-09-28 07:24:02.658797 88.30% [NOTICE] switch_event.c:468 Subclass reservation deleted for mod_sofia.c:sofia::reinvite
2026-09-28 07:24:02.658797 88.30% [NOTICE] switch_event.c:468 Subclass reservation deleted for mod_sofia.c:sofia::replaced
2026-09-28 07:24:02.658797 88.30% [NOTICE] switch_event.c:468 Subclass reservation deleted for mod_sofia.c:sofia::transferor
2026-09-28 07:24:02.658797 88.30% [NOTICE] switch_event.c:468 Subclass reservation deleted for mod_sofia.c:sofia::transferee
2026-09-28 07:24:02.658797 88.30% [NOTICE] switch_event.c:468 Subclass reservation deleted for mod_sofia.c:sofia::error
2026-09-28 07:24:02.658797 88.30% [NOTICE] switch_event.c:468 Subclass reservation deleted for mod_sofia.c:sofia::intercepted
2026-09-28 07:24:02.658797 88.30% [NOTICE] switch_event.c:468 Subclass reservation deleted for mod_sofia.c:sofia::gateway_state
2026-09-28 07:24:02.658797 88.30% [NOTICE] switch_event.c:468 Subclass reservation deleted for mod_sofia.c:sofia::sip_user_state
2026-09-28 07:24:02.658797 88.30% [NOTICE] switch_event.c:468 Subclass reservation deleted for mod_sofia.c:sofia::gateway_delete
2026-09-28 07:24:02.658797 88.30% [NOTICE] switch_event.c:468 Subclass reservation deleted for mod_sofia.c:sofia::expire
2026-09-28 07:24:02.658797 88.30% [NOTICE] switch_event.c:468 Subclass reservation deleted for mod_sofia.c:sofia::register_attempt
2026-09-28 07:24:02.658797 88.30% [NOTICE] switch_event.c:468 Subclass reservation deleted for mod_sofia.c:sofia::register_failure
2026-09-28 07:24:02.658797 88.30% [NOTICE] switch_event.c:468 Subclass reservation deleted for mod_sofia.c:sofia::pre_register
2026-09-28 07:24:02.658797 88.30% [NOTICE] switch_event.c:468 Subclass reservation deleted for mod_sofia.c:sofia::register
2026-09-28 07:24:02.658797 88.30% [NOTICE] switch_event.c:468 Subclass reservation deleted for mod_sofia.c:sofia::gateway_add
2026-09-28 07:24:02.658797 88.30% [NOTICE] switch_event.c:468 Subclass reservation deleted for mod_sofia.c:sofia::bye_response
2026-09-28 07:24:02.658797 88.30% [DEBUG] switch_event.c:2157 Event Binding deleted for mod_sofia:PRESENCE_IN
2026-09-28 07:24:02.658797 88.30% [DEBUG] switch_event.c:2157 Event Binding deleted for mod_sofia:PRESENCE_OUT
2026-09-28 07:24:02.658797 88.30% [DEBUG] switch_event.c:2157 Event Binding deleted for mod_sofia:PRESENCE_PROBE
2026-09-28 07:24:02.658797 88.30% [DEBUG] switch_event.c:2157 Event Binding deleted for mod_sofia:MESSAGE_WAITING
2026-09-28 07:24:02.658797 88.30% [DEBUG] switch_event.c:2157 Event Binding deleted for mod_sofia:ROSTER
2026-09-28 07:24:02.658797 88.30% [DEBUG] switch_event.c:2157 Event Binding deleted for mod_sofia:CONFERENCE_DATA
2026-09-28 07:24:02.658797 88.30% [DEBUG] switch_event.c:2157 Event Binding deleted for mod_sofia:TRAP
2026-09-28 07:24:02.658797 88.30% [DEBUG] switch_event.c:2157 Event Binding deleted for mod_sofia:NOTIFY
2026-09-28 07:24:02.658797 88.30% [DEBUG] switch_event.c:2157 Event Binding deleted for mod_sofia:PHONE_FEATURE
2026-09-28 07:24:02.658797 88.30% [DEBUG] switch_event.c:2157 Event Binding deleted for mod_sofia:SEND_MESSAGE
2026-09-28 07:24:02.658797 88.30% [DEBUG] switch_event.c:2157 Event Binding deleted for mod_sofia:SEND_INFO
2026-09-28 07:24:02.658797 88.30% [DEBUG] switch_event.c:2157 Event Binding deleted for mod_sofia:CUSTOM
2026-09-28 07:24:02.658797 88.30% [CONSOLE] sofia_presence.c:1663 Event Thread Ended
2026-09-28 07:24:02.678792 88.30% [DEBUG] sofia_reg.c:328 Removing gateway obd-endpoint::platform-switch from hash.
2026-09-28 07:24:02.678792 88.30% [NOTICE] sofia_reg.c:141 UN-Registering platform-switch
2026-09-28 07:24:02.678792 88.30% [NOTICE] sofia_reg.c:342 Deleted gateway platform-switch
2026-09-28 07:24:02.678792 88.30% [NOTICE] sofia.c:3501 Waiting for worker thread
2026-09-28 07:24:02.698799 88.30% [DEBUG] switch_scheduler.c:147 Deleting task 3 limit_hash_cleanup (mod_hash)
2026-09-28 07:24:02.758953 88.30% [INFO] switch_core_sqldb.c:1874 sofia:obd-endpoint Destroying SQL queue.
2026-09-28 07:24:03.058890 88.30% [INFO] switch_core_sqldb.c:1825 sofia:obd-endpoint Stopping SQL thread.
2026-09-28 07:24:03.058890 88.30% [DEBUG] sofia.c:3573 Write lock obd-endpoint
2026-09-28 07:24:03.058890 88.30% [DEBUG] sofia.c:3586 Write unlock obd-endpoint
2026-09-28 07:24:03.058890 88.30% [WARNING] sofia.c:2297 MSG Thread Ended
2026-09-28 07:24:03.058890 88.30% [NOTICE] switch_loadable_module.c:1285 Deleting API Function 'uuid_write_png'
2026-09-28 07:24:03.058890 88.30% [DEBUG] switch_loadable_module.c:1287 Write lock interface 'uuid_write_png' to wait for existing references.
2026-09-28 07:24:03.058890 88.30% [DEBUG] switch_loadable_module.c:1350 Write lock interface 'mod_png' to wait for existing references.
2026-09-28 07:24:03.058890 88.30% [NOTICE] switch_loadable_module.c:1360 Deleting File Format 'png'
2026-09-28 07:24:03.058890 88.30% [CONSOLE] switch_loadable_module.c:2354 Stopping: mod_png
2026-09-28 07:24:03.058890 88.30% [NOTICE] switch_loadable_module.c:1230 Deleting Application 'esf_page_group'
2026-09-28 07:24:03.058890 88.30% [DEBUG] switch_loadable_module.c:1232 Write lock interface 'esf_page_group' to wait for existing references.
2026-09-28 07:24:03.058890 88.30% [CONSOLE] switch_loadable_module.c:2357 mod_esf has no shutdown routine
2026-09-28 07:24:03.058890 88.30% [NOTICE] switch_loadable_module.c:1285 Deleting API Function 'sndfile_debug'
2026-09-28 07:24:03.058890 88.30% [DEBUG] switch_loadable_module.c:1287 Write lock interface 'sndfile_debug' to wait for existing references.
2026-09-28 07:24:03.058890 88.30% [DEBUG] switch_loadable_module.c:1350 Write lock interface 'mod_sndfile' to wait for existing references.
2026-09-28 07:24:03.058890 88.30% [NOTICE] switch_loadable_module.c:1360 Deleting File Format 'aiff'
2026-09-28 07:24:03.058890 88.30% [NOTICE] switch_loadable_module.c:1360 Deleting File Format 'au'
2026-09-28 07:24:03.058890 88.30% [NOTICE] switch_loadable_module.c:1360 Deleting File Format 'avr'
2026-09-28 07:24:03.058890 88.30% [NOTICE] switch_loadable_module.c:1360 Deleting File Format 'caf'
2026-09-28 07:24:03.058890 88.30% [NOTICE] switch_loadable_module.c:1360 Deleting File Format 'flac'
2026-09-28 07:24:03.058890 88.30% [NOTICE] switch_loadable_module.c:1360 Deleting File Format 'htk'
2026-09-28 07:24:03.058890 88.30% [NOTICE] switch_loadable_module.c:1360 Deleting File Format 'iff'
2026-09-28 07:24:03.058890 88.30% [NOTICE] switch_loadable_module.c:1360 Deleting File Format 'mat'
2026-09-28 07:24:03.058890 88.30% [NOTICE] switch_loadable_module.c:1360 Deleting File Format 'mpc'
2026-09-28 07:24:03.058890 88.30% [NOTICE] switch_loadable_module.c:1360 Deleting File Format 'm1a'
2026-09-28 07:24:03.058890 88.30% [NOTICE] switch_loadable_module.c:1360 Deleting File Format 'oga'
2026-09-28 07:24:03.058890 88.30% [NOTICE] switch_loadable_module.c:1360 Deleting File Format 'paf'
2026-09-28 07:24:03.058890 88.30% [NOTICE] switch_loadable_module.c:1360 Deleting File Format 'pvf'
2026-09-28 07:24:03.058890 88.30% [NOTICE] switch_loadable_module.c:1360 Deleting File Format 'raw'
2026-09-28 07:24:03.058890 88.30% [NOTICE] switch_loadable_module.c:1360 Deleting File Format 'rf64'
2026-09-28 07:24:03.058890 88.30% [NOTICE] switch_loadable_module.c:1360 Deleting File Format 'sd2'
2026-09-28 07:24:03.058890 88.30% [NOTICE] switch_loadable_module.c:1360 Deleting File Format 'sds'
2026-09-28 07:24:03.058890 88.30% [NOTICE] switch_loadable_module.c:1360 Deleting File Format 'sf'
2026-09-28 07:24:03.058890 88.30% [NOTICE] switch_loadable_module.c:1360 Deleting File Format 'voc'
2026-09-28 07:24:03.058890 88.30% [NOTICE] switch_loadable_module.c:1360 Deleting File Format 'w64'
2026-09-28 07:24:36.976142 0.00% [CONSOLE] switch_loadable_module.c:1772 Successfully Loaded [mod_logfile]
2026-09-28 07:24:36.985910 0.00% [CONSOLE] switch_loadable_module.c:1772 Successfully Loaded [mod_enum]
2026-09-28 07:24:36.985991 0.00% [NOTICE] switch_loadable_module.c:273 Adding Dialplan 'enum'
2026-09-28 07:24:36.986059 0.00% [NOTICE] switch_loadable_module.c:329 Adding Application 'enum'
2026-09-28 07:24:36.986079 0.00% [NOTICE] switch_loadable_module.c:389 Adding API Function 'enum'
2026-09-28 07:24:36.986095 0.00% [NOTICE] switch_loadable_module.c:389 Adding API Function 'enum_auto'
2026-09-28 07:24:36.987344 0.00% [DEBUG] mod_cdr_csv.c:368 Adding default template.
2026-09-28 07:24:36.987374 0.00% [DEBUG] mod_cdr_csv.c:415 Adding template sql.
2026-09-28 07:24:36.987385 0.00% [DEBUG] mod_cdr_csv.c:415 Adding template example.
2026-09-28 07:24:36.987409 0.00% [DEBUG] mod_cdr_csv.c:415 Adding template snom.
2026-09-28 07:24:36.987416 0.00% [DEBUG] mod_cdr_csv.c:415 Adding template linksys.
2026-09-28 07:24:36.987456 0.00% [DEBUG] mod_cdr_csv.c:415 Adding template asterisk.
2026-09-28 07:24:36.987464 0.00% [DEBUG] mod_cdr_csv.c:415 Adding template opencdrrate.
2026-09-28 07:24:36.989207 0.00% [CONSOLE] switch_loadable_module.c:1772 Successfully Loaded [mod_cdr_csv]
2026-09-28 07:24:36.989243 0.00% [NOTICE] switch_loadable_module.c:389 Adding API Function 'cdr_csv'
2026-09-28 07:24:36.992755 0.00% [CONSOLE] switch_loadable_module.c:1772 Successfully Loaded [mod_event_socket]
2026-09-28 07:24:36.992835 0.00% [NOTICE] switch_loadable_module.c:329 Adding Application 'socket'
2026-09-28 07:24:36.992988 0.00% [NOTICE] switch_loadable_module.c:389 Adding API Function 'event_sink'
2026-09-28 07:24:37.001953 0.00% [INFO] mod_sofia.c:6737 Starting initial message thread.
2026-09-28 07:24:37.004538 0.00% [DEBUG] sofia.c:4718 debug [0]
2026-09-28 07:24:37.004586 0.00% [DEBUG] sofia.c:4718 sip-trace [no]
2026-09-28 07:24:37.005438 0.00% [DEBUG] sofia.c:4718 sip-capture [no]
2026-09-28 07:24:37.005457 0.00% [DEBUG] sofia.c:4718 sip-port [5060]
2026-09-28 07:24:37.005546 0.00% [DEBUG] sofia.c:4718 listen-ip [0.0.0.0]
2026-09-28 07:24:37.006341 0.00% [DEBUG] sofia.c:4718 dialplan [XML]
2026-09-28 07:24:37.006367 0.00% [DEBUG] sofia.c:4718 context [obd-endpoint]
2026-09-28 07:24:37.006380 0.00% [DEBUG] sofia.c:4718 auth-calls [false]
2026-09-28 07:24:37.006441 0.00% [DEBUG] sofia.c:4718 auth-subscriptions [false]
2026-09-28 07:24:37.006453 0.00% [DEBUG] sofia.c:4718 challenge-realm [172.25.0.4]
2026-09-28 07:24:37.006464 0.00% [DEBUG] sofia.c:4718 inbound-codec-prefs [PCMU,PCMA]
2026-09-28 07:24:37.006474 0.00% [DEBUG] sofia.c:4718 outbound-codec-prefs [PCMU,PCMA]
2026-09-28 07:24:37.006485 0.00% [DEBUG] sofia.c:4718 rfc2833-pt [101]
2026-09-28 07:24:37.006492 0.00% [DEBUG] sofia.c:4718 liberal-dtmf [true]
2026-09-28 07:24:37.006498 0.00% [DEBUG] sofia.c:4718 dtmf-duration [2000]
2026-09-28 07:24:37.006511 0.00% [DEBUG] sofia.c:4718 inbound-codec-negotiation [generous]
2026-09-28 07:24:37.006521 0.00% [DEBUG] sofia.c:4718 rtp-timer-name [soft]
2026-09-28 07:24:37.006528 0.00% [DEBUG] sofia.c:4718 apply-inbound-acl [obd-dev-acl]
2026-09-28 07:24:37.006550 0.00% [INFO] sofia.c:6173 Setting nonce TTL to 60 seconds
2026-09-28 07:24:37.006555 0.00% [INFO] sofia.c:6178 Setting MAX Auth Validity to 0 Attempts
2026-09-28 07:24:37.007422 0.00% [NOTICE] sofia.c:6341 Started Profile obd-endpoint [sofia_reg_obd-endpoint]
2026-09-28 07:24:37.008226 0.00% [DEBUG] mod_sofia.c:6753 Waiting for profiles to start
2026-09-28 07:24:37.008244 0.00% [WARNING] sofia.c:2279 MSG Thread 0 Started
2026-09-28 07:24:37.008543 0.00% [DEBUG] sofia.c:3153 Creating agent for obd-endpoint
2026-09-28 07:24:37.011400 0.00% [DEBUG] switch_core_sqldb.c:1494 SQL ERR [no such table: sip_registrations]
[delete from sip_registrations where sub_host is null and hostname='obd-fs-endpoint-1001' and network_ip like '%' and network_port like '%' and sip_username like '%' and mwi_user  like '%' and mwi_host like '%' and orig_server_host like '%' and orig_hostname like '%']
Auto Generating Table!
2026-09-28 07:24:37.011508 0.00% [DEBUG] switch_core_sqldb.c:1501 Ignoring SQL ERR [no such table: sip_registrations]
[drop table sip_registrations]
2026-09-28 07:24:37.012745 0.00% [DEBUG] switch_core_sqldb.c:1494 SQL ERR [no such table: sip_subscriptions]
[delete from sip_subscriptions where hostname='obd-fs-endpoint-1001' and full_to='XXX']
Auto Generating Table!
2026-09-28 07:24:37.012804 0.00% [DEBUG] switch_core_sqldb.c:1501 Ignoring SQL ERR [no such table: sip_subscriptions]
[DROP TABLE sip_subscriptions]
2026-09-28 07:24:37.013575 0.00% [DEBUG] switch_core_sqldb.c:1494 SQL ERR [no such table: sip_dialogs]
[delete from sip_dialogs where hostname='obd-fs-endpoint-1001' and (expires <> -9999 or rpid='' or sip_from_tag='' or rcd > 0)]
Auto Generating Table!
2026-09-28 07:24:37.013617 0.00% [DEBUG] switch_core_sqldb.c:1501 Ignoring SQL ERR [no such table: sip_dialogs]
[DROP TABLE sip_dialogs]
2026-09-28 07:24:37.015384 0.00% [DEBUG] switch_core_sqldb.c:1494 SQL ERR [no such table: sip_presence]
[delete from sip_presence where hostname='obd-fs-endpoint-1001' or open_closed='']
Auto Generating Table!
2026-09-28 07:24:37.015470 0.00% [DEBUG] switch_core_sqldb.c:1501 Ignoring SQL ERR [no such table: sip_presence]
[DROP TABLE sip_presence]
2026-09-28 07:24:37.016338 0.00% [DEBUG] switch_core_sqldb.c:1494 SQL ERR [no such table: sip_authentication]
[delete from sip_authentication where hostname='obd-fs-endpoint-1001' or last_nc >= 0 or algorithm >= 0]
Auto Generating Table!
2026-09-28 07:24:37.016401 0.00% [DEBUG] switch_core_sqldb.c:1501 Ignoring SQL ERR [no such table: sip_authentication]
[DROP TABLE sip_authentication]
2026-09-28 07:24:37.017474 0.00% [DEBUG] switch_core_sqldb.c:1494 SQL ERR [no such table: sip_shared_appearance_subscriptions]
[delete from sip_shared_appearance_subscriptions where contact_str='' or hostname='obd-fs-endpoint-1001' and network_ip like '%']
Auto Generating Table!
2026-09-28 07:24:37.017578 0.00% [DEBUG] switch_core_sqldb.c:1501 Ignoring SQL ERR [no such table: sip_shared_appearance_subscriptions]
[DROP TABLE sip_shared_appearance_subscriptions]
2026-09-28 07:24:37.018262 0.00% [DEBUG] switch_core_sqldb.c:1494 SQL ERR [no such table: sip_shared_appearance_dialogs]
[delete from sip_shared_appearance_dialogs where contact_str='' or hostname='obd-fs-endpoint-1001' and network_ip like '%']
Auto Generating Table!
2026-09-28 07:24:37.018339 0.00% [DEBUG] switch_core_sqldb.c:1501 Ignoring SQL ERR [no such table: sip_shared_appearance_dialogs]
[DROP TABLE sip_shared_appearance_dialogs]
2026-09-28 07:24:37.102057 0.00% [DEBUG] sofia.c:3316 Created agent for obd-endpoint
2026-09-28 07:24:37.102512 0.00% [DEBUG] sofia.c:3366 Set params for obd-endpoint
2026-09-28 07:24:37.102524 0.00% [DEBUG] sofia.c:3413 Activated db for obd-endpoint
2026-09-28 07:24:37.107324 0.00% [INFO] switch_core_sqldb.c:1840 sofia:obd-endpoint Starting SQL thread.
2026-09-28 07:24:37.109271 0.00% [DEBUG] sofia.c:3451 Starting thread for obd-endpoint
2026-09-28 07:24:37.109324 0.00% [DEBUG] sofia.c:3043 Launching worker thread for obd-endpoint
2026-09-28 07:24:37.120008 0.00% [NOTICE] sofia_reg.c:3722 Added gateway 'platform-switch' to profile 'obd-endpoint'
2026-09-28 07:24:38.126637 0.00% [NOTICE] sofia_reg.c:463 Registering platform-switch
2026-09-28 07:24:38.223120 0.00% [ERR] sofia_reg.c:2661 platform-switch Failed Registration with status Service Unavailable [503]. failure #1
2026-09-28 07:24:38.510375 0.00% [CONSOLE] switch_loadable_module.c:1772 Successfully Loaded [mod_sofia]
2026-09-28 07:24:38.510494 0.00% [NOTICE] switch_loadable_module.c:172 Adding Endpoint 'sofia'
2026-09-28 07:24:38.510565 0.00% [NOTICE] switch_loadable_module.c:172 Adding Endpoint 'rtp'
2026-09-28 07:24:38.510587 0.00% [NOTICE] switch_loadable_module.c:329 Adding Application 'sofia_sla'
2026-09-28 07:24:38.510605 0.00% [NOTICE] switch_loadable_module.c:329 Adding Application 'sofia_stir_shaken_vs'
2026-09-28 07:24:38.510622 0.00% [NOTICE] switch_loadable_module.c:389 Adding API Function 'sofia'
2026-09-28 07:24:38.510652 0.00% [NOTICE] switch_loadable_module.c:389 Adding API Function 'sofia_gateway_data'
2026-09-28 07:24:38.510677 0.00% [NOTICE] switch_loadable_module.c:389 Adding API Function 'sofia_username_of'
2026-09-28 07:24:38.510695 0.00% [NOTICE] switch_loadable_module.c:389 Adding API Function 'sofia_contact'
2026-09-28 07:24:38.510748 0.00% [NOTICE] switch_loadable_module.c:389 Adding API Function 'sofia_count_reg'
2026-09-28 07:24:38.510762 0.00% [NOTICE] switch_loadable_module.c:389 Adding API Function 'sofia_dig'
2026-09-28 07:24:38.510779 0.00% [NOTICE] switch_loadable_module.c:389 Adding API Function 'sofia_presence_data'
2026-09-28 07:24:38.510974 0.00% [NOTICE] switch_loadable_module.c:419 Adding JSON API Function 'sofia.status'
2026-09-28 07:24:38.511035 0.00% [NOTICE] switch_loadable_module.c:419 Adding JSON API Function 'sofia.status.info'
2026-09-28 07:24:38.511060 0.00% [NOTICE] switch_loadable_module.c:621 Adding Chat interface 'sip'
2026-09-28 07:24:38.511086 0.00% [NOTICE] switch_loadable_module.c:683 Adding Management interface 'mod_sofia' OID[.1.3.6.1.4.1.27880.1001]
2026-09-28 07:24:38.513049 0.00% [CONSOLE] switch_loadable_module.c:1772 Successfully Loaded [mod_loopback]
2026-09-28 07:24:38.513089 0.00% [NOTICE] switch_loadable_module.c:172 Adding Endpoint 'loopback'
2026-09-28 07:24:38.513177 0.00% [NOTICE] switch_loadable_module.c:172 Adding Endpoint 'null'
2026-09-28 07:24:38.513201 0.00% [NOTICE] switch_loadable_module.c:329 Adding Application 'unloop'
2026-09-28 07:24:38.514818 0.00% [CONSOLE] switch_loadable_module.c:1772 Successfully Loaded [mod_rtc]
2026-09-28 07:24:38.514851 0.00% [NOTICE] switch_loadable_module.c:172 Adding Endpoint 'rtc'
2026-09-28 07:24:38.526129 0.00% [DEBUG] switch_core_sqldb.c:1494 SQL ERR [no such table: json_store]
[select name from json_store where name='']
Auto Generating Table!
2026-09-28 07:24:38.526225 0.00% [DEBUG] switch_core_sqldb.c:1501 Ignoring SQL ERR [no such table: json_store]
[drop table json_store]
2026-09-28 07:24:38.527522 0.00% [INFO] mod_verto.c:5331 Secure key and cert specified
2026-09-28 07:24:38.527985 0.00% [DEBUG] mod_verto.c:5445 default-v4 Bound to 172.25.0.4:8081
2026-09-28 07:24:38.528000 0.00% [DEBUG] mod_verto.c:5445 default-v4 Bound to 172.25.0.4:8082
2026-09-28 07:24:38.528344 0.00% [INFO] mod_verto.c:5331 Secure key and cert specified
2026-09-28 07:24:38.528356 0.00% [DEBUG] mod_verto.c:5445 default-v6 Bound to [::1]:8081
2026-09-28 07:24:38.528360 0.00% [DEBUG] mod_verto.c:5445 default-v6 Bound to [::1]:8082
2026-09-28 07:24:38.534629 0.00% [CONSOLE] switch_loadable_module.c:1772 Successfully Loaded [mod_verto]
2026-09-28 07:24:38.534759 0.00% [NOTICE] switch_loadable_module.c:172 Adding Endpoint 'verto.rtc'
2026-09-28 07:24:38.534846 0.00% [NOTICE] switch_loadable_module.c:389 Adding API Function 'verto'
2026-09-28 07:24:38.534899 0.00% [NOTICE] switch_loadable_module.c:389 Adding API Function 'verto_contact'
2026-09-28 07:24:38.534927 0.00% [NOTICE] switch_loadable_module.c:419 Adding JSON API Function 'store'
2026-09-28 07:24:38.534968 0.00% [NOTICE] switch_loadable_module.c:621 Adding Chat interface 'verto'
2026-09-28 07:24:38.535562 0.00% [INFO] mod_verto.c:5101 default-v4 MCAST Bound to 224.1.1.1:1337/1338
2026-09-28 07:24:38.542232 0.00% [CONSOLE] switch_loadable_module.c:1772 Successfully Loaded [mod_commands]
2026-09-28 07:24:38.542306 0.00% [NOTICE] switch_loadable_module.c:329 Adding Application 'msrp_recv_file'
2026-09-28 07:24:38.542376 0.00% [NOTICE] switch_loadable_module.c:329 Adding Application 'msrp_send_file'
2026-09-28 07:24:38.542393 0.00% [NOTICE] switch_loadable_module.c:389 Adding API Function 'bg_system'
2026-09-28 07:24:38.542476 0.00% [NOTICE] switch_loadable_module.c:389 Adding API Function 'system'
2026-09-28 07:24:38.542492 0.00% [NOTICE] switch_loadable_module.c:389 Adding API Function 'bg_spawn'
2026-09-28 07:24:38.542938 0.00% [NOTICE] switch_loadable_module.c:389 Adding API Function 'spawn'
2026-09-28 07:24:38.542977 0.00% [NOTICE] switch_loadable_module.c:389 Adding API Function 'spawn_stream'
2026-09-28 07:24:38.543123 0.00% [NOTICE] switch_loadable_module.c:389 Adding API Function 'acl'
2026-09-28 07:24:38.543139 0.00% [NOTICE] switch_loadable_module.c:389 Adding API Function 'alias'
2026-09-28 07:24:38.543686 0.00% [NOTICE] switch_loadable_module.c:389 Adding API Function 'coalesce'
2026-09-28 07:24:38.543725 0.00% [NOTICE] switch_loadable_module.c:389 Adding API Function 'banner'
2026-09-28 07:24:38.543746 0.00% [NOTICE] switch_loadable_module.c:389 Adding API Function 'bgapi'
2026-09-28 07:24:38.543766 0.00% [NOTICE] switch_loadable_module.c:389 Adding API Function 'break'
2026-09-28 07:24:38.543782 0.00% [NOTICE] switch_loadable_module.c:389 Adding API Function 'complete'
2026-09-28 07:24:38.543802 0.00% [NOTICE] switch_loadable_module.c:389 Adding API Function 'cond'
2026-09-28 07:24:38.543817 0.00% [NOTICE] switch_loadable_module.c:389 Adding API Function 'console_complete'
2026-09-28 07:24:38.543830 0.00% [NOTICE] switch_loadable_module.c:389 Adding API Function 'console_complete_xml'
2026-09-28 07:24:38.543843 0.00% [NOTICE] switch_loadable_module.c:389 Adding API Function 'create_uuid'
2026-09-28 07:24:38.543903 0.00% [NOTICE] switch_loadable_module.c:389 Adding API Function 'db_cache'
2026-09-28 07:24:38.543937 0.00% [NOTICE] switch_loadable_module.c:389 Adding API Function 'domain_data'
2026-09-28 07:24:38.543949 0.00% [NOTICE] switch_loadable_module.c:389 Adding API Function 'domain_exists'
2026-09-28 07:24:38.543961 0.00% [NOTICE] switch_loadable_module.c:389 Adding API Function 'echo'
2026-09-28 07:24:38.543973 0.00% [NOTICE] switch_loadable_module.c:389 Adding API Function 'event_channel_broadcast'
2026-09-28 07:24:38.543990 0.00% [NOTICE] switch_loadable_module.c:389 Adding API Function 'escape'
2026-09-28 07:24:38.544026 0.00% [NOTICE] switch_loadable_module.c:389 Adding API Function 'eval'
2026-09-28 07:24:38.544040 0.00% [NOTICE] switch_loadable_module.c:389 Adding API Function 'expand'
2026-09-28 07:24:38.544052 0.00% [NOTICE] switch_loadable_module.c:389 Adding API Function 'find_user_xml'
2026-09-28 07:24:38.544066 0.00% [NOTICE] switch_loadable_module.c:389 Adding API Function 'fsctl'
2026-09-28 07:24:38.544315 0.00% [NOTICE] switch_loadable_module.c:389 Adding API Function '...'
2026-09-28 07:24:38.544344 0.00% [NOTICE] switch_loadable_module.c:389 Adding API Function 'shutdown'
2026-09-28 07:24:38.544361 0.00% [NOTICE] switch_loadable_module.c:389 Adding API Function 'version'
2026-09-28 07:24:38.544378 0.00% [NOTICE] switch_loadable_module.c:389 Adding API Function 'global_getvar'
2026-09-28 07:24:38.544391 0.00% [NOTICE] switch_loadable_module.c:389 Adding API Function 'global_setvar'
2026-09-28 07:24:38.544404 0.00% [NOTICE] switch_loadable_module.c:389 Adding API Function 'group_call'
2026-09-28 07:24:38.544422 0.00% [NOTICE] switch_loadable_module.c:389 Adding API Function 'help'
2026-09-28 07:24:38.544440 0.00% [NOTICE] switch_loadable_module.c:389 Adding API Function 'host_lookup'
2026-09-28 07:24:38.544450 0.00% [NOTICE] switch_loadable_module.c:389 Adding API Function 'hostname'
2026-09-28 07:24:38.544463 0.00% [NOTICE] switch_loadable_module.c:389 Adding API Function 'interface_ip'
2026-09-28 07:24:38.544489 0.00% [NOTICE] switch_loadable_module.c:389 Adding API Function 'switchname'
2026-09-28 07:24:38.544504 0.00% [NOTICE] switch_loadable_module.c:389 Adding API Function 'gethost'
2026-09-28 07:24:38.544524 0.00% [NOTICE] switch_loadable_module.c:389 Adding API Function 'getenv'
2026-09-28 07:24:38.544537 0.00% [NOTICE] switch_loadable_module.c:389 Adding API Function 'hupall'
2026-09-28 07:24:38.544549 0.00% [NOTICE] switch_loadable_module.c:389 Adding API Function 'in_group'
2026-09-28 07:24:38.544561 0.00% [NOTICE] switch_loadable_module.c:389 Adding API Function 'is_lan_addr'
2026-09-28 07:24:38.544660 0.00% [NOTICE] switch_loadable_module.c:389 Adding API Function 'limit_usage'
2026-09-28 07:24:38.544673 0.00% [NOTICE] switch_loadable_module.c:389 Adding API Function 'limit_hash_usage'
2026-09-28 07:24:38.544686 0.00% [NOTICE] switch_loadable_module.c:389 Adding API Function 'limit_status'
2026-09-28 07:24:38.544700 0.00% [NOTICE] switch_loadable_module.c:389 Adding API Function 'limit_reset'
2026-09-28 07:24:38.544859 0.00% [NOTICE] switch_loadable_module.c:389 Adding API Function 'limit_interval_reset'
2026-09-28 07:24:38.544953 0.00% [NOTICE] switch_loadable_module.c:389 Adding API Function 'list_users'
2026-09-28 07:24:38.545107 0.00% [NOTICE] switch_loadable_module.c:389 Adding API Function 'load'
2026-09-28 07:24:38.545209 0.00% [NOTICE] switch_loadable_module.c:389 Adding API Function 'log'
2026-09-28 07:24:38.545241 0.00% [NOTICE] switch_loadable_module.c:389 Adding API Function 'md5'
2026-09-28 07:24:38.545266 0.00% [NOTICE] switch_loadable_module.c:389 Adding API Function 'module_exists'
2026-09-28 07:24:38.545291 0.00% [NOTICE] switch_loadable_module.c:389 Adding API Function 'msleep'
2026-09-28 07:24:38.545321 0.00% [NOTICE] switch_loadable_module.c:389 Adding API Function 'nat_map'
2026-09-28 07:24:38.545339 0.00% [NOTICE] switch_loadable_module.c:389 Adding API Function 'originate'
2026-09-28 07:24:38.545407 0.00% [NOTICE] switch_loadable_module.c:389 Adding API Function 'pause'
2026-09-28 07:24:38.545434 0.00% [NOTICE] switch_loadable_module.c:389 Adding API Function 'pool_stats'
2026-09-28 07:24:38.545459 0.00% [NOTICE] switch_loadable_module.c:389 Adding API Function 'quote_shell_arg'
2026-09-28 07:24:38.545491 0.00% [NOTICE] switch_loadable_module.c:389 Adding API Function 'regex'
2026-09-28 07:24:38.545506 0.00% [NOTICE] switch_loadable_module.c:389 Adding API Function 'reloadacl'
2026-09-28 07:24:38.545571 0.00% [NOTICE] switch_loadable_module.c:389 Adding API Function 'reload'
2026-09-28 07:24:38.545589 0.00% [NOTICE] switch_loadable_module.c:389 Adding API Function 'reloadxml'
2026-09-28 07:24:38.545601 0.00% [NOTICE] switch_loadable_module.c:389 Adding API Function 'reloadcert'
2026-09-28 07:24:38.545625 0.00% [NOTICE] switch_loadable_module.c:389 Adding API Function 'replace'
2026-09-28 07:24:38.545682 0.00% [NOTICE] switch_loadable_module.c:389 Adding API Function 'say_string'
2026-09-28 07:24:38.545706 0.00% [NOTICE] switch_loadable_module.c:389 Adding API Function 'sched_api'
2026-09-28 07:24:38.545729 0.00% [NOTICE] switch_loadable_module.c:389 Adding API Function 'sched_broadcast'
2026-09-28 07:24:38.545903 0.00% [NOTICE] switch_loadable_module.c:389 Adding API Function 'sched_del'
2026-09-28 07:24:38.545917 0.00% [NOTICE] switch_loadable_module.c:389 Adding API Function 'sched_hangup'
2026-09-28 07:24:38.545929 0.00% [NOTICE] switch_loadable_module.c:389 Adding API Function 'sched_transfer'
2026-09-28 07:24:38.545941 0.00% [NOTICE] switch_loadable_module.c:389 Adding API Function 'show'
2026-09-28 07:24:38.545963 0.00% [NOTICE] switch_loadable_module.c:389 Adding API Function 'sql_escape'
2026-09-28 07:24:38.545987 0.00% [NOTICE] switch_loadable_module.c:389 Adding API Function 'status'
2026-09-28 07:24:38.546176 0.00% [NOTICE] switch_loadable_module.c:389 Adding API Function 'strftime_tz'
2026-09-28 07:24:38.546195 0.00% [NOTICE] switch_loadable_module.c:389 Adding API Function 'stun'
2026-09-28 07:24:38.546207 0.00% [NOTICE] switch_loadable_module.c:389 Adding API Function 'time_test'
2026-09-28 07:24:38.546222 0.00% [NOTICE] switch_loadable_module.c:389 Adding API Function 'timer_test'
2026-09-28 07:24:38.546234 0.00% [NOTICE] switch_loadable_module.c:389 Adding API Function 'tone_detect'
2026-09-28 07:24:38.546245 0.00% [NOTICE] switch_loadable_module.c:389 Adding API Function 'unload'
2026-09-28 07:24:38.546257 0.00% [NOTICE] switch_loadable_module.c:389 Adding API Function 'unsched_api'
2026-09-28 07:24:38.546268 0.00% [NOTICE] switch_loadable_module.c:389 Adding API Function 'uptime'
2026-09-28 07:24:38.546283 0.00% [NOTICE] switch_loadable_module.c:389 Adding API Function 'reg_url'
2026-09-28 07:24:38.546328 0.00% [NOTICE] switch_loadable_module.c:389 Adding API Function 'url_decode'
2026-09-28 07:24:38.546340 0.00% [NOTICE] switch_loadable_module.c:389 Adding API Function 'url_encode'
2026-09-28 07:24:38.546351 0.00% [NOTICE] switch_loadable_module.c:389 Adding API Function 'toupper'
2026-09-28 07:24:38.546363 0.00% [NOTICE] switch_loadable_module.c:389 Adding API Function 'tolower'
2026-09-28 07:24:38.546375 0.00% [NOTICE] switch_loadable_module.c:389 Adding API Function 'user_data'
2026-09-28 07:24:38.546387 0.00% [NOTICE] switch_loadable_module.c:389 Adding API Function 'uuid_early_ok'
2026-09-28 07:24:38.546400 0.00% [NOTICE] switch_loadable_module.c:389 Adding API Function 'user_exists'
2026-09-28 07:24:38.546412 0.00% [NOTICE] switch_loadable_module.c:389 Adding API Function 'uuid_answer'
2026-09-28 07:24:38.546526 0.00% [NOTICE] switch_loadable_module.c:389 Adding API Function 'uuid_audio'
2026-09-28 07:24:38.546597 0.00% [NOTICE] switch_loadable_module.c:389 Adding API Function 'uuid_break'
2026-09-28 07:24:38.546631 0.00% [NOTICE] switch_loadable_module.c:389 Adding API Function 'uuid_bridge'
2026-09-28 07:24:38.546662 0.00% [NOTICE] switch_loadable_module.c:389 Adding API Function 'uuid_broadcast'
2026-09-28 07:24:38.546688 0.00% [NOTICE] switch_loadable_module.c:389 Adding API Function 'uuid_buglist'
2026-09-28 07:24:38.546718 0.00% [NOTICE] switch_loadable_module.c:389 Adding API Function 'uuid_chat'
2026-09-28 07:24:38.546745 0.00% [NOTICE] switch_loadable_module.c:389 Adding API Function 'uuid_send_text'
2026-09-28 07:24:38.546813 0.00% [NOTICE] switch_loadable_module.c:389 Adding API Function 'uuid_capture_text'
2026-09-28 07:24:38.546844 0.00% [NOTICE] switch_loadable_module.c:389 Adding API Function 'uuid_codec_debug'
2026-09-28 07:24:38.546858 0.00% [NOTICE] switch_loadable_module.c:389 Adding API Function 'uuid_codec_param'
2026-09-28 07:24:38.546916 0.00% [NOTICE] switch_loadable_module.c:389 Adding API Function 'uuid_debug_media'
2026-09-28 07:24:38.546955 0.00% [NOTICE] switch_loadable_module.c:389 Adding API Function 'uuid_deflect'
2026-09-28 07:24:38.546980 0.00% [NOTICE] switch_loadable_module.c:389 Adding API Function 'uuid_displace'
2026-09-28 07:24:38.547006 0.00% [NOTICE] switch_loadable_module.c:389 Adding API Function 'uuid_display'
2026-09-28 07:24:38.547038 0.00% [NOTICE] switch_loadable_module.c:389 Adding API Function 'uuid_media_params'
2026-09-28 07:24:38.547059 0.00% [NOTICE] switch_loadable_module.c:389 Adding API Function 'uuid_drop_dtmf'
2026-09-28 07:24:38.547089 0.00% [NOTICE] switch_loadable_module.c:389 Adding API Function 'uuid_dump'
2026-09-28 07:24:38.547111 0.00% [NOTICE] switch_loadable_module.c:389 Adding API Function 'uuid_exists'
2026-09-28 07:24:38.547133 0.00% [NOTICE] switch_loadable_module.c:389 Adding API Function 'uuid_fileman'
2026-09-28 07:24:38.547301 0.00% [NOTICE] switch_loadable_module.c:389 Adding API Function 'uuid_flush_dtmf'
2026-09-28 07:24:38.547329 0.00% [NOTICE] switch_loadable_module.c:389 Adding API Function 'uuid_getvar'
2026-09-28 07:24:38.547350 0.00% [NOTICE] switch_loadable_module.c:389 Adding API Function 'uuid_hold'
2026-09-28 07:24:38.547490 0.00% [NOTICE] switch_loadable_module.c:389 Adding API Function 'uuid_kill'
2026-09-28 07:24:38.547526 0.00% [NOTICE] switch_loadable_module.c:389 Adding API Function 'uuid_send_message'
2026-09-28 07:24:38.547547 0.00% [NOTICE] switch_loadable_module.c:389 Adding API Function 'uuid_send_info'
2026-09-28 07:24:38.547568 0.00% [NOTICE] switch_loadable_module.c:389 Adding API Function 'uuid_set_media_stats'
2026-09-28 07:24:38.547589 0.00% [NOTICE] switch_loadable_module.c:389 Adding API Function 'uuid_video_bitrate'
2026-09-28 07:24:38.547612 0.00% [NOTICE] switch_loadable_module.c:389 Adding API Function 'uuid_video_bandwidth'
2026-09-28 07:24:38.547634 0.00% [NOTICE] switch_loadable_module.c:389 Adding API Function 'uuid_video_refresh'
2026-09-28 07:24:38.547690 0.00% [NOTICE] switch_loadable_module.c:389 Adding API Function 'uuid_outgoing_answer'
2026-09-28 07:24:38.547806 0.00% [NOTICE] switch_loadable_module.c:389 Adding API Function 'uuid_limit'
2026-09-28 07:24:38.547846 0.00% [NOTICE] switch_loadable_module.c:389 Adding API Function 'uuid_limit_release'
2026-09-28 07:24:38.547870 0.00% [NOTICE] switch_loadable_module.c:389 Adding API Function 'uuid_loglevel'
2026-09-28 07:24:38.547890 0.00% [NOTICE] switch_loadable_module.c:389 Adding API Function 'uuid_media'
2026-09-28 07:24:38.547913 0.00% [NOTICE] switch_loadable_module.c:389 Adding API Function 'uuid_media_3p'
2026-09-28 07:24:38.547980 0.00% [NOTICE] switch_loadable_module.c:389 Adding API Function 'uuid_media_reneg'
2026-09-28 07:24:38.548042 0.00% [NOTICE] switch_loadable_module.c:389 Adding API Function 'uuid_park'
2026-09-28 07:24:38.548067 0.00% [NOTICE] switch_loadable_module.c:389 Adding API Function 'uuid_pause'
2026-09-28 07:24:38.548086 0.00% [NOTICE] switch_loadable_module.c:389 Adding API Function 'uuid_phone_event'
2026-09-28 07:24:38.548108 0.00% [NOTICE] switch_loadable_module.c:389 Adding API Function 'uuid_ring_ready'
2026-09-28 07:24:38.548130 0.00% [NOTICE] switch_loadable_module.c:389 Adding API Function 'uuid_pre_answer'
2026-09-28 07:24:38.548257 0.00% [NOTICE] switch_loadable_module.c:389 Adding API Function 'uuid_preprocess'
2026-09-28 07:24:38.548290 0.00% [NOTICE] switch_loadable_module.c:389 Adding API Function 'uuid_record'
2026-09-28 07:24:38.548332 0.00% [NOTICE] switch_loadable_module.c:389 Adding API Function 'uuid_recovery_refresh'
2026-09-28 07:24:38.548357 0.00% [NOTICE] switch_loadable_module.c:389 Adding API Function 'uuid_recv_dtmf'
2026-09-28 07:24:38.548378 0.00% [NOTICE] switch_loadable_module.c:389 Adding API Function 'uuid_redirect'
2026-09-28 07:24:38.548479 0.00% [NOTICE] switch_loadable_module.c:389 Adding API Function 'uuid_send_dtmf'
2026-09-28 07:24:38.548537 0.00% [NOTICE] switch_loadable_module.c:389 Adding API Function 'uuid_session_heartbeat'
2026-09-28 07:24:38.548567 0.00% [NOTICE] switch_loadable_module.c:389 Adding API Function 'uuid_setvar_multi'
2026-09-28 07:24:38.548640 0.00% [NOTICE] switch_loadable_module.c:389 Adding API Function 'uuid_setvar'
2026-09-28 07:24:38.548665 0.00% [NOTICE] switch_loadable_module.c:389 Adding API Function 'uuid_transfer'
2026-09-28 07:24:38.548913 0.00% [NOTICE] switch_loadable_module.c:389 Adding API Function 'uuid_dual_transfer'
2026-09-28 07:24:38.548976 0.00% [NOTICE] switch_loadable_module.c:389 Adding API Function 'uuid_simplify'
2026-09-28 07:24:38.549051 0.00% [NOTICE] switch_loadable_module.c:389 Adding API Function 'uuid_jitterbuffer'
2026-09-28 07:24:38.549076 0.00% [NOTICE] switch_loadable_module.c:389 Adding API Function 'uuid_zombie_exec'
2026-09-28 07:24:38.549135 0.00% [NOTICE] switch_loadable_module.c:389 Adding API Function 'uuid_xfer_zombie'
2026-09-28 07:24:38.549159 0.00% [NOTICE] switch_loadable_module.c:389 Adding API Function 'xml_flush_cache'
2026-09-28 07:24:38.549181 0.00% [NOTICE] switch_loadable_module.c:389 Adding API Function 'xml_locate'
2026-09-28 07:24:38.549202 0.00% [NOTICE] switch_loadable_module.c:389 Adding API Function 'xml_wrap'
2026-09-28 07:24:38.549225 0.00% [NOTICE] switch_loadable_module.c:389 Adding API Function 'file_exists'
2026-09-28 07:24:38.549294 0.00% [NOTICE] switch_loadable_module.c:389 Adding API Function 'getcputime'
2026-09-28 07:24:38.549320 0.00% [NOTICE] switch_loadable_module.c:389 Adding API Function 'json'
2026-09-28 07:24:38.549342 0.00% [NOTICE] switch_loadable_module.c:389 Adding API Function 'memory'
2026-09-28 07:24:38.549396 0.00% [NOTICE] switch_loadable_module.c:389 Adding API Function 'msrp'
2026-09-28 07:24:38.549639 0.00% [NOTICE] switch_loadable_module.c:389 Adding API Function 'uuid_msrp_send'
2026-09-28 07:24:38.549669 0.00% [NOTICE] switch_loadable_module.c:419 Adding JSON API Function 'mediaStats'
2026-09-28 07:24:38.549687 0.00% [NOTICE] switch_loadable_module.c:419 Adding JSON API Function 'status'
2026-09-28 07:24:38.549701 0.00% [NOTICE] switch_loadable_module.c:419 Adding JSON API Function 'fsapi'
2026-09-28 07:24:38.549729 0.00% [NOTICE] switch_loadable_module.c:419 Adding JSON API Function 'execute'
2026-09-28 07:24:38.549741 0.00% [NOTICE] switch_loadable_module.c:419 Adding JSON API Function 'channelData'
2026-09-28 07:24:38.557130 0.00% [CONSOLE] switch_loadable_module.c:1772 Successfully Loaded [mod_conference]
2026-09-28 07:24:38.557158 0.00% [NOTICE] switch_loadable_module.c:329 Adding Application 'conference'
2026-09-28 07:24:38.557179 0.00% [NOTICE] switch_loadable_module.c:329 Adding Application 'conference_set_auto_outcall'
2026-09-28 07:24:38.557192 0.00% [NOTICE] switch_loadable_module.c:389 Adding API Function 'conference'
2026-09-28 07:24:38.557206 0.00% [NOTICE] switch_loadable_module.c:621 Adding Chat interface 'conf'
2026-09-28 07:24:38.558812 0.00% [CONSOLE] sofia_presence.c:1621 Event Thread Started
2026-09-28 07:24:38.559684 0.00% [DEBUG] switch_core_sqldb.c:1494 SQL ERR [no such table: limit_data]
[select * from limit_data]
Auto Generating Table!
2026-09-28 07:24:38.560423 0.00% [DEBUG] switch_core_sqldb.c:1494 SQL ERR [no such table: db_data]
[select * from db_data]
Auto Generating Table!
2026-09-28 07:24:38.561604 0.00% [DEBUG] switch_core_sqldb.c:1494 SQL ERR [no such table: group_data]
[select * from group_data]
Auto Generating Table!
2026-09-28 07:24:38.569248 0.00% [CONSOLE] switch_loadable_module.c:1772 Successfully Loaded [mod_db]
2026-09-28 07:24:38.569305 0.00% [NOTICE] switch_loadable_module.c:329 Adding Application 'db'
2026-09-28 07:24:38.569334 0.00% [NOTICE] switch_loadable_module.c:329 Adding Application 'group'
2026-09-28 07:24:38.569351 0.00% [NOTICE] switch_loadable_module.c:389 Adding API Function 'db'
2026-09-28 07:24:38.569373 0.00% [NOTICE] switch_loadable_module.c:389 Adding API Function 'group'
2026-09-28 07:24:38.569394 0.00% [NOTICE] switch_loadable_module.c:717 Adding Limit interface 'db'
2026-09-28 07:24:39.059966 0.00% [CONSOLE] switch_loadable_module.c:1772 Successfully Loaded [mod_dptools]
2026-09-28 07:24:39.060042 0.00% [NOTICE] switch_loadable_module.c:172 Adding Endpoint 'error'
2026-09-28 07:24:39.060137 0.00% [NOTICE] switch_loadable_module.c:172 Adding Endpoint 'group'
2026-09-28 07:24:39.060174 0.00% [NOTICE] switch_loadable_module.c:172 Adding Endpoint 'user'
2026-09-28 07:24:39.060189 0.00% [NOTICE] switch_loadable_module.c:172 Adding Endpoint 'pickup'
2026-09-28 07:24:39.060203 0.00% [NOTICE] switch_loadable_module.c:273 Adding Dialplan 'inline'
2026-09-28 07:24:39.060229 0.00% [NOTICE] switch_loadable_module.c:329 Adding Application 'blind_transfer_ack'
2026-09-28 07:24:39.060246 0.00% [NOTICE] switch_loadable_module.c:329 Adding Application 'bind_digit_action'
2026-09-28 07:24:39.060341 0.00% [NOTICE] switch_loadable_module.c:329 Adding Application 'capture'
2026-09-28 07:24:39.060358 0.00% [NOTICE] switch_loadable_module.c:329 Adding Application 'clear_digit_action'
2026-09-28 07:24:39.060372 0.00% [NOTICE] switch_loadable_module.c:329 Adding Application 'digit_action_set_realm'
2026-09-28 07:24:39.060384 0.00% [NOTICE] switch_loadable_module.c:329 Adding Application 'privacy'
2026-09-28 07:24:39.060404 0.00% [NOTICE] switch_loadable_module.c:329 Adding Application 'set_audio_level'
2026-09-28 07:24:39.060436 0.00% [NOTICE] switch_loadable_module.c:329 Adding Application 'set_mute'
2026-09-28 07:24:39.060469 0.00% [NOTICE] switch_loadable_module.c:329 Adding Application 'flush_dtmf'
2026-09-28 07:24:39.060488 0.00% [NOTICE] switch_loadable_module.c:329 Adding Application 'hold'
2026-09-28 07:24:39.060501 0.00% [NOTICE] switch_loadable_module.c:329 Adding Application 'unhold'
2026-09-28 07:24:39.060514 0.00% [NOTICE] switch_loadable_module.c:329 Adding Application 'mutex'
2026-09-28 07:24:39.060531 0.00% [NOTICE] switch_loadable_module.c:329 Adding Application 'page'
2026-09-28 07:24:39.060543 0.00% [NOTICE] switch_loadable_module.c:329 Adding Application 'transfer'
2026-09-28 07:24:39.060555 0.00% [NOTICE] switch_loadable_module.c:329 Adding Application 'check_acl'
2026-09-28 07:24:39.060568 0.00% [NOTICE] switch_loadable_module.c:329 Adding Application 'verbose_events'
2026-09-28 07:24:39.060580 0.00% [NOTICE] switch_loadable_module.c:329 Adding Application 'novideo'
2026-09-28 07:24:39.060596 0.00% [NOTICE] switch_loadable_module.c:329 Adding Application 'cng_plc'
2026-09-28 07:24:39.060607 0.00% [NOTICE] switch_loadable_module.c:329 Adding Application 'early_hangup'
2026-09-28 07:24:39.060618 0.00% [NOTICE] switch_loadable_module.c:329 Adding Application 'sleep'
2026-09-28 07:24:39.060635 0.00% [NOTICE] switch_loadable_module.c:329 Adding Application 'delay_echo'
2026-09-28 07:24:39.060647 0.00% [NOTICE] switch_loadable_module.c:329 Adding Application 'strftime'
2026-09-28 07:24:39.060660 0.00% [NOTICE] switch_loadable_module.c:329 Adding Application 'phrase'
2026-09-28 07:24:39.060679 0.00% [NOTICE] switch_loadable_module.c:329 Adding Application 'eval'
2026-09-28 07:24:39.060690 0.00% [NOTICE] switch_loadable_module.c:329 Adding Application 'set_media_stats'
2026-09-28 07:24:39.060706 0.00% [NOTICE] switch_loadable_module.c:329 Adding Application 'stop'
2026-09-28 07:24:39.060718 0.00% [NOTICE] switch_loadable_module.c:329 Adding Application 'set_zombie_exec'
2026-09-28 07:24:39.060730 0.00% [NOTICE] switch_loadable_module.c:329 Adding Application 'pre_answer'
2026-09-28 07:24:39.060740 0.00% [NOTICE] switch_loadable_module.c:329 Adding Application 'answer'
2026-09-28 07:24:39.060751 0.00% [NOTICE] switch_loadable_module.c:329 Adding Application 'wait_for_answer'
2026-09-28 07:24:39.060762 0.00% [NOTICE] switch_loadable_module.c:329 Adding Application 'wait_for_video_ready'
2026-09-28 07:24:39.060779 0.00% [NOTICE] switch_loadable_module.c:329 Adding Application 'hangup'
2026-09-28 07:24:39.060793 0.00% [NOTICE] switch_loadable_module.c:329 Adding Application 'set_name'
2026-09-28 07:24:39.060809 0.00% [NOTICE] switch_loadable_module.c:329 Adding Application 'presence'
2026-09-28 07:24:39.060840 0.00% [NOTICE] switch_loadable_module.c:329 Adding Application 'log'
2026-09-28 07:24:39.060852 0.00% [NOTICE] switch_loadable_module.c:329 Adding Application 'info'
2026-09-28 07:24:39.060863 0.00% [NOTICE] switch_loadable_module.c:329 Adding Application 'event'
2026-09-28 07:24:39.060881 0.00% [NOTICE] switch_loadable_module.c:329 Adding Application 'sound_test'
2026-09-28 07:24:39.060891 0.00% [NOTICE] switch_loadable_module.c:329 Adding Application 'export'
2026-09-28 07:24:39.060908 0.00% [NOTICE] switch_loadable_module.c:329 Adding Application 'bridge_export'
2026-09-28 07:24:39.060919 0.00% [NOTICE] switch_loadable_module.c:329 Adding Application 'set'
2026-09-28 07:24:39.060936 0.00% [NOTICE] switch_loadable_module.c:329 Adding Application 'multiset'
2026-09-28 07:24:39.060948 0.00% [NOTICE] switch_loadable_module.c:329 Adding Application 'push'
2026-09-28 07:24:39.060958 0.00% [NOTICE] switch_loadable_module.c:329 Adding Application 'unshift'
2026-09-28 07:24:39.060973 0.00% [NOTICE] switch_loadable_module.c:329 Adding Application 'set_global'
2026-09-28 07:24:39.061001 0.00% [NOTICE] switch_loadable_module.c:329 Adding Application 'set_profile_var'
2026-09-28 07:24:39.061023 0.00% [NOTICE] switch_loadable_module.c:329 Adding Application 'unset'
2026-09-28 07:24:39.061045 0.00% [NOTICE] switch_loadable_module.c:329 Adding Application 'multiunset'
2026-09-28 07:24:39.061149 0.00% [NOTICE] switch_loadable_module.c:329 Adding Application 'capture_text'
2026-09-28 07:24:39.061189 0.00% [NOTICE] switch_loadable_module.c:329 Adding Application 'acknowledge_call'
2026-09-28 07:24:39.061215 0.00% [NOTICE] switch_loadable_module.c:329 Adding Application 'ring_ready'
2026-09-28 07:24:39.061236 0.00% [NOTICE] switch_loadable_module.c:329 Adding Application 'remove_bugs'
2026-09-28 07:24:39.061258 0.00% [NOTICE] switch_loadable_module.c:329 Adding Application 'break'
2026-09-28 07:24:39.061278 0.00% [NOTICE] switch_loadable_module.c:329 Adding Application 'detect_speech'
2026-09-28 07:24:39.061305 0.00% [NOTICE] switch_loadable_module.c:329 Adding Application 'play_and_detect_speech'
2026-09-28 07:24:39.061513 0.00% [NOTICE] switch_loadable_module.c:329 Adding Application 'ivr'
2026-09-28 07:24:39.061549 0.00% [NOTICE] switch_loadable_module.c:329 Adding Application 'redirect'
2026-09-28 07:24:39.061577 0.00% [NOTICE] switch_loadable_module.c:329 Adding Application 'video_refresh'
2026-09-28 07:24:39.061592 0.00% [NOTICE] switch_loadable_module.c:329 Adding Application 'video_decode'
2026-09-28 07:24:39.061605 0.00% [NOTICE] switch_loadable_module.c:329 Adding Application 'send_info'
2026-09-28 07:24:39.061616 0.00% [NOTICE] switch_loadable_module.c:329 Adding Application 'jitterbuffer'
2026-09-28 07:24:39.061630 0.00% [NOTICE] switch_loadable_module.c:329 Adding Application 'send_display'
2026-09-28 07:24:39.061642 0.00% [NOTICE] switch_loadable_module.c:329 Adding Application 'respond'
2026-09-28 07:24:39.061657 0.00% [NOTICE] switch_loadable_module.c:329 Adding Application 'deflect'
2026-09-28 07:24:39.061670 0.00% [NOTICE] switch_loadable_module.c:329 Adding Application 'recovery_refresh'
2026-09-28 07:24:39.061682 0.00% [NOTICE] switch_loadable_module.c:329 Adding Application 'reuse_caller_profile'
2026-09-28 07:24:39.061694 0.00% [NOTICE] switch_loadable_module.c:329 Adding Application 'queue_dtmf'
2026-09-28 07:24:39.061706 0.00% [NOTICE] switch_loadable_module.c:329 Adding Application 'send_dtmf'
2026-09-28 07:24:39.061717 0.00% [NOTICE] switch_loadable_module.c:329 Adding Application 'sched_cancel'
2026-09-28 07:24:39.061728 0.00% [NOTICE] switch_loadable_module.c:329 Adding Application 'sched_hangup'
2026-09-28 07:24:39.061932 0.00% [NOTICE] switch_loadable_module.c:329 Adding Application 'sched_broadcast'
2026-09-28 07:24:39.061969 0.00% [NOTICE] switch_loadable_module.c:329 Adding Application 'sched_transfer'
2026-09-28 07:24:39.061994 0.00% [NOTICE] switch_loadable_module.c:329 Adding Application 'execute_extension'
2026-09-28 07:24:39.062047 0.00% [NOTICE] switch_loadable_module.c:329 Adding Application 'sched_heartbeat'
2026-09-28 07:24:39.062069 0.00% [NOTICE] switch_loadable_module.c:329 Adding Application 'enable_heartbeat'
2026-09-28 07:24:39.062087 0.00% [NOTICE] switch_loadable_module.c:329 Adding Application 'filter_codecs'
2026-09-28 07:24:39.062108 0.00% [NOTICE] switch_loadable_module.c:329 Adding Application 'enable_keepalive'
2026-09-28 07:24:39.062131 0.00% [NOTICE] switch_loadable_module.c:329 Adding Application 'media_reset'
2026-09-28 07:24:39.062165 0.00% [NOTICE] switch_loadable_module.c:329 Adding Application 'mkdir'
2026-09-28 07:24:39.062185 0.00% [NOTICE] switch_loadable_module.c:329 Adding Application 'rename'
2026-09-28 07:24:39.062211 0.00% [NOTICE] switch_loadable_module.c:329 Adding Application 'transfer_vars'
2026-09-28 07:24:39.062229 0.00% [NOTICE] switch_loadable_module.c:329 Adding Application 'soft_hold'
2026-09-28 07:24:39.062248 0.00% [NOTICE] switch_loadable_module.c:329 Adding Application 'bind_meta_app'
2026-09-28 07:24:39.062267 0.00% [NOTICE] switch_loadable_module.c:329 Adding Application 'unbind_meta_app'
2026-09-28 07:24:39.062289 0.00% [NOTICE] switch_loadable_module.c:329 Adding Application 'block_dtmf'
2026-09-28 07:24:39.062317 0.00% [NOTICE] switch_loadable_module.c:329 Adding Application 'unblock_dtmf'
2026-09-28 07:24:39.062349 0.00% [NOTICE] switch_loadable_module.c:329 Adding Application 'intercept'
2026-09-28 07:24:39.062372 0.00% [NOTICE] switch_loadable_module.c:329 Adding Application 'eavesdrop'
2026-09-28 07:24:39.062390 0.00% [NOTICE] switch_loadable_module.c:329 Adding Application 'native_eavesdrop'
2026-09-28 07:24:39.062442 0.00% [NOTICE] switch_loadable_module.c:329 Adding Application 'three_way'
2026-09-28 07:24:39.062463 0.00% [NOTICE] switch_loadable_module.c:329 Adding Application 'set_user'
2026-09-28 07:24:39.062486 0.00% [NOTICE] switch_loadable_module.c:329 Adding Application 'stop_dtmf'
2026-09-28 07:24:39.062661 0.00% [NOTICE] switch_loadable_module.c:329 Adding Application 'start_dtmf'
2026-09-28 07:24:39.062684 0.00% [NOTICE] switch_loadable_module.c:329 Adding Application 'stop_dtmf_generate'
2026-09-28 07:24:39.062706 0.00% [NOTICE] switch_loadable_module.c:329 Adding Application 'start_dtmf_generate'
2026-09-28 07:24:39.062757 0.00% [NOTICE] switch_loadable_module.c:329 Adding Application 'stop_tone_detect'
2026-09-28 07:24:39.062778 0.00% [NOTICE] switch_loadable_module.c:329 Adding Application 'fax_detect'
2026-09-28 07:24:39.062799 0.00% [NOTICE] switch_loadable_module.c:329 Adding Application 'tone_detect'
2026-09-28 07:24:39.062817 0.00% [NOTICE] switch_loadable_module.c:329 Adding Application 'echo'
2026-09-28 07:24:39.062836 0.00% [NOTICE] switch_loadable_module.c:329 Adding Application 'park'
2026-09-28 07:24:39.062858 0.00% [NOTICE] switch_loadable_module.c:329 Adding Application 'park_state'
2026-09-28 07:24:39.062991 0.00% [NOTICE] switch_loadable_module.c:329 Adding Application 'gentones'
2026-09-28 07:24:39.063013 0.00% [NOTICE] switch_loadable_module.c:329 Adding Application 'playback'
2026-09-28 07:24:39.063030 0.00% [NOTICE] switch_loadable_module.c:329 Adding Application 'broadcast'
2026-09-28 07:24:39.063048 0.00% [NOTICE] switch_loadable_module.c:329 Adding Application 'endless_playback'
2026-09-28 07:24:39.063066 0.00% [NOTICE] switch_loadable_module.c:329 Adding Application 'loop_playback'
2026-09-28 07:24:39.063083 0.00% [NOTICE] switch_loadable_module.c:329 Adding Application 'att_xfer'
2026-09-28 07:24:39.063102 0.00% [NOTICE] switch_loadable_module.c:329 Adding Application 'read'
2026-09-28 07:24:39.063134 0.00% [NOTICE] switch_loadable_module.c:329 Adding Application 'play_and_get_digits'
2026-09-28 07:24:39.063164 0.00% [NOTICE] switch_loadable_module.c:329 Adding Application 'stop_video_write_overlay'
2026-09-28 07:24:39.063182 0.00% [NOTICE] switch_loadable_module.c:329 Adding Application 'video_write_overlay'
2026-09-28 07:24:39.063309 0.00% [NOTICE] switch_loadable_module.c:329 Adding Application 'stop_record_session'
2026-09-28 07:24:39.063337 0.00% [NOTICE] switch_loadable_module.c:329 Adding Application 'record_session'
2026-09-28 07:24:39.063351 0.00% [NOTICE] switch_loadable_module.c:329 Adding Application 'record_session_mask'
2026-09-28 07:24:39.063363 0.00% [NOTICE] switch_loadable_module.c:329 Adding Application 'record_session_unmask'
2026-09-28 07:24:39.063375 0.00% [NOTICE] switch_loadable_module.c:329 Adding Application 'record_session_pause'
2026-09-28 07:24:39.063463 0.00% [NOTICE] switch_loadable_module.c:329 Adding Application 'record_session_resume'
2026-09-28 07:24:39.063495 0.00% [NOTICE] switch_loadable_module.c:329 Adding Application 'record'
2026-09-28 07:24:39.063507 0.00% [NOTICE] switch_loadable_module.c:329 Adding Application 'preprocess'
2026-09-28 07:24:39.063520 0.00% [NOTICE] switch_loadable_module.c:329 Adding Application 'stop_displace_session'
2026-09-28 07:24:39.063532 0.00% [NOTICE] switch_loadable_module.c:329 Adding Application 'displace_session'
2026-09-28 07:24:39.063546 0.00% [NOTICE] switch_loadable_module.c:329 Adding Application 'speak'
2026-09-28 07:24:39.063567 0.00% [NOTICE] switch_loadable_module.c:329 Adding Application 'clear_speech_cache'
2026-09-28 07:24:39.063589 0.00% [NOTICE] switch_loadable_module.c:329 Adding Application 'bridge'
2026-09-28 07:24:39.063601 0.00% [NOTICE] switch_loadable_module.c:329 Adding Application 'system'
2026-09-28 07:24:39.063614 0.00% [NOTICE] switch_loadable_module.c:329 Adding Application 'bgsystem'
2026-09-28 07:24:39.063626 0.00% [NOTICE] switch_loadable_module.c:329 Adding Application 'say'
2026-09-28 07:24:39.063638 0.00% [NOTICE] switch_loadable_module.c:329 Adding Application 'detect_audio'
2026-09-28 07:24:39.063650 0.00% [NOTICE] switch_loadable_module.c:329 Adding Application 'detect_silence'
2026-09-28 07:24:39.063662 0.00% [NOTICE] switch_loadable_module.c:329 Adding Application 'wait_for_silence'
2026-09-28 07:24:39.063672 0.00% [NOTICE] switch_loadable_module.c:329 Adding Application 'session_loglevel'
2026-09-28 07:24:39.063683 0.00% [NOTICE] switch_loadable_module.c:329 Adding Application 'limit'
2026-09-28 07:24:39.063697 0.00% [NOTICE] switch_loadable_module.c:329 Adding Application 'limit_hash'
2026-09-28 07:24:39.063820 0.00% [NOTICE] switch_loadable_module.c:329 Adding Application 'limit_execute'
2026-09-28 07:24:39.063845 0.00% [NOTICE] switch_loadable_module.c:329 Adding Application 'limit_hash_execute'
2026-09-28 07:24:39.063857 0.00% [NOTICE] switch_loadable_module.c:329 Adding Application 'pickup'
2026-09-28 07:24:39.063873 0.00% [NOTICE] switch_loadable_module.c:329 Adding Application 'deduplicate_dtmf'
2026-09-28 07:24:39.063884 0.00% [NOTICE] switch_loadable_module.c:329 Adding Application 'vad_test'
2026-09-28 07:24:39.063897 0.00% [NOTICE] switch_loadable_module.c:329 Adding Application 'debug_media'
2026-09-28 07:24:39.063910 0.00% [NOTICE] switch_loadable_module.c:389 Adding API Function 'strepoch'
2026-09-28 07:24:39.063922 0.00% [NOTICE] switch_loadable_module.c:389 Adding API Function 'page'
2026-09-28 07:24:39.063935 0.00% [NOTICE] switch_loadable_module.c:389 Adding API Function 'strmicroepoch'
2026-09-28 07:24:39.063949 0.00% [NOTICE] switch_loadable_module.c:389 Adding API Function 'chat'
2026-09-28 07:24:39.063962 0.00% [NOTICE] switch_loadable_module.c:389 Adding API Function 'strftime'
2026-09-28 07:24:39.063975 0.00% [NOTICE] switch_loadable_module.c:389 Adding API Function 'presence'
2026-09-28 07:24:39.063987 0.00% [NOTICE] switch_loadable_module.c:455 Adding File Format 'file_string'
2026-09-28 07:24:39.064035 0.00% [NOTICE] switch_loadable_module.c:455 Adding File Format 'file'
2026-09-28 07:24:39.064049 0.00% [NOTICE] switch_loadable_module.c:455 Adding File Format 'tts'
2026-09-28 07:24:39.064063 0.00% [NOTICE] switch_loadable_module.c:621 Adding Chat interface 'event'
2026-09-28 07:24:39.064078 0.00% [NOTICE] switch_loadable_module.c:621 Adding Chat interface 'api'
2026-09-28 07:24:39.088629 0.00% [CONSOLE] switch_loadable_module.c:1772 Successfully Loaded [mod_expr]
2026-09-28 07:24:39.088681 0.00% [NOTICE] switch_loadable_module.c:389 Adding API Function 'expr'
2026-09-28 07:24:39.097094 0.00% [INFO] switch_core_sqldb.c:1840 fifo Starting SQL thread.
2026-09-28 07:24:39.098736 0.00% [DEBUG] switch_core_sqldb.c:1494 SQL ERR [no such table: fifo_outbound]
[delete from fifo_outbound where static = 1 or taking_calls < 0 or stop_time < 0]
Auto Generating Table!
2026-09-28 07:24:39.098788 0.00% [DEBUG] switch_core_sqldb.c:1501 Ignoring SQL ERR [no such table: fifo_outbound]
[drop table fifo_outbound]
2026-09-28 07:24:39.099955 0.00% [DEBUG] switch_core_sqldb.c:1494 SQL ERR [no such table: fifo_bridge]
[delete from fifo_bridge]
Auto Generating Table!
2026-09-28 07:24:39.100024 0.00% [DEBUG] switch_core_sqldb.c:1501 Ignoring SQL ERR [no such table: fifo_bridge]
[drop table fifo_bridge]
2026-09-28 07:24:39.100585 0.00% [DEBUG] switch_core_sqldb.c:1494 SQL ERR [no such table: fifo_callers]
[delete from fifo_callers]
Auto Generating Table!
2026-09-28 07:24:39.100626 0.00% [DEBUG] switch_core_sqldb.c:1501 Ignoring SQL ERR [no such table: fifo_callers]
[drop table fifo_callers]
2026-09-28 07:24:39.103688 0.00% [INFO] mod_fifo.c:4647 cool_fifo@172.25.0.4 configured
2026-09-28 07:24:39.104134 0.00% [CONSOLE] switch_loadable_module.c:1772 Successfully Loaded [mod_fifo]
2026-09-28 07:24:39.104171 0.00% [NOTICE] switch_loadable_module.c:329 Adding Application 'fifo'
2026-09-28 07:24:39.104399 0.00% [NOTICE] switch_loadable_module.c:329 Adding Application 'fifo_track_call'
2026-09-28 07:24:39.104451 0.00% [NOTICE] switch_loadable_module.c:389 Adding API Function 'fifo'
2026-09-28 07:24:39.104551 0.00% [NOTICE] switch_loadable_module.c:389 Adding API Function 'fifo_member'
2026-09-28 07:24:39.104824 0.00% [NOTICE] switch_loadable_module.c:389 Adding API Function 'fifo_add_outbound'
2026-09-28 07:24:39.104857 0.00% [NOTICE] switch_loadable_module.c:389 Adding API Function 'fifo_check_bridge'
2026-09-28 07:24:39.107378 0.00% [DEBUG] switch_scheduler.c:263 Added task 3 limit_hash_cleanup (mod_hash) to run at 1790581179
2026-09-28 07:24:39.107624 0.00% [CONSOLE] switch_loadable_module.c:1772 Successfully Loaded [mod_hash]
2026-09-28 07:24:39.107657 0.00% [NOTICE] switch_loadable_module.c:329 Adding Application 'hash'
2026-09-28 07:24:39.107816 0.00% [NOTICE] switch_loadable_module.c:389 Adding API Function 'hash'
2026-09-28 07:24:39.108007 0.00% [NOTICE] switch_loadable_module.c:389 Adding API Function 'hash_dump'
2026-09-28 07:24:39.108062 0.00% [NOTICE] switch_loadable_module.c:389 Adding API Function 'hash_remote'
2026-09-28 07:24:39.108088 0.00% [NOTICE] switch_loadable_module.c:717 Adding Limit interface 'hash'
2026-09-28 07:24:39.121186 0.00% [DEBUG] switch_core_sqldb.c:1494 SQL ERR [no such table: voicemail_msgs]
[select count(forwarded_by) from voicemail_msgs]
Auto Generating Table!
2026-09-28 07:24:39.121840 0.00% [DEBUG] switch_core_sqldb.c:1508 SQL ERR [no such table: voicemail_msgs]
[alter table voicemail_msgs add forwarded_by varchar(255)]
2026-09-28 07:24:39.121903 0.00% [DEBUG] switch_core_sqldb.c:1494 SQL ERR [no such table: voicemail_msgs]
[select count(forwarded_by) from voicemail_msgs]
Auto Generating Table!
2026-09-28 07:24:39.121944 0.00% [DEBUG] switch_core_sqldb.c:1501 Ignoring SQL ERR [no such table: voicemail_msgs]
[drop table voicemail_msgs]
2026-09-28 07:24:39.122869 0.00% [DEBUG] switch_core_sqldb.c:1494 SQL ERR [no such table: voicemail_prefs]
[select count(username) from voicemail_prefs]
Auto Generating Table!
2026-09-28 07:24:39.122972 0.00% [DEBUG] switch_core_sqldb.c:1501 Ignoring SQL ERR [no such table: voicemail_prefs]
[drop table voicemail_prefs]
2026-09-28 07:24:39.129513 0.00% [WARNING] sofia_reg.c:520 platform-switch Failed Registration [503], setting retry to 30 seconds.
2026-09-28 07:24:39.135382 0.00% [INFO] mod_voicemail.c:794 Added Profile default
2026-09-28 07:24:39.135437 0.00% [CONSOLE] switch_loadable_module.c:1772 Successfully Loaded [mod_voicemail]
2026-09-28 07:24:39.135471 0.00% [NOTICE] switch_loadable_module.c:329 Adding Application 'voicemail'
2026-09-28 07:24:39.135669 0.00% [NOTICE] switch_loadable_module.c:389 Adding API Function 'voicemail'
2026-09-28 07:24:39.135699 0.00% [NOTICE] switch_loadable_module.c:389 Adding API Function 'voicemail_inject'
2026-09-28 07:24:39.135728 0.00% [NOTICE] switch_loadable_module.c:389 Adding API Function 'vm_inject'
2026-09-28 07:24:39.135759 0.00% [NOTICE] switch_loadable_module.c:389 Adding API Function 'vm_boxcount'
2026-09-28 07:24:39.135781 0.00% [NOTICE] switch_loadable_module.c:389 Adding API Function 'vm_prefs'
2026-09-28 07:24:39.135848 0.00% [NOTICE] switch_loadable_module.c:389 Adding API Function 'vm_delete'
2026-09-28 07:24:39.135912 0.00% [NOTICE] switch_loadable_module.c:389 Adding API Function 'vm_read'
2026-09-28 07:24:39.135939 0.00% [NOTICE] switch_loadable_module.c:389 Adding API Function 'vm_list'
2026-09-28 07:24:39.135964 0.00% [NOTICE] switch_loadable_module.c:389 Adding API Function 'vm_fsdb_auth_login'
2026-09-28 07:24:39.135997 0.00% [NOTICE] switch_loadable_module.c:389 Adding API Function 'vm_fsdb_msg_count'
2026-09-28 07:24:39.136044 0.00% [NOTICE] switch_loadable_module.c:389 Adding API Function 'vm_fsdb_msg_list'
2026-09-28 07:24:39.136068 0.00% [NOTICE] switch_loadable_module.c:389 Adding API Function 'vm_fsdb_msg_get'
2026-09-28 07:24:39.136090 0.00% [NOTICE] switch_loadable_module.c:389 Adding API Function 'vm_fsdb_msg_delete'
2026-09-28 07:24:39.136120 0.00% [NOTICE] switch_loadable_module.c:389 Adding API Function 'vm_fsdb_msg_undelete'
2026-09-28 07:24:39.136140 0.00% [NOTICE] switch_loadable_module.c:389 Adding API Function 'vm_fsdb_msg_email'
2026-09-28 07:24:39.136157 0.00% [NOTICE] switch_loadable_module.c:389 Adding API Function 'vm_fsdb_msg_purge'
2026-09-28 07:24:39.136177 0.00% [NOTICE] switch_loadable_module.c:389 Adding API Function 'vm_fsdb_msg_save'
2026-09-28 07:24:39.136204 0.00% [NOTICE] switch_loadable_module.c:389 Adding API Function 'vm_fsdb_msg_forward'
2026-09-28 07:24:39.136227 0.00% [NOTICE] switch_loadable_module.c:389 Adding API Function 'vm_fsdb_pref_greeting_set'
2026-09-28 07:24:39.136252 0.00% [NOTICE] switch_loadable_module.c:389 Adding API Function 'vm_fsdb_pref_greeting_get'
2026-09-28 07:24:39.136287 0.00% [NOTICE] switch_loadable_module.c:389 Adding API Function 'vm_fsdb_pref_recname_set'
2026-09-28 07:24:39.136311 0.00% [NOTICE] switch_loadable_module.c:389 Adding API Function 'vm_fsdb_pref_password_set'
2026-09-28 07:24:39.138085 0.00% [CONSOLE] switch_loadable_module.c:1772 Successfully Loaded [mod_esf]
2026-09-28 07:24:39.138126 0.00% [NOTICE] switch_loadable_module.c:329 Adding Application 'esf_page_group'
2026-09-28 07:24:39.140211 0.00% [CONSOLE] switch_loadable_module.c:1772 Successfully Loaded [mod_fsv]
2026-09-28 07:24:39.140241 0.00% [NOTICE] switch_loadable_module.c:329 Adding Application 'play_fsv'
2026-09-28 07:24:39.140323 0.00% [NOTICE] switch_loadable_module.c:329 Adding Application 'record_fsv'
2026-09-28 07:24:39.140359 0.00% [NOTICE] switch_loadable_module.c:329 Adding Application 'play_yuv'
2026-09-28 07:24:39.140390 0.00% [NOTICE] switch_loadable_module.c:329 Adding Application 'decode_video'
2026-09-28 07:24:39.140443 0.00% [NOTICE] switch_loadable_module.c:455 Adding File Format 'fsv'
2026-09-28 07:24:39.142349 0.00% [CONSOLE] switch_loadable_module.c:1772 Successfully Loaded [mod_valet_parking]
2026-09-28 07:24:39.142386 0.00% [NOTICE] switch_loadable_module.c:329 Adding Application 'valet_park'
2026-09-28 07:24:39.142480 0.00% [NOTICE] switch_loadable_module.c:389 Adding API Function 'valet_info'
2026-09-28 07:24:39.151675 0.00% [NOTICE] mod_httapi.c:2171 Profile [default] JSON Function [http://www.freeswitch.org/api/index.cgi]
2026-09-28 07:24:39.151768 0.00% [CONSOLE] switch_loadable_module.c:1772 Successfully Loaded [mod_httapi]
2026-09-28 07:24:39.151792 0.00% [NOTICE] switch_loadable_module.c:329 Adding Application 'httapi'
2026-09-28 07:24:39.151872 0.00% [NOTICE] switch_loadable_module.c:389 Adding API Function 'httapi'
2026-09-28 07:24:39.152009 0.00% [NOTICE] switch_loadable_module.c:455 Adding File Format 'http'
2026-09-28 07:24:39.152058 0.00% [NOTICE] switch_loadable_module.c:455 Adding File Format 'https'
2026-09-28 07:24:39.153400 0.00% [CONSOLE] switch_loadable_module.c:1772 Successfully Loaded [mod_dialplan_xml]
2026-09-28 07:24:39.153442 0.00% [NOTICE] switch_loadable_module.c:273 Adding Dialplan 'XML'
2026-09-28 07:24:39.155608 0.00% [CONSOLE] switch_loadable_module.c:1772 Successfully Loaded [mod_dialplan_asterisk]
2026-09-28 07:24:39.155640 0.00% [NOTICE] switch_loadable_module.c:172 Adding Endpoint 'SIP'
2026-09-28 07:24:39.155718 0.00% [NOTICE] switch_loadable_module.c:172 Adding Endpoint 'IAX2'
2026-09-28 07:24:39.155739 0.00% [NOTICE] switch_loadable_module.c:273 Adding Dialplan 'asterisk'
2026-09-28 07:24:39.155755 0.00% [NOTICE] switch_loadable_module.c:329 Adding Application 'Dial'
2026-09-28 07:24:39.155802 0.00% [NOTICE] switch_loadable_module.c:329 Adding Application 'Goto'
2026-09-28 07:24:39.155816 0.00% [NOTICE] switch_loadable_module.c:329 Adding Application 'AvoidingDeadlock'
2026-09-28 07:24:39.162937 0.00% [DEBUG] mod_spandsp_fax.c:213 FAX timer thread started.
2026-09-28 07:24:39.185279 0.00% [DEBUG] mod_spandsp.c:894 mod_spandsp loaded, using spandsp library version [20120902 163333]
2026-09-28 07:24:39.185357 0.00% [CONSOLE] switch_loadable_module.c:1772 Successfully Loaded [mod_spandsp]
2026-09-28 07:24:39.185391 0.00% [NOTICE] switch_loadable_module.c:172 Adding Endpoint 'modem'
2026-09-28 07:24:39.185499 0.00% [NOTICE] switch_loadable_module.c:223 Adding Codec DVI4 6 ADPCM (IMA) 16000hz 10ms 1ch 64000bps
2026-09-28 07:24:39.185516 0.00% [NOTICE] switch_loadable_module.c:223 Adding Codec DVI4 6 ADPCM (IMA) 16000hz 20ms 1ch 64000bps
2026-09-28 07:24:39.185525 0.00% [NOTICE] switch_loadable_module.c:223 Adding Codec DVI4 6 ADPCM (IMA) 16000hz 30ms 1ch 64000bps
2026-09-28 07:24:39.185533 0.00% [NOTICE] switch_loadable_module.c:223 Adding Codec DVI4 6 ADPCM (IMA) 16000hz 40ms 1ch 64000bps
2026-09-28 07:24:39.185540 0.00% [NOTICE] switch_loadable_module.c:223 Adding Codec DVI4 6 ADPCM (IMA) 16000hz 50ms 1ch 64000bps
2026-09-28 07:24:39.185545 0.00% [NOTICE] switch_loadable_module.c:223 Adding Codec DVI4 6 ADPCM (IMA) 16000hz 60ms 1ch 64000bps
2026-09-28 07:24:39.185553 0.00% [NOTICE] switch_loadable_module.c:223 Adding Codec DVI4 5 ADPCM (IMA) 8000hz 10ms 1ch 32000bps
2026-09-28 07:24:39.185560 0.00% [NOTICE] switch_loadable_module.c:223 Adding Codec DVI4 5 ADPCM (IMA) 8000hz 20ms 1ch 32000bps
2026-09-28 07:24:39.185569 0.00% [NOTICE] switch_loadable_module.c:223 Adding Codec DVI4 5 ADPCM (IMA) 8000hz 30ms 1ch 32000bps
2026-09-28 07:24:39.185576 0.00% [NOTICE] switch_loadable_module.c:223 Adding Codec DVI4 5 ADPCM (IMA) 8000hz 40ms 1ch 32000bps
2026-09-28 07:24:39.185584 0.00% [NOTICE] switch_loadable_module.c:223 Adding Codec DVI4 5 ADPCM (IMA) 8000hz 50ms 1ch 32000bps
2026-09-28 07:24:39.185592 0.00% [NOTICE] switch_loadable_module.c:223 Adding Codec DVI4 5 ADPCM (IMA) 8000hz 60ms 1ch 32000bps
2026-09-28 07:24:39.185600 0.00% [NOTICE] switch_loadable_module.c:223 Adding Codec DVI4 5 ADPCM (IMA) 8000hz 70ms 1ch 32000bps
2026-09-28 07:24:39.185607 0.00% [NOTICE] switch_loadable_module.c:223 Adding Codec DVI4 5 ADPCM (IMA) 8000hz 80ms 1ch 32000bps
2026-09-28 07:24:39.185615 0.00% [NOTICE] switch_loadable_module.c:223 Adding Codec DVI4 5 ADPCM (IMA) 8000hz 90ms 1ch 32000bps
2026-09-28 07:24:39.185621 0.00% [NOTICE] switch_loadable_module.c:223 Adding Codec DVI4 5 ADPCM (IMA) 8000hz 100ms 1ch 32000bps
2026-09-28 07:24:39.185628 0.00% [NOTICE] switch_loadable_module.c:223 Adding Codec DVI4 5 ADPCM (IMA) 8000hz 110ms 1ch 32000bps
2026-09-28 07:24:39.185636 0.00% [NOTICE] switch_loadable_module.c:223 Adding Codec DVI4 5 ADPCM (IMA) 8000hz 120ms 1ch 32000bps
2026-09-28 07:24:39.185668 0.00% [NOTICE] switch_loadable_module.c:223 Adding Codec AAL2-G726-16 124 G.726 16k (AAL2) 8000hz 10ms 1ch 16000bps
2026-09-28 07:24:39.185679 0.00% [NOTICE] switch_loadable_module.c:223 Adding Codec AAL2-G726-16 124 G.726 16k (AAL2) 8000hz 20ms 1ch 16000bps
2026-09-28 07:24:39.185686 0.00% [NOTICE] switch_loadable_module.c:223 Adding Codec AAL2-G726-16 124 G.726 16k (AAL2) 8000hz 30ms 1ch 16000bps
2026-09-28 07:24:39.185694 0.00% [NOTICE] switch_loadable_module.c:223 Adding Codec AAL2-G726-16 124 G.726 16k (AAL2) 8000hz 40ms 1ch 16000bps
2026-09-28 07:24:39.185702 0.00% [NOTICE] switch_loadable_module.c:223 Adding Codec AAL2-G726-16 124 G.726 16k (AAL2) 8000hz 50ms 1ch 16000bps
2026-09-28 07:24:39.185709 0.00% [NOTICE] switch_loadable_module.c:223 Adding Codec AAL2-G726-16 124 G.726 16k (AAL2) 8000hz 60ms 1ch 16000bps
2026-09-28 07:24:39.185717 0.00% [NOTICE] switch_loadable_module.c:223 Adding Codec AAL2-G726-16 124 G.726 16k (AAL2) 8000hz 70ms 1ch 16000bps
2026-09-28 07:24:39.185726 0.00% [NOTICE] switch_loadable_module.c:223 Adding Codec AAL2-G726-16 124 G.726 16k (AAL2) 8000hz 80ms 1ch 16000bps
2026-09-28 07:24:39.185733 0.00% [NOTICE] switch_loadable_module.c:223 Adding Codec AAL2-G726-16 124 G.726 16k (AAL2) 8000hz 90ms 1ch 16000bps
2026-09-28 07:24:39.185741 0.00% [NOTICE] switch_loadable_module.c:223 Adding Codec AAL2-G726-16 124 G.726 16k (AAL2) 8000hz 100ms 1ch 16000bps
2026-09-28 07:24:39.185748 0.00% [NOTICE] switch_loadable_module.c:223 Adding Codec AAL2-G726-16 124 G.726 16k (AAL2) 8000hz 110ms 1ch 16000bps
2026-09-28 07:24:39.185755 0.00% [NOTICE] switch_loadable_module.c:223 Adding Codec AAL2-G726-16 124 G.726 16k (AAL2) 8000hz 120ms 1ch 16000bps
2026-09-28 07:24:39.185784 0.00% [NOTICE] switch_loadable_module.c:223 Adding Codec G726-16 124 G.726 16k 8000hz 10ms 1ch 16000bps
2026-09-28 07:24:39.185794 0.00% [NOTICE] switch_loadable_module.c:223 Adding Codec G726-16 124 G.726 16k 8000hz 20ms 1ch 16000bps
2026-09-28 07:24:39.185802 0.00% [NOTICE] switch_loadable_module.c:223 Adding Codec G726-16 124 G.726 16k 8000hz 30ms 1ch 16000bps
2026-09-28 07:24:39.185810 0.00% [NOTICE] switch_loadable_module.c:223 Adding Codec G726-16 124 G.726 16k 8000hz 40ms 1ch 16000bps
2026-09-28 07:24:39.185817 0.00% [NOTICE] switch_loadable_module.c:223 Adding Codec G726-16 124 G.726 16k 8000hz 50ms 1ch 16000bps
2026-09-28 07:24:39.185824 0.00% [NOTICE] switch_loadable_module.c:223 Adding Codec G726-16 124 G.726 16k 8000hz 60ms 1ch 16000bps
2026-09-28 07:24:39.185831 0.00% [NOTICE] switch_loadable_module.c:223 Adding Codec G726-16 124 G.726 16k 8000hz 70ms 1ch 16000bps
2026-09-28 07:24:39.185838 0.00% [NOTICE] switch_loadable_module.c:223 Adding Codec G726-16 124 G.726 16k 8000hz 80ms 1ch 16000bps
2026-09-28 07:24:39.185949 0.00% [NOTICE] switch_loadable_module.c:223 Adding Codec G726-16 124 G.726 16k 8000hz 90ms 1ch 16000bps
2026-09-28 07:24:39.185964 0.00% [NOTICE] switch_loadable_module.c:223 Adding Codec G726-16 124 G.726 16k 8000hz 100ms 1ch 16000bps
2026-09-28 07:24:39.185976 0.00% [NOTICE] switch_loadable_module.c:223 Adding Codec G726-16 124 G.726 16k 8000hz 110ms 1ch 16000bps
2026-09-28 07:24:39.185985 0.00% [NOTICE] switch_loadable_module.c:223 Adding Codec G726-16 124 G.726 16k 8000hz 120ms 1ch 16000bps
2026-09-28 07:24:39.186017 0.00% [NOTICE] switch_loadable_module.c:223 Adding Codec AAL2-G726-24 123 G.726 24k (AAL2) 8000hz 10ms 1ch 24000bps
2026-09-28 07:24:39.186100 0.00% [NOTICE] switch_loadable_module.c:223 Adding Codec AAL2-G726-24 123 G.726 24k (AAL2) 8000hz 20ms 1ch 24000bps
2026-09-28 07:24:39.186116 0.00% [NOTICE] switch_loadable_module.c:223 Adding Codec AAL2-G726-24 123 G.726 24k (AAL2) 8000hz 30ms 1ch 24000bps
2026-09-28 07:24:39.186129 0.00% [NOTICE] switch_loadable_module.c:223 Adding Codec AAL2-G726-24 123 G.726 24k (AAL2) 8000hz 40ms 1ch 24000bps
2026-09-28 07:24:39.186136 0.00% [NOTICE] switch_loadable_module.c:223 Adding Codec AAL2-G726-24 123 G.726 24k (AAL2) 8000hz 50ms 1ch 24000bps
2026-09-28 07:24:39.186144 0.00% [NOTICE] switch_loadable_module.c:223 Adding Codec AAL2-G726-24 123 G.726 24k (AAL2) 8000hz 60ms 1ch 24000bps
2026-09-28 07:24:39.186160 0.00% [NOTICE] switch_loadable_module.c:223 Adding Codec AAL2-G726-24 123 G.726 24k (AAL2) 8000hz 70ms 1ch 24000bps
2026-09-28 07:24:39.186168 0.00% [NOTICE] switch_loadable_module.c:223 Adding Codec AAL2-G726-24 123 G.726 24k (AAL2) 8000hz 80ms 1ch 24000bps
2026-09-28 07:24:39.186176 0.00% [NOTICE] switch_loadable_module.c:223 Adding Codec AAL2-G726-24 123 G.726 24k (AAL2) 8000hz 90ms 1ch 24000bps
2026-09-28 07:24:39.186184 0.00% [NOTICE] switch_loadable_module.c:223 Adding Codec AAL2-G726-24 123 G.726 24k (AAL2) 8000hz 100ms 1ch 24000bps
2026-09-28 07:24:39.186191 0.00% [NOTICE] switch_loadable_module.c:223 Adding Codec AAL2-G726-24 123 G.726 24k (AAL2) 8000hz 110ms 1ch 24000bps
2026-09-28 07:24:39.186199 0.00% [NOTICE] switch_loadable_module.c:223 Adding Codec AAL2-G726-24 123 G.726 24k (AAL2) 8000hz 120ms 1ch 24000bps
2026-09-28 07:24:39.186256 0.00% [NOTICE] switch_loadable_module.c:223 Adding Codec G726-24 123 G.726 24k 8000hz 10ms 1ch 24000bps
2026-09-28 07:24:39.186268 0.00% [NOTICE] switch_loadable_module.c:223 Adding Codec G726-24 123 G.726 24k 8000hz 20ms 1ch 24000bps
2026-09-28 07:24:39.186276 0.00% [NOTICE] switch_loadable_module.c:223 Adding Codec G726-24 123 G.726 24k 8000hz 30ms 1ch 24000bps
2026-09-28 07:24:39.186283 0.00% [NOTICE] switch_loadable_module.c:223 Adding Codec G726-24 123 G.726 24k 8000hz 40ms 1ch 24000bps
2026-09-28 07:24:39.186291 0.00% [NOTICE] switch_loadable_module.c:223 Adding Codec G726-24 123 G.726 24k 8000hz 50ms 1ch 24000bps
2026-09-28 07:24:39.186299 0.00% [NOTICE] switch_loadable_module.c:223 Adding Codec G726-24 123 G.726 24k 8000hz 60ms 1ch 24000bps
2026-09-28 07:24:39.186306 0.00% [NOTICE] switch_loadable_module.c:223 Adding Codec G726-24 123 G.726 24k 8000hz 70ms 1ch 24000bps
2026-09-28 07:24:39.186314 0.00% [NOTICE] switch_loadable_module.c:223 Adding Codec G726-24 123 G.726 24k 8000hz 80ms 1ch 24000bps
2026-09-28 07:24:39.186321 0.00% [NOTICE] switch_loadable_module.c:223 Adding Codec G726-24 123 G.726 24k 8000hz 90ms 1ch 24000bps
2026-09-28 07:24:39.186330 0.00% [NOTICE] switch_loadable_module.c:223 Adding Codec G726-24 123 G.726 24k 8000hz 100ms 1ch 24000bps
2026-09-28 07:24:39.186340 0.00% [NOTICE] switch_loadable_module.c:223 Adding Codec G726-24 123 G.726 24k 8000hz 110ms 1ch 24000bps
2026-09-28 07:24:39.186350 0.00% [NOTICE] switch_loadable_module.c:223 Adding Codec G726-24 123 G.726 24k 8000hz 120ms 1ch 24000bps
2026-09-28 07:24:39.186403 0.00% [NOTICE] switch_loadable_module.c:223 Adding Codec AAL2-G726-32 122 G.726 32k (AAL2) 8000hz 10ms 1ch 32000bps
2026-09-28 07:24:39.186414 0.00% [NOTICE] switch_loadable_module.c:223 Adding Codec AAL2-G726-32 122 G.726 32k (AAL2) 8000hz 20ms 1ch 32000bps
2026-09-28 07:24:39.186422 0.00% [NOTICE] switch_loadable_module.c:223 Adding Codec AAL2-G726-32 122 G.726 32k (AAL2) 8000hz 30ms 1ch 32000bps
2026-09-28 07:24:39.186430 0.00% [NOTICE] switch_loadable_module.c:223 Adding Codec AAL2-G726-32 122 G.726 32k (AAL2) 8000hz 40ms 1ch 32000bps
2026-09-28 07:24:39.186438 0.00% [NOTICE] switch_loadable_module.c:223 Adding Codec AAL2-G726-32 122 G.726 32k (AAL2) 8000hz 50ms 1ch 32000bps
2026-09-28 07:24:39.186445 0.00% [NOTICE] switch_loadable_module.c:223 Adding Codec AAL2-G726-32 122 G.726 32k (AAL2) 8000hz 60ms 1ch 32000bps
2026-09-28 07:24:39.186453 0.00% [NOTICE] switch_loadable_module.c:223 Adding Codec AAL2-G726-32 122 G.726 32k (AAL2) 8000hz 70ms 1ch 32000bps
2026-09-28 07:24:39.186471 0.00% [NOTICE] switch_loadable_module.c:223 Adding Codec AAL2-G726-32 122 G.726 32k (AAL2) 8000hz 80ms 1ch 32000bps
2026-09-28 07:24:39.186479 0.00% [NOTICE] switch_loadable_module.c:223 Adding Codec AAL2-G726-32 122 G.726 32k (AAL2) 8000hz 90ms 1ch 32000bps
2026-09-28 07:24:39.186486 0.00% [NOTICE] switch_loadable_module.c:223 Adding Codec AAL2-G726-32 122 G.726 32k (AAL2) 8000hz 100ms 1ch 32000bps
2026-09-28 07:24:39.186493 0.00% [NOTICE] switch_loadable_module.c:223 Adding Codec AAL2-G726-32 122 G.726 32k (AAL2) 8000hz 110ms 1ch 32000bps
2026-09-28 07:24:39.186501 0.00% [NOTICE] switch_loadable_module.c:223 Adding Codec AAL2-G726-32 122 G.726 32k (AAL2) 8000hz 120ms 1ch 32000bps
2026-09-28 07:24:39.186559 0.00% [NOTICE] switch_loadable_module.c:223 Adding Codec G726-32 122 G.726 32k 8000hz 10ms 1ch 32000bps
2026-09-28 07:24:39.186570 0.00% [NOTICE] switch_loadable_module.c:223 Adding Codec G726-32 122 G.726 32k 8000hz 20ms 1ch 32000bps
2026-09-28 07:24:39.186578 0.00% [NOTICE] switch_loadable_module.c:223 Adding Codec G726-32 122 G.726 32k 8000hz 30ms 1ch 32000bps
2026-09-28 07:24:39.186585 0.00% [NOTICE] switch_loadable_module.c:223 Adding Codec G726-32 122 G.726 32k 8000hz 40ms 1ch 32000bps
2026-09-28 07:24:39.186593 0.00% [NOTICE] switch_loadable_module.c:223 Adding Codec G726-32 122 G.726 32k 8000hz 50ms 1ch 32000bps
2026-09-28 07:24:39.186603 0.00% [NOTICE] switch_loadable_module.c:223 Adding Codec G726-32 122 G.726 32k 8000hz 60ms 1ch 32000bps
2026-09-28 07:24:39.186614 0.00% [NOTICE] switch_loadable_module.c:223 Adding Codec G726-32 122 G.726 32k 8000hz 70ms 1ch 32000bps
2026-09-28 07:24:39.186622 0.00% [NOTICE] switch_loadable_module.c:223 Adding Codec G726-32 122 G.726 32k 8000hz 80ms 1ch 32000bps
2026-09-28 07:24:39.186629 0.00% [NOTICE] switch_loadable_module.c:223 Adding Codec G726-32 122 G.726 32k 8000hz 90ms 1ch 32000bps
2026-09-28 07:24:39.186637 0.00% [NOTICE] switch_loadable_module.c:223 Adding Codec G726-32 122 G.726 32k 8000hz 100ms 1ch 32000bps
2026-09-28 07:24:39.186644 0.00% [NOTICE] switch_loadable_module.c:223 Adding Codec G726-32 122 G.726 32k 8000hz 110ms 1ch 32000bps
2026-09-28 07:24:39.186652 0.00% [NOTICE] switch_loadable_module.c:223 Adding Codec G726-32 122 G.726 32k 8000hz 120ms 1ch 32000bps
2026-09-28 07:24:39.186718 0.00% [NOTICE] switch_loadable_module.c:223 Adding Codec AAL2-G726-40 121 G.726 40k (AAL2) 8000hz 10ms 1ch 40000bps
2026-09-28 07:24:39.186730 0.00% [NOTICE] switch_loadable_module.c:223 Adding Codec AAL2-G726-40 121 G.726 40k (AAL2) 8000hz 20ms 1ch 40000bps
2026-09-28 07:24:39.186739 0.00% [NOTICE] switch_loadable_module.c:223 Adding Codec AAL2-G726-40 121 G.726 40k (AAL2) 8000hz 30ms 1ch 40000bps
2026-09-28 07:24:39.186747 0.00% [NOTICE] switch_loadable_module.c:223 Adding Codec AAL2-G726-40 121 G.726 40k (AAL2) 8000hz 40ms 1ch 40000bps
2026-09-28 07:24:39.186757 0.00% [NOTICE] switch_loadable_module.c:223 Adding Codec AAL2-G726-40 121 G.726 40k (AAL2) 8000hz 50ms 1ch 40000bps
2026-09-28 07:24:39.186766 0.00% [NOTICE] switch_loadable_module.c:223 Adding Codec AAL2-G726-40 121 G.726 40k (AAL2) 8000hz 60ms 1ch 40000bps
2026-09-28 07:24:39.186778 0.00% [NOTICE] switch_loadable_module.c:223 Adding Codec AAL2-G726-40 121 G.726 40k (AAL2) 8000hz 70ms 1ch 40000bps
2026-09-28 07:24:39.186788 0.00% [NOTICE] switch_loadable_module.c:223 Adding Codec AAL2-G726-40 121 G.726 40k (AAL2) 8000hz 80ms 1ch 40000bps
2026-09-28 07:24:39.186799 0.00% [NOTICE] switch_loadable_module.c:223 Adding Codec AAL2-G726-40 121 G.726 40k (AAL2) 8000hz 90ms 1ch 40000bps
2026-09-28 07:24:39.186809 0.00% [NOTICE] switch_loadable_module.c:223 Adding Codec AAL2-G726-40 121 G.726 40k (AAL2) 8000hz 100ms 1ch 40000bps
2026-09-28 07:24:39.186818 0.00% [NOTICE] switch_loadable_module.c:223 Adding Codec AAL2-G726-40 121 G.726 40k (AAL2) 8000hz 110ms 1ch 40000bps
2026-09-28 07:24:39.186825 0.00% [NOTICE] switch_loadable_module.c:223 Adding Codec AAL2-G726-40 121 G.726 40k (AAL2) 8000hz 120ms 1ch 40000bps
2026-09-28 07:24:39.186924 0.00% [NOTICE] switch_loadable_module.c:223 Adding Codec G726-40 121 G.726 40k 8000hz 10ms 1ch 40000bps
2026-09-28 07:24:39.186963 0.00% [NOTICE] switch_loadable_module.c:223 Adding Codec G726-40 121 G.726 40k 8000hz 20ms 1ch 40000bps
2026-09-28 07:24:39.186987 0.00% [NOTICE] switch_loadable_module.c:223 Adding Codec G726-40 121 G.726 40k 8000hz 30ms 1ch 40000bps
2026-09-28 07:24:39.186995 0.00% [NOTICE] switch_loadable_module.c:223 Adding Codec G726-40 121 G.726 40k 8000hz 40ms 1ch 40000bps
2026-09-28 07:24:39.187004 0.00% [NOTICE] switch_loadable_module.c:223 Adding Codec G726-40 121 G.726 40k 8000hz 50ms 1ch 40000bps
2026-09-28 07:24:39.187011 0.00% [NOTICE] switch_loadable_module.c:223 Adding Codec G726-40 121 G.726 40k 8000hz 60ms 1ch 40000bps
2026-09-28 07:24:39.187019 0.00% [NOTICE] switch_loadable_module.c:223 Adding Codec G726-40 121 G.726 40k 8000hz 70ms 1ch 40000bps
2026-09-28 07:24:39.187026 0.00% [NOTICE] switch_loadable_module.c:223 Adding Codec G726-40 121 G.726 40k 8000hz 80ms 1ch 40000bps
2026-09-28 07:24:39.187033 0.00% [NOTICE] switch_loadable_module.c:223 Adding Codec G726-40 121 G.726 40k 8000hz 90ms 1ch 40000bps
2026-09-28 07:24:39.187041 0.00% [NOTICE] switch_loadable_module.c:223 Adding Codec G726-40 121 G.726 40k 8000hz 100ms 1ch 40000bps
2026-09-28 07:24:39.187051 0.00% [NOTICE] switch_loadable_module.c:223 Adding Codec G726-40 121 G.726 40k 8000hz 110ms 1ch 40000bps
2026-09-28 07:24:39.187060 0.00% [NOTICE] switch_loadable_module.c:223 Adding Codec G726-40 121 G.726 40k 8000hz 120ms 1ch 40000bps
2026-09-28 07:24:39.187119 0.00% [NOTICE] switch_loadable_module.c:223 Adding Codec G722 9 G.722 16000hz 10ms 1ch 64000bps
2026-09-28 07:24:39.187126 0.00% [NOTICE] switch_loadable_module.c:223 Adding Codec G722 9 G.722 16000hz 20ms 1ch 64000bps
2026-09-28 07:24:39.187141 0.00% [NOTICE] switch_loadable_module.c:223 Adding Codec G722 9 G.722 16000hz 30ms 1ch 64000bps
2026-09-28 07:24:39.187146 0.00% [NOTICE] switch_loadable_module.c:223 Adding Codec G722 9 G.722 16000hz 40ms 1ch 64000bps
2026-09-28 07:24:39.187150 0.00% [NOTICE] switch_loadable_module.c:223 Adding Codec G722 9 G.722 16000hz 50ms 1ch 64000bps
2026-09-28 07:24:39.187154 0.00% [NOTICE] switch_loadable_module.c:223 Adding Codec G722 9 G.722 16000hz 60ms 1ch 64000bps
2026-09-28 07:24:39.187176 0.00% [NOTICE] switch_loadable_module.c:223 Adding Codec GSM 3 GSM 8000hz 20ms 1ch 13200bps
2026-09-28 07:24:39.187181 0.00% [NOTICE] switch_loadable_module.c:223 Adding Codec GSM 3 GSM 8000hz 40ms 1ch 13200bps
2026-09-28 07:24:39.187185 0.00% [NOTICE] switch_loadable_module.c:223 Adding Codec GSM 3 GSM 8000hz 60ms 1ch 13200bps
2026-09-28 07:24:39.187189 0.00% [NOTICE] switch_loadable_module.c:223 Adding Codec GSM 3 GSM 8000hz 80ms 1ch 13200bps
2026-09-28 07:24:39.187192 0.00% [NOTICE] switch_loadable_module.c:223 Adding Codec GSM 3 GSM 8000hz 100ms 1ch 13200bps
2026-09-28 07:24:39.187196 0.00% [NOTICE] switch_loadable_module.c:223 Adding Codec GSM 3 GSM 8000hz 120ms 1ch 13200bps
2026-09-28 07:24:39.187208 0.00% [NOTICE] switch_loadable_module.c:223 Adding Codec LPC 7 LPC-10 8000hz 90ms 1ch 2400bps
2026-09-28 07:24:39.187222 0.00% [NOTICE] switch_loadable_module.c:329 Adding Application 't38_gateway'
2026-09-28 07:24:39.187238 0.00% [NOTICE] switch_loadable_module.c:329 Adding Application 'rxfax'
2026-09-28 07:24:39.187252 0.00% [NOTICE] switch_loadable_module.c:329 Adding Application 'txfax'
2026-09-28 07:24:39.187278 0.00% [NOTICE] switch_loadable_module.c:329 Adding Application 'stopfax'
2026-09-28 07:24:39.187295 0.00% [NOTICE] switch_loadable_module.c:329 Adding Application 'spandsp_stop_dtmf'
2026-09-28 07:24:39.187307 0.00% [NOTICE] switch_loadable_module.c:329 Adding Application 'spandsp_start_dtmf'
2026-09-28 07:24:39.187337 0.00% [NOTICE] switch_loadable_module.c:329 Adding Application 'spandsp_stop_inject_tdd'
2026-09-28 07:24:39.187350 0.00% [NOTICE] switch_loadable_module.c:329 Adding Application 'spandsp_inject_tdd'
2026-09-28 07:24:39.187363 0.00% [NOTICE] switch_loadable_module.c:329 Adding Application 'spandsp_stop_detect_tdd'
2026-09-28 07:24:39.187377 0.00% [NOTICE] switch_loadable_module.c:329 Adding Application 'spandsp_detect_tdd'
2026-09-28 07:24:39.187390 0.00% [NOTICE] switch_loadable_module.c:329 Adding Application 'spandsp_send_tdd'
2026-09-28 07:24:39.187402 0.00% [NOTICE] switch_loadable_module.c:329 Adding Application 'spandsp_start_fax_detect'
2026-09-28 07:24:39.187413 0.00% [NOTICE] switch_loadable_module.c:329 Adding Application 'spandsp_stop_fax_detect'
2026-09-28 07:24:39.187426 0.00% [NOTICE] switch_loadable_module.c:329 Adding Application 'spandsp_start_tone_detect'
2026-09-28 07:24:39.187459 0.00% [NOTICE] switch_loadable_module.c:329 Adding Application 'spandsp_stop_tone_detect'
2026-09-28 07:24:39.187483 0.00% [NOTICE] switch_loadable_module.c:389 Adding API Function 'spandsp_start_tone_detect'
2026-09-28 07:24:39.187588 0.00% [NOTICE] switch_loadable_module.c:389 Adding API Function 'spandsp_stop_tone_detect'
2026-09-28 07:24:39.187616 0.00% [NOTICE] switch_loadable_module.c:389 Adding API Function 'start_tdd_detect'
2026-09-28 07:24:39.187629 0.00% [NOTICE] switch_loadable_module.c:389 Adding API Function 'stop_tdd_detect'
2026-09-28 07:24:39.187665 0.00% [NOTICE] switch_loadable_module.c:389 Adding API Function 'uuid_send_tdd'
2026-09-28 07:24:39.188209 0.00% [CONSOLE] switch_loadable_module.c:1772 Successfully Loaded [mod_g723_1]
2026-09-28 07:24:39.188238 0.00% [NOTICE] switch_loadable_module.c:223 Adding Codec G723 4 G.723.1 6.3k 8000hz 120ms 1ch 6300bps
2026-09-28 07:24:39.188250 0.00% [NOTICE] switch_loadable_module.c:223 Adding Codec G723 4 G.723.1 6.3k 8000hz 90ms 1ch 6300bps
2026-09-28 07:24:39.188260 0.00% [NOTICE] switch_loadable_module.c:223 Adding Codec G723 4 G.723.1 6.3k 8000hz 60ms 1ch 6300bps
2026-09-28 07:24:39.188268 0.00% [NOTICE] switch_loadable_module.c:223 Adding Codec G723 4 G.723.1 6.3k 8000hz 30ms 1ch 6300bps
2026-09-28 07:24:39.189363 0.00% [CONSOLE] switch_loadable_module.c:1772 Successfully Loaded [mod_g729]
2026-09-28 07:24:39.189390 0.00% [NOTICE] switch_loadable_module.c:223 Adding Codec G729 18 G.729 8000hz 10ms 1ch 8000bps
2026-09-28 07:24:39.189400 0.00% [NOTICE] switch_loadable_module.c:223 Adding Codec G729 18 G.729 8000hz 20ms 1ch 8000bps
2026-09-28 07:24:39.189426 0.00% [NOTICE] switch_loadable_module.c:223 Adding Codec G729 18 G.729 8000hz 30ms 1ch 8000bps
2026-09-28 07:24:39.189431 0.00% [NOTICE] switch_loadable_module.c:223 Adding Codec G729 18 G.729 8000hz 40ms 1ch 8000bps
2026-09-28 07:24:39.189435 0.00% [NOTICE] switch_loadable_module.c:223 Adding Codec G729 18 G.729 8000hz 50ms 1ch 8000bps
2026-09-28 07:24:39.189452 0.00% [NOTICE] switch_loadable_module.c:223 Adding Codec G729 18 G.729 8000hz 60ms 1ch 8000bps
2026-09-28 07:24:39.189456 0.00% [NOTICE] switch_loadable_module.c:223 Adding Codec G729 18 G.729 8000hz 70ms 1ch 8000bps
2026-09-28 07:24:39.189459 0.00% [NOTICE] switch_loadable_module.c:223 Adding Codec G729 18 G.729 8000hz 80ms 1ch 8000bps
2026-09-28 07:24:39.189463 0.00% [NOTICE] switch_loadable_module.c:223 Adding Codec G729 18 G.729 8000hz 90ms 1ch 8000bps
2026-09-28 07:24:39.189466 0.00% [NOTICE] switch_loadable_module.c:223 Adding Codec G729 18 G.729 8000hz 100ms 1ch 8000bps
2026-09-28 07:24:39.189470 0.00% [NOTICE] switch_loadable_module.c:223 Adding Codec G729 18 G.729 8000hz 110ms 1ch 8000bps
2026-09-28 07:24:39.189474 0.00% [NOTICE] switch_loadable_module.c:223 Adding Codec G729 18 G.729 8000hz 120ms 1ch 8000bps
2026-09-28 07:24:39.191061 0.00% [CONSOLE] switch_loadable_module.c:1772 Successfully Loaded [mod_amr]
2026-09-28 07:24:39.191089 0.00% [NOTICE] switch_loadable_module.c:223 Adding Codec AMR 96 AMR / Octet Aligned 8000hz 20ms 1ch 12200bps
2026-09-28 07:24:39.191156 0.00% [NOTICE] switch_loadable_module.c:223 Adding Codec AMR 97 AMR / Bandwidth Efficient 8000hz 20ms 1ch 12200bps
2026-09-28 07:24:39.191643 0.00% [CONSOLE] switch_loadable_module.c:1772 Successfully Loaded [mod_b64]
2026-09-28 07:24:39.191665 0.00% [NOTICE] switch_loadable_module.c:223 Adding Codec b64 116 B64 (STANDARD) 32000hz 20ms 1ch 684800bps
2026-09-28 07:24:39.191672 0.00% [NOTICE] switch_loadable_module.c:223 Adding Codec b64 116 B64 (STANDARD) 16000hz 20ms 1ch 342400bps
2026-09-28 07:24:39.191676 0.00% [NOTICE] switch_loadable_module.c:223 Adding Codec b64 116 B64 (STANDARD) 8000hz 20ms 1ch 171200bps
2026-09-28 07:24:39.197202 0.00% [CONSOLE] switch_loadable_module.c:1772 Successfully Loaded [mod_opus]
2026-09-28 07:24:39.197237 0.00% [NOTICE] switch_loadable_module.c:229 Adding Codec opus 116 OPUS (STANDARD) 8000hz 40ms 2ch (VBR)
2026-09-28 07:24:39.197248 0.00% [NOTICE] switch_loadable_module.c:229 Adding Codec opus 116 OPUS (STANDARD) 8000hz 40ms 1ch (VBR)
2026-09-28 07:24:39.197252 0.00% [NOTICE] switch_loadable_module.c:229 Adding Codec opus 116 OPUS (STANDARD) 8000hz 120ms 1ch (VBR)
2026-09-28 07:24:39.197256 0.00% [NOTICE] switch_loadable_module.c:229 Adding Codec opus 116 OPUS (STANDARD) 8000hz 100ms 1ch (VBR)
2026-09-28 07:24:39.197260 0.00% [NOTICE] switch_loadable_module.c:229 Adding Codec opus 116 OPUS (STANDARD) 8000hz 80ms 1ch (VBR)
2026-09-28 07:24:39.197263 0.00% [NOTICE] switch_loadable_module.c:229 Adding Codec opus 116 OPUS (STANDARD) 8000hz 60ms 1ch (VBR)
2026-09-28 07:24:39.197268 0.00% [NOTICE] switch_loadable_module.c:229 Adding Codec opus 116 OPUS (STANDARD) 8000hz 20ms 2ch (VBR)
2026-09-28 07:24:39.197271 0.00% [NOTICE] switch_loadable_module.c:229 Adding Codec opus 116 OPUS (STANDARD) 8000hz 20ms 1ch (VBR)
2026-09-28 07:24:39.197276 0.00% [NOTICE] switch_loadable_module.c:229 Adding Codec opus 116 OPUS (STANDARD) 8000hz 10ms 2ch (VBR)
2026-09-28 07:24:39.197279 0.00% [NOTICE] switch_loadable_module.c:229 Adding Codec opus 116 OPUS (STANDARD) 8000hz 10ms 1ch (VBR)
2026-09-28 07:24:39.197283 0.00% [NOTICE] switch_loadable_module.c:229 Adding Codec opus 116 OPUS (STANDARD) 16000hz 40ms 2ch (VBR)
2026-09-28 07:24:39.197286 0.00% [NOTICE] switch_loadable_module.c:229 Adding Codec opus 116 OPUS (STANDARD) 16000hz 40ms 1ch (VBR)
2026-09-28 07:24:39.197290 0.00% [NOTICE] switch_loadable_module.c:229 Adding Codec opus 116 OPUS (STANDARD) 16000hz 60ms 1ch (VBR)
2026-09-28 07:24:39.197294 0.00% [NOTICE] switch_loadable_module.c:229 Adding Codec opus 116 OPUS (STANDARD) 16000hz 20ms 2ch (VBR)
2026-09-28 07:24:39.197298 0.00% [NOTICE] switch_loadable_module.c:229 Adding Codec opus 116 OPUS (STANDARD) 16000hz 20ms 1ch (VBR)
2026-09-28 07:24:39.197302 0.00% [NOTICE] switch_loadable_module.c:229 Adding Codec opus 116 OPUS (STANDARD) 16000hz 10ms 2ch (VBR)
2026-09-28 07:24:39.197305 0.00% [NOTICE] switch_loadable_module.c:229 Adding Codec opus 116 OPUS (STANDARD) 16000hz 10ms 1ch (VBR)
2026-09-28 07:24:39.197308 0.00% [NOTICE] switch_loadable_module.c:229 Adding Codec opus 116 OPUS (STANDARD) 48000hz 40ms 2ch (VBR)
2026-09-28 07:24:39.197311 0.00% [NOTICE] switch_loadable_module.c:229 Adding Codec opus 116 OPUS (STANDARD) 48000hz 40ms 1ch (VBR)
2026-09-28 07:24:39.197315 0.00% [NOTICE] switch_loadable_module.c:229 Adding Codec opus 116 OPUS (STANDARD) 48000hz 20ms 2ch (VBR)
2026-09-28 07:24:39.197318 0.00% [NOTICE] switch_loadable_module.c:229 Adding Codec opus 116 OPUS (STANDARD) 48000hz 20ms 1ch (VBR)
2026-09-28 07:24:39.197321 0.00% [NOTICE] switch_loadable_module.c:229 Adding Codec opus 116 OPUS (STANDARD) 48000hz 10ms 2ch (VBR)
2026-09-28 07:24:39.197325 0.00% [NOTICE] switch_loadable_module.c:229 Adding Codec opus 116 OPUS (STANDARD) 48000hz 10ms 1ch (VBR)
2026-09-28 07:24:39.197391 0.00% [NOTICE] switch_loadable_module.c:389 Adding API Function 'opus_debug'
2026-09-28 07:24:39.199063 0.00% [CRIT] switch_loadable_module.c:1754 Error Loading module /usr/lib/freeswitch/mod/mod_av.so
**Error loading shared library libavformat.so.62: No such file or directory (needed by /usr/lib/freeswitch/mod/mod_av.so)**
2026-09-28 07:24:39.251400 0.00% [INFO] mod_sndfile.c:498 
LibSndFile Version : libsndfile-1.2.2 Supported Formats
================================================================================
AIFF (Apple/SGI)  (extension "aiff")
AU (Sun/NeXT)  (extension "au")
AVR (Audio Visual Research)  (extension "avr")
CAF (Apple Core Audio File)  (extension "caf")
FLAC (Free Lossless Audio Codec)  (extension "flac")
HTK (HMM Tool Kit)  (extension "htk")
IFF (Amiga IFF/SVX8/SV16)  (extension "iff")
MAT4 (GNU Octave 2.0 / Matlab 4.2)  (extension "mat")
MAT5 (GNU Octave 2.1 / Matlab 5.0)  (extension "mat")
MPC (Akai MPC 2k)  (extension "mpc")
MPEG-1/2 Audio  (extension "m1a")
OGG (OGG Container format)  (extension "oga")
OGG (OGG Container format)  (extension "ogg")
PAF (Ensoniq PARIS)  (extension "paf")
PVF (Portable Voice Format)  (extension "pvf")
RAW (header-less)  (extension "raw")
RF64 (RIFF 64)  (extension "rf64")
SD2 (Sound Designer II)  (extension "sd2")
SDS (Midi Sample Dump Standard)  (extension "sds")
SF (Berkeley/IRCAM/CARL)  (extension "sf")
VOC (Creative Labs)  (extension "voc")
W64 (SoundFoundry WAVE 64)  (extension "w64")
WAV (Microsoft)  (extension "wav")
WAV (NIST Sphere)  (extension "wav")
WAVEX (Microsoft)  (extension "wav")
WVE (Psion Series 3)  (extension "wve")
XI (FastTracker 2)  (extension "xi")
================================================================================
2026-09-28 07:24:39.251972 0.00% [CONSOLE] switch_loadable_module.c:1772 Successfully Loaded [mod_sndfile]
2026-09-28 07:24:39.252013 0.00% [NOTICE] switch_loadable_module.c:389 Adding API Function 'sndfile_debug'
2026-09-28 07:24:39.252107 0.00% [NOTICE] switch_loadable_module.c:455 Adding File Format 'aiff'
2026-09-28 07:24:39.252128 0.00% [NOTICE] switch_loadable_module.c:455 Adding File Format 'au'
2026-09-28 07:24:39.252144 0.00% [NOTICE] switch_loadable_module.c:455 Adding File Format 'avr'
2026-09-28 07:24:39.252156 0.00% [NOTICE] switch_loadable_module.c:455 Adding File Format 'caf'
2026-09-28 07:24:39.252172 0.00% [NOTICE] switch_loadable_module.c:455 Adding File Format 'flac'
2026-09-28 07:24:39.252184 0.00% [NOTICE] switch_loadable_module.c:455 Adding File Format 'htk'
2026-09-28 07:24:39.252199 0.00% [NOTICE] switch_loadable_module.c:455 Adding File Format 'iff'
2026-09-28 07:24:39.252218 0.00% [NOTICE] switch_loadable_module.c:455 Adding File Format 'mat'
2026-09-28 07:24:39.252263 0.00% [NOTICE] switch_loadable_module.c:455 Adding File Format 'mpc'
2026-09-28 07:24:39.252355 0.00% [NOTICE] switch_loadable_module.c:455 Adding File Format 'm1a'
2026-09-28 07:24:39.252377 0.00% [NOTICE] switch_loadable_module.c:455 Adding File Format 'oga'
2026-09-28 07:24:39.252395 0.00% [NOTICE] switch_loadable_module.c:455 Adding File Format 'paf'
2026-09-28 07:24:39.252420 0.00% [NOTICE] switch_loadable_module.c:455 Adding File Format 'pvf'
2026-09-28 07:24:39.252438 0.00% [NOTICE] switch_loadable_module.c:455 Adding File Format 'raw'
2026-09-28 07:24:39.252456 0.00% [NOTICE] switch_loadable_module.c:455 Adding File Format 'rf64'
2026-09-28 07:24:39.252476 0.00% [NOTICE] switch_loadable_module.c:455 Adding File Format 'sd2'
2026-09-28 07:24:39.252494 0.00% [NOTICE] switch_loadable_module.c:455 Adding File Format 'sds'
2026-09-28 07:24:39.252513 0.00% [NOTICE] switch_loadable_module.c:455 Adding File Format 'sf'
2026-09-28 07:24:39.252543 0.00% [NOTICE] switch_loadable_module.c:455 Adding File Format 'voc'
2026-09-28 07:24:39.252566 0.00% [NOTICE] switch_loadable_module.c:455 Adding File Format 'w64'
2026-09-28 07:24:39.252597 0.00% [NOTICE] switch_loadable_module.c:455 Adding File Format 'wav'
2026-09-28 07:24:39.252617 0.00% [NOTICE] switch_loadable_module.c:455 Adding File Format 'wve'
2026-09-28 07:24:39.252639 0.00% [NOTICE] switch_loadable_module.c:455 Adding File Format 'xi'
2026-09-28 07:24:39.252668 0.00% [NOTICE] switch_loadable_module.c:455 Adding File Format 'r8'
2026-09-28 07:24:39.252687 0.00% [NOTICE] switch_loadable_module.c:455 Adding File Format 'r16'
2026-09-28 07:24:39.252714 0.00% [NOTICE] switch_loadable_module.c:455 Adding File Format 'r24'
2026-09-28 07:24:39.252735 0.00% [NOTICE] switch_loadable_module.c:455 Adding File Format 'r32'
2026-09-28 07:24:39.252776 0.00% [NOTICE] switch_loadable_module.c:455 Adding File Format 'gsm'
2026-09-28 07:24:39.252845 0.00% [NOTICE] switch_loadable_module.c:455 Adding File Format 'ul'
2026-09-28 07:24:39.252875 0.00% [NOTICE] switch_loadable_module.c:455 Adding File Format 'ulaw'
2026-09-28 07:24:39.252933 0.00% [NOTICE] switch_loadable_module.c:455 Adding File Format 'al'
2026-09-28 07:24:39.253161 0.00% [NOTICE] switch_loadable_module.c:455 Adding File Format 'alaw'
2026-09-28 07:24:39.253240 0.00% [NOTICE] switch_loadable_module.c:455 Adding File Format 'adpcm'
2026-09-28 07:24:39.253308 0.00% [NOTICE] switch_loadable_module.c:455 Adding File Format 'vox'
2026-09-28 07:24:39.253333 0.00% [NOTICE] switch_loadable_module.c:455 Adding File Format 'oga'
2026-09-28 07:24:39.253359 0.00% [NOTICE] switch_loadable_module.c:455 Adding File Format 'ogg'
2026-09-28 07:24:39.255125 0.00% [CONSOLE] switch_loadable_module.c:1772 Successfully Loaded [mod_native_file]
2026-09-28 07:24:39.255178 0.00% [NOTICE] switch_loadable_module.c:455 Adding File Format 'AAL2-G726-32'
2026-09-28 07:24:39.255247 0.00% [NOTICE] switch_loadable_module.c:455 Adding File Format 'DVI4'
2026-09-28 07:24:39.255272 0.00% [NOTICE] switch_loadable_module.c:455 Adding File Format 'PCMU'
2026-09-28 07:24:39.255293 0.00% [NOTICE] switch_loadable_module.c:455 Adding File Format 'G722'
2026-09-28 07:24:39.255312 0.00% [NOTICE] switch_loadable_module.c:455 Adding File Format 'AAL2-G726-24'
2026-09-28 07:24:39.255337 0.00% [NOTICE] switch_loadable_module.c:455 Adding File Format 'AAL2-G726-40'
2026-09-28 07:24:39.255425 0.00% [NOTICE] switch_loadable_module.c:455 Adding File Format 'L16'
2026-09-28 07:24:39.255448 0.00% [NOTICE] switch_loadable_module.c:455 Adding File Format 'G726-16'
2026-09-28 07:24:39.255465 0.00% [NOTICE] switch_loadable_module.c:455 Adding File Format 'PCMA'
2026-09-28 07:24:39.255485 0.00% [NOTICE] switch_loadable_module.c:455 Adding File Format 'G726-24'
2026-09-28 07:24:39.255505 0.00% [NOTICE] switch_loadable_module.c:455 Adding File Format 'G729'
2026-09-28 07:24:39.255524 0.00% [NOTICE] switch_loadable_module.c:455 Adding File Format 'AAL2-G726-16'
2026-09-28 07:24:39.255545 0.00% [NOTICE] switch_loadable_module.c:455 Adding File Format 'G726-32'
2026-09-28 07:24:39.255565 0.00% [NOTICE] switch_loadable_module.c:455 Adding File Format 'GSM'
2026-09-28 07:24:39.255584 0.00% [NOTICE] switch_loadable_module.c:455 Adding File Format 'G726-40'
2026-09-28 07:24:39.255606 0.00% [NOTICE] switch_loadable_module.c:455 Adding File Format 'G723'
2026-09-28 07:24:39.255626 0.00% [NOTICE] switch_loadable_module.c:455 Adding File Format 'LPC'
2026-09-28 07:24:39.256827 0.00% [CONSOLE] switch_loadable_module.c:1772 Successfully Loaded [mod_png]
2026-09-28 07:24:39.256866 0.00% [NOTICE] switch_loadable_module.c:389 Adding API Function 'uuid_write_png'
2026-09-28 07:24:39.256949 0.00% [NOTICE] switch_loadable_module.c:455 Adding File Format 'png'
2026-09-28 07:24:39.260710 0.00% [CONSOLE] switch_loadable_module.c:1772 Successfully Loaded [mod_local_stream]
2026-09-28 07:24:39.260743 0.00% [NOTICE] switch_loadable_module.c:389 Adding API Function 'local_stream'
2026-09-28 07:24:39.260810 0.00% [NOTICE] switch_loadable_module.c:455 Adding File Format 'local_stream'
2026-09-28 07:24:39.262693 0.00% [CONSOLE] switch_loadable_module.c:1772 Successfully Loaded [mod_tone_stream]
2026-09-28 07:24:39.262731 0.00% [NOTICE] switch_loadable_module.c:455 Adding File Format 'tone_stream'
2026-09-28 07:24:39.262810 0.00% [NOTICE] switch_loadable_module.c:455 Adding File Format 'silence_stream'
2026-09-28 07:24:39.270524 0.00% [DEBUG] switch_loadable_module.c:1706 Loading module with global namespace at request of module
2026-09-28 07:24:39.271652 0.00% [CONSOLE] switch_loadable_module.c:1772 Successfully Loaded [mod_lua]
2026-09-28 07:24:39.271715 0.00% [NOTICE] switch_loadable_module.c:273 Adding Dialplan 'LUA'
2026-09-28 07:24:39.271838 0.00% [NOTICE] switch_loadable_module.c:329 Adding Application 'lua'
2026-09-28 07:24:39.271876 0.00% [NOTICE] switch_loadable_module.c:359 Adding Chat Application 'lua'
2026-09-28 07:24:39.271909 0.00% [NOTICE] switch_loadable_module.c:389 Adding API Function 'luarun'
2026-09-28 07:24:39.271934 0.00% [NOTICE] switch_loadable_module.c:389 Adding API Function 'lua'
2026-09-28 07:24:39.273289 0.00% [CONSOLE] switch_loadable_module.c:1772 Successfully Loaded [mod_say_en]
2026-09-28 07:24:39.273329 0.00% [NOTICE] switch_loadable_module.c:651 Adding Say interface 'en'
2026-09-28 07:24:39.273448 0.00% [CONSOLE] switch_loadable_module.c:149 Starting runtime thread for mod_verto
2026-09-28 07:24:39.273834 0.00% [CONSOLE] switch_loadable_module.c:149 Starting runtime thread for mod_event_socket
2026-09-28 07:24:39.274064 0.00% [CONSOLE] switch_loadable_module.c:149 Starting runtime thread for CORE_SOFTTIMER_MODULE
2026-09-28 07:24:39.274730 100.00% [DEBUG] mod_event_socket.c:2979 Socket up listening on 0.0.0.0:8021
2026-09-28 07:24:39.274816 100.00% [DEBUG] switch_loadable_module.c:910 Chat Thread Started
2026-09-28 07:24:39.275030 100.00% [DEBUG] switch_loadable_module.c:910 Chat Thread Started
2026-09-28 07:24:39.275067 100.00% [INFO] switch_time.c:627 Clock synchronized to system time.
2026-09-28 07:24:39.275342 100.00% [NOTICE] switch_core.c:1482 Created ip list rfc6598.auto default (deny)
2026-09-28 07:24:39.275355 100.00% [NOTICE] switch_utils.c:665 Adding 100.64.0.0/10 (allow) [] to list rfc6598.auto
2026-09-28 07:24:39.275363 100.00% [NOTICE] switch_core.c:1488 Created ip list rfc1918.auto default (deny)
2026-09-28 07:24:39.275369 100.00% [NOTICE] switch_utils.c:665 Adding 10.0.0.0/8 (allow) [] to list rfc1918.auto
2026-09-28 07:24:39.275374 100.00% [NOTICE] switch_utils.c:665 Adding 172.16.0.0/12 (allow) [] to list rfc1918.auto
2026-09-28 07:24:39.275378 100.00% [NOTICE] switch_utils.c:665 Adding 192.168.0.0/16 (allow) [] to list rfc1918.auto
2026-09-28 07:24:39.275382 100.00% [NOTICE] switch_utils.c:665 Adding fe80::/10 (allow) [] to list rfc1918.auto
2026-09-28 07:24:39.275386 100.00% [NOTICE] switch_core.c:1497 Created ip list wan.auto default (allow)
2026-09-28 07:24:39.275389 100.00% [NOTICE] switch_utils.c:665 Adding 0.0.0.0/8 (deny) [] to list wan.auto
2026-09-28 07:24:39.275393 100.00% [NOTICE] switch_utils.c:665 Adding 10.0.0.0/8 (deny) [] to list wan.auto
2026-09-28 07:24:39.275397 100.00% [NOTICE] switch_utils.c:665 Adding 172.16.0.0/12 (deny) [] to list wan.auto
2026-09-28 07:24:39.275400 100.00% [NOTICE] switch_utils.c:665 Adding 192.168.0.0/16 (deny) [] to list wan.auto
2026-09-28 07:24:39.275404 100.00% [NOTICE] switch_utils.c:665 Adding 169.254.0.0/16 (deny) [] to list wan.auto
2026-09-28 07:24:39.275407 100.00% [NOTICE] switch_utils.c:665 Adding 100.64.0.0/10 (deny) [] to list wan.auto
2026-09-28 07:24:39.275417 100.00% [NOTICE] switch_utils.c:665 Adding fe80::/10 (deny) [] to list wan.auto
2026-09-28 07:24:39.275421 100.00% [NOTICE] switch_core.c:1509 Created ip list wan_v6.auto default (allow)
2026-09-28 07:24:39.275424 100.00% [NOTICE] switch_utils.c:665 Adding 0.0.0.0/0 (deny) [] to list wan_v6.auto
2026-09-28 07:24:39.275428 100.00% [NOTICE] switch_utils.c:665 Adding fe80::/10 (deny) [] to list wan_v6.auto
2026-09-28 07:24:39.275431 100.00% [NOTICE] switch_core.c:1517 Created ip list wan_v4.auto default (allow)
2026-09-28 07:24:39.275434 100.00% [NOTICE] switch_utils.c:665 Adding 0.0.0.0/8 (deny) [] to list wan_v4.auto
2026-09-28 07:24:39.275438 100.00% [NOTICE] switch_utils.c:665 Adding 10.0.0.0/8 (deny) [] to list wan_v4.auto
2026-09-28 07:24:39.275442 100.00% [NOTICE] switch_utils.c:665 Adding 172.16.0.0/12 (deny) [] to list wan_v4.auto
2026-09-28 07:24:39.275446 100.00% [NOTICE] switch_utils.c:665 Adding 192.168.0.0/16 (deny) [] to list wan_v4.auto
2026-09-28 07:24:39.275449 100.00% [NOTICE] switch_utils.c:665 Adding 169.254.0.0/16 (deny) [] to list wan_v4.auto
2026-09-28 07:24:39.275453 100.00% [NOTICE] switch_utils.c:665 Adding 100.64.0.0/10 (deny) [] to list wan_v4.auto
2026-09-28 07:24:39.275456 100.00% [NOTICE] switch_utils.c:665 Adding ::/0 (deny) [] to list wan_v4.auto
2026-09-28 07:24:39.275460 100.00% [NOTICE] switch_core.c:1530 Created ip list any_v6.auto default (allow)
2026-09-28 07:24:39.275463 100.00% [NOTICE] switch_utils.c:665 Adding 0.0.0.0/0 (deny) [] to list any_v6.auto
2026-09-28 07:24:39.275467 100.00% [NOTICE] switch_core.c:1537 Created ip list any_v4.auto default (allow)
2026-09-28 07:24:39.275470 100.00% [NOTICE] switch_utils.c:665 Adding ::/0 (deny) [] to list any_v4.auto
2026-09-28 07:24:39.275473 100.00% [NOTICE] switch_core.c:1544 Created ip list nat.auto default (deny)
2026-09-28 07:24:39.275477 100.00% [NOTICE] switch_core.c:1546 Adding 172.25.0.4/255.255.0.0 (deny) to list nat.auto
2026-09-28 07:24:39.275481 100.00% [NOTICE] switch_utils.c:665 Adding 10.0.0.0/8 (allow) [] to list nat.auto
2026-09-28 07:24:39.275484 100.00% [NOTICE] switch_utils.c:665 Adding 172.16.0.0/12 (allow) [] to list nat.auto
2026-09-28 07:24:39.275488 100.00% [NOTICE] switch_utils.c:665 Adding 192.168.0.0/16 (allow) [] to list nat.auto
2026-09-28 07:24:39.275492 100.00% [NOTICE] switch_utils.c:665 Adding 100.64.0.0/10 (allow) [] to list nat.auto
2026-09-28 07:24:39.275530 100.00% [NOTICE] switch_core.c:1556 Created ip list loopback.auto default (deny)
2026-09-28 07:24:39.275535 100.00% [NOTICE] switch_utils.c:665 Adding 127.0.0.0/8 (allow) [] to list loopback.auto
2026-09-28 07:24:39.275556 100.00% [NOTICE] switch_utils.c:665 Adding ::1/128 (allow) [] to list loopback.auto
2026-09-28 07:24:39.275561 100.00% [NOTICE] switch_core.c:1563 Created ip list localnet.auto default (deny)
2026-09-28 07:24:39.275564 100.00% [NOTICE] switch_core.c:1566 Adding 172.25.0.4/255.255.0.0 (allow) to list localnet.auto
2026-09-28 07:24:39.275572 100.00% [CONSOLE] switch_core.c:1593 Created ip list obd-dev-acl default (deny)
2026-09-28 07:24:39.275577 100.00% [NOTICE] switch_utils.c:665 Adding 127.0.0.1/32 (allow) [] to list obd-dev-acl
2026-09-28 07:24:39.275582 100.00% [NOTICE] switch_utils.c:665 Adding ::1/128 (allow) [] to list obd-dev-acl
2026-09-28 07:24:39.275587 100.00% [NOTICE] switch_utils.c:665 Adding 10.0.0.0/8 (allow) [] to list obd-dev-acl
2026-09-28 07:24:39.275591 100.00% [NOTICE] switch_utils.c:665 Adding 172.16.0.0/12 (allow) [] to list obd-dev-acl
2026-09-28 07:24:39.275595 100.00% [NOTICE] switch_utils.c:665 Adding 192.168.0.0/16 (allow) [] to list obd-dev-acl
2026-09-28 07:24:39.275599 100.00% [CONSOLE] switch_core.c:1593 Created ip list domains default (deny)
2026-09-28 07:24:39.275635 100.00% [NOTICE] switch_utils.c:665 Adding 192.0.2.0/24 (allow) [brian@172.25.0.4] to list domains
2026-09-28 07:24:39.275874 100.00% [CONSOLE] switch_core.c:2497 [m[33m[44m
.=============================================================.
|   _____              ______        _____ _____ ____ _   _   |
|  |  ___| __ ___  ___/ ___\ \      / /_ _|_   _/ ___| | | |  |
|  | |_ | '__/ _ \/ _ \___ \\ \ /\ / / | |  | || |   | |_| |  |
|  |  _|| | |  __/  __/___) |\ V  V /  | |  | || |___|  _  |  |
|  |_|  |_|  \___|\___|____/  \_/\_/  |___| |_| \____|_| |_|  |
|                                                             |
.=============================================================.
|   Anthony Minessale II, Michael Jerris, Brian West, Others  |
|   FreeSWITCH (http://www.freeswitch.org)                    |
|   Paypal Donations Appreciated: paypal@freeswitch.org       |
|   Brought to you by ClueCon http://www.cluecon.com/         |
.=============================================================.

.===============================================================.
|       _                                                       |
|   ___| |_   _  ___  ___ ___  _ __         ___ ___  _ __ ___   |
|  / __| | | | |/ _ \/ __/ _ \| '_ \       / __/ _ \| '_ ` _ \  |
| | (__| | |_| |  __/ (_| (_) | | | |  _  | (_| (_) | | | | | | |
|  \___|_|\__,_|\___|\___\___/|_| |_| (_)  \___\___/|_| |_| |_| |
|                                                               |
.===============================================================.
[m

2026-09-28 07:24:39.275892 100.00% [INFO] switch_core.c:2506 
FreeSWITCH Version 1.11.1-release~64bit ( 64bit)

FreeSWITCH Started
Max Sessions [1000]
Session Rate [30]
SQL [Enabled]
2026-09-28 07:24:39.275901 100.00% [CONSOLE] switch_core.c:2514 
[This app Best viewed at 160x60 or more..]
2026-09-28 07:25:10.194744 88.57% [NOTICE] sofia_reg.c:463 Registering platform-switch
2026-09-28 07:25:10.194744 88.57% [ERR] sofia_reg.c:2661 platform-switch Failed Registration with status Service Unavailable [503]. failure #2
2026-09-28 07:25:11.200238 88.57% [WARNING] sofia_reg.c:520 platform-switch Failed Registration [503], setting retry to 30 seconds.
2026-09-28 07:25:42.274760 91.43% [NOTICE] sofia_reg.c:463 Registering platform-switch
2026-09-28 07:25:42.274760 91.43% [ERR] sofia_reg.c:2661 platform-switch Failed Registration with status Service Unavailable [503]. failure #3
2026-09-28 07:25:43.274646 91.13% [WARNING] sofia_reg.c:520 platform-switch Failed Registration [503], setting retry to 30 seconds.
2026-09-28 07:26:14.354735 89.47% [NOTICE] sofia_reg.c:463 Registering platform-switch
2026-09-28 07:26:14.374704 89.47% [ERR] sofia_reg.c:2661 platform-switch Failed Registration with status Service Unavailable [503]. failure #4
2026-09-28 07:26:15.374690 89.53% [WARNING] sofia_reg.c:520 platform-switch Failed Registration [503], setting retry to 30 seconds.
2026-09-28 07:26:46.474700 87.17% [NOTICE] sofia_reg.c:463 Registering platform-switch
2026-09-28 07:26:46.474700 87.17% [ERR] sofia_reg.c:2661 platform-switch Failed Registration with status Service Unavailable [503]. failure #5
2026-09-28 07:26:47.474687 87.17% [WARNING] sofia_reg.c:520 platform-switch Failed Registration [503], setting retry to 30 seconds.
2026-09-28 07:27:18.434640 84.13% [NOTICE] sofia_reg.c:463 Registering platform-switch
2026-09-28 07:27:18.434640 84.13% [ERR] sofia_reg.c:2661 platform-switch Failed Registration with status Service Unavailable [503]. failure #6
2026-09-28 07:27:19.614678 83.70% [WARNING] sofia_reg.c:520 platform-switch Failed Registration [503], setting retry to 30 seconds.
2026-09-28 07:27:50.714717 84.53% [NOTICE] sofia_reg.c:463 Registering platform-switch
2026-09-28 07:31:06.574655 89.13% [WARNING] switch_core_db.c:92 SQLite is BUSY, sane=299 [BEGIN EXCLUSIVE]
2026-09-28 07:31:06.574655 89.13% [WARNING] switch_core_db.c:92 SQLite is BUSY, sane=299 [select command from aliases where alias='status (NULL)']
2026-09-28 07:31:06.674706 89.13% [WARNING] switch_core_db.c:92 SQLite is BUSY, sane=298 [BEGIN EXCLUSIVE]
2026-09-28 07:34:50.854680 92.83% [INFO] switch_core.c:2894 Shutting down
2026-09-28 07:34:50.854680 92.83% [DEBUG] switch_console.c:1088 Editline thread exiting
2026-09-28 07:34:50.894689 92.83% [CONSOLE] switch_core.c:3041 End existing sessions
2026-09-28 07:34:50.894689 92.83% [CONSOLE] switch_core.c:3043 Clean up modules.
2026-09-28 07:34:50.894689 92.83% [DEBUG] switch_loadable_module.c:919 Chat Thread Ended
2026-09-28 07:34:50.894689 92.83% [DEBUG] switch_loadable_module.c:919 Chat Thread Ended
2026-09-28 07:34:50.894689 92.83% [NOTICE] switch_loadable_module.c:1230 Deleting Application 'play_fsv'
2026-09-28 07:34:50.894689 92.83% [DEBUG] switch_loadable_module.c:1232 Write lock interface 'play_fsv' to wait for existing references.
2026-09-28 07:34:50.894689 92.83% [NOTICE] switch_loadable_module.c:1230 Deleting Application 'record_fsv'
2026-09-28 07:34:50.894689 92.83% [DEBUG] switch_loadable_module.c:1232 Write lock interface 'record_fsv' to wait for existing references.
2026-09-28 07:34:50.894689 92.83% [NOTICE] switch_loadable_module.c:1230 Deleting Application 'play_yuv'
2026-09-28 07:34:50.894689 92.83% [DEBUG] switch_loadable_module.c:1232 Write lock interface 'play_yuv' to wait for existing references.
2026-09-28 07:34:50.894689 92.83% [NOTICE] switch_loadable_module.c:1230 Deleting Application 'decode_video'
2026-09-28 07:34:50.894689 92.83% [DEBUG] switch_loadable_module.c:1232 Write lock interface 'decode_video' to wait for existing references.
2026-09-28 07:34:50.894689 92.83% [DEBUG] switch_loadable_module.c:1350 Write lock interface 'mod_fsv' to wait for existing references.
2026-09-28 07:34:50.894689 92.83% [NOTICE] switch_loadable_module.c:1360 Deleting File Format 'fsv'
2026-09-28 07:34:50.894689 92.83% [CONSOLE] switch_loadable_module.c:2357 mod_fsv has no shutdown routine
2026-09-28 07:34:50.894689 92.83% [NOTICE] switch_loadable_module.c:1230 Deleting Application 'hash'
2026-09-28 07:34:50.914635 92.83% [DEBUG] switch_loadable_module.c:1232 Write lock interface 'hash' to wait for existing references.
2026-09-28 07:34:50.914635 92.83% [NOTICE] switch_loadable_module.c:1285 Deleting API Function 'hash'
2026-09-28 07:34:50.914635 92.83% [DEBUG] switch_loadable_module.c:1287 Write lock interface 'hash' to wait for existing references.
2026-09-28 07:34:50.914635 92.83% [NOTICE] switch_loadable_module.c:1285 Deleting API Function 'hash_dump'
2026-09-28 07:34:50.914635 92.83% [DEBUG] switch_loadable_module.c:1287 Write lock interface 'hash_dump' to wait for existing references.
2026-09-28 07:34:50.914635 92.83% [NOTICE] switch_loadable_module.c:1285 Deleting API Function 'hash_remote'
2026-09-28 07:34:50.914635 92.83% [DEBUG] switch_loadable_module.c:1287 Write lock interface 'hash_remote' to wait for existing references.
2026-09-28 07:34:50.914635 92.83% [NOTICE] switch_loadable_module.c:1608 Deleting Limit interface 'hash'
2026-09-28 07:34:50.914635 92.83% [CONSOLE] switch_loadable_module.c:2354 Stopping: mod_hash
2026-09-28 07:34:50.914635 92.83% [NOTICE] switch_loadable_module.c:1153 Deleting Codec VP8 99 VP8 Video 90000hz 0ms
2026-09-28 07:34:50.914635 92.83% [NOTICE] switch_loadable_module.c:1153 Deleting Codec VP9 99 VP9 Video 90000hz 0ms
2026-09-28 07:34:50.914635 92.83% [NOTICE] switch_loadable_module.c:1285 Deleting API Function 'vpx'
2026-09-28 07:34:50.914635 92.83% [DEBUG] switch_loadable_module.c:1287 Write lock interface 'vpx' to wait for existing references.
2026-09-28 07:34:50.914635 92.83% [CONSOLE] switch_loadable_module.c:2354 Stopping: CORE_VPX_MODULE
2026-09-28 07:34:50.914635 92.83% [NOTICE] switch_loadable_module.c:1153 Deleting Codec SPEEX 99 Speex 32000hz 20ms
2026-09-28 07:34:50.914635 92.83% [NOTICE] switch_loadable_module.c:1153 Deleting Codec SPEEX 99 Speex 16000hz 20ms
2026-09-28 07:34:50.914635 92.83% [NOTICE] switch_loadable_module.c:1153 Deleting Codec SPEEX 99 Speex 8000hz 20ms
2026-09-28 07:34:50.914635 92.83% [CONSOLE] switch_loadable_module.c:2357 CORE_SPEEX_MODULE has no shutdown routine
2026-09-28 07:34:50.914635 92.83% [DEBUG] switch_loadable_module.c:1350 Write lock interface 'mod_native_file' to wait for existing references.
2026-09-28 07:34:50.914635 92.83% [NOTICE] switch_loadable_module.c:1360 Deleting File Format 'AAL2-G726-32'
2026-09-28 07:34:50.914635 92.83% [NOTICE] switch_loadable_module.c:1360 Deleting File Format 'DVI4'
2026-09-28 07:34:50.914635 92.83% [NOTICE] switch_loadable_module.c:1360 Deleting File Format 'PCMU'
2026-09-28 07:34:50.914635 92.83% [NOTICE] switch_loadable_module.c:1360 Deleting File Format 'G722'
2026-09-28 07:34:50.914635 92.83% [NOTICE] switch_loadable_module.c:1360 Deleting File Format 'AAL2-G726-24'
2026-09-28 07:34:50.914635 92.83% [NOTICE] switch_loadable_module.c:1360 Deleting File Format 'AAL2-G726-40'
2026-09-28 07:34:50.914635 92.83% [NOTICE] switch_loadable_module.c:1360 Deleting File Format 'L16'
2026-09-28 07:34:50.914635 92.83% [NOTICE] switch_loadable_module.c:1360 Deleting File Format 'G726-16'
2026-09-28 07:34:50.914635 92.83% [NOTICE] switch_loadable_module.c:1360 Deleting File Format 'PCMA'
2026-09-28 07:34:50.914635 92.83% [NOTICE] switch_loadable_module.c:1360 Deleting File Format 'G726-24'
2026-09-28 07:34:50.914635 92.83% [NOTICE] switch_loadable_module.c:1360 Deleting File Format 'G729'
2026-09-28 07:34:50.914635 92.83% [NOTICE] switch_loadable_module.c:1360 Deleting File Format 'AAL2-G726-16'
2026-09-28 07:34:50.914635 92.83% [NOTICE] switch_loadable_module.c:1360 Deleting File Format 'G726-32'
2026-09-28 07:34:50.914635 92.83% [NOTICE] switch_loadable_module.c:1360 Deleting File Format 'GSM'
2026-09-28 07:34:50.914635 92.83% [NOTICE] switch_loadable_module.c:1360 Deleting File Format 'G726-40'
2026-09-28 07:34:50.914635 92.83% [NOTICE] switch_loadable_module.c:1360 Deleting File Format 'G723'
2026-09-28 07:34:50.914635 92.83% [NOTICE] switch_loadable_module.c:1360 Deleting File Format 'LPC'
2026-09-28 07:34:50.914635 92.83% [CONSOLE] switch_loadable_module.c:2357 mod_native_file has no shutdown routine
2026-09-28 07:34:50.914635 92.83% [NOTICE] switch_loadable_module.c:1285 Deleting API Function 'cdr_csv'
2026-09-28 07:34:50.914635 92.83% [DEBUG] switch_loadable_module.c:1287 Write lock interface 'cdr_csv' to wait for existing references.
2026-09-28 07:34:50.914635 92.83% [CONSOLE] switch_loadable_module.c:2354 Stopping: mod_cdr_csv
2026-09-28 07:34:50.914635 92.83% [DEBUG] switch_event.c:2157 Event Binding deleted for mod_cdr_csv:TRAP
2026-09-28 07:34:50.934641 92.83% [DEBUG] switch_loadable_module.c:1117 Write lock interface 'loopback' to wait for existing references.
2026-09-28 07:34:50.934641 92.83% [NOTICE] switch_loadable_module.c:1125 Deleting Endpoint 'loopback'
2026-09-28 07:34:50.934641 92.83% [DEBUG] switch_loadable_module.c:1117 Write lock interface 'null' to wait for existing references.
2026-09-28 07:34:50.934641 92.83% [NOTICE] switch_loadable_module.c:1125 Deleting Endpoint 'null'
2026-09-28 07:34:50.934641 92.83% [NOTICE] switch_loadable_module.c:1230 Deleting Application 'unloop'
2026-09-28 07:34:50.934641 92.83% [DEBUG] switch_loadable_module.c:1232 Write lock interface 'unloop' to wait for existing references.
2026-09-28 07:34:50.934641 92.83% [CONSOLE] switch_loadable_module.c:2354 Stopping: mod_loopback
2026-09-28 07:34:50.934641 92.83% [NOTICE] switch_event.c:468 Subclass reservation deleted for mod_loopback.c:loopback::bowout
2026-09-28 07:34:50.934641 92.83% [NOTICE] switch_event.c:468 Subclass reservation deleted for mod_loopback.c:loopback::direct
2026-09-28 07:34:50.934641 92.83% [DEBUG] switch_event.c:2157 Event Binding deleted for mod_loopback:RELOADXML
2026-09-28 07:34:50.934641 92.83% [NOTICE] switch_loadable_module.c:1230 Deleting Application 'voicemail'
2026-09-28 07:34:50.934641 92.83% [DEBUG] switch_loadable_module.c:1232 Write lock interface 'voicemail' to wait for existing references.
2026-09-28 07:34:50.934641 92.83% [NOTICE] switch_loadable_module.c:1285 Deleting API Function 'voicemail'
2026-09-28 07:34:50.934641 92.83% [DEBUG] switch_loadable_module.c:1287 Write lock interface 'voicemail' to wait for existing references.
2026-09-28 07:34:50.934641 92.83% [NOTICE] switch_loadable_module.c:1285 Deleting API Function 'voicemail_inject'
2026-09-28 07:34:50.934641 92.83% [DEBUG] switch_loadable_module.c:1287 Write lock interface 'voicemail_inject' to wait for existing references.
2026-09-28 07:34:50.934641 92.83% [NOTICE] switch_loadable_module.c:1285 Deleting API Function 'vm_inject'
2026-09-28 07:34:50.934641 92.83% [DEBUG] switch_loadable_module.c:1287 Write lock interface 'vm_inject' to wait for existing references.
2026-09-28 07:34:50.934641 92.83% [NOTICE] switch_loadable_module.c:1285 Deleting API Function 'vm_boxcount'
2026-09-28 07:34:50.934641 92.83% [DEBUG] switch_loadable_module.c:1287 Write lock interface 'vm_boxcount' to wait for existing references.
2026-09-28 07:34:50.934641 92.83% [NOTICE] switch_loadable_module.c:1285 Deleting API Function 'vm_prefs'
2026-09-28 07:34:50.934641 92.83% [DEBUG] switch_loadable_module.c:1287 Write lock interface 'vm_prefs' to wait for existing references.
2026-09-28 07:34:50.934641 92.83% [NOTICE] switch_loadable_module.c:1285 Deleting API Function 'vm_delete'
2026-09-28 07:34:50.934641 92.83% [DEBUG] switch_loadable_module.c:1287 Write lock interface 'vm_delete' to wait for existing references.
2026-09-28 07:34:50.934641 92.83% [NOTICE] switch_loadable_module.c:1285 Deleting API Function 'vm_read'
2026-09-28 07:34:50.934641 92.83% [DEBUG] switch_loadable_module.c:1287 Write lock interface 'vm_read' to wait for existing references.
2026-09-28 07:34:50.934641 92.83% [NOTICE] switch_loadable_module.c:1285 Deleting API Function 'vm_list'
2026-09-28 07:34:50.934641 92.83% [DEBUG] switch_loadable_module.c:1287 Write lock interface 'vm_list' to wait for existing references.
2026-09-28 07:34:50.934641 92.83% [NOTICE] switch_loadable_module.c:1285 Deleting API Function 'vm_fsdb_auth_login'
2026-09-28 07:34:50.934641 92.83% [DEBUG] switch_loadable_module.c:1287 Write lock interface 'vm_fsdb_auth_login' to wait for existing references.
2026-09-28 07:34:50.934641 92.83% [NOTICE] switch_loadable_module.c:1285 Deleting API Function 'vm_fsdb_msg_count'
2026-09-28 07:34:50.934641 92.83% [DEBUG] switch_loadable_module.c:1287 Write lock interface 'vm_fsdb_msg_count' to wait for existing references.
2026-09-28 07:34:50.934641 92.83% [NOTICE] switch_loadable_module.c:1285 Deleting API Function 'vm_fsdb_msg_list'
2026-09-28 07:34:50.934641 92.83% [DEBUG] switch_loadable_module.c:1287 Write lock interface 'vm_fsdb_msg_list' to wait for existing references.
2026-09-28 07:34:50.934641 92.83% [NOTICE] switch_loadable_module.c:1285 Deleting API Function 'vm_fsdb_msg_get'
2026-09-28 07:34:50.934641 92.83% [DEBUG] switch_loadable_module.c:1287 Write lock interface 'vm_fsdb_msg_get' to wait for existing references.
2026-09-28 07:34:50.934641 92.83% [NOTICE] switch_loadable_module.c:1285 Deleting API Function 'vm_fsdb_msg_delete'
2026-09-28 07:34:50.934641 92.83% [DEBUG] switch_loadable_module.c:1287 Write lock interface 'vm_fsdb_msg_delete' to wait for existing references.
2026-09-28 07:34:50.934641 92.83% [NOTICE] switch_loadable_module.c:1285 Deleting API Function 'vm_fsdb_msg_undelete'
2026-09-28 07:34:50.934641 92.83% [DEBUG] switch_loadable_module.c:1287 Write lock interface 'vm_fsdb_msg_undelete' to wait for existing references.
2026-09-28 07:34:50.934641 92.83% [NOTICE] switch_loadable_module.c:1285 Deleting API Function 'vm_fsdb_msg_email'
2026-09-28 07:34:50.934641 92.83% [DEBUG] switch_loadable_module.c:1287 Write lock interface 'vm_fsdb_msg_email' to wait for existing references.
2026-09-28 07:34:50.934641 92.83% [NOTICE] switch_loadable_module.c:1285 Deleting API Function 'vm_fsdb_msg_purge'
2026-09-28 07:34:50.934641 92.83% [DEBUG] switch_loadable_module.c:1287 Write lock interface 'vm_fsdb_msg_purge' to wait for existing references.
2026-09-28 07:34:50.934641 92.83% [NOTICE] switch_loadable_module.c:1285 Deleting API Function 'vm_fsdb_msg_save'
2026-09-28 07:34:50.934641 92.83% [DEBUG] switch_loadable_module.c:1287 Write lock interface 'vm_fsdb_msg_save' to wait for existing references.
2026-09-28 07:34:50.934641 92.83% [NOTICE] switch_loadable_module.c:1285 Deleting API Function 'vm_fsdb_msg_forward'
2026-09-28 07:34:50.934641 92.83% [DEBUG] switch_loadable_module.c:1287 Write lock interface 'vm_fsdb_msg_forward' to wait for existing references.
2026-09-28 07:34:50.934641 92.83% [NOTICE] switch_loadable_module.c:1285 Deleting API Function 'vm_fsdb_pref_greeting_set'
2026-09-28 07:34:50.934641 92.83% [DEBUG] switch_loadable_module.c:1287 Write lock interface 'vm_fsdb_pref_greeting_set' to wait for existing references.
2026-09-28 07:34:50.934641 92.83% [NOTICE] switch_loadable_module.c:1285 Deleting API Function 'vm_fsdb_pref_greeting_get'
2026-09-28 07:34:50.934641 92.83% [DEBUG] switch_loadable_module.c:1287 Write lock interface 'vm_fsdb_pref_greeting_get' to wait for existing references.
2026-09-28 07:34:50.934641 92.83% [NOTICE] switch_loadable_module.c:1285 Deleting API Function 'vm_fsdb_pref_recname_set'
2026-09-28 07:34:50.934641 92.83% [DEBUG] switch_loadable_module.c:1287 Write lock interface 'vm_fsdb_pref_recname_set' to wait for existing references.
2026-09-28 07:34:50.934641 92.83% [NOTICE] switch_loadable_module.c:1285 Deleting API Function 'vm_fsdb_pref_password_set'
2026-09-28 07:34:50.934641 92.83% [DEBUG] switch_loadable_module.c:1287 Write lock interface 'vm_fsdb_pref_password_set' to wait for existing references.
2026-09-28 07:34:50.934641 92.83% [CONSOLE] switch_loadable_module.c:2354 Stopping: mod_voicemail
2026-09-28 07:34:50.934641 92.83% [NOTICE] switch_event.c:468 Subclass reservation deleted for mod_voicemail.c:vm::maintenance
2026-09-28 07:34:50.934641 92.83% [DEBUG] switch_event.c:2157 Event Binding deleted for mod_voicemail:MESSAGE_QUERY
2026-09-28 07:34:50.934641 92.83% [DEBUG] mod_voicemail.c:6294 Waiting for write lock (Profile default)
2026-09-28 07:34:50.934641 92.83% [DEBUG] mod_voicemail.c:6297 Destroying Profile default
2026-09-28 07:34:50.934641 92.83% [DEBUG] switch_loadable_module.c:1117 Write lock interface 'modem' to wait for existing references.
2026-09-28 07:34:50.934641 92.83% [NOTICE] switch_loadable_module.c:1125 Deleting Endpoint 'modem'
2026-09-28 07:34:50.934641 92.83% [NOTICE] switch_loadable_module.c:1153 Deleting Codec DVI4 6 ADPCM (IMA) 16000hz 10ms
2026-09-28 07:34:50.934641 92.83% [NOTICE] switch_loadable_module.c:1153 Deleting Codec DVI4 6 ADPCM (IMA) 16000hz 20ms
2026-09-28 07:34:50.934641 92.83% [NOTICE] switch_loadable_module.c:1153 Deleting Codec DVI4 6 ADPCM (IMA) 16000hz 30ms
2026-09-28 07:34:50.934641 92.83% [NOTICE] switch_loadable_module.c:1153 Deleting Codec DVI4 6 ADPCM (IMA) 16000hz 40ms
2026-09-28 07:34:50.934641 92.83% [NOTICE] switch_loadable_module.c:1153 Deleting Codec DVI4 6 ADPCM (IMA) 16000hz 50ms
2026-09-28 07:34:50.934641 92.83% [NOTICE] switch_loadable_module.c:1153 Deleting Codec DVI4 6 ADPCM (IMA) 16000hz 60ms
2026-09-28 07:34:50.934641 92.83% [NOTICE] switch_loadable_module.c:1153 Deleting Codec DVI4 5 ADPCM (IMA) 8000hz 10ms
2026-09-28 07:34:50.934641 92.83% [NOTICE] switch_loadable_module.c:1153 Deleting Codec DVI4 5 ADPCM (IMA) 8000hz 20ms
2026-09-28 07:34:50.934641 92.83% [NOTICE] switch_loadable_module.c:1153 Deleting Codec DVI4 5 ADPCM (IMA) 8000hz 30ms
2026-09-28 07:34:50.934641 92.83% [NOTICE] switch_loadable_module.c:1153 Deleting Codec DVI4 5 ADPCM (IMA) 8000hz 40ms
2026-09-28 07:34:50.934641 92.83% [NOTICE] switch_loadable_module.c:1153 Deleting Codec DVI4 5 ADPCM (IMA) 8000hz 50ms
2026-09-28 07:34:50.934641 92.83% [NOTICE] switch_loadable_module.c:1153 Deleting Codec DVI4 5 ADPCM (IMA) 8000hz 60ms
2026-09-28 07:34:50.934641 92.83% [NOTICE] switch_loadable_module.c:1153 Deleting Codec DVI4 5 ADPCM (IMA) 8000hz 70ms
2026-09-28 07:34:50.934641 92.83% [NOTICE] switch_loadable_module.c:1153 Deleting Codec DVI4 5 ADPCM (IMA) 8000hz 80ms
2026-09-28 07:34:50.934641 92.83% [NOTICE] switch_loadable_module.c:1153 Deleting Codec DVI4 5 ADPCM (IMA) 8000hz 90ms
2026-09-28 07:34:50.934641 92.83% [NOTICE] switch_loadable_module.c:1153 Deleting Codec DVI4 5 ADPCM (IMA) 8000hz 100ms
2026-09-28 07:34:50.934641 92.83% [NOTICE] switch_loadable_module.c:1153 Deleting Codec DVI4 5 ADPCM (IMA) 8000hz 110ms
2026-09-28 07:34:50.934641 92.83% [NOTICE] switch_loadable_module.c:1153 Deleting Codec DVI4 5 ADPCM (IMA) 8000hz 120ms
2026-09-28 07:34:50.934641 92.83% [NOTICE] switch_loadable_module.c:1153 Deleting Codec AAL2-G726-16 124 G.726 16k (AAL2) 8000hz 10ms
2026-09-28 07:34:50.934641 92.83% [NOTICE] switch_loadable_module.c:1153 Deleting Codec AAL2-G726-16 124 G.726 16k (AAL2) 8000hz 20ms
2026-09-28 07:34:50.934641 92.83% [NOTICE] switch_loadable_module.c:1153 Deleting Codec AAL2-G726-16 124 G.726 16k (AAL2) 8000hz 30ms
2026-09-28 07:34:50.934641 92.83% [NOTICE] switch_loadable_module.c:1153 Deleting Codec AAL2-G726-16 124 G.726 16k (AAL2) 8000hz 40ms
2026-09-28 07:34:50.934641 92.83% [NOTICE] switch_loadable_module.c:1153 Deleting Codec AAL2-G726-16 124 G.726 16k (AAL2) 8000hz 50ms
2026-09-28 07:34:50.934641 92.83% [NOTICE] switch_loadable_module.c:1153 Deleting Codec AAL2-G726-16 124 G.726 16k (AAL2) 8000hz 60ms
2026-09-28 07:34:50.934641 92.83% [NOTICE] switch_loadable_module.c:1153 Deleting Codec AAL2-G726-16 124 G.726 16k (AAL2) 8000hz 70ms
2026-09-28 07:34:50.934641 92.83% [NOTICE] switch_loadable_module.c:1153 Deleting Codec AAL2-G726-16 124 G.726 16k (AAL2) 8000hz 80ms
2026-09-28 07:34:50.934641 92.83% [NOTICE] switch_loadable_module.c:1153 Deleting Codec AAL2-G726-16 124 G.726 16k (AAL2) 8000hz 90ms
2026-09-28 07:34:50.934641 92.83% [NOTICE] switch_loadable_module.c:1153 Deleting Codec AAL2-G726-16 124 G.726 16k (AAL2) 8000hz 100ms
2026-09-28 07:34:50.934641 92.83% [NOTICE] switch_loadable_module.c:1153 Deleting Codec AAL2-G726-16 124 G.726 16k (AAL2) 8000hz 110ms
2026-09-28 07:34:50.934641 92.83% [NOTICE] switch_loadable_module.c:1153 Deleting Codec AAL2-G726-16 124 G.726 16k (AAL2) 8000hz 120ms
2026-09-28 07:34:50.934641 92.83% [NOTICE] switch_loadable_module.c:1153 Deleting Codec G726-16 124 G.726 16k 8000hz 10ms
2026-09-28 07:34:50.934641 92.83% [NOTICE] switch_loadable_module.c:1153 Deleting Codec G726-16 124 G.726 16k 8000hz 20ms
2026-09-28 07:34:50.934641 92.83% [NOTICE] switch_loadable_module.c:1153 Deleting Codec G726-16 124 G.726 16k 8000hz 30ms
2026-09-28 07:34:50.934641 92.83% [NOTICE] switch_loadable_module.c:1153 Deleting Codec G726-16 124 G.726 16k 8000hz 40ms
2026-09-28 07:34:50.934641 92.83% [NOTICE] switch_loadable_module.c:1153 Deleting Codec G726-16 124 G.726 16k 8000hz 50ms
2026-09-28 07:34:50.934641 92.83% [NOTICE] switch_loadable_module.c:1153 Deleting Codec G726-16 124 G.726 16k 8000hz 60ms
2026-09-28 07:34:50.934641 92.83% [NOTICE] switch_loadable_module.c:1153 Deleting Codec G726-16 124 G.726 16k 8000hz 70ms
2026-09-28 07:34:50.934641 92.83% [NOTICE] switch_loadable_module.c:1153 Deleting Codec G726-16 124 G.726 16k 8000hz 80ms
2026-09-28 07:34:50.934641 92.83% [NOTICE] switch_loadable_module.c:1153 Deleting Codec G726-16 124 G.726 16k 8000hz 90ms
2026-09-28 07:34:50.934641 92.83% [NOTICE] switch_loadable_module.c:1153 Deleting Codec G726-16 124 G.726 16k 8000hz 100ms
2026-09-28 07:34:50.934641 92.83% [NOTICE] switch_loadable_module.c:1153 Deleting Codec G726-16 124 G.726 16k 8000hz 110ms
2026-09-28 07:34:50.934641 92.83% [NOTICE] switch_loadable_module.c:1153 Deleting Codec G726-16 124 G.726 16k 8000hz 120ms
2026-09-28 07:34:50.934641 92.83% [NOTICE] switch_loadable_module.c:1153 Deleting Codec AAL2-G726-24 123 G.726 24k (AAL2) 8000hz 10ms
2026-09-28 07:34:50.934641 92.83% [NOTICE] switch_loadable_module.c:1153 Deleting Codec AAL2-G726-24 123 G.726 24k (AAL2) 8000hz 20ms
2026-09-28 07:34:50.934641 92.83% [NOTICE] switch_loadable_module.c:1153 Deleting Codec AAL2-G726-24 123 G.726 24k (AAL2) 8000hz 30ms
2026-09-28 07:34:50.934641 92.83% [NOTICE] switch_loadable_module.c:1153 Deleting Codec AAL2-G726-24 123 G.726 24k (AAL2) 8000hz 40ms
2026-09-28 07:34:50.954613 92.83% [NOTICE] switch_loadable_module.c:1153 Deleting Codec AAL2-G726-24 123 G.726 24k (AAL2) 8000hz 50ms
2026-09-28 07:34:50.954613 92.83% [NOTICE] switch_loadable_module.c:1153 Deleting Codec AAL2-G726-24 123 G.726 24k (AAL2) 8000hz 60ms
2026-09-28 07:34:50.954613 92.83% [NOTICE] switch_loadable_module.c:1153 Deleting Codec AAL2-G726-24 123 G.726 24k (AAL2) 8000hz 70ms
2026-09-28 07:34:50.954613 92.83% [NOTICE] switch_loadable_module.c:1153 Deleting Codec AAL2-G726-24 123 G.726 24k (AAL2) 8000hz 80ms
2026-09-28 07:34:50.954613 92.83% [NOTICE] switch_loadable_module.c:1153 Deleting Codec AAL2-G726-24 123 G.726 24k (AAL2) 8000hz 90ms
2026-09-28 07:34:50.954613 92.83% [NOTICE] switch_loadable_module.c:1153 Deleting Codec AAL2-G726-24 123 G.726 24k (AAL2) 8000hz 100ms
2026-09-28 07:34:50.954613 92.83% [NOTICE] switch_loadable_module.c:1153 Deleting Codec AAL2-G726-24 123 G.726 24k (AAL2) 8000hz 110ms
2026-09-28 07:34:50.954613 92.83% [NOTICE] switch_loadable_module.c:1153 Deleting Codec AAL2-G726-24 123 G.726 24k (AAL2) 8000hz 120ms
2026-09-28 07:34:50.954613 92.83% [NOTICE] switch_loadable_module.c:1153 Deleting Codec G726-24 123 G.726 24k 8000hz 10ms
2026-09-28 07:34:50.954613 92.83% [NOTICE] switch_loadable_module.c:1153 Deleting Codec G726-24 123 G.726 24k 8000hz 20ms
2026-09-28 07:34:50.954613 92.83% [NOTICE] switch_loadable_module.c:1153 Deleting Codec G726-24 123 G.726 24k 8000hz 30ms
2026-09-28 07:34:50.954613 92.83% [NOTICE] switch_loadable_module.c:1153 Deleting Codec G726-24 123 G.726 24k 8000hz 40ms
2026-09-28 07:34:50.954613 92.83% [NOTICE] switch_loadable_module.c:1153 Deleting Codec G726-24 123 G.726 24k 8000hz 50ms
2026-09-28 07:34:50.954613 92.83% [NOTICE] switch_loadable_module.c:1153 Deleting Codec G726-24 123 G.726 24k 8000hz 60ms
2026-09-28 07:34:50.954613 92.83% [NOTICE] switch_loadable_module.c:1153 Deleting Codec G726-24 123 G.726 24k 8000hz 70ms
2026-09-28 07:34:50.954613 92.83% [NOTICE] switch_loadable_module.c:1153 Deleting Codec G726-24 123 G.726 24k 8000hz 80ms
2026-09-28 07:34:50.954613 92.83% [NOTICE] switch_loadable_module.c:1153 Deleting Codec G726-24 123 G.726 24k 8000hz 90ms
2026-09-28 07:34:50.954613 92.83% [NOTICE] switch_loadable_module.c:1153 Deleting Codec G726-24 123 G.726 24k 8000hz 100ms
2026-09-28 07:34:50.954613 92.83% [NOTICE] switch_loadable_module.c:1153 Deleting Codec G726-24 123 G.726 24k 8000hz 110ms
2026-09-28 07:34:50.954613 92.83% [NOTICE] switch_loadable_module.c:1153 Deleting Codec G726-24 123 G.726 24k 8000hz 120ms
2026-09-28 07:34:50.954613 92.83% [NOTICE] switch_loadable_module.c:1153 Deleting Codec AAL2-G726-32 122 G.726 32k (AAL2) 8000hz 10ms
2026-09-28 07:34:50.954613 92.83% [NOTICE] switch_loadable_module.c:1153 Deleting Codec AAL2-G726-32 122 G.726 32k (AAL2) 8000hz 20ms
2026-09-28 07:34:50.954613 92.83% [NOTICE] switch_loadable_module.c:1153 Deleting Codec AAL2-G726-32 122 G.726 32k (AAL2) 8000hz 30ms
2026-09-28 07:34:50.954613 92.83% [NOTICE] switch_loadable_module.c:1153 Deleting Codec AAL2-G726-32 122 G.726 32k (AAL2) 8000hz 40ms
2026-09-28 07:34:50.954613 92.83% [NOTICE] switch_loadable_module.c:1153 Deleting Codec AAL2-G726-32 122 G.726 32k (AAL2) 8000hz 50ms
2026-09-28 07:34:50.954613 92.83% [NOTICE] switch_loadable_module.c:1153 Deleting Codec AAL2-G726-32 122 G.726 32k (AAL2) 8000hz 60ms
2026-09-28 07:34:50.954613 92.83% [NOTICE] switch_loadable_module.c:1153 Deleting Codec AAL2-G726-32 122 G.726 32k (AAL2) 8000hz 70ms
2026-09-28 07:34:50.954613 92.83% [NOTICE] switch_loadable_module.c:1153 Deleting Codec AAL2-G726-32 122 G.726 32k (AAL2) 8000hz 80ms
2026-09-28 07:34:50.954613 92.83% [NOTICE] switch_loadable_module.c:1153 Deleting Codec AAL2-G726-32 122 G.726 32k (AAL2) 8000hz 90ms
2026-09-28 07:34:50.954613 92.83% [NOTICE] switch_loadable_module.c:1153 Deleting Codec AAL2-G726-32 122 G.726 32k (AAL2) 8000hz 100ms
2026-09-28 07:34:50.954613 92.83% [NOTICE] switch_loadable_module.c:1153 Deleting Codec AAL2-G726-32 122 G.726 32k (AAL2) 8000hz 110ms
2026-09-28 07:34:50.954613 92.83% [NOTICE] switch_loadable_module.c:1153 Deleting Codec AAL2-G726-32 122 G.726 32k (AAL2) 8000hz 120ms
2026-09-28 07:34:50.954613 92.83% [NOTICE] switch_loadable_module.c:1153 Deleting Codec G726-32 122 G.726 32k 8000hz 10ms
2026-09-28 07:34:50.954613 92.83% [NOTICE] switch_loadable_module.c:1153 Deleting Codec G726-32 122 G.726 32k 8000hz 20ms
2026-09-28 07:34:50.954613 92.83% [NOTICE] switch_loadable_module.c:1153 Deleting Codec G726-32 122 G.726 32k 8000hz 30ms
2026-09-28 07:34:50.954613 92.83% [NOTICE] switch_loadable_module.c:1153 Deleting Codec G726-32 122 G.726 32k 8000hz 40ms
2026-09-28 07:34:50.954613 92.83% [NOTICE] switch_loadable_module.c:1153 Deleting Codec G726-32 122 G.726 32k 8000hz 50ms
2026-09-28 07:34:50.954613 92.83% [NOTICE] switch_loadable_module.c:1153 Deleting Codec G726-32 122 G.726 32k 8000hz 60ms
2026-09-28 07:34:50.954613 92.83% [NOTICE] switch_loadable_module.c:1153 Deleting Codec G726-32 122 G.726 32k 8000hz 70ms
2026-09-28 07:34:50.954613 92.83% [NOTICE] switch_loadable_module.c:1153 Deleting Codec G726-32 122 G.726 32k 8000hz 80ms
2026-09-28 07:34:50.954613 92.83% [NOTICE] switch_loadable_module.c:1153 Deleting Codec G726-32 122 G.726 32k 8000hz 90ms
2026-09-28 07:34:50.954613 92.83% [NOTICE] switch_loadable_module.c:1153 Deleting Codec G726-32 122 G.726 32k 8000hz 100ms
2026-09-28 07:34:50.954613 92.83% [NOTICE] switch_loadable_module.c:1153 Deleting Codec G726-32 122 G.726 32k 8000hz 110ms
2026-09-28 07:34:50.954613 92.83% [NOTICE] switch_loadable_module.c:1153 Deleting Codec G726-32 122 G.726 32k 8000hz 120ms
2026-09-28 07:34:50.954613 92.83% [NOTICE] switch_loadable_module.c:1153 Deleting Codec AAL2-G726-40 121 G.726 40k (AAL2) 8000hz 10ms
2026-09-28 07:34:50.954613 92.83% [NOTICE] switch_loadable_module.c:1153 Deleting Codec AAL2-G726-40 121 G.726 40k (AAL2) 8000hz 20ms
2026-09-28 07:34:50.954613 92.83% [NOTICE] switch_loadable_module.c:1153 Deleting Codec AAL2-G726-40 121 G.726 40k (AAL2) 8000hz 30ms
2026-09-28 07:34:50.954613 92.83% [NOTICE] switch_loadable_module.c:1153 Deleting Codec AAL2-G726-40 121 G.726 40k (AAL2) 8000hz 40ms
2026-09-28 07:34:50.954613 92.83% [NOTICE] switch_loadable_module.c:1153 Deleting Codec AAL2-G726-40 121 G.726 40k (AAL2) 8000hz 50ms
2026-09-28 07:34:50.954613 92.83% [NOTICE] switch_loadable_module.c:1153 Deleting Codec AAL2-G726-40 121 G.726 40k (AAL2) 8000hz 60ms
2026-09-28 07:34:50.954613 92.83% [NOTICE] switch_loadable_module.c:1153 Deleting Codec AAL2-G726-40 121 G.726 40k (AAL2) 8000hz 70ms
2026-09-28 07:34:50.954613 92.83% [NOTICE] switch_loadable_module.c:1153 Deleting Codec AAL2-G726-40 121 G.726 40k (AAL2) 8000hz 80ms
2026-09-28 07:34:50.954613 92.83% [NOTICE] switch_loadable_module.c:1153 Deleting Codec AAL2-G726-40 121 G.726 40k (AAL2) 8000hz 90ms
2026-09-28 07:34:50.954613 92.83% [NOTICE] switch_loadable_module.c:1153 Deleting Codec AAL2-G726-40 121 G.726 40k (AAL2) 8000hz 100ms
2026-09-28 07:34:50.954613 92.83% [NOTICE] switch_loadable_module.c:1153 Deleting Codec AAL2-G726-40 121 G.726 40k (AAL2) 8000hz 110ms
2026-09-28 07:34:50.954613 92.83% [NOTICE] switch_loadable_module.c:1153 Deleting Codec AAL2-G726-40 121 G.726 40k (AAL2) 8000hz 120ms
2026-09-28 07:34:50.954613 92.83% [NOTICE] switch_loadable_module.c:1153 Deleting Codec G726-40 121 G.726 40k 8000hz 10ms
2026-09-28 07:34:50.954613 92.83% [NOTICE] switch_loadable_module.c:1153 Deleting Codec G726-40 121 G.726 40k 8000hz 20ms
2026-09-28 07:34:50.954613 92.83% [NOTICE] switch_loadable_module.c:1153 Deleting Codec G726-40 121 G.726 40k 8000hz 30ms
2026-09-28 07:34:50.954613 92.83% [NOTICE] switch_loadable_module.c:1153 Deleting Codec G726-40 121 G.726 40k 8000hz 40ms
2026-09-28 07:34:50.954613 92.83% [NOTICE] switch_loadable_module.c:1153 Deleting Codec G726-40 121 G.726 40k 8000hz 50ms
2026-09-28 07:34:50.954613 92.83% [NOTICE] switch_loadable_module.c:1153 Deleting Codec G726-40 121 G.726 40k 8000hz 60ms
2026-09-28 07:34:50.954613 92.83% [NOTICE] switch_loadable_module.c:1153 Deleting Codec G726-40 121 G.726 40k 8000hz 70ms
2026-09-28 07:34:50.954613 92.83% [NOTICE] switch_loadable_module.c:1153 Deleting Codec G726-40 121 G.726 40k 8000hz 80ms
2026-09-28 07:34:50.954613 92.83% [NOTICE] switch_loadable_module.c:1153 Deleting Codec G726-40 121 G.726 40k 8000hz 90ms
2026-09-28 07:34:50.954613 92.83% [NOTICE] switch_loadable_module.c:1153 Deleting Codec G726-40 121 G.726 40k 8000hz 100ms
2026-09-28 07:34:50.954613 92.83% [NOTICE] switch_loadable_module.c:1153 Deleting Codec G726-40 121 G.726 40k 8000hz 110ms
2026-09-28 07:34:50.954613 92.83% [NOTICE] switch_loadable_module.c:1153 Deleting Codec G726-40 121 G.726 40k 8000hz 120ms
2026-09-28 07:34:50.954613 92.83% [NOTICE] switch_loadable_module.c:1153 Deleting Codec G722 9 G.722 16000hz 10ms
2026-09-28 07:34:50.954613 92.83% [NOTICE] switch_loadable_module.c:1153 Deleting Codec G722 9 G.722 16000hz 20ms
2026-09-28 07:34:50.954613 92.83% [NOTICE] switch_loadable_module.c:1153 Deleting Codec G722 9 G.722 16000hz 30ms
2026-09-28 07:34:50.954613 92.83% [NOTICE] switch_loadable_module.c:1153 Deleting Codec G722 9 G.722 16000hz 40ms
2026-09-28 07:34:50.954613 92.83% [NOTICE] switch_loadable_module.c:1153 Deleting Codec G722 9 G.722 16000hz 50ms
2026-09-28 07:34:50.954613 92.83% [NOTICE] switch_loadable_module.c:1153 Deleting Codec G722 9 G.722 16000hz 60ms
2026-09-28 07:34:50.954613 92.83% [NOTICE] switch_loadable_module.c:1153 Deleting Codec GSM 3 GSM 8000hz 20ms
2026-09-28 07:34:50.954613 92.83% [NOTICE] switch_loadable_module.c:1153 Deleting Codec GSM 3 GSM 8000hz 40ms
2026-09-28 07:34:50.954613 92.83% [NOTICE] switch_loadable_module.c:1153 Deleting Codec GSM 3 GSM 8000hz 60ms
2026-09-28 07:34:50.954613 92.83% [NOTICE] switch_loadable_module.c:1153 Deleting Codec GSM 3 GSM 8000hz 80ms
2026-09-28 07:34:50.954613 92.83% [NOTICE] switch_loadable_module.c:1153 Deleting Codec GSM 3 GSM 8000hz 100ms
2026-09-28 07:34:50.954613 92.83% [NOTICE] switch_loadable_module.c:1153 Deleting Codec GSM 3 GSM 8000hz 120ms
2026-09-28 07:34:50.954613 92.83% [NOTICE] switch_loadable_module.c:1153 Deleting Codec LPC 7 LPC-10 8000hz 90ms
2026-09-28 07:34:50.954613 92.83% [NOTICE] switch_loadable_module.c:1230 Deleting Application 't38_gateway'
2026-09-28 07:34:50.954613 92.83% [DEBUG] switch_loadable_module.c:1232 Write lock interface 't38_gateway' to wait for existing references.
2026-09-28 07:34:50.954613 92.83% [NOTICE] switch_loadable_module.c:1230 Deleting Application 'rxfax'
2026-09-28 07:34:50.954613 92.83% [DEBUG] switch_loadable_module.c:1232 Write lock interface 'rxfax' to wait for existing references.
2026-09-28 07:34:50.954613 92.83% [NOTICE] switch_loadable_module.c:1230 Deleting Application 'txfax'
2026-09-28 07:34:50.954613 92.83% [DEBUG] switch_loadable_module.c:1232 Write lock interface 'txfax' to wait for existing references.
2026-09-28 07:34:50.954613 92.83% [NOTICE] switch_loadable_module.c:1230 Deleting Application 'stopfax'
2026-09-28 07:34:50.954613 92.83% [DEBUG] switch_loadable_module.c:1232 Write lock interface 'stopfax' to wait for existing references.
2026-09-28 07:34:50.954613 92.83% [NOTICE] switch_loadable_module.c:1230 Deleting Application 'spandsp_stop_dtmf'
2026-09-28 07:34:50.954613 92.83% [DEBUG] switch_loadable_module.c:1232 Write lock interface 'spandsp_stop_dtmf' to wait for existing references.
2026-09-28 07:34:50.954613 92.83% [NOTICE] switch_loadable_module.c:1230 Deleting Application 'spandsp_start_dtmf'
2026-09-28 07:34:50.954613 92.83% [DEBUG] switch_loadable_module.c:1232 Write lock interface 'spandsp_start_dtmf' to wait for existing references.
2026-09-28 07:34:50.954613 92.83% [NOTICE] switch_loadable_module.c:1230 Deleting Application 'spandsp_stop_inject_tdd'
2026-09-28 07:34:50.954613 92.83% [DEBUG] switch_loadable_module.c:1232 Write lock interface 'spandsp_stop_inject_tdd' to wait for existing references.
2026-09-28 07:34:50.954613 92.83% [NOTICE] switch_loadable_module.c:1230 Deleting Application 'spandsp_inject_tdd'
2026-09-28 07:34:50.954613 92.83% [DEBUG] switch_loadable_module.c:1232 Write lock interface 'spandsp_inject_tdd' to wait for existing references.
2026-09-28 07:34:50.954613 92.83% [NOTICE] switch_loadable_module.c:1230 Deleting Application 'spandsp_stop_detect_tdd'
2026-09-28 07:34:50.954613 92.83% [DEBUG] switch_loadable_module.c:1232 Write lock interface 'spandsp_stop_detect_tdd' to wait for existing references.
2026-09-28 07:34:50.954613 92.83% [NOTICE] switch_loadable_module.c:1230 Deleting Application 'spandsp_detect_tdd'
2026-09-28 07:34:50.954613 92.83% [DEBUG] switch_loadable_module.c:1232 Write lock interface 'spandsp_detect_tdd' to wait for existing references.
2026-09-28 07:34:50.954613 92.83% [NOTICE] switch_loadable_module.c:1230 Deleting Application 'spandsp_send_tdd'
2026-09-28 07:34:50.954613 92.83% [DEBUG] switch_loadable_module.c:1232 Write lock interface 'spandsp_send_tdd' to wait for existing references.
2026-09-28 07:34:50.954613 92.83% [NOTICE] switch_loadable_module.c:1230 Deleting Application 'spandsp_start_fax_detect'
2026-09-28 07:34:50.954613 92.83% [DEBUG] switch_loadable_module.c:1232 Write lock interface 'spandsp_start_fax_detect' to wait for existing references.
2026-09-28 07:34:50.954613 92.83% [NOTICE] switch_loadable_module.c:1230 Deleting Application 'spandsp_stop_fax_detect'
2026-09-28 07:34:50.954613 92.83% [DEBUG] switch_loadable_module.c:1232 Write lock interface 'spandsp_stop_fax_detect' to wait for existing references.
2026-09-28 07:34:50.954613 92.83% [NOTICE] switch_loadable_module.c:1230 Deleting Application 'spandsp_start_tone_detect'
2026-09-28 07:34:50.954613 92.83% [DEBUG] switch_loadable_module.c:1232 Write lock interface 'spandsp_start_tone_detect' to wait for existing references.
2026-09-28 07:34:50.954613 92.83% [NOTICE] switch_loadable_module.c:1230 Deleting Application 'spandsp_stop_tone_detect'
2026-09-28 07:34:50.954613 92.83% [DEBUG] switch_loadable_module.c:1232 Write lock interface 'spandsp_stop_tone_detect' to wait for existing references.
2026-09-28 07:34:50.954613 92.83% [NOTICE] switch_loadable_module.c:1285 Deleting API Function 'spandsp_start_tone_detect'
2026-09-28 07:34:50.954613 92.83% [DEBUG] switch_loadable_module.c:1287 Write lock interface 'spandsp_start_tone_detect' to wait for existing references.
2026-09-28 07:34:50.954613 92.83% [NOTICE] switch_loadable_module.c:1285 Deleting API Function 'spandsp_stop_tone_detect'
2026-09-28 07:34:50.954613 92.83% [DEBUG] switch_loadable_module.c:1287 Write lock interface 'spandsp_stop_tone_detect' to wait for existing references.
2026-09-28 07:34:50.954613 92.83% [NOTICE] switch_loadable_module.c:1285 Deleting API Function 'start_tdd_detect'
2026-09-28 07:34:50.954613 92.83% [DEBUG] switch_loadable_module.c:1287 Write lock interface 'start_tdd_detect' to wait for existing references.
2026-09-28 07:34:50.954613 92.83% [NOTICE] switch_loadable_module.c:1285 Deleting API Function 'stop_tdd_detect'
2026-09-28 07:34:50.954613 92.83% [DEBUG] switch_loadable_module.c:1287 Write lock interface 'stop_tdd_detect' to wait for existing references.
2026-09-28 07:34:50.954613 92.83% [NOTICE] switch_loadable_module.c:1285 Deleting API Function 'uuid_send_tdd'
2026-09-28 07:34:50.954613 92.83% [DEBUG] switch_loadable_module.c:1287 Write lock interface 'uuid_send_tdd' to wait for existing references.
2026-09-28 07:34:50.954613 92.83% [CONSOLE] switch_loadable_module.c:2354 Stopping: mod_spandsp
2026-09-28 07:34:50.954613 92.83% [DEBUG] switch_event.c:2157 Event Binding deleted for mod_spandsp:RELOADXML
2026-09-28 07:34:50.954613 92.83% [DEBUG] switch_event.c:2157 Event Binding deleted for mod_spandsp:CUSTOM
2026-09-28 07:34:50.954613 92.83% [NOTICE] switch_event.c:468 Subclass reservation deleted for mod_spandsp.c:TDD::RECV_MESSAGE
2026-09-28 07:34:50.954613 92.83% [NOTICE] switch_event.c:468 Subclass reservation deleted for mod_spandsp.c:spandsp::txfaxnegociateresult
2026-09-28 07:34:50.954613 92.83% [NOTICE] switch_event.c:468 Subclass reservation deleted for mod_spandsp.c:spandsp::rxfaxnegociateresult
2026-09-28 07:34:50.954613 92.83% [NOTICE] switch_event.c:468 Subclass reservation deleted for mod_spandsp.c:spandsp::txfaxpageresult
2026-09-28 07:34:50.954613 92.83% [NOTICE] switch_event.c:468 Subclass reservation deleted for mod_spandsp.c:spandsp::rxfaxpageresult
2026-09-28 07:34:50.954613 92.83% [NOTICE] switch_event.c:468 Subclass reservation deleted for mod_spandsp.c:spandsp::txfaxresult
2026-09-28 07:34:50.954613 92.83% [NOTICE] switch_event.c:468 Subclass reservation deleted for mod_spandsp.c:spandsp::rxfaxresult
2026-09-28 07:34:50.954613 92.83% [DEBUG] mod_spandsp_fax.c:244 FAX timer thread ended.
2026-09-28 07:34:50.954613 92.83% [NOTICE] switch_loadable_module.c:1153 Deleting Codec G723 4 G.723.1 6.3k 8000hz 120ms
2026-09-28 07:34:50.954613 92.83% [NOTICE] switch_loadable_module.c:1153 Deleting Codec G723 4 G.723.1 6.3k 8000hz 90ms
2026-09-28 07:34:50.954613 92.83% [NOTICE] switch_loadable_module.c:1153 Deleting Codec G723 4 G.723.1 6.3k 8000hz 60ms
2026-09-28 07:34:50.954613 92.83% [NOTICE] switch_loadable_module.c:1153 Deleting Codec G723 4 G.723.1 6.3k 8000hz 30ms
2026-09-28 07:34:50.954613 92.83% [CONSOLE] switch_loadable_module.c:2357 mod_g723_1 has no shutdown routine
2026-09-28 07:34:50.954613 92.83% [NOTICE] switch_loadable_module.c:1285 Deleting API Function 'local_stream'
2026-09-28 07:34:50.954613 92.83% [DEBUG] switch_loadable_module.c:1287 Write lock interface 'local_stream' to wait for existing references.
2026-09-28 07:34:50.954613 92.83% [DEBUG] switch_loadable_module.c:1350 Write lock interface 'mod_local_stream' to wait for existing references.
2026-09-28 07:34:50.954613 92.83% [NOTICE] switch_loadable_module.c:1360 Deleting File Format 'local_stream'
2026-09-28 07:34:50.954613 92.83% [CONSOLE] switch_loadable_module.c:2354 Stopping: mod_local_stream
2026-09-28 07:34:50.954613 92.83% [DEBUG] switch_event.c:2157 Event Binding deleted for mod_local_stream:SHUTDOWN
2026-09-28 07:34:50.954613 92.83% [DEBUG] switch_loadable_module.c:1117 Write lock interface 'sofia' to wait for existing references.
2026-09-28 07:34:50.954613 92.83% [NOTICE] switch_loadable_module.c:1125 Deleting Endpoint 'sofia'
2026-09-28 07:34:50.954613 92.83% [DEBUG] switch_loadable_module.c:1117 Write lock interface 'rtp' to wait for existing references.
2026-09-28 07:34:50.954613 92.83% [NOTICE] switch_loadable_module.c:1125 Deleting Endpoint 'rtp'
2026-09-28 07:34:50.954613 92.83% [NOTICE] switch_loadable_module.c:1230 Deleting Application 'sofia_sla'
2026-09-28 07:34:50.954613 92.83% [DEBUG] switch_loadable_module.c:1232 Write lock interface 'sofia_sla' to wait for existing references.
2026-09-28 07:34:50.954613 92.83% [NOTICE] switch_loadable_module.c:1230 Deleting Application 'sofia_stir_shaken_vs'
2026-09-28 07:34:50.954613 92.83% [DEBUG] switch_loadable_module.c:1232 Write lock interface 'sofia_stir_shaken_vs' to wait for existing references.
2026-09-28 07:34:50.954613 92.83% [NOTICE] switch_loadable_module.c:1285 Deleting API Function 'sofia'
2026-09-28 07:34:50.954613 92.83% [DEBUG] switch_loadable_module.c:1287 Write lock interface 'sofia' to wait for existing references.
2026-09-28 07:34:50.954613 92.83% [NOTICE] switch_loadable_module.c:1285 Deleting API Function 'sofia_gateway_data'
2026-09-28 07:34:50.954613 92.83% [DEBUG] switch_loadable_module.c:1287 Write lock interface 'sofia_gateway_data' to wait for existing references.
2026-09-28 07:34:50.954613 92.83% [NOTICE] switch_loadable_module.c:1285 Deleting API Function 'sofia_username_of'
2026-09-28 07:34:50.954613 92.83% [DEBUG] switch_loadable_module.c:1287 Write lock interface 'sofia_username_of' to wait for existing references.
2026-09-28 07:34:50.954613 92.83% [NOTICE] switch_loadable_module.c:1285 Deleting API Function 'sofia_contact'
2026-09-28 07:34:50.954613 92.83% [DEBUG] switch_loadable_module.c:1287 Write lock interface 'sofia_contact' to wait for existing references.
2026-09-28 07:34:50.954613 92.83% [NOTICE] switch_loadable_module.c:1285 Deleting API Function 'sofia_count_reg'
2026-09-28 07:34:50.954613 92.83% [DEBUG] switch_loadable_module.c:1287 Write lock interface 'sofia_count_reg' to wait for existing references.
2026-09-28 07:34:50.954613 92.83% [NOTICE] switch_loadable_module.c:1285 Deleting API Function 'sofia_dig'
2026-09-28 07:34:50.954613 92.83% [DEBUG] switch_loadable_module.c:1287 Write lock interface 'sofia_dig' to wait for existing references.
2026-09-28 07:34:50.954613 92.83% [NOTICE] switch_loadable_module.c:1285 Deleting API Function 'sofia_presence_data'
2026-09-28 07:34:50.954613 92.83% [DEBUG] switch_loadable_module.c:1287 Write lock interface 'sofia_presence_data' to wait for existing references.
2026-09-28 07:34:50.954613 92.83% [NOTICE] switch_loadable_module.c:1317 Deleting API Function 'sofia.status'
2026-09-28 07:34:50.954613 92.83% [DEBUG] switch_loadable_module.c:1319 Write lock interface 'sofia.status' to wait for existing references.
2026-09-28 07:34:50.954613 92.83% [NOTICE] switch_loadable_module.c:1317 Deleting API Function 'sofia.status.info'
2026-09-28 07:34:50.954613 92.83% [DEBUG] switch_loadable_module.c:1319 Write lock interface 'sofia.status.info' to wait for existing references.
2026-09-28 07:34:50.954613 92.83% [DEBUG] switch_loadable_module.c:1537 Write lock interface 'sip' to wait for existing references.
2026-09-28 07:34:50.954613 92.83% [NOTICE] switch_loadable_module.c:1546 Deleting Chat interface 'sip'
2026-09-28 07:34:50.954613 92.83% [NOTICE] switch_loadable_module.c:1590 Deleting Management interface 'mod_sofia' OID[.1.3.6.1.4.1.27880.1001]
2026-09-28 07:34:50.954613 92.83% [CONSOLE] switch_loadable_module.c:2354 Stopping: mod_sofia
2026-09-28 07:34:50.974657 92.83% [NOTICE] switch_event.c:468 Subclass reservation deleted for mod_sofia.c:sofia::notify_refer
2026-09-28 07:34:50.974657 92.83% [NOTICE] switch_event.c:468 Subclass reservation deleted for mod_sofia.c:sofia::notify_watched_header
2026-09-28 07:34:50.974657 92.83% [NOTICE] switch_event.c:468 Subclass reservation deleted for mod_sofia.c:sofia::unregister
2026-09-28 07:34:50.974657 92.83% [NOTICE] switch_event.c:468 Subclass reservation deleted for mod_sofia.c:sofia::profile_start
2026-09-28 07:34:50.974657 92.83% [NOTICE] switch_event.c:468 Subclass reservation deleted for mod_sofia.c:sofia::reinvite
2026-09-28 07:34:50.974657 92.83% [NOTICE] switch_event.c:468 Subclass reservation deleted for mod_sofia.c:sofia::replaced
2026-09-28 07:34:50.974657 92.83% [NOTICE] switch_event.c:468 Subclass reservation deleted for mod_sofia.c:sofia::transferor
2026-09-28 07:34:50.974657 92.83% [NOTICE] switch_event.c:468 Subclass reservation deleted for mod_sofia.c:sofia::transferee
2026-09-28 07:34:50.974657 92.83% [NOTICE] switch_event.c:468 Subclass reservation deleted for mod_sofia.c:sofia::error
2026-09-28 07:34:50.974657 92.83% [NOTICE] switch_event.c:468 Subclass reservation deleted for mod_sofia.c:sofia::intercepted
2026-09-28 07:34:50.974657 92.83% [NOTICE] switch_event.c:468 Subclass reservation deleted for mod_sofia.c:sofia::gateway_state
2026-09-28 07:34:50.974657 92.83% [NOTICE] switch_event.c:468 Subclass reservation deleted for mod_sofia.c:sofia::sip_user_state
2026-09-28 07:34:50.974657 92.83% [NOTICE] switch_event.c:468 Subclass reservation deleted for mod_sofia.c:sofia::gateway_delete
2026-09-28 07:34:50.974657 92.83% [NOTICE] switch_event.c:468 Subclass reservation deleted for mod_sofia.c:sofia::expire
2026-09-28 07:34:50.974657 92.83% [NOTICE] switch_event.c:468 Subclass reservation deleted for mod_sofia.c:sofia::register_attempt
2026-09-28 07:34:50.974657 92.83% [NOTICE] switch_event.c:468 Subclass reservation deleted for mod_sofia.c:sofia::register_failure
2026-09-28 07:34:50.974657 92.83% [NOTICE] switch_event.c:468 Subclass reservation deleted for mod_sofia.c:sofia::pre_register
2026-09-28 07:34:50.974657 92.83% [NOTICE] switch_event.c:468 Subclass reservation deleted for mod_sofia.c:sofia::register
2026-09-28 07:34:50.974657 92.83% [NOTICE] switch_event.c:468 Subclass reservation deleted for mod_sofia.c:sofia::gateway_add
2026-09-28 07:34:50.974657 92.83% [NOTICE] switch_event.c:468 Subclass reservation deleted for mod_sofia.c:sofia::bye_response
2026-09-28 07:34:50.974657 92.83% [DEBUG] switch_event.c:2157 Event Binding deleted for mod_sofia:PRESENCE_IN
2026-09-28 07:34:50.974657 92.83% [DEBUG] switch_event.c:2157 Event Binding deleted for mod_sofia:PRESENCE_OUT
2026-09-28 07:34:50.974657 92.83% [DEBUG] switch_event.c:2157 Event Binding deleted for mod_sofia:PRESENCE_PROBE
2026-09-28 07:34:50.974657 92.83% [DEBUG] switch_event.c:2157 Event Binding deleted for mod_sofia:MESSAGE_WAITING
2026-09-28 07:34:50.974657 92.83% [DEBUG] switch_event.c:2157 Event Binding deleted for mod_sofia:ROSTER
2026-09-28 07:34:50.974657 92.83% [DEBUG] switch_event.c:2157 Event Binding deleted for mod_sofia:CONFERENCE_DATA
2026-09-28 07:34:50.974657 92.83% [DEBUG] switch_event.c:2157 Event Binding deleted for mod_sofia:TRAP
2026-09-28 07:34:50.974657 92.83% [DEBUG] switch_event.c:2157 Event Binding deleted for mod_sofia:NOTIFY
2026-09-28 07:34:50.974657 92.83% [DEBUG] switch_event.c:2157 Event Binding deleted for mod_sofia:PHONE_FEATURE
2026-09-28 07:34:50.974657 92.83% [DEBUG] switch_event.c:2157 Event Binding deleted for mod_sofia:SEND_MESSAGE
2026-09-28 07:34:50.974657 92.83% [DEBUG] switch_event.c:2157 Event Binding deleted for mod_sofia:SEND_INFO
2026-09-28 07:34:50.974657 92.83% [DEBUG] switch_event.c:2157 Event Binding deleted for mod_sofia:CUSTOM
2026-09-28 07:34:50.974657 92.83% [CONSOLE] sofia_presence.c:1663 Event Thread Ended
2026-09-28 07:34:51.154739 92.83% [DEBUG] switch_scheduler.c:147 Deleting task 3 limit_hash_cleanup (mod_hash)
2026-09-28 07:34:51.254665 92.83% [DEBUG] sofia_reg.c:328 Removing gateway obd-endpoint::platform-switch from hash.
2026-09-28 07:34:51.254665 92.83% [NOTICE] sofia_reg.c:141 UN-Registering platform-switch
2026-09-28 07:34:51.254665 92.83% [NOTICE] sofia_reg.c:342 Deleted gateway platform-switch
2026-09-28 07:34:51.254665 92.83% [NOTICE] sofia.c:3501 Waiting for worker thread
2026-09-28 07:34:51.294654 92.83% [INFO] switch_core_sqldb.c:1874 sofia:obd-endpoint Destroying SQL queue.
2026-09-28 07:34:51.594673 92.70% [INFO] switch_core_sqldb.c:1825 sofia:obd-endpoint Stopping SQL thread.
2026-09-28 07:34:51.594673 92.70% [DEBUG] sofia.c:3573 Write lock obd-endpoint
2026-09-28 07:34:51.614795 92.70% [DEBUG] sofia.c:3586 Write unlock obd-endpoint
2026-09-28 07:34:51.614795 92.70% [WARNING] sofia.c:2297 MSG Thread Ended
2026-09-28 07:34:51.614795 92.70% [NOTICE] switch_loadable_module.c:1285 Deleting API Function 'uuid_write_png'
2026-09-28 07:34:51.614795 92.70% [DEBUG] switch_loadable_module.c:1287 Write lock interface 'uuid_write_png' to wait for existing references.
2026-09-28 07:34:51.614795 92.70% [DEBUG] switch_loadable_module.c:1350 Write lock interface 'mod_png' to wait for existing references.
2026-09-28 07:34:51.614795 92.70% [NOTICE] switch_loadable_module.c:1360 Deleting File Format 'png'
2026-09-28 07:34:51.614795 92.70% [CONSOLE] switch_loadable_module.c:2354 Stopping: mod_png
2026-09-28 07:34:51.614795 92.70% [NOTICE] switch_loadable_module.c:1230 Deleting Application 'esf_page_group'
2026-09-28 07:34:51.614795 92.70% [DEBUG] switch_loadable_module.c:1232 Write lock interface 'esf_page_group' to wait for existing references.
2026-09-28 07:34:51.614795 92.70% [CONSOLE] switch_loadable_module.c:2357 mod_esf has no shutdown routine
2026-09-28 07:34:51.614795 92.70% [NOTICE] switch_loadable_module.c:1285 Deleting API Function 'sndfile_debug'
2026-09-28 07:34:51.614795 92.70% [DEBUG] switch_loadable_module.c:1287 Write lock interface 'sndfile_debug' to wait for existing references.
2026-09-28 07:34:51.614795 92.70% [DEBUG] switch_loadable_module.c:1350 Write lock interface 'mod_sndfile' to wait for existing references.
2026-09-28 07:34:51.614795 92.70% [NOTICE] switch_loadable_module.c:1360 Deleting File Format 'aiff'
2026-09-28 07:34:51.614795 92.70% [NOTICE] switch_loadable_module.c:1360 Deleting File Format 'au'
2026-09-28 07:34:51.614795 92.70% [NOTICE] switch_loadable_module.c:1360 Deleting File Format 'avr'
2026-09-28 07:34:51.614795 92.70% [NOTICE] switch_loadable_module.c:1360 Deleting File Format 'caf'
2026-09-28 07:34:51.614795 92.70% [NOTICE] switch_loadable_module.c:1360 Deleting File Format 'flac'
2026-09-28 07:34:51.614795 92.70% [NOTICE] switch_loadable_module.c:1360 Deleting File Format 'htk'
2026-09-28 07:34:51.614795 92.70% [NOTICE] switch_loadable_module.c:1360 Deleting File Format 'iff'
2026-09-28 07:34:51.614795 92.70% [NOTICE] switch_loadable_module.c:1360 Deleting File Format 'mat'
2026-09-28 07:34:51.614795 92.70% [NOTICE] switch_loadable_module.c:1360 Deleting File Format 'mpc'
2026-09-28 07:34:51.614795 92.70% [NOTICE] switch_loadable_module.c:1360 Deleting File Format 'm1a'
2026-09-28 07:34:51.614795 92.70% [NOTICE] switch_loadable_module.c:1360 Deleting File Format 'oga'
2026-09-28 07:34:51.614795 92.70% [NOTICE] switch_loadable_module.c:1360 Deleting File Format 'paf'
2026-09-28 07:34:51.614795 92.70% [NOTICE] switch_loadable_module.c:1360 Deleting File Format 'pvf'
2026-09-28 07:34:51.614795 92.70% [NOTICE] switch_loadable_module.c:1360 Deleting File Format 'raw'
2026-09-28 07:34:51.614795 92.70% [NOTICE] switch_loadable_module.c:1360 Deleting File Format 'rf64'
2026-09-28 07:34:51.614795 92.70% [NOTICE] switch_loadable_module.c:1360 Deleting File Format 'sd2'
2026-09-28 07:34:51.614795 92.70% [NOTICE] switch_loadable_module.c:1360 Deleting File Format 'sds'
2026-09-28 07:34:51.614795 92.70% [NOTICE] switch_loadable_module.c:1360 Deleting File Format 'sf'
2026-09-28 07:34:51.614795 92.70% [NOTICE] switch_loadable_module.c:1360 Deleting File Format 'voc'
2026-09-28 07:34:51.614795 92.70% [NOTICE] switch_loadable_module.c:1360 Deleting File Format 'w64'
2026-09-28 07:34:51.614795 92.70% [NOTICE] switch_loadable_module.c:1360 Deleting File Format 'wav'
2026-09-28 07:34:51.614795 92.70% [NOTICE] switch_loadable_module.c:1360 Deleting File Format 'wve'
2026-09-28 07:34:51.614795 92.70% [NOTICE] switch_loadable_module.c:1360 Deleting File Format 'xi'
2026-09-28 07:34:51.614795 92.70% [NOTICE] switch_loadable_module.c:1360 Deleting File Format 'r8'
2026-09-28 07:34:51.614795 92.70% [NOTICE] switch_loadable_module.c:1360 Deleting File Format 'r16'
2026-09-28 07:34:51.614795 92.70% [NOTICE] switch_loadable_module.c:1360 Deleting File Format 'r24'
2026-09-28 07:34:51.614795 92.70% [NOTICE] switch_loadable_module.c:1360 Deleting File Format 'r32'
2026-09-28 07:34:51.614795 92.70% [NOTICE] switch_loadable_module.c:1360 Deleting File Format 'gsm'
2026-09-28 07:34:51.614795 92.70% [NOTICE] switch_loadable_module.c:1360 Deleting File Format 'ul'
2026-09-28 07:34:51.614795 92.70% [NOTICE] switch_loadable_module.c:1360 Deleting File Format 'ulaw'
2026-09-28 07:34:51.614795 92.70% [NOTICE] switch_loadable_module.c:1360 Deleting File Format 'al'
2026-09-28 07:34:51.614795 92.70% [NOTICE] switch_loadable_module.c:1360 Deleting File Format 'alaw'
2026-09-28 07:34:51.614795 92.70% [NOTICE] switch_loadable_module.c:1360 Deleting File Format 'adpcm'
2026-09-28 07:34:51.614795 92.70% [NOTICE] switch_loadable_module.c:1360 Deleting File Format 'vox'
2026-09-28 07:34:51.614795 92.70% [NOTICE] switch_loadable_module.c:1360 Deleting File Format 'oga'
2026-09-28 07:34:51.614795 92.70% [NOTICE] switch_loadable_module.c:1360 Deleting File Format 'ogg'
2026-09-28 07:34:51.614795 92.70% [CONSOLE] switch_loadable_module.c:2354 Stopping: mod_sndfile
2026-09-28 07:34:51.614795 92.70% [DEBUG] switch_loadable_module.c:1565 Write lock interface 'en' to wait for existing references.
2026-09-28 07:34:51.614795 92.70% [NOTICE] switch_loadable_module.c:1573 Deleting Say interface 'en'
2026-09-28 07:34:51.614795 92.70% [CONSOLE] switch_loadable_module.c:2357 mod_say_en has no shutdown routine
2026-09-28 07:34:51.614795 92.70% [CONSOLE] switch_loadable_module.c:2354 Stopping: mod_logfile
2026-09-28 07:35:14.111935 0.00% [CONSOLE] switch_loadable_module.c:1772 Successfully Loaded [mod_logfile]
2026-09-28 07:35:14.122953 0.00% [CONSOLE] switch_loadable_module.c:1772 Successfully Loaded [mod_enum]
2026-09-28 07:35:14.123059 0.00% [NOTICE] switch_loadable_module.c:273 Adding Dialplan 'enum'
2026-09-28 07:35:14.123145 0.00% [NOTICE] switch_loadable_module.c:329 Adding Application 'enum'
2026-09-28 07:35:14.123176 0.00% [NOTICE] switch_loadable_module.c:389 Adding API Function 'enum'
2026-09-28 07:35:14.123200 0.00% [NOTICE] switch_loadable_module.c:389 Adding API Function 'enum_auto'
2026-09-28 07:35:14.124692 0.00% [DEBUG] mod_cdr_csv.c:368 Adding default template.
2026-09-28 07:35:14.124722 0.00% [DEBUG] mod_cdr_csv.c:415 Adding template sql.
2026-09-28 07:35:14.124742 0.00% [DEBUG] mod_cdr_csv.c:415 Adding template example.
2026-09-28 07:35:14.124750 0.00% [DEBUG] mod_cdr_csv.c:415 Adding template snom.
2026-09-28 07:35:14.124758 0.00% [DEBUG] mod_cdr_csv.c:415 Adding template linksys.
2026-09-28 07:35:14.124766 0.00% [DEBUG] mod_cdr_csv.c:415 Adding template asterisk.
2026-09-28 07:35:14.124773 0.00% [DEBUG] mod_cdr_csv.c:415 Adding template opencdrrate.
2026-09-28 07:35:14.127012 0.00% [CONSOLE] switch_loadable_module.c:1772 Successfully Loaded [mod_cdr_csv]
2026-09-28 07:35:14.127043 0.00% [NOTICE] switch_loadable_module.c:389 Adding API Function 'cdr_csv'
2026-09-28 07:35:14.131214 0.00% [CONSOLE] switch_loadable_module.c:1772 Successfully Loaded [mod_event_socket]
2026-09-28 07:35:14.131281 0.00% [NOTICE] switch_loadable_module.c:329 Adding Application 'socket'
2026-09-28 07:35:14.131351 0.00% [NOTICE] switch_loadable_module.c:389 Adding API Function 'event_sink'
2026-09-28 07:35:14.140183 0.00% [INFO] mod_sofia.c:6737 Starting initial message thread.
2026-09-28 07:35:14.141443 0.00% [DEBUG] sofia.c:4718 debug [0]
2026-09-28 07:35:14.141488 0.00% [DEBUG] sofia.c:4718 sip-trace [no]
2026-09-28 07:35:14.142139 0.00% [DEBUG] sofia.c:4718 sip-capture [no]
2026-09-28 07:35:14.142158 0.00% [DEBUG] sofia.c:4718 sip-port [5060]
2026-09-28 07:35:14.142332 0.00% [DEBUG] sofia.c:4718 listen-ip [0.0.0.0]
2026-09-28 07:35:14.142550 0.00% [DEBUG] sofia.c:4718 dialplan [XML]
2026-09-28 07:35:14.142569 0.00% [DEBUG] sofia.c:4718 context [obd-endpoint]
2026-09-28 07:35:14.142581 0.00% [DEBUG] sofia.c:4718 auth-calls [false]
2026-09-28 07:35:14.142644 0.00% [DEBUG] sofia.c:4718 auth-subscriptions [false]
2026-09-28 07:35:14.142658 0.00% [DEBUG] sofia.c:4718 challenge-realm [172.25.0.4]
2026-09-28 07:35:14.142669 0.00% [DEBUG] sofia.c:4718 inbound-codec-prefs [PCMU,PCMA]
2026-09-28 07:35:14.142680 0.00% [DEBUG] sofia.c:4718 outbound-codec-prefs [PCMU,PCMA]
2026-09-28 07:35:14.142691 0.00% [DEBUG] sofia.c:4718 rfc2833-pt [101]
2026-09-28 07:35:14.142698 0.00% [DEBUG] sofia.c:4718 liberal-dtmf [true]
2026-09-28 07:35:14.142794 0.00% [DEBUG] sofia.c:4718 dtmf-duration [2000]
2026-09-28 07:35:14.142810 0.00% [DEBUG] sofia.c:4718 inbound-codec-negotiation [generous]
2026-09-28 07:35:14.142822 0.00% [DEBUG] sofia.c:4718 rtp-timer-name [soft]
2026-09-28 07:35:14.142830 0.00% [DEBUG] sofia.c:4718 apply-inbound-acl [obd-dev-acl]
2026-09-28 07:35:14.142855 0.00% [INFO] sofia.c:6173 Setting nonce TTL to 60 seconds
2026-09-28 07:35:14.142859 0.00% [INFO] sofia.c:6178 Setting MAX Auth Validity to 0 Attempts
2026-09-28 07:35:14.143363 0.00% [NOTICE] sofia.c:6341 Started Profile obd-endpoint [sofia_reg_obd-endpoint]
2026-09-28 07:35:14.143967 0.00% [DEBUG] mod_sofia.c:6753 Waiting for profiles to start
2026-09-28 07:35:14.144119 0.00% [WARNING] sofia.c:2279 MSG Thread 0 Started
2026-09-28 07:35:14.148498 0.00% [DEBUG] sofia.c:3153 Creating agent for obd-endpoint
2026-09-28 07:35:14.207026 0.00% [DEBUG] sofia.c:3316 Created agent for obd-endpoint
2026-09-28 07:35:14.207429 0.00% [DEBUG] sofia.c:3366 Set params for obd-endpoint
2026-09-28 07:35:14.207842 0.00% [DEBUG] sofia.c:3413 Activated db for obd-endpoint
2026-09-28 07:35:14.218983 0.00% [INFO] switch_core_sqldb.c:1840 sofia:obd-endpoint Starting SQL thread.
2026-09-28 07:35:14.225669 0.00% [DEBUG] sofia.c:3451 Starting thread for obd-endpoint
2026-09-28 07:35:14.225723 0.00% [DEBUG] sofia.c:3043 Launching worker thread for obd-endpoint
2026-09-28 07:35:14.235676 0.00% [NOTICE] sofia_reg.c:3722 Added gateway 'platform-switch' to profile 'obd-endpoint'
2026-09-28 07:35:15.242504 0.00% [NOTICE] sofia_reg.c:463 Registering platform-switch
2026-09-28 07:35:15.646059 0.00% [CONSOLE] switch_loadable_module.c:1772 Successfully Loaded [mod_sofia]
2026-09-28 07:35:15.646175 0.00% [NOTICE] switch_loadable_module.c:172 Adding Endpoint 'sofia'
2026-09-28 07:35:15.646258 0.00% [NOTICE] switch_loadable_module.c:172 Adding Endpoint 'rtp'
2026-09-28 07:35:15.646289 0.00% [NOTICE] switch_loadable_module.c:329 Adding Application 'sofia_sla'
2026-09-28 07:35:15.646324 0.00% [NOTICE] switch_loadable_module.c:329 Adding Application 'sofia_stir_shaken_vs'
2026-09-28 07:35:15.646426 0.00% [NOTICE] switch_loadable_module.c:389 Adding API Function 'sofia'
2026-09-28 07:35:15.646456 0.00% [NOTICE] switch_loadable_module.c:389 Adding API Function 'sofia_gateway_data'
2026-09-28 07:35:15.646482 0.00% [NOTICE] switch_loadable_module.c:389 Adding API Function 'sofia_username_of'
2026-09-28 07:35:15.646510 0.00% [NOTICE] switch_loadable_module.c:389 Adding API Function 'sofia_contact'
2026-09-28 07:35:15.646538 0.00% [NOTICE] switch_loadable_module.c:389 Adding API Function 'sofia_count_reg'
2026-09-28 07:35:15.646562 0.00% [NOTICE] switch_loadable_module.c:389 Adding API Function 'sofia_dig'
2026-09-28 07:35:15.646575 0.00% [NOTICE] switch_loadable_module.c:389 Adding API Function 'sofia_presence_data'
2026-09-28 07:35:15.646588 0.00% [NOTICE] switch_loadable_module.c:419 Adding JSON API Function 'sofia.status'
2026-09-28 07:35:15.646728 0.00% [NOTICE] switch_loadable_module.c:419 Adding JSON API Function 'sofia.status.info'
2026-09-28 07:35:15.646756 0.00% [NOTICE] switch_loadable_module.c:621 Adding Chat interface 'sip'
2026-09-28 07:35:15.646976 0.00% [NOTICE] switch_loadable_module.c:683 Adding Management interface 'mod_sofia' OID[.1.3.6.1.4.1.27880.1001]
2026-09-28 07:35:15.650842 0.00% [CONSOLE] switch_loadable_module.c:1772 Successfully Loaded [mod_loopback]
2026-09-28 07:35:15.650908 0.00% [NOTICE] switch_loadable_module.c:172 Adding Endpoint 'loopback'
2026-09-28 07:35:15.651022 0.00% [NOTICE] switch_loadable_module.c:172 Adding Endpoint 'null'
2026-09-28 07:35:15.651057 0.00% [NOTICE] switch_loadable_module.c:329 Adding Application 'unloop'
2026-09-28 07:35:15.652891 0.00% [CONSOLE] switch_loadable_module.c:1772 Successfully Loaded [mod_rtc]
2026-09-28 07:35:15.652940 0.00% [NOTICE] switch_loadable_module.c:172 Adding Endpoint 'rtc'
2026-09-28 07:35:15.670810 0.00% [INFO] mod_verto.c:5331 Secure key and cert specified
2026-09-28 07:35:15.671000 0.00% [DEBUG] mod_verto.c:5445 default-v4 Bound to 172.25.0.4:8081
2026-09-28 07:35:15.671015 0.00% [DEBUG] mod_verto.c:5445 default-v4 Bound to 172.25.0.4:8082
2026-09-28 07:35:15.674672 0.00% [INFO] mod_verto.c:5331 Secure key and cert specified
2026-09-28 07:35:15.674815 0.00% [DEBUG] mod_verto.c:5445 default-v6 Bound to [::1]:8081
2026-09-28 07:35:15.674827 0.00% [DEBUG] mod_verto.c:5445 default-v6 Bound to [::1]:8082
2026-09-28 07:35:15.684656 0.00% [CONSOLE] switch_loadable_module.c:1772 Successfully Loaded [mod_verto]
2026-09-28 07:35:15.684778 0.00% [NOTICE] switch_loadable_module.c:172 Adding Endpoint 'verto.rtc'
2026-09-28 07:35:15.684919 0.00% [NOTICE] switch_loadable_module.c:389 Adding API Function 'verto'
2026-09-28 07:35:15.684954 0.00% [NOTICE] switch_loadable_module.c:389 Adding API Function 'verto_contact'
2026-09-28 07:35:15.685019 0.00% [NOTICE] switch_loadable_module.c:419 Adding JSON API Function 'store'
2026-09-28 07:35:15.685070 0.00% [NOTICE] switch_loadable_module.c:621 Adding Chat interface 'verto'
2026-09-28 07:35:15.686857 0.00% [INFO] mod_verto.c:5101 default-v4 MCAST Bound to 224.1.1.1:1337/1338
2026-09-28 07:35:15.696915 0.00% [CONSOLE] switch_loadable_module.c:1772 Successfully Loaded [mod_commands]
2026-09-28 07:35:15.697034 0.00% [NOTICE] switch_loadable_module.c:329 Adding Application 'msrp_recv_file'
2026-09-28 07:35:15.697118 0.00% [NOTICE] switch_loadable_module.c:329 Adding Application 'msrp_send_file'
2026-09-28 07:35:15.697143 0.00% [NOTICE] switch_loadable_module.c:389 Adding API Function 'bg_system'
2026-09-28 07:35:15.697168 0.00% [NOTICE] switch_loadable_module.c:389 Adding API Function 'system'
2026-09-28 07:35:15.697188 0.00% [NOTICE] switch_loadable_module.c:389 Adding API Function 'bg_spawn'
2026-09-28 07:35:15.697214 0.00% [NOTICE] switch_loadable_module.c:389 Adding API Function 'spawn'
2026-09-28 07:35:15.697234 0.00% [NOTICE] switch_loadable_module.c:389 Adding API Function 'spawn_stream'
2026-09-28 07:35:15.697252 0.00% [NOTICE] switch_loadable_module.c:389 Adding API Function 'acl'
2026-09-28 07:35:15.697274 0.00% [NOTICE] switch_loadable_module.c:389 Adding API Function 'alias'
2026-09-28 07:35:15.697362 0.00% [NOTICE] switch_loadable_module.c:389 Adding API Function 'coalesce'
2026-09-28 07:35:15.697439 0.00% [NOTICE] switch_loadable_module.c:389 Adding API Function 'banner'
2026-09-28 07:35:15.697460 0.00% [NOTICE] switch_loadable_module.c:389 Adding API Function 'bgapi'
2026-09-28 07:35:15.697481 0.00% [NOTICE] switch_loadable_module.c:389 Adding API Function 'break'
2026-09-28 07:35:15.697509 0.00% [NOTICE] switch_loadable_module.c:389 Adding API Function 'complete'
2026-09-28 07:35:15.697529 0.00% [NOTICE] switch_loadable_module.c:389 Adding API Function 'cond'
2026-09-28 07:35:15.697551 0.00% [NOTICE] switch_loadable_module.c:389 Adding API Function 'console_complete'
2026-09-28 07:35:15.697571 0.00% [NOTICE] switch_loadable_module.c:389 Adding API Function 'console_complete_xml'
2026-09-28 07:35:15.697591 0.00% [NOTICE] switch_loadable_module.c:389 Adding API Function 'create_uuid'
2026-09-28 07:35:15.697615 0.00% [NOTICE] switch_loadable_module.c:389 Adding API Function 'db_cache'
2026-09-28 07:35:15.697634 0.00% [NOTICE] switch_loadable_module.c:389 Adding API Function 'domain_data'
2026-09-28 07:35:15.697685 0.00% [NOTICE] switch_loadable_module.c:389 Adding API Function 'domain_exists'
2026-09-28 07:35:15.697706 0.00% [NOTICE] switch_loadable_module.c:389 Adding API Function 'echo'
2026-09-28 07:35:15.697723 0.00% [NOTICE] switch_loadable_module.c:389 Adding API Function 'event_channel_broadcast'
2026-09-28 07:35:15.697762 0.00% [NOTICE] switch_loadable_module.c:389 Adding API Function 'escape'
2026-09-28 07:35:15.697782 0.00% [NOTICE] switch_loadable_module.c:389 Adding API Function 'eval'
2026-09-28 07:35:15.697801 0.00% [NOTICE] switch_loadable_module.c:389 Adding API Function 'expand'
2026-09-28 07:35:15.697822 0.00% [NOTICE] switch_loadable_module.c:389 Adding API Function 'find_user_xml'
2026-09-28 07:35:15.697841 0.00% [NOTICE] switch_loadable_module.c:389 Adding API Function 'fsctl'
2026-09-28 07:35:15.697957 0.00% [NOTICE] switch_loadable_module.c:389 Adding API Function '...'
2026-09-28 07:35:15.697981 0.00% [NOTICE] switch_loadable_module.c:389 Adding API Function 'shutdown'
2026-09-28 07:35:15.698004 0.00% [NOTICE] switch_loadable_module.c:389 Adding API Function 'version'
2026-09-28 07:35:15.698026 0.00% [NOTICE] switch_loadable_module.c:389 Adding API Function 'global_getvar'
2026-09-28 07:35:15.698055 0.00% [NOTICE] switch_loadable_module.c:389 Adding API Function 'global_setvar'
2026-09-28 07:35:15.698075 0.00% [NOTICE] switch_loadable_module.c:389 Adding API Function 'group_call'
2026-09-28 07:35:15.698096 0.00% [NOTICE] switch_loadable_module.c:389 Adding API Function 'help'
2026-09-28 07:35:15.698119 0.00% [NOTICE] switch_loadable_module.c:389 Adding API Function 'host_lookup'
2026-09-28 07:35:15.698139 0.00% [NOTICE] switch_loadable_module.c:389 Adding API Function 'hostname'
2026-09-28 07:35:15.698159 0.00% [NOTICE] switch_loadable_module.c:389 Adding API Function 'interface_ip'
2026-09-28 07:35:15.698182 0.00% [NOTICE] switch_loadable_module.c:389 Adding API Function 'switchname'
2026-09-28 07:35:15.698221 0.00% [NOTICE] switch_loadable_module.c:389 Adding API Function 'gethost'
2026-09-28 07:35:15.698244 0.00% [NOTICE] switch_loadable_module.c:389 Adding API Function 'getenv'
2026-09-28 07:35:15.698269 0.00% [NOTICE] switch_loadable_module.c:389 Adding API Function 'hupall'
2026-09-28 07:35:15.698290 0.00% [NOTICE] switch_loadable_module.c:389 Adding API Function 'in_group'
2026-09-28 07:35:15.698309 0.00% [NOTICE] switch_loadable_module.c:389 Adding API Function 'is_lan_addr'
2026-09-28 07:35:15.698333 0.00% [NOTICE] switch_loadable_module.c:389 Adding API Function 'limit_usage'
2026-09-28 07:35:15.698352 0.00% [NOTICE] switch_loadable_module.c:389 Adding API Function 'limit_hash_usage'
2026-09-28 07:35:15.698464 0.00% [NOTICE] switch_loadable_module.c:389 Adding API Function 'limit_status'
2026-09-28 07:35:15.698487 0.00% [NOTICE] switch_loadable_module.c:389 Adding API Function 'limit_reset'
2026-09-28 07:35:15.698515 0.00% [NOTICE] switch_loadable_module.c:389 Adding API Function 'limit_interval_reset'
2026-09-28 07:35:15.698536 0.00% [NOTICE] switch_loadable_module.c:389 Adding API Function 'list_users'
2026-09-28 07:35:15.698565 0.00% [NOTICE] switch_loadable_module.c:389 Adding API Function 'load'
2026-09-28 07:35:15.698584 0.00% [NOTICE] switch_loadable_module.c:389 Adding API Function 'log'
2026-09-28 07:35:15.698667 0.00% [NOTICE] switch_loadable_module.c:389 Adding API Function 'md5'
2026-09-28 07:35:15.698688 0.00% [NOTICE] switch_loadable_module.c:389 Adding API Function 'module_exists'
2026-09-28 07:35:15.698710 0.00% [NOTICE] switch_loadable_module.c:389 Adding API Function 'msleep'
2026-09-28 07:35:15.698728 0.00% [NOTICE] switch_loadable_module.c:389 Adding API Function 'nat_map'
2026-09-28 07:35:15.698763 0.00% [NOTICE] switch_loadable_module.c:389 Adding API Function 'originate'
2026-09-28 07:35:15.698783 0.00% [NOTICE] switch_loadable_module.c:389 Adding API Function 'pause'
2026-09-28 07:35:15.698804 0.00% [NOTICE] switch_loadable_module.c:389 Adding API Function 'pool_stats'
2026-09-28 07:35:15.698903 0.00% [NOTICE] switch_loadable_module.c:389 Adding API Function 'quote_shell_arg'
2026-09-28 07:35:15.698925 0.00% [NOTICE] switch_loadable_module.c:389 Adding API Function 'regex'
2026-09-28 07:35:15.698950 0.00% [NOTICE] switch_loadable_module.c:389 Adding API Function 'reloadacl'
2026-09-28 07:35:15.698971 0.00% [NOTICE] switch_loadable_module.c:389 Adding API Function 'reload'
2026-09-28 07:35:15.698995 0.00% [NOTICE] switch_loadable_module.c:389 Adding API Function 'reloadxml'
2026-09-28 07:35:15.699083 0.00% [NOTICE] switch_loadable_module.c:389 Adding API Function 'reloadcert'
2026-09-28 07:35:15.699108 0.00% [NOTICE] switch_loadable_module.c:389 Adding API Function 'replace'
2026-09-28 07:35:15.699128 0.00% [NOTICE] switch_loadable_module.c:389 Adding API Function 'say_string'
2026-09-28 07:35:15.699146 0.00% [NOTICE] switch_loadable_module.c:389 Adding API Function 'sched_api'
2026-09-28 07:35:15.699213 0.00% [NOTICE] switch_loadable_module.c:389 Adding API Function 'sched_broadcast'
2026-09-28 07:35:15.699234 0.00% [NOTICE] switch_loadable_module.c:389 Adding API Function 'sched_del'
2026-09-28 07:35:15.699255 0.00% [NOTICE] switch_loadable_module.c:389 Adding API Function 'sched_hangup'
2026-09-28 07:35:15.699277 0.00% [NOTICE] switch_loadable_module.c:389 Adding API Function 'sched_transfer'
2026-09-28 07:35:15.699299 0.00% [NOTICE] switch_loadable_module.c:389 Adding API Function 'show'
2026-09-28 07:35:15.699323 0.00% [NOTICE] switch_loadable_module.c:389 Adding API Function 'sql_escape'
2026-09-28 07:35:15.699343 0.00% [NOTICE] switch_loadable_module.c:389 Adding API Function 'status'
2026-09-28 07:35:15.699363 0.00% [NOTICE] switch_loadable_module.c:389 Adding API Function 'strftime_tz'
2026-09-28 07:35:15.699384 0.00% [NOTICE] switch_loadable_module.c:389 Adding API Function 'stun'
2026-09-28 07:35:15.699405 0.00% [NOTICE] switch_loadable_module.c:389 Adding API Function 'time_test'
2026-09-28 07:35:15.699429 0.00% [NOTICE] switch_loadable_module.c:389 Adding API Function 'timer_test'
2026-09-28 07:35:15.699452 0.00% [NOTICE] switch_loadable_module.c:389 Adding API Function 'tone_detect'
2026-09-28 07:35:15.699476 0.00% [NOTICE] switch_loadable_module.c:389 Adding API Function 'unload'
2026-09-28 07:35:15.699533 0.00% [NOTICE] switch_loadable_module.c:389 Adding API Function 'unsched_api'
2026-09-28 07:35:15.699561 0.00% [NOTICE] switch_loadable_module.c:389 Adding API Function 'uptime'
2026-09-28 07:35:15.699584 0.00% [NOTICE] switch_loadable_module.c:389 Adding API Function 'reg_url'
2026-09-28 07:35:15.699647 0.00% [NOTICE] switch_loadable_module.c:389 Adding API Function 'url_decode'
2026-09-28 07:35:15.699673 0.00% [NOTICE] switch_loadable_module.c:389 Adding API Function 'url_encode'
2026-09-28 07:35:15.699697 0.00% [NOTICE] switch_loadable_module.c:389 Adding API Function 'toupper'
2026-09-28 07:35:15.699720 0.00% [NOTICE] switch_loadable_module.c:389 Adding API Function 'tolower'
2026-09-28 07:35:15.699740 0.00% [NOTICE] switch_loadable_module.c:389 Adding API Function 'user_data'
2026-09-28 07:35:15.699766 0.00% [NOTICE] switch_loadable_module.c:389 Adding API Function 'uuid_early_ok'
2026-09-28 07:35:15.699914 0.00% [NOTICE] switch_loadable_module.c:389 Adding API Function 'user_exists'
2026-09-28 07:35:15.699949 0.00% [NOTICE] switch_loadable_module.c:389 Adding API Function 'uuid_answer'
2026-09-28 07:35:15.699961 0.00% [NOTICE] switch_loadable_module.c:389 Adding API Function 'uuid_audio'
2026-09-28 07:35:15.699973 0.00% [NOTICE] switch_loadable_module.c:389 Adding API Function 'uuid_break'
2026-09-28 07:35:15.699985 0.00% [NOTICE] switch_loadable_module.c:389 Adding API Function 'uuid_bridge'
2026-09-28 07:35:15.700007 0.00% [NOTICE] switch_loadable_module.c:389 Adding API Function 'uuid_broadcast'
2026-09-28 07:35:15.700028 0.00% [NOTICE] switch_loadable_module.c:389 Adding API Function 'uuid_buglist'
2026-09-28 07:35:15.700048 0.00% [NOTICE] switch_loadable_module.c:389 Adding API Function 'uuid_chat'
2026-09-28 07:35:15.700069 0.00% [NOTICE] switch_loadable_module.c:389 Adding API Function 'uuid_send_text'
2026-09-28 07:35:15.700090 0.00% [NOTICE] switch_loadable_module.c:389 Adding API Function 'uuid_capture_text'
2026-09-28 07:35:15.700161 0.00% [NOTICE] switch_loadable_module.c:389 Adding API Function 'uuid_codec_debug'
2026-09-28 07:35:15.700186 0.00% [NOTICE] switch_loadable_module.c:389 Adding API Function 'uuid_codec_param'
2026-09-28 07:35:15.700220 0.00% [NOTICE] switch_loadable_module.c:389 Adding API Function 'uuid_debug_media'
2026-09-28 07:35:15.700245 0.00% [NOTICE] switch_loadable_module.c:389 Adding API Function 'uuid_deflect'
2026-09-28 07:35:15.700267 0.00% [NOTICE] switch_loadable_module.c:389 Adding API Function 'uuid_displace'
2026-09-28 07:35:15.700287 0.00% [NOTICE] switch_loadable_module.c:389 Adding API Function 'uuid_display'
2026-09-28 07:35:15.700309 0.00% [NOTICE] switch_loadable_module.c:389 Adding API Function 'uuid_media_params'
2026-09-28 07:35:15.700336 0.00% [NOTICE] switch_loadable_module.c:389 Adding API Function 'uuid_drop_dtmf'
2026-09-28 07:35:15.700367 0.00% [NOTICE] switch_loadable_module.c:389 Adding API Function 'uuid_dump'
2026-09-28 07:35:15.700387 0.00% [NOTICE] switch_loadable_module.c:389 Adding API Function 'uuid_exists'
2026-09-28 07:35:15.700448 0.00% [NOTICE] switch_loadable_module.c:389 Adding API Function 'uuid_fileman'
2026-09-28 07:35:15.700467 0.00% [NOTICE] switch_loadable_module.c:389 Adding API Function 'uuid_flush_dtmf'
2026-09-28 07:35:15.700487 0.00% [NOTICE] switch_loadable_module.c:389 Adding API Function 'uuid_getvar'
2026-09-28 07:35:15.700514 0.00% [NOTICE] switch_loadable_module.c:389 Adding API Function 'uuid_hold'
2026-09-28 07:35:15.700561 0.00% [NOTICE] switch_loadable_module.c:389 Adding API Function 'uuid_kill'
2026-09-28 07:35:15.700585 0.00% [NOTICE] switch_loadable_module.c:389 Adding API Function 'uuid_send_message'
2026-09-28 07:35:15.700653 0.00% [NOTICE] switch_loadable_module.c:389 Adding API Function 'uuid_send_info'
2026-09-28 07:35:15.700675 0.00% [NOTICE] switch_loadable_module.c:389 Adding API Function 'uuid_set_media_stats'
2026-09-28 07:35:15.700694 0.00% [NOTICE] switch_loadable_module.c:389 Adding API Function 'uuid_video_bitrate'
2026-09-28 07:35:15.700735 0.00% [NOTICE] switch_loadable_module.c:389 Adding API Function 'uuid_video_bandwidth'
2026-09-28 07:35:15.700788 0.00% [NOTICE] switch_loadable_module.c:389 Adding API Function 'uuid_video_refresh'
2026-09-28 07:35:15.700847 0.00% [NOTICE] switch_loadable_module.c:389 Adding API Function 'uuid_outgoing_answer'
2026-09-28 07:35:15.700869 0.00% [NOTICE] switch_loadable_module.c:389 Adding API Function 'uuid_limit'
2026-09-28 07:35:15.700934 0.00% [NOTICE] switch_loadable_module.c:389 Adding API Function 'uuid_limit_release'
2026-09-28 07:35:15.700958 0.00% [NOTICE] switch_loadable_module.c:389 Adding API Function 'uuid_loglevel'
2026-09-28 07:35:15.700981 0.00% [NOTICE] switch_loadable_module.c:389 Adding API Function 'uuid_media'
2026-09-28 07:35:15.701000 0.00% [NOTICE] switch_loadable_module.c:389 Adding API Function 'uuid_media_3p'
2026-09-28 07:35:15.701020 0.00% [NOTICE] switch_loadable_module.c:389 Adding API Function 'uuid_media_reneg'
2026-09-28 07:35:15.701042 0.00% [NOTICE] switch_loadable_module.c:389 Adding API Function 'uuid_park'
2026-09-28 07:35:15.701064 0.00% [NOTICE] switch_loadable_module.c:389 Adding API Function 'uuid_pause'
2026-09-28 07:35:15.701084 0.00% [NOTICE] switch_loadable_module.c:389 Adding API Function 'uuid_phone_event'
2026-09-28 07:35:15.701177 0.00% [NOTICE] switch_loadable_module.c:389 Adding API Function 'uuid_ring_ready'
2026-09-28 07:35:15.701204 0.00% [NOTICE] switch_loadable_module.c:389 Adding API Function 'uuid_pre_answer'
2026-09-28 07:35:15.701227 0.00% [NOTICE] switch_loadable_module.c:389 Adding API Function 'uuid_preprocess'
2026-09-28 07:35:15.701252 0.00% [NOTICE] switch_loadable_module.c:389 Adding API Function 'uuid_record'
2026-09-28 07:35:15.701272 0.00% [NOTICE] switch_loadable_module.c:389 Adding API Function 'uuid_recovery_refresh'
2026-09-28 07:35:15.701292 0.00% [NOTICE] switch_loadable_module.c:389 Adding API Function 'uuid_recv_dtmf'
2026-09-28 07:35:15.701313 0.00% [NOTICE] switch_loadable_module.c:389 Adding API Function 'uuid_redirect'
2026-09-28 07:35:15.701335 0.00% [NOTICE] switch_loadable_module.c:389 Adding API Function 'uuid_send_dtmf'
2026-09-28 07:35:15.701353 0.00% [NOTICE] switch_loadable_module.c:389 Adding API Function 'uuid_session_heartbeat'
2026-09-28 07:35:15.701375 0.00% [NOTICE] switch_loadable_module.c:389 Adding API Function 'uuid_setvar_multi'
2026-09-28 07:35:15.701417 0.00% [NOTICE] switch_loadable_module.c:389 Adding API Function 'uuid_setvar'
2026-09-28 07:35:15.701435 0.00% [NOTICE] switch_loadable_module.c:389 Adding API Function 'uuid_transfer'
2026-09-28 07:35:15.701454 0.00% [NOTICE] switch_loadable_module.c:389 Adding API Function 'uuid_dual_transfer'
2026-09-28 07:35:15.701479 0.00% [NOTICE] switch_loadable_module.c:389 Adding API Function 'uuid_simplify'
2026-09-28 07:35:15.701498 0.00% [NOTICE] switch_loadable_module.c:389 Adding API Function 'uuid_jitterbuffer'
2026-09-28 07:35:15.701517 0.00% [NOTICE] switch_loadable_module.c:389 Adding API Function 'uuid_zombie_exec'
2026-09-28 07:35:15.701534 0.00% [NOTICE] switch_loadable_module.c:389 Adding API Function 'uuid_xfer_zombie'
2026-09-28 07:35:15.701603 0.00% [NOTICE] switch_loadable_module.c:389 Adding API Function 'xml_flush_cache'
2026-09-28 07:35:15.701625 0.00% [NOTICE] switch_loadable_module.c:389 Adding API Function 'xml_locate'
2026-09-28 07:35:15.701645 0.00% [NOTICE] switch_loadable_module.c:389 Adding API Function 'xml_wrap'
2026-09-28 07:35:15.701664 0.00% [NOTICE] switch_loadable_module.c:389 Adding API Function 'file_exists'
2026-09-28 07:35:15.701686 0.00% [NOTICE] switch_loadable_module.c:389 Adding API Function 'getcputime'
2026-09-28 07:35:15.701741 0.00% [NOTICE] switch_loadable_module.c:389 Adding API Function 'json'
2026-09-28 07:35:15.701760 0.00% [NOTICE] switch_loadable_module.c:389 Adding API Function 'memory'
2026-09-28 07:35:15.701781 0.00% [NOTICE] switch_loadable_module.c:389 Adding API Function 'msrp'
2026-09-28 07:35:15.701800 0.00% [NOTICE] switch_loadable_module.c:389 Adding API Function 'uuid_msrp_send'
2026-09-28 07:35:15.701823 0.00% [NOTICE] switch_loadable_module.c:419 Adding JSON API Function 'mediaStats'
2026-09-28 07:35:15.701848 0.00% [NOTICE] switch_loadable_module.c:419 Adding JSON API Function 'status'
2026-09-28 07:35:15.701867 0.00% [NOTICE] switch_loadable_module.c:419 Adding JSON API Function 'fsapi'
2026-09-28 07:35:15.701891 0.00% [NOTICE] switch_loadable_module.c:419 Adding JSON API Function 'execute'
2026-09-28 07:35:15.701910 0.00% [NOTICE] switch_loadable_module.c:419 Adding JSON API Function 'channelData'
2026-09-28 07:35:15.708309 0.00% [CONSOLE] switch_loadable_module.c:1772 Successfully Loaded [mod_conference]
2026-09-28 07:35:15.708347 0.00% [NOTICE] switch_loadable_module.c:329 Adding Application 'conference'
2026-09-28 07:35:15.708376 0.00% [NOTICE] switch_loadable_module.c:329 Adding Application 'conference_set_auto_outcall'
2026-09-28 07:35:15.708436 0.00% [NOTICE] switch_loadable_module.c:389 Adding API Function 'conference'
2026-09-28 07:35:15.708463 0.00% [NOTICE] switch_loadable_module.c:621 Adding Chat interface 'conf'
2026-09-28 07:35:15.708888 0.00% [CONSOLE] sofia_presence.c:1621 Event Thread Started
2026-09-28 07:35:15.713548 0.00% [CONSOLE] switch_loadable_module.c:1772 Successfully Loaded [mod_db]
2026-09-28 07:35:15.713584 0.00% [NOTICE] switch_loadable_module.c:329 Adding Application 'db'
2026-09-28 07:35:15.713636 0.00% [NOTICE] switch_loadable_module.c:329 Adding Application 'group'
2026-09-28 07:35:15.713675 0.00% [NOTICE] switch_loadable_module.c:389 Adding API Function 'db'
2026-09-28 07:35:15.713753 0.00% [NOTICE] switch_loadable_module.c:389 Adding API Function 'group'
2026-09-28 07:35:15.713775 0.00% [NOTICE] switch_loadable_module.c:717 Adding Limit interface 'db'
2026-09-28 07:35:16.210819 0.00% [CONSOLE] switch_loadable_module.c:1772 Successfully Loaded [mod_dptools]
2026-09-28 07:35:16.210910 0.00% [NOTICE] switch_loadable_module.c:172 Adding Endpoint 'error'
2026-09-28 07:35:16.210974 0.00% [NOTICE] switch_loadable_module.c:172 Adding Endpoint 'group'
2026-09-28 07:35:16.210994 0.00% [NOTICE] switch_loadable_module.c:172 Adding Endpoint 'user'
2026-09-28 07:35:16.211008 0.00% [NOTICE] switch_loadable_module.c:172 Adding Endpoint 'pickup'
2026-09-28 07:35:16.211025 0.00% [NOTICE] switch_loadable_module.c:273 Adding Dialplan 'inline'
2026-09-28 07:35:16.211049 0.00% [NOTICE] switch_loadable_module.c:329 Adding Application 'blind_transfer_ack'
2026-09-28 07:35:16.211069 0.00% [NOTICE] switch_loadable_module.c:329 Adding Application 'bind_digit_action'
2026-09-28 07:35:16.211318 0.00% [NOTICE] switch_loadable_module.c:329 Adding Application 'capture'
2026-09-28 07:35:16.211338 0.00% [NOTICE] switch_loadable_module.c:329 Adding Application 'clear_digit_action'
2026-09-28 07:35:16.211352 0.00% [NOTICE] switch_loadable_module.c:329 Adding Application 'digit_action_set_realm'
2026-09-28 07:35:16.211369 0.00% [NOTICE] switch_loadable_module.c:329 Adding Application 'privacy'
2026-09-28 07:35:16.211383 0.00% [NOTICE] switch_loadable_module.c:329 Adding Application 'set_audio_level'
2026-09-28 07:35:16.211396 0.00% [NOTICE] switch_loadable_module.c:329 Adding Application 'set_mute'
2026-09-28 07:35:16.211408 0.00% [NOTICE] switch_loadable_module.c:329 Adding Application 'flush_dtmf'
2026-09-28 07:35:16.211419 0.00% [NOTICE] switch_loadable_module.c:329 Adding Application 'hold'
2026-09-28 07:35:16.211432 0.00% [NOTICE] switch_loadable_module.c:329 Adding Application 'unhold'
2026-09-28 07:35:16.211444 0.00% [NOTICE] switch_loadable_module.c:329 Adding Application 'mutex'
2026-09-28 07:35:16.211458 0.00% [NOTICE] switch_loadable_module.c:329 Adding Application 'page'
2026-09-28 07:35:16.211470 0.00% [NOTICE] switch_loadable_module.c:329 Adding Application 'transfer'
2026-09-28 07:35:16.211483 0.00% [NOTICE] switch_loadable_module.c:329 Adding Application 'check_acl'
2026-09-28 07:35:16.211495 0.00% [NOTICE] switch_loadable_module.c:329 Adding Application 'verbose_events'
2026-09-28 07:35:16.211507 0.00% [NOTICE] switch_loadable_module.c:329 Adding Application 'novideo'
2026-09-28 07:35:16.211518 0.00% [NOTICE] switch_loadable_module.c:329 Adding Application 'cng_plc'
2026-09-28 07:35:16.211529 0.00% [NOTICE] switch_loadable_module.c:329 Adding Application 'early_hangup'
2026-09-28 07:35:16.211541 0.00% [NOTICE] switch_loadable_module.c:329 Adding Application 'sleep'
2026-09-28 07:35:16.211553 0.00% [NOTICE] switch_loadable_module.c:329 Adding Application 'delay_echo'
2026-09-28 07:35:16.211565 0.00% [NOTICE] switch_loadable_module.c:329 Adding Application 'strftime'
2026-09-28 07:35:16.211577 0.00% [NOTICE] switch_loadable_module.c:329 Adding Application 'phrase'
2026-09-28 07:35:16.211590 0.00% [NOTICE] switch_loadable_module.c:329 Adding Application 'eval'
2026-09-28 07:35:16.211601 0.00% [NOTICE] switch_loadable_module.c:329 Adding Application 'set_media_stats'
2026-09-28 07:35:16.211663 0.00% [NOTICE] switch_loadable_module.c:329 Adding Application 'stop'
2026-09-28 07:35:16.211673 0.00% [NOTICE] switch_loadable_module.c:329 Adding Application 'set_zombie_exec'
2026-09-28 07:35:16.211684 0.00% [NOTICE] switch_loadable_module.c:329 Adding Application 'pre_answer'
2026-09-28 07:35:16.211696 0.00% [NOTICE] switch_loadable_module.c:329 Adding Application 'answer'
2026-09-28 07:35:16.211709 0.00% [NOTICE] switch_loadable_module.c:329 Adding Application 'wait_for_answer'
2026-09-28 07:35:16.211739 0.00% [NOTICE] switch_loadable_module.c:329 Adding Application 'wait_for_video_ready'
2026-09-28 07:35:16.211752 0.00% [NOTICE] switch_loadable_module.c:329 Adding Application 'hangup'
2026-09-28 07:35:16.211764 0.00% [NOTICE] switch_loadable_module.c:329 Adding Application 'set_name'
2026-09-28 07:35:16.211775 0.00% [NOTICE] switch_loadable_module.c:329 Adding Application 'presence'
2026-09-28 07:35:16.211786 0.00% [NOTICE] switch_loadable_module.c:329 Adding Application 'log'
2026-09-28 07:35:16.211797 0.00% [NOTICE] switch_loadable_module.c:329 Adding Application 'info'
2026-09-28 07:35:16.211810 0.00% [NOTICE] switch_loadable_module.c:329 Adding Application 'event'
2026-09-28 07:35:16.211831 0.00% [NOTICE] switch_loadable_module.c:329 Adding Application 'sound_test'
2026-09-28 07:35:16.211886 0.00% [NOTICE] switch_loadable_module.c:329 Adding Application 'export'
2026-09-28 07:35:16.211900 0.00% [NOTICE] switch_loadable_module.c:329 Adding Application 'bridge_export'
2026-09-28 07:35:16.211912 0.00% [NOTICE] switch_loadable_module.c:329 Adding Application 'set'
2026-09-28 07:35:16.211923 0.00% [NOTICE] switch_loadable_module.c:329 Adding Application 'multiset'
2026-09-28 07:35:16.211933 0.00% [NOTICE] switch_loadable_module.c:329 Adding Application 'push'
2026-09-28 07:35:16.211945 0.00% [NOTICE] switch_loadable_module.c:329 Adding Application 'unshift'
2026-09-28 07:35:16.211960 0.00% [NOTICE] switch_loadable_module.c:329 Adding Application 'set_global'
2026-09-28 07:35:16.211985 0.00% [NOTICE] switch_loadable_module.c:329 Adding Application 'set_profile_var'
2026-09-28 07:35:16.211997 0.00% [NOTICE] switch_loadable_module.c:329 Adding Application 'unset'
2026-09-28 07:35:16.212009 0.00% [NOTICE] switch_loadable_module.c:329 Adding Application 'multiunset'
2026-09-28 07:35:16.212099 0.00% [NOTICE] switch_loadable_module.c:329 Adding Application 'capture_text'
2026-09-28 07:35:16.212117 0.00% [NOTICE] switch_loadable_module.c:329 Adding Application 'acknowledge_call'
2026-09-28 07:35:16.212190 0.00% [NOTICE] switch_loadable_module.c:329 Adding Application 'ring_ready'
2026-09-28 07:35:16.212213 0.00% [NOTICE] switch_loadable_module.c:329 Adding Application 'remove_bugs'
2026-09-28 07:35:16.212236 0.00% [NOTICE] switch_loadable_module.c:329 Adding Application 'break'
2026-09-28 07:35:16.212247 0.00% [NOTICE] switch_loadable_module.c:329 Adding Application 'detect_speech'
2026-09-28 07:35:16.212290 0.00% [NOTICE] switch_loadable_module.c:329 Adding Application 'play_and_detect_speech'
2026-09-28 07:35:16.212305 0.00% [NOTICE] switch_loadable_module.c:329 Adding Application 'ivr'
2026-09-28 07:35:16.212320 0.00% [NOTICE] switch_loadable_module.c:329 Adding Application 'redirect'
2026-09-28 07:35:16.212331 0.00% [NOTICE] switch_loadable_module.c:329 Adding Application 'video_refresh'
2026-09-28 07:35:16.212572 0.00% [NOTICE] switch_loadable_module.c:329 Adding Application 'video_decode'
2026-09-28 07:35:16.212602 0.00% [NOTICE] switch_loadable_module.c:329 Adding Application 'send_info'
2026-09-28 07:35:16.212619 0.00% [NOTICE] switch_loadable_module.c:329 Adding Application 'jitterbuffer'
2026-09-28 07:35:16.212632 0.00% [NOTICE] switch_loadable_module.c:329 Adding Application 'send_display'
2026-09-28 07:35:16.212644 0.00% [NOTICE] switch_loadable_module.c:329 Adding Application 'respond'
2026-09-28 07:35:16.212659 0.00% [NOTICE] switch_loadable_module.c:329 Adding Application 'deflect'
2026-09-28 07:35:16.212696 0.00% [NOTICE] switch_loadable_module.c:329 Adding Application 'recovery_refresh'
2026-09-28 07:35:16.212709 0.00% [NOTICE] switch_loadable_module.c:329 Adding Application 'reuse_caller_profile'
2026-09-28 07:35:16.212722 0.00% [NOTICE] switch_loadable_module.c:329 Adding Application 'queue_dtmf'
2026-09-28 07:35:16.212734 0.00% [NOTICE] switch_loadable_module.c:329 Adding Application 'send_dtmf'
2026-09-28 07:35:16.212745 0.00% [NOTICE] switch_loadable_module.c:329 Adding Application 'sched_cancel'
2026-09-28 07:35:16.212756 0.00% [NOTICE] switch_loadable_module.c:329 Adding Application 'sched_hangup'
2026-09-28 07:35:16.212767 0.00% [NOTICE] switch_loadable_module.c:329 Adding Application 'sched_broadcast'
2026-09-28 07:35:16.212779 0.00% [NOTICE] switch_loadable_module.c:329 Adding Application 'sched_transfer'
2026-09-28 07:35:16.212792 0.00% [NOTICE] switch_loadable_module.c:329 Adding Application 'execute_extension'
2026-09-28 07:35:16.212836 0.00% [NOTICE] switch_loadable_module.c:329 Adding Application 'sched_heartbeat'
2026-09-28 07:35:16.212848 0.00% [NOTICE] switch_loadable_module.c:329 Adding Application 'enable_heartbeat'
2026-09-28 07:35:16.212870 0.00% [NOTICE] switch_loadable_module.c:329 Adding Application 'filter_codecs'
2026-09-28 07:35:16.212895 0.00% [NOTICE] switch_loadable_module.c:329 Adding Application 'enable_keepalive'
2026-09-28 07:35:16.212909 0.00% [NOTICE] switch_loadable_module.c:329 Adding Application 'media_reset'
2026-09-28 07:35:16.212920 0.00% [NOTICE] switch_loadable_module.c:329 Adding Application 'mkdir'
2026-09-28 07:35:16.212932 0.00% [NOTICE] switch_loadable_module.c:329 Adding Application 'rename'
2026-09-28 07:35:16.212964 0.00% [NOTICE] switch_loadable_module.c:329 Adding Application 'transfer_vars'
2026-09-28 07:35:16.212977 0.00% [NOTICE] switch_loadable_module.c:329 Adding Application 'soft_hold'
2026-09-28 07:35:16.212990 0.00% [NOTICE] switch_loadable_module.c:329 Adding Application 'bind_meta_app'
2026-09-28 07:35:16.213002 0.00% [NOTICE] switch_loadable_module.c:329 Adding Application 'unbind_meta_app'
2026-09-28 07:35:16.213050 0.00% [NOTICE] switch_loadable_module.c:329 Adding Application 'block_dtmf'
2026-09-28 07:35:16.213064 0.00% [NOTICE] switch_loadable_module.c:329 Adding Application 'unblock_dtmf'
2026-09-28 07:35:16.213076 0.00% [NOTICE] switch_loadable_module.c:329 Adding Application 'intercept'
2026-09-28 07:35:16.213089 0.00% [NOTICE] switch_loadable_module.c:329 Adding Application 'eavesdrop'
2026-09-28 07:35:16.213157 0.00% [NOTICE] switch_loadable_module.c:329 Adding Application 'native_eavesdrop'
2026-09-28 07:35:16.213172 0.00% [NOTICE] switch_loadable_module.c:329 Adding Application 'three_way'
2026-09-28 07:35:16.213188 0.00% [NOTICE] switch_loadable_module.c:329 Adding Application 'set_user'
2026-09-28 07:35:16.213215 0.00% [NOTICE] switch_loadable_module.c:329 Adding Application 'stop_dtmf'
2026-09-28 07:35:16.213229 0.00% [NOTICE] switch_loadable_module.c:329 Adding Application 'start_dtmf'
2026-09-28 07:35:16.213242 0.00% [NOTICE] switch_loadable_module.c:329 Adding Application 'stop_dtmf_generate'
2026-09-28 07:35:16.213253 0.00% [NOTICE] switch_loadable_module.c:329 Adding Application 'start_dtmf_generate'
2026-09-28 07:35:16.213265 0.00% [NOTICE] switch_loadable_module.c:329 Adding Application 'stop_tone_detect'
2026-09-28 07:35:16.213398 0.00% [NOTICE] switch_loadable_module.c:329 Adding Application 'fax_detect'
2026-09-28 07:35:16.213514 0.00% [NOTICE] switch_loadable_module.c:329 Adding Application 'tone_detect'
2026-09-28 07:35:16.213545 0.00% [NOTICE] switch_loadable_module.c:329 Adding Application 'echo'
2026-09-28 07:35:16.213569 0.00% [NOTICE] switch_loadable_module.c:329 Adding Application 'park'
2026-09-28 07:35:16.213592 0.00% [NOTICE] switch_loadable_module.c:329 Adding Application 'park_state'
2026-09-28 07:35:16.213613 0.00% [NOTICE] switch_loadable_module.c:329 Adding Application 'gentones'
2026-09-28 07:35:16.213635 0.00% [NOTICE] switch_loadable_module.c:329 Adding Application 'playback'
2026-09-28 07:35:16.213661 0.00% [NOTICE] switch_loadable_module.c:329 Adding Application 'broadcast'
2026-09-28 07:35:16.213679 0.00% [NOTICE] switch_loadable_module.c:329 Adding Application 'endless_playback'
2026-09-28 07:35:16.213702 0.00% [NOTICE] switch_loadable_module.c:329 Adding Application 'loop_playback'
2026-09-28 07:35:16.213721 0.00% [NOTICE] switch_loadable_module.c:329 Adding Application 'att_xfer'
2026-09-28 07:35:16.213741 0.00% [NOTICE] switch_loadable_module.c:329 Adding Application 'read'
2026-09-28 07:35:16.213766 0.00% [NOTICE] switch_loadable_module.c:329 Adding Application 'play_and_get_digits'
2026-09-28 07:35:16.213794 0.00% [NOTICE] switch_loadable_module.c:329 Adding Application 'stop_video_write_overlay'
2026-09-28 07:35:16.213815 0.00% [NOTICE] switch_loadable_module.c:329 Adding Application 'video_write_overlay'
2026-09-28 07:35:16.213836 0.00% [NOTICE] switch_loadable_module.c:329 Adding Application 'stop_record_session'
2026-09-28 07:35:16.214078 0.00% [NOTICE] switch_loadable_module.c:329 Adding Application 'record_session'
2026-09-28 07:35:16.214109 0.00% [NOTICE] switch_loadable_module.c:329 Adding Application 'record_session_mask'
2026-09-28 07:35:16.214122 0.00% [NOTICE] switch_loadable_module.c:329 Adding Application 'record_session_unmask'
2026-09-28 07:35:16.214137 0.00% [NOTICE] switch_loadable_module.c:329 Adding Application 'record_session_pause'
2026-09-28 07:35:16.214269 0.00% [NOTICE] switch_loadable_module.c:329 Adding Application 'record_session_resume'
2026-09-28 07:35:16.214310 0.00% [NOTICE] switch_loadable_module.c:329 Adding Application 'record'
2026-09-28 07:35:16.214330 0.00% [NOTICE] switch_loadable_module.c:329 Adding Application 'preprocess'
2026-09-28 07:35:16.214349 0.00% [NOTICE] switch_loadable_module.c:329 Adding Application 'stop_displace_session'
2026-09-28 07:35:16.214376 0.00% [NOTICE] switch_loadable_module.c:329 Adding Application 'displace_session'
2026-09-28 07:35:16.214395 0.00% [NOTICE] switch_loadable_module.c:329 Adding Application 'speak'
2026-09-28 07:35:16.214422 0.00% [NOTICE] switch_loadable_module.c:329 Adding Application 'clear_speech_cache'
2026-09-28 07:35:16.214572 0.00% [NOTICE] switch_loadable_module.c:329 Adding Application 'bridge'
2026-09-28 07:35:16.214589 0.00% [NOTICE] switch_loadable_module.c:329 Adding Application 'system'
2026-09-28 07:35:16.214603 0.00% [NOTICE] switch_loadable_module.c:329 Adding Application 'bgsystem'
2026-09-28 07:35:16.214614 0.00% [NOTICE] switch_loadable_module.c:329 Adding Application 'say'
2026-09-28 07:35:16.214626 0.00% [NOTICE] switch_loadable_module.c:329 Adding Application 'detect_audio'
2026-09-28 07:35:16.214637 0.00% [NOTICE] switch_loadable_module.c:329 Adding Application 'detect_silence'
2026-09-28 07:35:16.214650 0.00% [NOTICE] switch_loadable_module.c:329 Adding Application 'wait_for_silence'
2026-09-28 07:35:16.214663 0.00% [NOTICE] switch_loadable_module.c:329 Adding Application 'session_loglevel'
2026-09-28 07:35:16.214677 0.00% [NOTICE] switch_loadable_module.c:329 Adding Application 'limit'
2026-09-28 07:35:16.214698 0.00% [NOTICE] switch_loadable_module.c:329 Adding Application 'limit_hash'
2026-09-28 07:35:16.214716 0.00% [NOTICE] switch_loadable_module.c:329 Adding Application 'limit_execute'
2026-09-28 07:35:16.214727 0.00% [NOTICE] switch_loadable_module.c:329 Adding Application 'limit_hash_execute'
2026-09-28 07:35:16.214836 0.00% [NOTICE] switch_loadable_module.c:329 Adding Application 'pickup'
2026-09-28 07:35:16.214857 0.00% [NOTICE] switch_loadable_module.c:329 Adding Application 'deduplicate_dtmf'
2026-09-28 07:35:16.214879 0.00% [NOTICE] switch_loadable_module.c:329 Adding Application 'vad_test'
2026-09-28 07:35:16.214914 0.00% [NOTICE] switch_loadable_module.c:329 Adding Application 'debug_media'
2026-09-28 07:35:16.214939 0.00% [NOTICE] switch_loadable_module.c:389 Adding API Function 'strepoch'
2026-09-28 07:35:16.214959 0.00% [NOTICE] switch_loadable_module.c:389 Adding API Function 'page'
2026-09-28 07:35:16.214978 0.00% [NOTICE] switch_loadable_module.c:389 Adding API Function 'strmicroepoch'
2026-09-28 07:35:16.214999 0.00% [NOTICE] switch_loadable_module.c:389 Adding API Function 'chat'
2026-09-28 07:35:16.215018 0.00% [NOTICE] switch_loadable_module.c:389 Adding API Function 'strftime'
2026-09-28 07:35:16.215037 0.00% [NOTICE] switch_loadable_module.c:389 Adding API Function 'presence'
2026-09-28 07:35:16.215063 0.00% [NOTICE] switch_loadable_module.c:455 Adding File Format 'file_string'
2026-09-28 07:35:16.215093 0.00% [NOTICE] switch_loadable_module.c:455 Adding File Format 'file'
2026-09-28 07:35:16.215209 0.00% [NOTICE] switch_loadable_module.c:455 Adding File Format 'tts'
2026-09-28 07:35:16.215236 0.00% [NOTICE] switch_loadable_module.c:621 Adding Chat interface 'event'
2026-09-28 07:35:16.215250 0.00% [NOTICE] switch_loadable_module.c:621 Adding Chat interface 'api'
2026-09-28 07:35:16.217429 0.00% [CONSOLE] switch_loadable_module.c:1772 Successfully Loaded [mod_expr]
2026-09-28 07:35:16.217466 0.00% [NOTICE] switch_loadable_module.c:389 Adding API Function 'expr'
2026-09-28 07:35:16.225411 0.00% [INFO] switch_core_sqldb.c:1840 fifo Starting SQL thread.
2026-09-28 07:35:16.235394 0.00% [INFO] mod_fifo.c:4647 cool_fifo@172.25.0.4 configured
2026-09-28 07:35:16.235996 0.00% [CONSOLE] switch_loadable_module.c:1772 Successfully Loaded [mod_fifo]
2026-09-28 07:35:16.236049 0.00% [NOTICE] switch_loadable_module.c:329 Adding Application 'fifo'
2026-09-28 07:35:16.236150 0.00% [NOTICE] switch_loadable_module.c:329 Adding Application 'fifo_track_call'
2026-09-28 07:35:16.236171 0.00% [NOTICE] switch_loadable_module.c:389 Adding API Function 'fifo'
2026-09-28 07:35:16.236187 0.00% [NOTICE] switch_loadable_module.c:389 Adding API Function 'fifo_member'
2026-09-28 07:35:16.236212 0.00% [NOTICE] switch_loadable_module.c:389 Adding API Function 'fifo_add_outbound'
2026-09-28 07:35:16.236225 0.00% [NOTICE] switch_loadable_module.c:389 Adding API Function 'fifo_check_bridge'
2026-09-28 07:35:16.237690 0.00% [DEBUG] switch_scheduler.c:263 Added task 3 limit_hash_cleanup (mod_hash) to run at 1790581816
2026-09-28 07:35:16.237815 0.00% [CONSOLE] switch_loadable_module.c:1772 Successfully Loaded [mod_hash]
2026-09-28 07:35:16.237837 0.00% [NOTICE] switch_loadable_module.c:329 Adding Application 'hash'
2026-09-28 07:35:16.237887 0.00% [NOTICE] switch_loadable_module.c:389 Adding API Function 'hash'
2026-09-28 07:35:16.237903 0.00% [NOTICE] switch_loadable_module.c:389 Adding API Function 'hash_dump'
2026-09-28 07:35:16.237916 0.00% [NOTICE] switch_loadable_module.c:389 Adding API Function 'hash_remote'
2026-09-28 07:35:16.237962 0.00% [NOTICE] switch_loadable_module.c:717 Adding Limit interface 'hash'
2026-09-28 07:35:16.247751 0.00% [INFO] mod_voicemail.c:794 Added Profile default
2026-09-28 07:35:16.247842 0.00% [CONSOLE] switch_loadable_module.c:1772 Successfully Loaded [mod_voicemail]
2026-09-28 07:35:16.247868 0.00% [NOTICE] switch_loadable_module.c:329 Adding Application 'voicemail'
2026-09-28 07:35:16.248005 0.00% [NOTICE] switch_loadable_module.c:389 Adding API Function 'voicemail'
2026-09-28 07:35:16.248042 0.00% [NOTICE] switch_loadable_module.c:389 Adding API Function 'voicemail_inject'
2026-09-28 07:35:16.248063 0.00% [NOTICE] switch_loadable_module.c:389 Adding API Function 'vm_inject'
2026-09-28 07:35:16.248126 0.00% [NOTICE] switch_loadable_module.c:389 Adding API Function 'vm_boxcount'
2026-09-28 07:35:16.248149 0.00% [NOTICE] switch_loadable_module.c:389 Adding API Function 'vm_prefs'
2026-09-28 07:35:16.248169 0.00% [NOTICE] switch_loadable_module.c:389 Adding API Function 'vm_delete'
2026-09-28 07:35:16.248192 0.00% [NOTICE] switch_loadable_module.c:389 Adding API Function 'vm_read'
2026-09-28 07:35:16.248214 0.00% [NOTICE] switch_loadable_module.c:389 Adding API Function 'vm_list'
2026-09-28 07:35:16.248271 0.00% [NOTICE] switch_loadable_module.c:389 Adding API Function 'vm_fsdb_auth_login'
2026-09-28 07:35:16.248297 0.00% [NOTICE] switch_loadable_module.c:389 Adding API Function 'vm_fsdb_msg_count'
2026-09-28 07:35:16.248319 0.00% [NOTICE] switch_loadable_module.c:389 Adding API Function 'vm_fsdb_msg_list'
2026-09-28 07:35:16.248340 0.00% [NOTICE] switch_loadable_module.c:389 Adding API Function 'vm_fsdb_msg_get'
2026-09-28 07:35:16.248473 0.00% [NOTICE] switch_loadable_module.c:389 Adding API Function 'vm_fsdb_msg_delete'
2026-09-28 07:35:16.248495 0.00% [NOTICE] switch_loadable_module.c:389 Adding API Function 'vm_fsdb_msg_undelete'
2026-09-28 07:35:16.248514 0.00% [NOTICE] switch_loadable_module.c:389 Adding API Function 'vm_fsdb_msg_email'
2026-09-28 07:35:16.248534 0.00% [NOTICE] switch_loadable_module.c:389 Adding API Function 'vm_fsdb_msg_purge'
2026-09-28 07:35:16.248560 0.00% [NOTICE] switch_loadable_module.c:389 Adding API Function 'vm_fsdb_msg_save'
2026-09-28 07:35:16.248579 0.00% [NOTICE] switch_loadable_module.c:389 Adding API Function 'vm_fsdb_msg_forward'
2026-09-28 07:35:16.248601 0.00% [NOTICE] switch_loadable_module.c:389 Adding API Function 'vm_fsdb_pref_greeting_set'
2026-09-28 07:35:16.248622 0.00% [NOTICE] switch_loadable_module.c:389 Adding API Function 'vm_fsdb_pref_greeting_get'
2026-09-28 07:35:16.248642 0.00% [NOTICE] switch_loadable_module.c:389 Adding API Function 'vm_fsdb_pref_recname_set'
2026-09-28 07:35:16.248670 0.00% [NOTICE] switch_loadable_module.c:389 Adding API Function 'vm_fsdb_pref_password_set'
2026-09-28 07:35:16.250575 0.00% [CONSOLE] switch_loadable_module.c:1772 Successfully Loaded [mod_esf]
2026-09-28 07:35:16.250618 0.00% [NOTICE] switch_loadable_module.c:329 Adding Application 'esf_page_group'
2026-09-28 07:35:16.252087 0.00% [CONSOLE] switch_loadable_module.c:1772 Successfully Loaded [mod_fsv]
2026-09-28 07:35:16.252115 0.00% [NOTICE] switch_loadable_module.c:329 Adding Application 'play_fsv'
2026-09-28 07:35:16.252191 0.00% [NOTICE] switch_loadable_module.c:329 Adding Application 'record_fsv'
2026-09-28 07:35:16.252225 0.00% [NOTICE] switch_loadable_module.c:329 Adding Application 'play_yuv'
2026-09-28 07:35:16.252247 0.00% [NOTICE] switch_loadable_module.c:329 Adding Application 'decode_video'
2026-09-28 07:35:16.252272 0.00% [NOTICE] switch_loadable_module.c:455 Adding File Format 'fsv'
2026-09-28 07:35:16.253705 0.00% [CONSOLE] switch_loadable_module.c:1772 Successfully Loaded [mod_valet_parking]
2026-09-28 07:35:16.253735 0.00% [NOTICE] switch_loadable_module.c:329 Adding Application 'valet_park'
2026-09-28 07:35:16.253851 0.00% [NOTICE] switch_loadable_module.c:389 Adding API Function 'valet_info'
2026-09-28 07:35:16.255904 0.00% [NOTICE] mod_httapi.c:2171 Profile [default] JSON Function [http://www.freeswitch.org/api/index.cgi]
2026-09-28 07:35:16.255961 0.00% [CONSOLE] switch_loadable_module.c:1772 Successfully Loaded [mod_httapi]
2026-09-28 07:35:16.255985 0.00% [NOTICE] switch_loadable_module.c:329 Adding Application 'httapi'
2026-09-28 07:35:16.256088 0.00% [NOTICE] switch_loadable_module.c:389 Adding API Function 'httapi'
2026-09-28 07:35:16.256116 0.00% [NOTICE] switch_loadable_module.c:455 Adding File Format 'http'
2026-09-28 07:35:16.256140 0.00% [NOTICE] switch_loadable_module.c:455 Adding File Format 'https'
2026-09-28 07:35:16.257589 0.00% [CONSOLE] switch_loadable_module.c:1772 Successfully Loaded [mod_dialplan_xml]
2026-09-28 07:35:16.257622 0.00% [NOTICE] switch_loadable_module.c:273 Adding Dialplan 'XML'
2026-09-28 07:35:16.258696 0.00% [CONSOLE] switch_loadable_module.c:1772 Successfully Loaded [mod_dialplan_asterisk]
2026-09-28 07:35:16.258722 0.00% [NOTICE] switch_loadable_module.c:172 Adding Endpoint 'SIP'
2026-09-28 07:35:16.258787 0.00% [NOTICE] switch_loadable_module.c:172 Adding Endpoint 'IAX2'
2026-09-28 07:35:16.258805 0.00% [NOTICE] switch_loadable_module.c:273 Adding Dialplan 'asterisk'
2026-09-28 07:35:16.258832 0.00% [NOTICE] switch_loadable_module.c:329 Adding Application 'Dial'
2026-09-28 07:35:16.258846 0.00% [NOTICE] switch_loadable_module.c:329 Adding Application 'Goto'
2026-09-28 07:35:16.258867 0.00% [NOTICE] switch_loadable_module.c:329 Adding Application 'AvoidingDeadlock'
2026-09-28 07:35:16.263399 0.00% [DEBUG] mod_spandsp_fax.c:213 FAX timer thread started.
2026-09-28 07:35:16.286260 0.00% [DEBUG] mod_spandsp.c:894 mod_spandsp loaded, using spandsp library version [20120902 163333]
2026-09-28 07:35:16.286311 0.00% [CONSOLE] switch_loadable_module.c:1772 Successfully Loaded [mod_spandsp]
2026-09-28 07:35:16.286354 0.00% [NOTICE] switch_loadable_module.c:172 Adding Endpoint 'modem'
2026-09-28 07:35:16.286464 0.00% [NOTICE] switch_loadable_module.c:223 Adding Codec DVI4 6 ADPCM (IMA) 16000hz 10ms 1ch 64000bps
2026-09-28 07:35:16.286500 0.00% [NOTICE] switch_loadable_module.c:223 Adding Codec DVI4 6 ADPCM (IMA) 16000hz 20ms 1ch 64000bps
2026-09-28 07:35:16.286508 0.00% [NOTICE] switch_loadable_module.c:223 Adding Codec DVI4 6 ADPCM (IMA) 16000hz 30ms 1ch 64000bps
2026-09-28 07:35:16.286515 0.00% [NOTICE] switch_loadable_module.c:223 Adding Codec DVI4 6 ADPCM (IMA) 16000hz 40ms 1ch 64000bps
2026-09-28 07:35:16.286521 0.00% [NOTICE] switch_loadable_module.c:223 Adding Codec DVI4 6 ADPCM (IMA) 16000hz 50ms 1ch 64000bps
2026-09-28 07:35:16.286611 0.00% [NOTICE] switch_loadable_module.c:223 Adding Codec DVI4 6 ADPCM (IMA) 16000hz 60ms 1ch 64000bps
2026-09-28 07:35:16.286626 0.00% [NOTICE] switch_loadable_module.c:223 Adding Codec DVI4 5 ADPCM (IMA) 8000hz 10ms 1ch 32000bps
2026-09-28 07:35:16.286638 0.00% [NOTICE] switch_loadable_module.c:223 Adding Codec DVI4 5 ADPCM (IMA) 8000hz 20ms 1ch 32000bps
2026-09-28 07:35:16.286648 0.00% [NOTICE] switch_loadable_module.c:223 Adding Codec DVI4 5 ADPCM (IMA) 8000hz 30ms 1ch 32000bps
2026-09-28 07:35:16.286656 0.00% [NOTICE] switch_loadable_module.c:223 Adding Codec DVI4 5 ADPCM (IMA) 8000hz 40ms 1ch 32000bps
2026-09-28 07:35:16.286662 0.00% [NOTICE] switch_loadable_module.c:223 Adding Codec DVI4 5 ADPCM (IMA) 8000hz 50ms 1ch 32000bps
2026-09-28 07:35:16.286668 0.00% [NOTICE] switch_loadable_module.c:223 Adding Codec DVI4 5 ADPCM (IMA) 8000hz 60ms 1ch 32000bps
2026-09-28 07:35:16.286675 0.00% [NOTICE] switch_loadable_module.c:223 Adding Codec DVI4 5 ADPCM (IMA) 8000hz 70ms 1ch 32000bps
2026-09-28 07:35:16.286681 0.00% [NOTICE] switch_loadable_module.c:223 Adding Codec DVI4 5 ADPCM (IMA) 8000hz 80ms 1ch 32000bps
2026-09-28 07:35:16.286689 0.00% [NOTICE] switch_loadable_module.c:223 Adding Codec DVI4 5 ADPCM (IMA) 8000hz 90ms 1ch 32000bps
2026-09-28 07:35:16.286695 0.00% [NOTICE] switch_loadable_module.c:223 Adding Codec DVI4 5 ADPCM (IMA) 8000hz 100ms 1ch 32000bps
2026-09-28 07:35:16.286701 0.00% [NOTICE] switch_loadable_module.c:223 Adding Codec DVI4 5 ADPCM (IMA) 8000hz 110ms 1ch 32000bps
2026-09-28 07:35:16.286708 0.00% [NOTICE] switch_loadable_module.c:223 Adding Codec DVI4 5 ADPCM (IMA) 8000hz 120ms 1ch 32000bps
2026-09-28 07:35:16.286767 0.00% [NOTICE] switch_loadable_module.c:223 Adding Codec AAL2-G726-16 124 G.726 16k (AAL2) 8000hz 10ms 1ch 16000bps
2026-09-28 07:35:16.286778 0.00% [NOTICE] switch_loadable_module.c:223 Adding Codec AAL2-G726-16 124 G.726 16k (AAL2) 8000hz 20ms 1ch 16000bps
2026-09-28 07:35:16.286786 0.00% [NOTICE] switch_loadable_module.c:223 Adding Codec AAL2-G726-16 124 G.726 16k (AAL2) 8000hz 30ms 1ch 16000bps
2026-09-28 07:35:16.286796 0.00% [NOTICE] switch_loadable_module.c:223 Adding Codec AAL2-G726-16 124 G.726 16k (AAL2) 8000hz 40ms 1ch 16000bps
2026-09-28 07:35:16.286803 0.00% [NOTICE] switch_loadable_module.c:223 Adding Codec AAL2-G726-16 124 G.726 16k (AAL2) 8000hz 50ms 1ch 16000bps
2026-09-28 07:35:16.286810 0.00% [NOTICE] switch_loadable_module.c:223 Adding Codec AAL2-G726-16 124 G.726 16k (AAL2) 8000hz 60ms 1ch 16000bps
2026-09-28 07:35:16.286817 0.00% [NOTICE] switch_loadable_module.c:223 Adding Codec AAL2-G726-16 124 G.726 16k (AAL2) 8000hz 70ms 1ch 16000bps
2026-09-28 07:35:16.286824 0.00% [NOTICE] switch_loadable_module.c:223 Adding Codec AAL2-G726-16 124 G.726 16k (AAL2) 8000hz 80ms 1ch 16000bps
2026-09-28 07:35:16.286831 0.00% [NOTICE] switch_loadable_module.c:223 Adding Codec AAL2-G726-16 124 G.726 16k (AAL2) 8000hz 90ms 1ch 16000bps
2026-09-28 07:35:16.286837 0.00% [NOTICE] switch_loadable_module.c:223 Adding Codec AAL2-G726-16 124 G.726 16k (AAL2) 8000hz 100ms 1ch 16000bps
2026-09-28 07:35:16.286844 0.00% [NOTICE] switch_loadable_module.c:223 Adding Codec AAL2-G726-16 124 G.726 16k (AAL2) 8000hz 110ms 1ch 16000bps
2026-09-28 07:35:16.286850 0.00% [NOTICE] switch_loadable_module.c:223 Adding Codec AAL2-G726-16 124 G.726 16k (AAL2) 8000hz 120ms 1ch 16000bps
2026-09-28 07:35:16.286904 0.00% [NOTICE] switch_loadable_module.c:223 Adding Codec G726-16 124 G.726 16k 8000hz 10ms 1ch 16000bps
2026-09-28 07:35:16.286914 0.00% [NOTICE] switch_loadable_module.c:223 Adding Codec G726-16 124 G.726 16k 8000hz 20ms 1ch 16000bps
2026-09-28 07:35:16.286922 0.00% [NOTICE] switch_loadable_module.c:223 Adding Codec G726-16 124 G.726 16k 8000hz 30ms 1ch 16000bps
2026-09-28 07:35:16.286929 0.00% [NOTICE] switch_loadable_module.c:223 Adding Codec G726-16 124 G.726 16k 8000hz 40ms 1ch 16000bps
2026-09-28 07:35:16.286935 0.00% [NOTICE] switch_loadable_module.c:223 Adding Codec G726-16 124 G.726 16k 8000hz 50ms 1ch 16000bps
2026-09-28 07:35:16.286941 0.00% [NOTICE] switch_loadable_module.c:223 Adding Codec G726-16 124 G.726 16k 8000hz 60ms 1ch 16000bps
2026-09-28 07:35:16.286947 0.00% [NOTICE] switch_loadable_module.c:223 Adding Codec G726-16 124 G.726 16k 8000hz 70ms 1ch 16000bps
2026-09-28 07:35:16.286954 0.00% [NOTICE] switch_loadable_module.c:223 Adding Codec G726-16 124 G.726 16k 8000hz 80ms 1ch 16000bps
2026-09-28 07:35:16.286960 0.00% [NOTICE] switch_loadable_module.c:223 Adding Codec G726-16 124 G.726 16k 8000hz 90ms 1ch 16000bps
2026-09-28 07:35:16.286966 0.00% [NOTICE] switch_loadable_module.c:223 Adding Codec G726-16 124 G.726 16k 8000hz 100ms 1ch 16000bps
2026-09-28 07:35:16.286973 0.00% [NOTICE] switch_loadable_module.c:223 Adding Codec G726-16 124 G.726 16k 8000hz 110ms 1ch 16000bps
2026-09-28 07:35:16.286979 0.00% [NOTICE] switch_loadable_module.c:223 Adding Codec G726-16 124 G.726 16k 8000hz 120ms 1ch 16000bps
2026-09-28 07:35:16.287070 0.00% [NOTICE] switch_loadable_module.c:223 Adding Codec AAL2-G726-24 123 G.726 24k (AAL2) 8000hz 10ms 1ch 24000bps
2026-09-28 07:35:16.287096 0.00% [NOTICE] switch_loadable_module.c:223 Adding Codec AAL2-G726-24 123 G.726 24k (AAL2) 8000hz 20ms 1ch 24000bps
2026-09-28 07:35:16.287104 0.00% [NOTICE] switch_loadable_module.c:223 Adding Codec AAL2-G726-24 123 G.726 24k (AAL2) 8000hz 30ms 1ch 24000bps
2026-09-28 07:35:16.287110 0.00% [NOTICE] switch_loadable_module.c:223 Adding Codec AAL2-G726-24 123 G.726 24k (AAL2) 8000hz 40ms 1ch 24000bps
2026-09-28 07:35:16.287117 0.00% [NOTICE] switch_loadable_module.c:223 Adding Codec AAL2-G726-24 123 G.726 24k (AAL2) 8000hz 50ms 1ch 24000bps
2026-09-28 07:35:16.287123 0.00% [NOTICE] switch_loadable_module.c:223 Adding Codec AAL2-G726-24 123 G.726 24k (AAL2) 8000hz 60ms 1ch 24000bps
2026-09-28 07:35:16.287153 0.00% [NOTICE] switch_loadable_module.c:223 Adding Codec AAL2-G726-24 123 G.726 24k (AAL2) 8000hz 70ms 1ch 24000bps
2026-09-28 07:35:16.287187 0.00% [NOTICE] switch_loadable_module.c:223 Adding Codec AAL2-G726-24 123 G.726 24k (AAL2) 8000hz 80ms 1ch 24000bps
2026-09-28 07:35:16.287194 0.00% [NOTICE] switch_loadable_module.c:223 Adding Codec AAL2-G726-24 123 G.726 24k (AAL2) 8000hz 90ms 1ch 24000bps
2026-09-28 07:35:16.287201 0.00% [NOTICE] switch_loadable_module.c:223 Adding Codec AAL2-G726-24 123 G.726 24k (AAL2) 8000hz 100ms 1ch 24000bps
2026-09-28 07:35:16.287208 0.00% [NOTICE] switch_loadable_module.c:223 Adding Codec AAL2-G726-24 123 G.726 24k (AAL2) 8000hz 110ms 1ch 24000bps
2026-09-28 07:35:16.287215 0.00% [NOTICE] switch_loadable_module.c:223 Adding Codec AAL2-G726-24 123 G.726 24k (AAL2) 8000hz 120ms 1ch 24000bps
2026-09-28 07:35:16.287270 0.00% [NOTICE] switch_loadable_module.c:223 Adding Codec G726-24 123 G.726 24k 8000hz 10ms 1ch 24000bps
2026-09-28 07:35:16.287280 0.00% [NOTICE] switch_loadable_module.c:223 Adding Codec G726-24 123 G.726 24k 8000hz 20ms 1ch 24000bps
2026-09-28 07:35:16.287287 0.00% [NOTICE] switch_loadable_module.c:223 Adding Codec G726-24 123 G.726 24k 8000hz 30ms 1ch 24000bps
2026-09-28 07:35:16.287328 0.00% [NOTICE] switch_loadable_module.c:223 Adding Codec G726-24 123 G.726 24k 8000hz 40ms 1ch 24000bps
2026-09-28 07:35:16.287335 0.00% [NOTICE] switch_loadable_module.c:223 Adding Codec G726-24 123 G.726 24k 8000hz 50ms 1ch 24000bps
2026-09-28 07:35:16.287342 0.00% [NOTICE] switch_loadable_module.c:223 Adding Codec G726-24 123 G.726 24k 8000hz 60ms 1ch 24000bps
2026-09-28 07:35:16.287348 0.00% [NOTICE] switch_loadable_module.c:223 Adding Codec G726-24 123 G.726 24k 8000hz 70ms 1ch 24000bps
2026-09-28 07:35:16.287354 0.00% [NOTICE] switch_loadable_module.c:223 Adding Codec G726-24 123 G.726 24k 8000hz 80ms 1ch 24000bps
2026-09-28 07:35:16.287361 0.00% [NOTICE] switch_loadable_module.c:223 Adding Codec G726-24 123 G.726 24k 8000hz 90ms 1ch 24000bps
2026-09-28 07:35:16.287386 0.00% [NOTICE] switch_loadable_module.c:223 Adding Codec G726-24 123 G.726 24k 8000hz 100ms 1ch 24000bps
2026-09-28 07:35:16.287393 0.00% [NOTICE] switch_loadable_module.c:223 Adding Codec G726-24 123 G.726 24k 8000hz 110ms 1ch 24000bps
2026-09-28 07:35:16.287399 0.00% [NOTICE] switch_loadable_module.c:223 Adding Codec G726-24 123 G.726 24k 8000hz 120ms 1ch 24000bps
2026-09-28 07:35:16.287456 0.00% [NOTICE] switch_loadable_module.c:223 Adding Codec AAL2-G726-32 122 G.726 32k (AAL2) 8000hz 10ms 1ch 32000bps
2026-09-28 07:35:16.287466 0.00% [NOTICE] switch_loadable_module.c:223 Adding Codec AAL2-G726-32 122 G.726 32k (AAL2) 8000hz 20ms 1ch 32000bps
2026-09-28 07:35:16.287481 0.00% [NOTICE] switch_loadable_module.c:223 Adding Codec AAL2-G726-32 122 G.726 32k (AAL2) 8000hz 30ms 1ch 32000bps
2026-09-28 07:35:16.287488 0.00% [NOTICE] switch_loadable_module.c:223 Adding Codec AAL2-G726-32 122 G.726 32k (AAL2) 8000hz 40ms 1ch 32000bps
2026-09-28 07:35:16.287494 0.00% [NOTICE] switch_loadable_module.c:223 Adding Codec AAL2-G726-32 122 G.726 32k (AAL2) 8000hz 50ms 1ch 32000bps
2026-09-28 07:35:16.287499 0.00% [NOTICE] switch_loadable_module.c:223 Adding Codec AAL2-G726-32 122 G.726 32k (AAL2) 8000hz 60ms 1ch 32000bps
2026-09-28 07:35:16.287506 0.00% [NOTICE] switch_loadable_module.c:223 Adding Codec AAL2-G726-32 122 G.726 32k (AAL2) 8000hz 70ms 1ch 32000bps
2026-09-28 07:35:16.287512 0.00% [NOTICE] switch_loadable_module.c:223 Adding Codec AAL2-G726-32 122 G.726 32k (AAL2) 8000hz 80ms 1ch 32000bps
2026-09-28 07:35:16.287519 0.00% [NOTICE] switch_loadable_module.c:223 Adding Codec AAL2-G726-32 122 G.726 32k (AAL2) 8000hz 90ms 1ch 32000bps
2026-09-28 07:35:16.287525 0.00% [NOTICE] switch_loadable_module.c:223 Adding Codec AAL2-G726-32 122 G.726 32k (AAL2) 8000hz 100ms 1ch 32000bps
2026-09-28 07:35:16.287532 0.00% [NOTICE] switch_loadable_module.c:223 Adding Codec AAL2-G726-32 122 G.726 32k (AAL2) 8000hz 110ms 1ch 32000bps
2026-09-28 07:35:16.287538 0.00% [NOTICE] switch_loadable_module.c:223 Adding Codec AAL2-G726-32 122 G.726 32k (AAL2) 8000hz 120ms 1ch 32000bps
2026-09-28 07:35:16.287565 0.00% [NOTICE] switch_loadable_module.c:223 Adding Codec G726-32 122 G.726 32k 8000hz 10ms 1ch 32000bps
2026-09-28 07:35:16.287583 0.00% [NOTICE] switch_loadable_module.c:223 Adding Codec G726-32 122 G.726 32k 8000hz 20ms 1ch 32000bps
2026-09-28 07:35:16.287590 0.00% [NOTICE] switch_loadable_module.c:223 Adding Codec G726-32 122 G.726 32k 8000hz 30ms 1ch 32000bps
2026-09-28 07:35:16.287597 0.00% [NOTICE] switch_loadable_module.c:223 Adding Codec G726-32 122 G.726 32k 8000hz 40ms 1ch 32000bps
2026-09-28 07:35:16.287603 0.00% [NOTICE] switch_loadable_module.c:223 Adding Codec G726-32 122 G.726 32k 8000hz 50ms 1ch 32000bps
2026-09-28 07:35:16.287720 0.00% [NOTICE] switch_loadable_module.c:223 Adding Codec G726-32 122 G.726 32k 8000hz 60ms 1ch 32000bps
2026-09-28 07:35:16.287728 0.00% [NOTICE] switch_loadable_module.c:223 Adding Codec G726-32 122 G.726 32k 8000hz 70ms 1ch 32000bps
2026-09-28 07:35:16.287734 0.00% [NOTICE] switch_loadable_module.c:223 Adding Codec G726-32 122 G.726 32k 8000hz 80ms 1ch 32000bps
2026-09-28 07:35:16.287741 0.00% [NOTICE] switch_loadable_module.c:223 Adding Codec G726-32 122 G.726 32k 8000hz 90ms 1ch 32000bps
2026-09-28 07:35:16.287747 0.00% [NOTICE] switch_loadable_module.c:223 Adding Codec G726-32 122 G.726 32k 8000hz 100ms 1ch 32000bps
2026-09-28 07:35:16.287756 0.00% [NOTICE] switch_loadable_module.c:223 Adding Codec G726-32 122 G.726 32k 8000hz 110ms 1ch 32000bps
2026-09-28 07:35:16.287762 0.00% [NOTICE] switch_loadable_module.c:223 Adding Codec G726-32 122 G.726 32k 8000hz 120ms 1ch 32000bps
2026-09-28 07:35:16.287826 0.00% [NOTICE] switch_loadable_module.c:223 Adding Codec AAL2-G726-40 121 G.726 40k (AAL2) 8000hz 10ms 1ch 40000bps
2026-09-28 07:35:16.287837 0.00% [NOTICE] switch_loadable_module.c:223 Adding Codec AAL2-G726-40 121 G.726 40k (AAL2) 8000hz 20ms 1ch 40000bps
2026-09-28 07:35:16.287846 0.00% [NOTICE] switch_loadable_module.c:223 Adding Codec AAL2-G726-40 121 G.726 40k (AAL2) 8000hz 30ms 1ch 40000bps
2026-09-28 07:35:16.287853 0.00% [NOTICE] switch_loadable_module.c:223 Adding Codec AAL2-G726-40 121 G.726 40k (AAL2) 8000hz 40ms 1ch 40000bps
2026-09-28 07:35:16.287880 0.00% [NOTICE] switch_loadable_module.c:223 Adding Codec AAL2-G726-40 121 G.726 40k (AAL2) 8000hz 50ms 1ch 40000bps
2026-09-28 07:35:16.287887 0.00% [NOTICE] switch_loadable_module.c:223 Adding Codec AAL2-G726-40 121 G.726 40k (AAL2) 8000hz 60ms 1ch 40000bps
2026-09-28 07:35:16.287894 0.00% [NOTICE] switch_loadable_module.c:223 Adding Codec AAL2-G726-40 121 G.726 40k (AAL2) 8000hz 70ms 1ch 40000bps
2026-09-28 07:35:16.287901 0.00% [NOTICE] switch_loadable_module.c:223 Adding Codec AAL2-G726-40 121 G.726 40k (AAL2) 8000hz 80ms 1ch 40000bps
2026-09-28 07:35:16.287908 0.00% [NOTICE] switch_loadable_module.c:223 Adding Codec AAL2-G726-40 121 G.726 40k (AAL2) 8000hz 90ms 1ch 40000bps
2026-09-28 07:35:16.287915 0.00% [NOTICE] switch_loadable_module.c:223 Adding Codec AAL2-G726-40 121 G.726 40k (AAL2) 8000hz 100ms 1ch 40000bps
2026-09-28 07:35:16.287921 0.00% [NOTICE] switch_loadable_module.c:223 Adding Codec AAL2-G726-40 121 G.726 40k (AAL2) 8000hz 110ms 1ch 40000bps
2026-09-28 07:35:16.287936 0.00% [NOTICE] switch_loadable_module.c:223 Adding Codec AAL2-G726-40 121 G.726 40k (AAL2) 8000hz 120ms 1ch 40000bps
2026-09-28 07:35:16.288044 0.00% [NOTICE] switch_loadable_module.c:223 Adding Codec G726-40 121 G.726 40k 8000hz 10ms 1ch 40000bps
2026-09-28 07:35:16.288055 0.00% [NOTICE] switch_loadable_module.c:223 Adding Codec G726-40 121 G.726 40k 8000hz 20ms 1ch 40000bps
2026-09-28 07:35:16.288063 0.00% [NOTICE] switch_loadable_module.c:223 Adding Codec G726-40 121 G.726 40k 8000hz 30ms 1ch 40000bps
2026-09-28 07:35:16.288069 0.00% [NOTICE] switch_loadable_module.c:223 Adding Codec G726-40 121 G.726 40k 8000hz 40ms 1ch 40000bps
2026-09-28 07:35:16.288076 0.00% [NOTICE] switch_loadable_module.c:223 Adding Codec G726-40 121 G.726 40k 8000hz 50ms 1ch 40000bps
2026-09-28 07:35:16.288082 0.00% [NOTICE] switch_loadable_module.c:223 Adding Codec G726-40 121 G.726 40k 8000hz 60ms 1ch 40000bps
2026-09-28 07:35:16.288088 0.00% [NOTICE] switch_loadable_module.c:223 Adding Codec G726-40 121 G.726 40k 8000hz 70ms 1ch 40000bps
2026-09-28 07:35:16.288123 0.00% [NOTICE] switch_loadable_module.c:223 Adding Codec G726-40 121 G.726 40k 8000hz 80ms 1ch 40000bps
2026-09-28 07:35:16.288130 0.00% [NOTICE] switch_loadable_module.c:223 Adding Codec G726-40 121 G.726 40k 8000hz 90ms 1ch 40000bps
2026-09-28 07:35:16.288136 0.00% [NOTICE] switch_loadable_module.c:223 Adding Codec G726-40 121 G.726 40k 8000hz 100ms 1ch 40000bps
2026-09-28 07:35:16.288143 0.00% [NOTICE] switch_loadable_module.c:223 Adding Codec G726-40 121 G.726 40k 8000hz 110ms 1ch 40000bps
2026-09-28 07:35:16.288150 0.00% [NOTICE] switch_loadable_module.c:223 Adding Codec G726-40 121 G.726 40k 8000hz 120ms 1ch 40000bps
2026-09-28 07:35:16.288206 0.00% [NOTICE] switch_loadable_module.c:223 Adding Codec G722 9 G.722 16000hz 10ms 1ch 64000bps
2026-09-28 07:35:16.288216 0.00% [NOTICE] switch_loadable_module.c:223 Adding Codec G722 9 G.722 16000hz 20ms 1ch 64000bps
2026-09-28 07:35:16.288223 0.00% [NOTICE] switch_loadable_module.c:223 Adding Codec G722 9 G.722 16000hz 30ms 1ch 64000bps
2026-09-28 07:35:16.288229 0.00% [NOTICE] switch_loadable_module.c:223 Adding Codec G722 9 G.722 16000hz 40ms 1ch 64000bps
2026-09-28 07:35:16.288236 0.00% [NOTICE] switch_loadable_module.c:223 Adding Codec G722 9 G.722 16000hz 50ms 1ch 64000bps
2026-09-28 07:35:16.288242 0.00% [NOTICE] switch_loadable_module.c:223 Adding Codec G722 9 G.722 16000hz 60ms 1ch 64000bps
2026-09-28 07:35:16.288271 0.00% [NOTICE] switch_loadable_module.c:223 Adding Codec GSM 3 GSM 8000hz 20ms 1ch 13200bps
2026-09-28 07:35:16.288280 0.00% [NOTICE] switch_loadable_module.c:223 Adding Codec GSM 3 GSM 8000hz 40ms 1ch 13200bps
2026-09-28 07:35:16.288289 0.00% [NOTICE] switch_loadable_module.c:223 Adding Codec GSM 3 GSM 8000hz 60ms 1ch 13200bps
2026-09-28 07:35:16.288322 0.00% [NOTICE] switch_loadable_module.c:223 Adding Codec GSM 3 GSM 8000hz 80ms 1ch 13200bps
2026-09-28 07:35:16.288329 0.00% [NOTICE] switch_loadable_module.c:223 Adding Codec GSM 3 GSM 8000hz 100ms 1ch 13200bps
2026-09-28 07:35:16.288336 0.00% [NOTICE] switch_loadable_module.c:223 Adding Codec GSM 3 GSM 8000hz 120ms 1ch 13200bps
2026-09-28 07:35:16.288365 0.00% [NOTICE] switch_loadable_module.c:223 Adding Codec LPC 7 LPC-10 8000hz 90ms 1ch 2400bps
2026-09-28 07:35:16.288387 0.00% [NOTICE] switch_loadable_module.c:329 Adding Application 't38_gateway'
2026-09-28 07:35:16.288410 0.00% [NOTICE] switch_loadable_module.c:329 Adding Application 'rxfax'
2026-09-28 07:35:16.288431 0.00% [NOTICE] switch_loadable_module.c:329 Adding Application 'txfax'
2026-09-28 07:35:16.288458 0.00% [NOTICE] switch_loadable_module.c:329 Adding Application 'stopfax'
2026-09-28 07:35:16.288478 0.00% [NOTICE] switch_loadable_module.c:329 Adding Application 'spandsp_stop_dtmf'
2026-09-28 07:35:16.288501 0.00% [NOTICE] switch_loadable_module.c:329 Adding Application 'spandsp_start_dtmf'
2026-09-28 07:35:16.288524 0.00% [NOTICE] switch_loadable_module.c:329 Adding Application 'spandsp_stop_inject_tdd'
2026-09-28 07:35:16.288549 0.00% [NOTICE] switch_loadable_module.c:329 Adding Application 'spandsp_inject_tdd'
2026-09-28 07:35:16.288590 0.00% [NOTICE] switch_loadable_module.c:329 Adding Application 'spandsp_stop_detect_tdd'
2026-09-28 07:35:16.288634 0.00% [NOTICE] switch_loadable_module.c:329 Adding Application 'spandsp_detect_tdd'
2026-09-28 07:35:16.288654 0.00% [NOTICE] switch_loadable_module.c:329 Adding Application 'spandsp_send_tdd'
2026-09-28 07:35:16.288691 0.00% [NOTICE] switch_loadable_module.c:329 Adding Application 'spandsp_start_fax_detect'
2026-09-28 07:35:16.288715 0.00% [NOTICE] switch_loadable_module.c:329 Adding Application 'spandsp_stop_fax_detect'
2026-09-28 07:35:16.288735 0.00% [NOTICE] switch_loadable_module.c:329 Adding Application 'spandsp_start_tone_detect'
2026-09-28 07:35:16.288755 0.00% [NOTICE] switch_loadable_module.c:329 Adding Application 'spandsp_stop_tone_detect'
2026-09-28 07:35:16.288780 0.00% [NOTICE] switch_loadable_module.c:389 Adding API Function 'spandsp_start_tone_detect'
2026-09-28 07:35:16.288812 0.00% [NOTICE] switch_loadable_module.c:389 Adding API Function 'spandsp_stop_tone_detect'
2026-09-28 07:35:16.288922 0.00% [NOTICE] switch_loadable_module.c:389 Adding API Function 'start_tdd_detect'
2026-09-28 07:35:16.288947 0.00% [NOTICE] switch_loadable_module.c:389 Adding API Function 'stop_tdd_detect'
2026-09-28 07:35:16.288976 0.00% [NOTICE] switch_loadable_module.c:389 Adding API Function 'uuid_send_tdd'
2026-09-28 07:35:16.290111 0.00% [CONSOLE] switch_loadable_module.c:1772 Successfully Loaded [mod_g723_1]
2026-09-28 07:35:16.290177 0.00% [NOTICE] switch_loadable_module.c:223 Adding Codec G723 4 G.723.1 6.3k 8000hz 120ms 1ch 6300bps
2026-09-28 07:35:16.290188 0.00% [NOTICE] switch_loadable_module.c:223 Adding Codec G723 4 G.723.1 6.3k 8000hz 90ms 1ch 6300bps
2026-09-28 07:35:16.290195 0.00% [NOTICE] switch_loadable_module.c:223 Adding Codec G723 4 G.723.1 6.3k 8000hz 60ms 1ch 6300bps
2026-09-28 07:35:16.290201 0.00% [NOTICE] switch_loadable_module.c:223 Adding Codec G723 4 G.723.1 6.3k 8000hz 30ms 1ch 6300bps
2026-09-28 07:35:16.291266 0.00% [CONSOLE] switch_loadable_module.c:1772 Successfully Loaded [mod_g729]
2026-09-28 07:35:16.291297 0.00% [NOTICE] switch_loadable_module.c:223 Adding Codec G729 18 G.729 8000hz 10ms 1ch 8000bps
2026-09-28 07:35:16.291307 0.00% [NOTICE] switch_loadable_module.c:223 Adding Codec G729 18 G.729 8000hz 20ms 1ch 8000bps
2026-09-28 07:35:16.291312 0.00% [NOTICE] switch_loadable_module.c:223 Adding Codec G729 18 G.729 8000hz 30ms 1ch 8000bps
2026-09-28 07:35:16.291316 0.00% [NOTICE] switch_loadable_module.c:223 Adding Codec G729 18 G.729 8000hz 40ms 1ch 8000bps
2026-09-28 07:35:16.291320 0.00% [NOTICE] switch_loadable_module.c:223 Adding Codec G729 18 G.729 8000hz 50ms 1ch 8000bps
2026-09-28 07:35:16.291324 0.00% [NOTICE] switch_loadable_module.c:223 Adding Codec G729 18 G.729 8000hz 60ms 1ch 8000bps
2026-09-28 07:35:16.291328 0.00% [NOTICE] switch_loadable_module.c:223 Adding Codec G729 18 G.729 8000hz 70ms 1ch 8000bps
2026-09-28 07:35:16.291339 0.00% [NOTICE] switch_loadable_module.c:223 Adding Codec G729 18 G.729 8000hz 80ms 1ch 8000bps
2026-09-28 07:35:16.291343 0.00% [NOTICE] switch_loadable_module.c:223 Adding Codec G729 18 G.729 8000hz 90ms 1ch 8000bps
2026-09-28 07:35:16.291348 0.00% [NOTICE] switch_loadable_module.c:223 Adding Codec G729 18 G.729 8000hz 100ms 1ch 8000bps
2026-09-28 07:35:16.291352 0.00% [NOTICE] switch_loadable_module.c:223 Adding Codec G729 18 G.729 8000hz 110ms 1ch 8000bps
2026-09-28 07:35:16.291356 0.00% [NOTICE] switch_loadable_module.c:223 Adding Codec G729 18 G.729 8000hz 120ms 1ch 8000bps
2026-09-28 07:35:16.292587 0.00% [CONSOLE] switch_loadable_module.c:1772 Successfully Loaded [mod_amr]
2026-09-28 07:35:16.292666 0.00% [NOTICE] switch_loadable_module.c:223 Adding Codec AMR 96 AMR / Octet Aligned 8000hz 20ms 1ch 12200bps
2026-09-28 07:35:16.292769 0.00% [NOTICE] switch_loadable_module.c:223 Adding Codec AMR 97 AMR / Bandwidth Efficient 8000hz 20ms 1ch 12200bps
2026-09-28 07:35:16.293833 0.00% [CONSOLE] switch_loadable_module.c:1772 Successfully Loaded [mod_b64]
2026-09-28 07:35:16.293861 0.00% [NOTICE] switch_loadable_module.c:223 Adding Codec b64 116 B64 (STANDARD) 32000hz 20ms 1ch 684800bps
2026-09-28 07:35:16.293870 0.00% [NOTICE] switch_loadable_module.c:223 Adding Codec b64 116 B64 (STANDARD) 16000hz 20ms 1ch 342400bps
2026-09-28 07:35:16.293882 0.00% [NOTICE] switch_loadable_module.c:223 Adding Codec b64 116 B64 (STANDARD) 8000hz 20ms 1ch 171200bps
2026-09-28 07:35:16.299301 0.00% [CONSOLE] switch_loadable_module.c:1772 Successfully Loaded [mod_opus]
2026-09-28 07:35:16.299358 0.00% [NOTICE] switch_loadable_module.c:229 Adding Codec opus 116 OPUS (STANDARD) 8000hz 40ms 2ch (VBR)
2026-09-28 07:35:16.299373 0.00% [NOTICE] switch_loadable_module.c:229 Adding Codec opus 116 OPUS (STANDARD) 8000hz 40ms 1ch (VBR)
2026-09-28 07:35:16.299384 0.00% [NOTICE] switch_loadable_module.c:229 Adding Codec opus 116 OPUS (STANDARD) 8000hz 120ms 1ch (VBR)
2026-09-28 07:35:16.299396 0.00% [NOTICE] switch_loadable_module.c:229 Adding Codec opus 116 OPUS (STANDARD) 8000hz 100ms 1ch (VBR)
2026-09-28 07:35:16.299405 0.00% [NOTICE] switch_loadable_module.c:229 Adding Codec opus 116 OPUS (STANDARD) 8000hz 80ms 1ch (VBR)
2026-09-28 07:35:16.299414 0.00% [NOTICE] switch_loadable_module.c:229 Adding Codec opus 116 OPUS (STANDARD) 8000hz 60ms 1ch (VBR)
2026-09-28 07:35:16.299424 0.00% [NOTICE] switch_loadable_module.c:229 Adding Codec opus 116 OPUS (STANDARD) 8000hz 20ms 2ch (VBR)
2026-09-28 07:35:16.299434 0.00% [NOTICE] switch_loadable_module.c:229 Adding Codec opus 116 OPUS (STANDARD) 8000hz 20ms 1ch (VBR)
2026-09-28 07:35:16.299445 0.00% [NOTICE] switch_loadable_module.c:229 Adding Codec opus 116 OPUS (STANDARD) 8000hz 10ms 2ch (VBR)
2026-09-28 07:35:16.299454 0.00% [NOTICE] switch_loadable_module.c:229 Adding Codec opus 116 OPUS (STANDARD) 8000hz 10ms 1ch (VBR)
2026-09-28 07:35:16.299460 0.00% [NOTICE] switch_loadable_module.c:229 Adding Codec opus 116 OPUS (STANDARD) 16000hz 40ms 2ch (VBR)
2026-09-28 07:35:16.299465 0.00% [NOTICE] switch_loadable_module.c:229 Adding Codec opus 116 OPUS (STANDARD) 16000hz 40ms 1ch (VBR)
2026-09-28 07:35:16.299468 0.00% [NOTICE] switch_loadable_module.c:229 Adding Codec opus 116 OPUS (STANDARD) 16000hz 60ms 1ch (VBR)
2026-09-28 07:35:16.299473 0.00% [NOTICE] switch_loadable_module.c:229 Adding Codec opus 116 OPUS (STANDARD) 16000hz 20ms 2ch (VBR)
2026-09-28 07:35:16.299498 0.00% [NOTICE] switch_loadable_module.c:229 Adding Codec opus 116 OPUS (STANDARD) 16000hz 20ms 1ch (VBR)
2026-09-28 07:35:16.299503 0.00% [NOTICE] switch_loadable_module.c:229 Adding Codec opus 116 OPUS (STANDARD) 16000hz 10ms 2ch (VBR)
2026-09-28 07:35:16.299520 0.00% [NOTICE] switch_loadable_module.c:229 Adding Codec opus 116 OPUS (STANDARD) 16000hz 10ms 1ch (VBR)
2026-09-28 07:35:16.299523 0.00% [NOTICE] switch_loadable_module.c:229 Adding Codec opus 116 OPUS (STANDARD) 48000hz 40ms 2ch (VBR)
2026-09-28 07:35:16.299527 0.00% [NOTICE] switch_loadable_module.c:229 Adding Codec opus 116 OPUS (STANDARD) 48000hz 40ms 1ch (VBR)
2026-09-28 07:35:16.299530 0.00% [NOTICE] switch_loadable_module.c:229 Adding Codec opus 116 OPUS (STANDARD) 48000hz 20ms 2ch (VBR)
2026-09-28 07:35:16.299541 0.00% [NOTICE] switch_loadable_module.c:229 Adding Codec opus 116 OPUS (STANDARD) 48000hz 20ms 1ch (VBR)
2026-09-28 07:35:16.299545 0.00% [NOTICE] switch_loadable_module.c:229 Adding Codec opus 116 OPUS (STANDARD) 48000hz 10ms 2ch (VBR)
2026-09-28 07:35:16.299549 0.00% [NOTICE] switch_loadable_module.c:229 Adding Codec opus 116 OPUS (STANDARD) 48000hz 10ms 1ch (VBR)
2026-09-28 07:35:16.299751 0.00% [NOTICE] switch_loadable_module.c:389 Adding API Function 'opus_debug'
2026-09-28 07:35:16.302432 0.00% [CRIT] switch_loadable_module.c:1754 Error Loading module /usr/lib/freeswitch/mod/mod_av.so
**Error loading shared library libavformat.so.62: No such file or directory (needed by /usr/lib/freeswitch/mod/mod_av.so)**
2026-09-28 07:35:16.325222 0.00% [INFO] mod_sndfile.c:498 
LibSndFile Version : libsndfile-1.2.2 Supported Formats
================================================================================
AIFF (Apple/SGI)  (extension "aiff")
AU (Sun/NeXT)  (extension "au")
AVR (Audio Visual Research)  (extension "avr")
CAF (Apple Core Audio File)  (extension "caf")
FLAC (Free Lossless Audio Codec)  (extension "flac")
HTK (HMM Tool Kit)  (extension "htk")
IFF (Amiga IFF/SVX8/SV16)  (extension "iff")
MAT4 (GNU Octave 2.0 / Matlab 4.2)  (extension "mat")
MAT5 (GNU Octave 2.1 / Matlab 5.0)  (extension "mat")
MPC (Akai MPC 2k)  (extension "mpc")
MPEG-1/2 Audio  (extension "m1a")
OGG (OGG Container format)  (extension "oga")
OGG (OGG Container format)  (extension "ogg")
PAF (Ensoniq PARIS)  (extension "paf")
PVF (Portable Voice Format)  (extension "pvf")
RAW (header-less)  (extension "raw")
RF64 (RIFF 64)  (extension "rf64")
SD2 (Sound Designer II)  (extension "sd2")
SDS (Midi Sample Dump Standard)  (extension "sds")
SF (Berkeley/IRCAM/CARL)  (extension "sf")
VOC (Creative Labs)  (extension "voc")
W64 (SoundFoundry WAVE 64)  (extension "w64")
WAV (Microsoft)  (extension "wav")
WAV (NIST Sphere)  (extension "wav")
WAVEX (Microsoft)  (extension "wav")
WVE (Psion Series 3)  (extension "wve")
XI (FastTracker 2)  (extension "xi")
================================================================================
2026-09-28 07:35:16.325602 0.00% [CONSOLE] switch_loadable_module.c:1772 Successfully Loaded [mod_sndfile]
2026-09-28 07:35:16.325760 0.00% [NOTICE] switch_loadable_module.c:389 Adding API Function 'sndfile_debug'
2026-09-28 07:35:16.325942 0.00% [NOTICE] switch_loadable_module.c:455 Adding File Format 'aiff'
2026-09-28 07:35:16.325980 0.00% [NOTICE] switch_loadable_module.c:455 Adding File Format 'au'
2026-09-28 07:35:16.326021 0.00% [NOTICE] switch_loadable_module.c:455 Adding File Format 'avr'
2026-09-28 07:35:16.326113 0.00% [NOTICE] switch_loadable_module.c:455 Adding File Format 'caf'
2026-09-28 07:35:16.326134 0.00% [NOTICE] switch_loadable_module.c:455 Adding File Format 'flac'
2026-09-28 07:35:16.326156 0.00% [NOTICE] switch_loadable_module.c:455 Adding File Format 'htk'
2026-09-28 07:35:16.326193 0.00% [NOTICE] switch_loadable_module.c:455 Adding File Format 'iff'
2026-09-28 07:35:16.326213 0.00% [NOTICE] switch_loadable_module.c:455 Adding File Format 'mat'
2026-09-28 07:35:16.326235 0.00% [NOTICE] switch_loadable_module.c:455 Adding File Format 'mpc'
2026-09-28 07:35:16.326264 0.00% [NOTICE] switch_loadable_module.c:455 Adding File Format 'm1a'
2026-09-28 07:35:16.326283 0.00% [NOTICE] switch_loadable_module.c:455 Adding File Format 'oga'
2026-09-28 07:35:16.326305 0.00% [NOTICE] switch_loadable_module.c:455 Adding File Format 'paf'
2026-09-28 07:35:16.326399 0.00% [NOTICE] switch_loadable_module.c:455 Adding File Format 'pvf'
2026-09-28 07:35:16.326424 0.00% [NOTICE] switch_loadable_module.c:455 Adding File Format 'raw'
2026-09-28 07:35:16.326457 0.00% [NOTICE] switch_loadable_module.c:455 Adding File Format 'rf64'
2026-09-28 07:35:16.326482 0.00% [NOTICE] switch_loadable_module.c:455 Adding File Format 'sd2'
2026-09-28 07:35:16.326515 0.00% [NOTICE] switch_loadable_module.c:455 Adding File Format 'sds'
2026-09-28 07:35:16.326538 0.00% [NOTICE] switch_loadable_module.c:455 Adding File Format 'sf'
2026-09-28 07:35:16.326879 0.00% [NOTICE] switch_loadable_module.c:455 Adding File Format 'voc'
2026-09-28 07:35:16.326922 0.00% [NOTICE] switch_loadable_module.c:455 Adding File Format 'w64'
2026-09-28 07:35:16.326937 0.00% [NOTICE] switch_loadable_module.c:455 Adding File Format 'wav'
2026-09-28 07:35:16.326953 0.00% [NOTICE] switch_loadable_module.c:455 Adding File Format 'wve'
2026-09-28 07:35:16.327080 0.00% [NOTICE] switch_loadable_module.c:455 Adding File Format 'xi'
2026-09-28 07:35:16.327093 0.00% [NOTICE] switch_loadable_module.c:455 Adding File Format 'r8'
2026-09-28 07:35:16.327106 0.00% [NOTICE] switch_loadable_module.c:455 Adding File Format 'r16'
2026-09-28 07:35:16.327120 0.00% [NOTICE] switch_loadable_module.c:455 Adding File Format 'r24'
2026-09-28 07:35:16.327209 0.00% [NOTICE] switch_loadable_module.c:455 Adding File Format 'r32'
2026-09-28 07:35:16.327262 0.00% [NOTICE] switch_loadable_module.c:455 Adding File Format 'gsm'
2026-09-28 07:35:16.327320 0.00% [NOTICE] switch_loadable_module.c:455 Adding File Format 'ul'
2026-09-28 07:35:16.327335 0.00% [NOTICE] switch_loadable_module.c:455 Adding File Format 'ulaw'
2026-09-28 07:35:16.327385 0.00% [NOTICE] switch_loadable_module.c:455 Adding File Format 'al'
2026-09-28 07:35:16.327412 0.00% [NOTICE] switch_loadable_module.c:455 Adding File Format 'alaw'
2026-09-28 07:35:16.327423 0.00% [NOTICE] switch_loadable_module.c:455 Adding File Format 'adpcm'
2026-09-28 07:35:16.327468 0.00% [NOTICE] switch_loadable_module.c:455 Adding File Format 'vox'
2026-09-28 07:35:16.327495 0.00% [NOTICE] switch_loadable_module.c:455 Adding File Format 'oga'
2026-09-28 07:35:16.327509 0.00% [NOTICE] switch_loadable_module.c:455 Adding File Format 'ogg'
2026-09-28 07:35:16.328718 0.00% [CONSOLE] switch_loadable_module.c:1772 Successfully Loaded [mod_native_file]
2026-09-28 07:35:16.328802 0.00% [NOTICE] switch_loadable_module.c:455 Adding File Format 'AAL2-G726-32'
2026-09-28 07:35:16.328879 0.00% [NOTICE] switch_loadable_module.c:455 Adding File Format 'DVI4'
2026-09-28 07:35:16.328908 0.00% [NOTICE] switch_loadable_module.c:455 Adding File Format 'PCMU'
2026-09-28 07:35:16.328931 0.00% [NOTICE] switch_loadable_module.c:455 Adding File Format 'G722'
2026-09-28 07:35:16.328995 0.00% [NOTICE] switch_loadable_module.c:455 Adding File Format 'AAL2-G726-24'
2026-09-28 07:35:16.329042 0.00% [NOTICE] switch_loadable_module.c:455 Adding File Format 'AAL2-G726-40'
2026-09-28 07:35:16.329063 0.00% [NOTICE] switch_loadable_module.c:455 Adding File Format 'L16'
2026-09-28 07:35:16.329082 0.00% [NOTICE] switch_loadable_module.c:455 Adding File Format 'G726-16'
2026-09-28 07:35:16.329110 0.00% [NOTICE] switch_loadable_module.c:455 Adding File Format 'PCMA'
2026-09-28 07:35:16.329130 0.00% [NOTICE] switch_loadable_module.c:455 Adding File Format 'G726-24'
2026-09-28 07:35:16.329149 0.00% [NOTICE] switch_loadable_module.c:455 Adding File Format 'G729'
2026-09-28 07:35:16.329396 0.00% [NOTICE] switch_loadable_module.c:455 Adding File Format 'AAL2-G726-16'
2026-09-28 07:35:16.329427 0.00% [NOTICE] switch_loadable_module.c:455 Adding File Format 'G726-32'
2026-09-28 07:35:16.329449 0.00% [NOTICE] switch_loadable_module.c:455 Adding File Format 'GSM'
2026-09-28 07:35:16.329468 0.00% [NOTICE] switch_loadable_module.c:455 Adding File Format 'G726-40'
2026-09-28 07:35:16.329493 0.00% [NOTICE] switch_loadable_module.c:455 Adding File Format 'G723'
2026-09-28 07:35:16.329518 0.00% [NOTICE] switch_loadable_module.c:455 Adding File Format 'LPC'
2026-09-28 07:35:16.330722 0.00% [CONSOLE] switch_loadable_module.c:1772 Successfully Loaded [mod_png]
2026-09-28 07:35:16.330837 0.00% [NOTICE] switch_loadable_module.c:389 Adding API Function 'uuid_write_png'
2026-09-28 07:35:16.330925 0.00% [NOTICE] switch_loadable_module.c:455 Adding File Format 'png'
2026-09-28 07:35:16.334516 0.00% [CONSOLE] switch_loadable_module.c:1772 Successfully Loaded [mod_local_stream]
2026-09-28 07:35:16.334558 0.00% [NOTICE] switch_loadable_module.c:389 Adding API Function 'local_stream'
2026-09-28 07:35:16.334651 0.00% [NOTICE] switch_loadable_module.c:455 Adding File Format 'local_stream'
2026-09-28 07:35:16.335865 0.00% [CONSOLE] switch_loadable_module.c:1772 Successfully Loaded [mod_tone_stream]
2026-09-28 07:35:16.335901 0.00% [NOTICE] switch_loadable_module.c:455 Adding File Format 'tone_stream'
2026-09-28 07:35:16.335979 0.00% [NOTICE] switch_loadable_module.c:455 Adding File Format 'silence_stream'
2026-09-28 07:35:16.344029 0.00% [DEBUG] switch_loadable_module.c:1706 Loading module with global namespace at request of module
2026-09-28 07:35:16.345239 0.00% [CONSOLE] switch_loadable_module.c:1772 Successfully Loaded [mod_lua]
2026-09-28 07:35:16.345291 0.00% [NOTICE] switch_loadable_module.c:273 Adding Dialplan 'LUA'
2026-09-28 07:35:16.345391 0.00% [NOTICE] switch_loadable_module.c:329 Adding Application 'lua'
2026-09-28 07:35:16.345427 0.00% [NOTICE] switch_loadable_module.c:359 Adding Chat Application 'lua'
2026-09-28 07:35:16.345486 0.00% [NOTICE] switch_loadable_module.c:389 Adding API Function 'luarun'
2026-09-28 07:35:16.345515 0.00% [NOTICE] switch_loadable_module.c:389 Adding API Function 'lua'
2026-09-28 07:35:16.347329 0.00% [CONSOLE] switch_loadable_module.c:1772 Successfully Loaded [mod_say_en]
2026-09-28 07:35:16.347392 0.00% [NOTICE] switch_loadable_module.c:651 Adding Say interface 'en'
2026-09-28 07:35:16.347563 0.00% [CONSOLE] switch_loadable_module.c:149 Starting runtime thread for mod_verto
2026-09-28 07:35:16.348135 0.00% [CONSOLE] switch_loadable_module.c:149 Starting runtime thread for mod_event_socket
2026-09-28 07:35:16.348427 0.00% [CONSOLE] switch_loadable_module.c:149 Starting runtime thread for CORE_SOFTTIMER_MODULE
2026-09-28 07:35:16.349113 100.00% [DEBUG] switch_loadable_module.c:910 Chat Thread Started
2026-09-28 07:35:16.349146 100.00% [INFO] switch_time.c:627 Clock synchronized to system time.
2026-09-28 07:35:16.350480 100.00% [DEBUG] switch_loadable_module.c:910 Chat Thread Started
2026-09-28 07:35:16.351559 100.00% [DEBUG] mod_event_socket.c:2979 Socket up listening on 0.0.0.0:8021
2026-09-28 07:35:16.352372 100.00% [NOTICE] switch_core.c:1482 Created ip list rfc6598.auto default (deny)
2026-09-28 07:35:16.352393 100.00% [NOTICE] switch_utils.c:665 Adding 100.64.0.0/10 (allow) [] to list rfc6598.auto
2026-09-28 07:35:16.352411 100.00% [NOTICE] switch_core.c:1488 Created ip list rfc1918.auto default (deny)
2026-09-28 07:35:16.352422 100.00% [NOTICE] switch_utils.c:665 Adding 10.0.0.0/8 (allow) [] to list rfc1918.auto
2026-09-28 07:35:16.352431 100.00% [NOTICE] switch_utils.c:665 Adding 172.16.0.0/12 (allow) [] to list rfc1918.auto
2026-09-28 07:35:16.352441 100.00% [NOTICE] switch_utils.c:665 Adding 192.168.0.0/16 (allow) [] to list rfc1918.auto
2026-09-28 07:35:16.352450 100.00% [NOTICE] switch_utils.c:665 Adding fe80::/10 (allow) [] to list rfc1918.auto
2026-09-28 07:35:16.352459 100.00% [NOTICE] switch_core.c:1497 Created ip list wan.auto default (allow)
2026-09-28 07:35:16.352465 100.00% [NOTICE] switch_utils.c:665 Adding 0.0.0.0/8 (deny) [] to list wan.auto
2026-09-28 07:35:16.352474 100.00% [NOTICE] switch_utils.c:665 Adding 10.0.0.0/8 (deny) [] to list wan.auto
2026-09-28 07:35:16.352483 100.00% [NOTICE] switch_utils.c:665 Adding 172.16.0.0/12 (deny) [] to list wan.auto
2026-09-28 07:35:16.352491 100.00% [NOTICE] switch_utils.c:665 Adding 192.168.0.0/16 (deny) [] to list wan.auto
2026-09-28 07:35:16.352498 100.00% [NOTICE] switch_utils.c:665 Adding 169.254.0.0/16 (deny) [] to list wan.auto
2026-09-28 07:35:16.352504 100.00% [NOTICE] switch_utils.c:665 Adding 100.64.0.0/10 (deny) [] to list wan.auto
2026-09-28 07:35:16.352510 100.00% [NOTICE] switch_utils.c:665 Adding fe80::/10 (deny) [] to list wan.auto
2026-09-28 07:35:16.352516 100.00% [NOTICE] switch_core.c:1509 Created ip list wan_v6.auto default (allow)
2026-09-28 07:35:16.352521 100.00% [NOTICE] switch_utils.c:665 Adding 0.0.0.0/0 (deny) [] to list wan_v6.auto
2026-09-28 07:35:16.352537 100.00% [NOTICE] switch_utils.c:665 Adding fe80::/10 (deny) [] to list wan_v6.auto
2026-09-28 07:35:16.352544 100.00% [NOTICE] switch_core.c:1517 Created ip list wan_v4.auto default (allow)
2026-09-28 07:35:16.352556 100.00% [NOTICE] switch_utils.c:665 Adding 0.0.0.0/8 (deny) [] to list wan_v4.auto
2026-09-28 07:35:16.352563 100.00% [NOTICE] switch_utils.c:665 Adding 10.0.0.0/8 (deny) [] to list wan_v4.auto
2026-09-28 07:35:16.352569 100.00% [NOTICE] switch_utils.c:665 Adding 172.16.0.0/12 (deny) [] to list wan_v4.auto
2026-09-28 07:35:16.352576 100.00% [NOTICE] switch_utils.c:665 Adding 192.168.0.0/16 (deny) [] to list wan_v4.auto
2026-09-28 07:35:16.352582 100.00% [NOTICE] switch_utils.c:665 Adding 169.254.0.0/16 (deny) [] to list wan_v4.auto
2026-09-28 07:35:16.352608 100.00% [NOTICE] switch_utils.c:665 Adding 100.64.0.0/10 (deny) [] to list wan_v4.auto
2026-09-28 07:35:16.352615 100.00% [NOTICE] switch_utils.c:665 Adding ::/0 (deny) [] to list wan_v4.auto
2026-09-28 07:35:16.352622 100.00% [NOTICE] switch_core.c:1530 Created ip list any_v6.auto default (allow)
2026-09-28 07:35:16.352627 100.00% [NOTICE] switch_utils.c:665 Adding 0.0.0.0/0 (deny) [] to list any_v6.auto
2026-09-28 07:35:16.352633 100.00% [NOTICE] switch_core.c:1537 Created ip list any_v4.auto default (allow)
2026-09-28 07:35:16.352638 100.00% [NOTICE] switch_utils.c:665 Adding ::/0 (deny) [] to list any_v4.auto
2026-09-28 07:35:16.352643 100.00% [NOTICE] switch_core.c:1544 Created ip list nat.auto default (deny)
2026-09-28 07:35:16.352649 100.00% [NOTICE] switch_core.c:1546 Adding 172.25.0.4/255.255.0.0 (deny) to list nat.auto
2026-09-28 07:35:16.352670 100.00% [NOTICE] switch_utils.c:665 Adding 10.0.0.0/8 (allow) [] to list nat.auto
2026-09-28 07:35:16.352677 100.00% [NOTICE] switch_utils.c:665 Adding 172.16.0.0/12 (allow) [] to list nat.auto
2026-09-28 07:35:16.352683 100.00% [NOTICE] switch_utils.c:665 Adding 192.168.0.0/16 (allow) [] to list nat.auto
2026-09-28 07:35:16.352688 100.00% [NOTICE] switch_utils.c:665 Adding 100.64.0.0/10 (allow) [] to list nat.auto
2026-09-28 07:35:16.352695 100.00% [NOTICE] switch_core.c:1556 Created ip list loopback.auto default (deny)
2026-09-28 07:35:16.352699 100.00% [NOTICE] switch_utils.c:665 Adding 127.0.0.0/8 (allow) [] to list loopback.auto
2026-09-28 07:35:16.352705 100.00% [NOTICE] switch_utils.c:665 Adding ::1/128 (allow) [] to list loopback.auto
2026-09-28 07:35:16.352711 100.00% [NOTICE] switch_core.c:1563 Created ip list localnet.auto default (deny)
2026-09-28 07:35:16.352715 100.00% [NOTICE] switch_core.c:1566 Adding 172.25.0.4/255.255.0.0 (allow) to list localnet.auto
2026-09-28 07:35:16.352735 100.00% [CONSOLE] switch_core.c:1593 Created ip list obd-dev-acl default (deny)
2026-09-28 07:35:16.352745 100.00% [NOTICE] switch_utils.c:665 Adding 127.0.0.1/32 (allow) [] to list obd-dev-acl
2026-09-28 07:35:16.352752 100.00% [NOTICE] switch_utils.c:665 Adding ::1/128 (allow) [] to list obd-dev-acl
2026-09-28 07:35:16.352760 100.00% [NOTICE] switch_utils.c:665 Adding 10.0.0.0/8 (allow) [] to list obd-dev-acl
2026-09-28 07:35:16.352767 100.00% [NOTICE] switch_utils.c:665 Adding 172.16.0.0/12 (allow) [] to list obd-dev-acl
2026-09-28 07:35:16.352774 100.00% [NOTICE] switch_utils.c:665 Adding 192.168.0.0/16 (allow) [] to list obd-dev-acl
2026-09-28 07:35:16.352781 100.00% [CONSOLE] switch_core.c:1593 Created ip list domains default (deny)
2026-09-28 07:35:16.352861 100.00% [NOTICE] switch_utils.c:665 Adding 192.0.2.0/24 (allow) [brian@172.25.0.4] to list domains
2026-09-28 07:35:16.353116 100.00% [CONSOLE] switch_core.c:2497 [m[33m[44m
.=============================================================.
|   _____              ______        _____ _____ ____ _   _   |
|  |  ___| __ ___  ___/ ___\ \      / /_ _|_   _/ ___| | | |  |
|  | |_ | '__/ _ \/ _ \___ \\ \ /\ / / | |  | || |   | |_| |  |
|  |  _|| | |  __/  __/___) |\ V  V /  | |  | || |___|  _  |  |
|  |_|  |_|  \___|\___|____/  \_/\_/  |___| |_| \____|_| |_|  |
|                                                             |
.=============================================================.
|   Anthony Minessale II, Michael Jerris, Brian West, Others  |
|   FreeSWITCH (http://www.freeswitch.org)                    |
|   Paypal Donations Appreciated: paypal@freeswitch.org       |
|   Brought to you by ClueCon http://www.cluecon.com/         |
.=============================================================.

.===============================================================.
|       _                                                       |
|   ___| |_   _  ___  ___ ___  _ __         ___ ___  _ __ ___   |
|  / __| | | | |/ _ \/ __/ _ \| '_ \       / __/ _ \| '_ ` _ \  |
| | (__| | |_| |  __/ (_| (_) | | | |  _  | (_| (_) | | | | | | |
|  \___|_|\__,_|\___|\___\___/|_| |_| (_)  \___\___/|_| |_| |_| |
|                                                               |
.===============================================================.
[m

2026-09-28 07:35:16.353148 100.00% [INFO] switch_core.c:2506 
FreeSWITCH Version 1.11.1-release~64bit ( 64bit)

FreeSWITCH Started
Max Sessions [1000]
Session Rate [30]
SQL [Enabled]
2026-09-28 07:35:16.353158 100.00% [CONSOLE] switch_core.c:2514 
[This app Best viewed at 160x60 or more..]
2026-09-28 08:16:52.666740 0.00% [CONSOLE] switch_loadable_module.c:1772 Successfully Loaded [mod_logfile]
2026-09-28 08:16:52.669067 0.00% [CONSOLE] switch_loadable_module.c:1772 Successfully Loaded [mod_enum]
2026-09-28 08:16:52.669151 0.00% [NOTICE] switch_loadable_module.c:273 Adding Dialplan 'enum'
2026-09-28 08:16:52.669220 0.00% [NOTICE] switch_loadable_module.c:329 Adding Application 'enum'
2026-09-28 08:16:52.669241 0.00% [NOTICE] switch_loadable_module.c:389 Adding API Function 'enum'
2026-09-28 08:16:52.669258 0.00% [NOTICE] switch_loadable_module.c:389 Adding API Function 'enum_auto'
2026-09-28 08:16:52.669598 0.00% [DEBUG] mod_cdr_csv.c:368 Adding default template.
2026-09-28 08:16:52.669617 0.00% [DEBUG] mod_cdr_csv.c:415 Adding template sql.
2026-09-28 08:16:52.669624 0.00% [DEBUG] mod_cdr_csv.c:415 Adding template example.
2026-09-28 08:16:52.669636 0.00% [DEBUG] mod_cdr_csv.c:415 Adding template snom.
2026-09-28 08:16:52.669640 0.00% [DEBUG] mod_cdr_csv.c:415 Adding template linksys.
2026-09-28 08:16:52.669643 0.00% [DEBUG] mod_cdr_csv.c:415 Adding template asterisk.
2026-09-28 08:16:52.669648 0.00% [DEBUG] mod_cdr_csv.c:415 Adding template opencdrrate.
2026-09-28 08:16:52.671556 0.00% [CONSOLE] switch_loadable_module.c:1772 Successfully Loaded [mod_cdr_csv]
2026-09-28 08:16:52.671592 0.00% [NOTICE] switch_loadable_module.c:389 Adding API Function 'cdr_csv'
2026-09-28 08:16:52.673092 0.00% [CONSOLE] switch_loadable_module.c:1772 Successfully Loaded [mod_event_socket]
2026-09-28 08:16:52.673153 0.00% [NOTICE] switch_loadable_module.c:329 Adding Application 'socket'
2026-09-28 08:16:52.673214 0.00% [NOTICE] switch_loadable_module.c:389 Adding API Function 'event_sink'
2026-09-28 08:16:52.677935 0.00% [INFO] mod_sofia.c:6737 Starting initial message thread.
2026-09-28 08:16:52.680029 0.00% [DEBUG] sofia.c:4718 debug [0]
2026-09-28 08:16:52.680086 0.00% [DEBUG] sofia.c:4718 sip-trace [no]
2026-09-28 08:16:52.680096 0.00% [DEBUG] sofia.c:4718 sip-capture [no]
2026-09-28 08:16:52.680100 0.00% [DEBUG] sofia.c:4718 sip-port [5060]
2026-09-28 08:16:52.680112 0.00% [DEBUG] sofia.c:4718 listen-ip [0.0.0.0]
2026-09-28 08:16:52.680135 0.00% [DEBUG] sofia.c:4718 dialplan [XML]
2026-09-28 08:16:52.680142 0.00% [DEBUG] sofia.c:4718 context [obd-endpoint]
2026-09-28 08:16:52.680150 0.00% [DEBUG] sofia.c:4718 auth-calls [false]
2026-09-28 08:16:52.680156 0.00% [DEBUG] sofia.c:4718 auth-subscriptions [false]
2026-09-28 08:16:52.680162 0.00% [DEBUG] sofia.c:4718 challenge-realm [172.25.0.2]
2026-09-28 08:16:52.680169 0.00% [DEBUG] sofia.c:4718 inbound-codec-prefs [PCMU,PCMA]
2026-09-28 08:16:52.680177 0.00% [DEBUG] sofia.c:4718 outbound-codec-prefs [PCMU,PCMA]
2026-09-28 08:16:52.680183 0.00% [DEBUG] sofia.c:4718 rfc2833-pt [101]
2026-09-28 08:16:52.680239 0.00% [DEBUG] sofia.c:4718 liberal-dtmf [true]
2026-09-28 08:16:52.680242 0.00% [DEBUG] sofia.c:4718 dtmf-duration [2000]
2026-09-28 08:16:52.680250 0.00% [DEBUG] sofia.c:4718 inbound-codec-negotiation [generous]
2026-09-28 08:16:52.680255 0.00% [DEBUG] sofia.c:4718 rtp-timer-name [soft]
2026-09-28 08:16:52.680260 0.00% [DEBUG] sofia.c:4718 apply-inbound-acl [obd-dev-acl]
2026-09-28 08:16:52.680288 0.00% [INFO] sofia.c:6173 Setting nonce TTL to 60 seconds
2026-09-28 08:16:52.680292 0.00% [INFO] sofia.c:6178 Setting MAX Auth Validity to 0 Attempts
2026-09-28 08:16:52.680835 0.00% [NOTICE] sofia.c:6341 Started Profile obd-endpoint [sofia_reg_obd-endpoint]
2026-09-28 08:16:52.681156 0.00% [DEBUG] mod_sofia.c:6753 Waiting for profiles to start
2026-09-28 08:16:52.681210 0.00% [WARNING] sofia.c:2279 MSG Thread 0 Started
2026-09-28 08:16:52.681272 0.00% [DEBUG] sofia.c:3153 Creating agent for obd-endpoint
2026-09-28 08:16:52.703930 0.00% [DEBUG] sofia.c:3316 Created agent for obd-endpoint
2026-09-28 08:16:52.704108 0.00% [DEBUG] sofia.c:3366 Set params for obd-endpoint
2026-09-28 08:16:52.704114 0.00% [DEBUG] sofia.c:3413 Activated db for obd-endpoint
2026-09-28 08:16:52.711862 0.00% [INFO] switch_core_sqldb.c:1840 sofia:obd-endpoint Starting SQL thread.
2026-09-28 08:16:52.713859 0.00% [DEBUG] sofia.c:3451 Starting thread for obd-endpoint
2026-09-28 08:16:52.713903 0.00% [DEBUG] sofia.c:3043 Launching worker thread for obd-endpoint
2026-09-28 08:16:52.715297 0.00% [NOTICE] sofia_reg.c:3722 Added gateway 'platform-switch' to profile 'obd-endpoint'
2026-09-28 08:16:53.721451 0.00% [NOTICE] sofia_reg.c:463 Registering platform-switch
2026-09-28 08:16:53.817326 0.00% [ERR] sofia_reg.c:2661 platform-switch Failed Registration with status Service Unavailable [503]. failure #1
2026-09-28 08:16:54.183140 0.00% [CONSOLE] switch_loadable_module.c:1772 Successfully Loaded [mod_sofia]
2026-09-28 08:16:54.183278 0.00% [NOTICE] switch_loadable_module.c:172 Adding Endpoint 'sofia'
2026-09-28 08:16:54.183334 0.00% [NOTICE] switch_loadable_module.c:172 Adding Endpoint 'rtp'
2026-09-28 08:16:54.183349 0.00% [NOTICE] switch_loadable_module.c:329 Adding Application 'sofia_sla'
2026-09-28 08:16:54.183360 0.00% [NOTICE] switch_loadable_module.c:329 Adding Application 'sofia_stir_shaken_vs'
2026-09-28 08:16:54.183368 0.00% [NOTICE] switch_loadable_module.c:389 Adding API Function 'sofia'
2026-09-28 08:16:54.183461 0.00% [NOTICE] switch_loadable_module.c:389 Adding API Function 'sofia_gateway_data'
2026-09-28 08:16:54.183474 0.00% [NOTICE] switch_loadable_module.c:389 Adding API Function 'sofia_username_of'
2026-09-28 08:16:54.183482 0.00% [NOTICE] switch_loadable_module.c:389 Adding API Function 'sofia_contact'
2026-09-28 08:16:54.183583 0.00% [NOTICE] switch_loadable_module.c:389 Adding API Function 'sofia_count_reg'
2026-09-28 08:16:54.183614 0.00% [NOTICE] switch_loadable_module.c:389 Adding API Function 'sofia_dig'
2026-09-28 08:16:54.183630 0.00% [NOTICE] switch_loadable_module.c:389 Adding API Function 'sofia_presence_data'
2026-09-28 08:16:54.183641 0.00% [NOTICE] switch_loadable_module.c:419 Adding JSON API Function 'sofia.status'
2026-09-28 08:16:54.183702 0.00% [NOTICE] switch_loadable_module.c:419 Adding JSON API Function 'sofia.status.info'
2026-09-28 08:16:54.183710 0.00% [NOTICE] switch_loadable_module.c:621 Adding Chat interface 'sip'
2026-09-28 08:16:54.183719 0.00% [NOTICE] switch_loadable_module.c:683 Adding Management interface 'mod_sofia' OID[.1.3.6.1.4.1.27880.1001]
2026-09-28 08:16:54.184550 0.00% [CONSOLE] switch_loadable_module.c:1772 Successfully Loaded [mod_loopback]
2026-09-28 08:16:54.184594 0.00% [NOTICE] switch_loadable_module.c:172 Adding Endpoint 'loopback'
2026-09-28 08:16:54.184640 0.00% [NOTICE] switch_loadable_module.c:172 Adding Endpoint 'null'
2026-09-28 08:16:54.184654 0.00% [NOTICE] switch_loadable_module.c:329 Adding Application 'unloop'
2026-09-28 08:16:54.184888 0.00% [CONSOLE] switch_loadable_module.c:1772 Successfully Loaded [mod_rtc]
2026-09-28 08:16:54.184905 0.00% [NOTICE] switch_loadable_module.c:172 Adding Endpoint 'rtc'
2026-09-28 08:16:54.188314 0.00% [INFO] mod_verto.c:5331 Secure key and cert specified
2026-09-28 08:16:54.188337 0.00% [WARNING] mod_verto.c:5400 Invalid External RTP IP.
2026-09-28 08:16:54.188346 0.00% [DEBUG] mod_verto.c:5445 default-v4 Bound to 172.25.0.2:8081
2026-09-28 08:16:54.188350 0.00% [DEBUG] mod_verto.c:5445 default-v4 Bound to 172.25.0.2:8082
2026-09-28 08:16:54.188625 0.00% [INFO] mod_verto.c:5331 Secure key and cert specified
2026-09-28 08:16:54.188634 0.00% [DEBUG] mod_verto.c:5445 default-v6 Bound to [::1]:8081
2026-09-28 08:16:54.188637 0.00% [DEBUG] mod_verto.c:5445 default-v6 Bound to [::1]:8082
2026-09-28 08:16:54.193144 0.00% [CONSOLE] switch_loadable_module.c:1772 Successfully Loaded [mod_verto]
2026-09-28 08:16:54.193217 0.00% [NOTICE] switch_loadable_module.c:172 Adding Endpoint 'verto.rtc'
2026-09-28 08:16:54.193279 0.00% [NOTICE] switch_loadable_module.c:389 Adding API Function 'verto'
2026-09-28 08:16:54.193299 0.00% [NOTICE] switch_loadable_module.c:389 Adding API Function 'verto_contact'
2026-09-28 08:16:54.193310 0.00% [NOTICE] switch_loadable_module.c:419 Adding JSON API Function 'store'
2026-09-28 08:16:54.193325 0.00% [NOTICE] switch_loadable_module.c:621 Adding Chat interface 'verto'
2026-09-28 08:16:54.193552 0.00% [INFO] mod_verto.c:5101 default-v4 MCAST Bound to 224.1.1.1:1337/1338
2026-09-28 08:16:54.195361 0.00% [CONSOLE] switch_loadable_module.c:1772 Successfully Loaded [mod_commands]
2026-09-28 08:16:54.195394 0.00% [NOTICE] switch_loadable_module.c:329 Adding Application 'msrp_recv_file'
2026-09-28 08:16:54.195454 0.00% [NOTICE] switch_loadable_module.c:329 Adding Application 'msrp_send_file'
2026-09-28 08:16:54.195470 0.00% [NOTICE] switch_loadable_module.c:389 Adding API Function 'bg_system'
2026-09-28 08:16:54.195488 0.00% [NOTICE] switch_loadable_module.c:389 Adding API Function 'system'
2026-09-28 08:16:54.195499 0.00% [NOTICE] switch_loadable_module.c:389 Adding API Function 'bg_spawn'
2026-09-28 08:16:54.195513 0.00% [NOTICE] switch_loadable_module.c:389 Adding API Function 'spawn'
2026-09-28 08:16:54.195532 0.00% [NOTICE] switch_loadable_module.c:389 Adding API Function 'spawn_stream'
2026-09-28 08:16:54.195589 0.00% [NOTICE] switch_loadable_module.c:389 Adding API Function 'acl'
2026-09-28 08:16:54.195601 0.00% [NOTICE] switch_loadable_module.c:389 Adding API Function 'alias'
2026-09-28 08:16:54.195612 0.00% [NOTICE] switch_loadable_module.c:389 Adding API Function 'coalesce'
2026-09-28 08:16:54.195622 0.00% [NOTICE] switch_loadable_module.c:389 Adding API Function 'banner'
2026-09-28 08:16:54.195636 0.00% [NOTICE] switch_loadable_module.c:389 Adding API Function 'bgapi'
2026-09-28 08:16:54.195646 0.00% [NOTICE] switch_loadable_module.c:389 Adding API Function 'break'
2026-09-28 08:16:54.195672 0.00% [NOTICE] switch_loadable_module.c:389 Adding API Function 'complete'
2026-09-28 08:16:54.195700 0.00% [NOTICE] switch_loadable_module.c:389 Adding API Function 'cond'
2026-09-28 08:16:54.195716 0.00% [NOTICE] switch_loadable_module.c:389 Adding API Function 'console_complete'
2026-09-28 08:16:54.195726 0.00% [NOTICE] switch_loadable_module.c:389 Adding API Function 'console_complete_xml'
2026-09-28 08:16:54.195750 0.00% [NOTICE] switch_loadable_module.c:389 Adding API Function 'create_uuid'
2026-09-28 08:16:54.195762 0.00% [NOTICE] switch_loadable_module.c:389 Adding API Function 'db_cache'
2026-09-28 08:16:54.195775 0.00% [NOTICE] switch_loadable_module.c:389 Adding API Function 'domain_data'
2026-09-28 08:16:54.195799 0.00% [NOTICE] switch_loadable_module.c:389 Adding API Function 'domain_exists'
2026-09-28 08:16:54.195810 0.00% [NOTICE] switch_loadable_module.c:389 Adding API Function 'echo'
2026-09-28 08:16:54.195820 0.00% [NOTICE] switch_loadable_module.c:389 Adding API Function 'event_channel_broadcast'
2026-09-28 08:16:54.195865 0.00% [NOTICE] switch_loadable_module.c:389 Adding API Function 'escape'
2026-09-28 08:16:54.195881 0.00% [NOTICE] switch_loadable_module.c:389 Adding API Function 'eval'
2026-09-28 08:16:54.195892 0.00% [NOTICE] switch_loadable_module.c:389 Adding API Function 'expand'
2026-09-28 08:16:54.195920 0.00% [NOTICE] switch_loadable_module.c:389 Adding API Function 'find_user_xml'
2026-09-28 08:16:54.195969 0.00% [NOTICE] switch_loadable_module.c:389 Adding API Function 'fsctl'
2026-09-28 08:16:54.195997 0.00% [NOTICE] switch_loadable_module.c:389 Adding API Function '...'
2026-09-28 08:16:54.196010 0.00% [NOTICE] switch_loadable_module.c:389 Adding API Function 'shutdown'
2026-09-28 08:16:54.196026 0.00% [NOTICE] switch_loadable_module.c:389 Adding API Function 'version'
2026-09-28 08:16:54.196038 0.00% [NOTICE] switch_loadable_module.c:389 Adding API Function 'global_getvar'
2026-09-28 08:16:54.196051 0.00% [NOTICE] switch_loadable_module.c:389 Adding API Function 'global_setvar'
2026-09-28 08:16:54.196061 0.00% [NOTICE] switch_loadable_module.c:389 Adding API Function 'group_call'
2026-09-28 08:16:54.196074 0.00% [NOTICE] switch_loadable_module.c:389 Adding API Function 'help'
2026-09-28 08:16:54.196085 0.00% [NOTICE] switch_loadable_module.c:389 Adding API Function 'host_lookup'
2026-09-28 08:16:54.196133 0.00% [NOTICE] switch_loadable_module.c:389 Adding API Function 'hostname'
2026-09-28 08:16:54.196144 0.00% [NOTICE] switch_loadable_module.c:389 Adding API Function 'interface_ip'
2026-09-28 08:16:54.196188 0.00% [NOTICE] switch_loadable_module.c:389 Adding API Function 'switchname'
2026-09-28 08:16:54.196199 0.00% [NOTICE] switch_loadable_module.c:389 Adding API Function 'gethost'
2026-09-28 08:16:54.196211 0.00% [NOTICE] switch_loadable_module.c:389 Adding API Function 'getenv'
2026-09-28 08:16:54.196222 0.00% [NOTICE] switch_loadable_module.c:389 Adding API Function 'hupall'
2026-09-28 08:16:54.196250 0.00% [NOTICE] switch_loadable_module.c:389 Adding API Function 'in_group'
2026-09-28 08:16:54.196261 0.00% [NOTICE] switch_loadable_module.c:389 Adding API Function 'is_lan_addr'
2026-09-28 08:16:54.196272 0.00% [NOTICE] switch_loadable_module.c:389 Adding API Function 'limit_usage'
2026-09-28 08:16:54.196282 0.00% [NOTICE] switch_loadable_module.c:389 Adding API Function 'limit_hash_usage'
2026-09-28 08:16:54.196339 0.00% [NOTICE] switch_loadable_module.c:389 Adding API Function 'limit_status'
2026-09-28 08:16:54.196359 0.00% [NOTICE] switch_loadable_module.c:389 Adding API Function 'limit_reset'
2026-09-28 08:16:54.196372 0.00% [NOTICE] switch_loadable_module.c:389 Adding API Function 'limit_interval_reset'
2026-09-28 08:16:54.196379 0.00% [NOTICE] switch_loadable_module.c:389 Adding API Function 'list_users'
2026-09-28 08:16:54.196437 0.00% [NOTICE] switch_loadable_module.c:389 Adding API Function 'load'
2026-09-28 08:16:54.196456 0.00% [NOTICE] switch_loadable_module.c:389 Adding API Function 'log'
2026-09-28 08:16:54.196508 0.00% [NOTICE] switch_loadable_module.c:389 Adding API Function 'md5'
2026-09-28 08:16:54.196521 0.00% [NOTICE] switch_loadable_module.c:389 Adding API Function 'module_exists'
2026-09-28 08:16:54.196532 0.00% [NOTICE] switch_loadable_module.c:389 Adding API Function 'msleep'
2026-09-28 08:16:54.196610 0.00% [NOTICE] switch_loadable_module.c:389 Adding API Function 'nat_map'
2026-09-28 08:16:54.196624 0.00% [NOTICE] switch_loadable_module.c:389 Adding API Function 'originate'
2026-09-28 08:16:54.196636 0.00% [NOTICE] switch_loadable_module.c:389 Adding API Function 'pause'
2026-09-28 08:16:54.196650 0.00% [NOTICE] switch_loadable_module.c:389 Adding API Function 'pool_stats'
2026-09-28 08:16:54.196673 0.00% [NOTICE] switch_loadable_module.c:389 Adding API Function 'quote_shell_arg'
2026-09-28 08:16:54.196684 0.00% [NOTICE] switch_loadable_module.c:389 Adding API Function 'regex'
2026-09-28 08:16:54.196695 0.00% [NOTICE] switch_loadable_module.c:389 Adding API Function 'reloadacl'
2026-09-28 08:16:54.196705 0.00% [NOTICE] switch_loadable_module.c:389 Adding API Function 'reload'
2026-09-28 08:16:54.196717 0.00% [NOTICE] switch_loadable_module.c:389 Adding API Function 'reloadxml'
2026-09-28 08:16:54.196731 0.00% [NOTICE] switch_loadable_module.c:389 Adding API Function 'reloadcert'
2026-09-28 08:16:54.196742 0.00% [NOTICE] switch_loadable_module.c:389 Adding API Function 'replace'
2026-09-28 08:16:54.196753 0.00% [NOTICE] switch_loadable_module.c:389 Adding API Function 'say_string'
2026-09-28 08:16:54.196915 0.00% [NOTICE] switch_loadable_module.c:389 Adding API Function 'sched_api'
2026-09-28 08:16:54.196932 0.00% [NOTICE] switch_loadable_module.c:389 Adding API Function 'sched_broadcast'
2026-09-28 08:16:54.196945 0.00% [NOTICE] switch_loadable_module.c:389 Adding API Function 'sched_del'
2026-09-28 08:16:54.196955 0.00% [NOTICE] switch_loadable_module.c:389 Adding API Function 'sched_hangup'
2026-09-28 08:16:54.196971 0.00% [NOTICE] switch_loadable_module.c:389 Adding API Function 'sched_transfer'
2026-09-28 08:16:54.196982 0.00% [NOTICE] switch_loadable_module.c:389 Adding API Function 'show'
2026-09-28 08:16:54.196992 0.00% [NOTICE] switch_loadable_module.c:389 Adding API Function 'sql_escape'
2026-09-28 08:16:54.197003 0.00% [NOTICE] switch_loadable_module.c:389 Adding API Function 'status'
2026-09-28 08:16:54.197014 0.00% [NOTICE] switch_loadable_module.c:389 Adding API Function 'strftime_tz'
2026-09-28 08:16:54.197024 0.00% [NOTICE] switch_loadable_module.c:389 Adding API Function 'stun'
2026-09-28 08:16:54.197034 0.00% [NOTICE] switch_loadable_module.c:389 Adding API Function 'time_test'
2026-09-28 08:16:54.197415 0.00% [NOTICE] switch_loadable_module.c:389 Adding API Function 'timer_test'
2026-09-28 08:16:54.197429 0.00% [NOTICE] switch_loadable_module.c:389 Adding API Function 'tone_detect'
2026-09-28 08:16:54.197439 0.00% [NOTICE] switch_loadable_module.c:389 Adding API Function 'unload'
2026-09-28 08:16:54.197446 0.00% [NOTICE] switch_loadable_module.c:389 Adding API Function 'unsched_api'
2026-09-28 08:16:54.197461 0.00% [NOTICE] switch_loadable_module.c:389 Adding API Function 'uptime'
2026-09-28 08:16:54.197469 0.00% [NOTICE] switch_loadable_module.c:389 Adding API Function 'reg_url'
2026-09-28 08:16:54.197476 0.00% [NOTICE] switch_loadable_module.c:389 Adding API Function 'url_decode'
2026-09-28 08:16:54.197483 0.00% [NOTICE] switch_loadable_module.c:389 Adding API Function 'url_encode'
2026-09-28 08:16:54.197489 0.00% [NOTICE] switch_loadable_module.c:389 Adding API Function 'toupper'
2026-09-28 08:16:54.197497 0.00% [NOTICE] switch_loadable_module.c:389 Adding API Function 'tolower'
2026-09-28 08:16:54.197503 0.00% [NOTICE] switch_loadable_module.c:389 Adding API Function 'user_data'
2026-09-28 08:16:54.197510 0.00% [NOTICE] switch_loadable_module.c:389 Adding API Function 'uuid_early_ok'
2026-09-28 08:16:54.197557 0.00% [NOTICE] switch_loadable_module.c:389 Adding API Function 'user_exists'
2026-09-28 08:16:54.197564 0.00% [NOTICE] switch_loadable_module.c:389 Adding API Function 'uuid_answer'
2026-09-28 08:16:54.197570 0.00% [NOTICE] switch_loadable_module.c:389 Adding API Function 'uuid_audio'
2026-09-28 08:16:54.197577 0.00% [NOTICE] switch_loadable_module.c:389 Adding API Function 'uuid_break'
2026-09-28 08:16:54.197584 0.00% [NOTICE] switch_loadable_module.c:389 Adding API Function 'uuid_bridge'
2026-09-28 08:16:54.197594 0.00% [NOTICE] switch_loadable_module.c:389 Adding API Function 'uuid_broadcast'
2026-09-28 08:16:54.197605 0.00% [NOTICE] switch_loadable_module.c:389 Adding API Function 'uuid_buglist'
2026-09-28 08:16:54.197617 0.00% [NOTICE] switch_loadable_module.c:389 Adding API Function 'uuid_chat'
2026-09-28 08:16:54.197642 0.00% [NOTICE] switch_loadable_module.c:389 Adding API Function 'uuid_send_text'
2026-09-28 08:16:54.197655 0.00% [NOTICE] switch_loadable_module.c:389 Adding API Function 'uuid_capture_text'
2026-09-28 08:16:54.197671 0.00% [NOTICE] switch_loadable_module.c:389 Adding API Function 'uuid_codec_debug'
2026-09-28 08:16:54.197709 0.00% [NOTICE] switch_loadable_module.c:389 Adding API Function 'uuid_codec_param'
2026-09-28 08:16:54.197725 0.00% [NOTICE] switch_loadable_module.c:389 Adding API Function 'uuid_debug_media'
2026-09-28 08:16:54.197738 0.00% [NOTICE] switch_loadable_module.c:389 Adding API Function 'uuid_deflect'
2026-09-28 08:16:54.197747 0.00% [NOTICE] switch_loadable_module.c:389 Adding API Function 'uuid_displace'
2026-09-28 08:16:54.197755 0.00% [NOTICE] switch_loadable_module.c:389 Adding API Function 'uuid_display'
2026-09-28 08:16:54.197762 0.00% [NOTICE] switch_loadable_module.c:389 Adding API Function 'uuid_media_params'
2026-09-28 08:16:54.197769 0.00% [NOTICE] switch_loadable_module.c:389 Adding API Function 'uuid_drop_dtmf'
2026-09-28 08:16:54.197777 0.00% [NOTICE] switch_loadable_module.c:389 Adding API Function 'uuid_dump'
2026-09-28 08:16:54.197959 0.00% [NOTICE] switch_loadable_module.c:389 Adding API Function 'uuid_exists'
2026-09-28 08:16:54.197976 0.00% [NOTICE] switch_loadable_module.c:389 Adding API Function 'uuid_fileman'
2026-09-28 08:16:54.198048 0.00% [NOTICE] switch_loadable_module.c:389 Adding API Function 'uuid_flush_dtmf'
2026-09-28 08:16:54.198062 0.00% [NOTICE] switch_loadable_module.c:389 Adding API Function 'uuid_getvar'
2026-09-28 08:16:54.198069 0.00% [NOTICE] switch_loadable_module.c:389 Adding API Function 'uuid_hold'
2026-09-28 08:16:54.198111 0.00% [NOTICE] switch_loadable_module.c:389 Adding API Function 'uuid_kill'
2026-09-28 08:16:54.198127 0.00% [NOTICE] switch_loadable_module.c:389 Adding API Function 'uuid_send_message'
2026-09-28 08:16:54.198134 0.00% [NOTICE] switch_loadable_module.c:389 Adding API Function 'uuid_send_info'
2026-09-28 08:16:54.198141 0.00% [NOTICE] switch_loadable_module.c:389 Adding API Function 'uuid_set_media_stats'
2026-09-28 08:16:54.198162 0.00% [NOTICE] switch_loadable_module.c:389 Adding API Function 'uuid_video_bitrate'
2026-09-28 08:16:54.198174 0.00% [NOTICE] switch_loadable_module.c:389 Adding API Function 'uuid_video_bandwidth'
2026-09-28 08:16:54.198186 0.00% [NOTICE] switch_loadable_module.c:389 Adding API Function 'uuid_video_refresh'
2026-09-28 08:16:54.198228 0.00% [NOTICE] switch_loadable_module.c:389 Adding API Function 'uuid_outgoing_answer'
2026-09-28 08:16:54.198242 0.00% [NOTICE] switch_loadable_module.c:389 Adding API Function 'uuid_limit'
2026-09-28 08:16:54.198253 0.00% [NOTICE] switch_loadable_module.c:389 Adding API Function 'uuid_limit_release'
2026-09-28 08:16:54.198481 0.00% [NOTICE] switch_loadable_module.c:389 Adding API Function 'uuid_loglevel'
2026-09-28 08:16:54.198657 0.00% [NOTICE] switch_loadable_module.c:389 Adding API Function 'uuid_media'
2026-09-28 08:16:54.198674 0.00% [NOTICE] switch_loadable_module.c:389 Adding API Function 'uuid_media_3p'
2026-09-28 08:16:54.198682 0.00% [NOTICE] switch_loadable_module.c:389 Adding API Function 'uuid_media_reneg'
2026-09-28 08:16:54.198690 0.00% [NOTICE] switch_loadable_module.c:389 Adding API Function 'uuid_park'
2026-09-28 08:16:54.198702 0.00% [NOTICE] switch_loadable_module.c:389 Adding API Function 'uuid_pause'
2026-09-28 08:16:54.198716 0.00% [NOTICE] switch_loadable_module.c:389 Adding API Function 'uuid_phone_event'
2026-09-28 08:16:54.198728 0.00% [NOTICE] switch_loadable_module.c:389 Adding API Function 'uuid_ring_ready'
2026-09-28 08:16:54.198747 0.00% [NOTICE] switch_loadable_module.c:389 Adding API Function 'uuid_pre_answer'
2026-09-28 08:16:54.198821 0.00% [NOTICE] switch_loadable_module.c:389 Adding API Function 'uuid_preprocess'
2026-09-28 08:16:54.198834 0.00% [NOTICE] switch_loadable_module.c:389 Adding API Function 'uuid_record'
2026-09-28 08:16:54.198849 0.00% [NOTICE] switch_loadable_module.c:389 Adding API Function 'uuid_recovery_refresh'
2026-09-28 08:16:54.198936 0.00% [NOTICE] switch_loadable_module.c:389 Adding API Function 'uuid_recv_dtmf'
2026-09-28 08:16:54.198965 0.00% [NOTICE] switch_loadable_module.c:389 Adding API Function 'uuid_redirect'
2026-09-28 08:16:54.198982 0.00% [NOTICE] switch_loadable_module.c:389 Adding API Function 'uuid_send_dtmf'
2026-09-28 08:16:54.199132 0.00% [NOTICE] switch_loadable_module.c:389 Adding API Function 'uuid_session_heartbeat'
2026-09-28 08:16:54.199147 0.00% [NOTICE] switch_loadable_module.c:389 Adding API Function 'uuid_setvar_multi'
2026-09-28 08:16:54.199154 0.00% [NOTICE] switch_loadable_module.c:389 Adding API Function 'uuid_setvar'
2026-09-28 08:16:54.199162 0.00% [NOTICE] switch_loadable_module.c:389 Adding API Function 'uuid_transfer'
2026-09-28 08:16:54.199171 0.00% [NOTICE] switch_loadable_module.c:389 Adding API Function 'uuid_dual_transfer'
2026-09-28 08:16:54.199180 0.00% [NOTICE] switch_loadable_module.c:389 Adding API Function 'uuid_simplify'
2026-09-28 08:16:54.199206 0.00% [NOTICE] switch_loadable_module.c:389 Adding API Function 'uuid_jitterbuffer'
2026-09-28 08:16:54.199214 0.00% [NOTICE] switch_loadable_module.c:389 Adding API Function 'uuid_zombie_exec'
2026-09-28 08:16:54.199224 0.00% [NOTICE] switch_loadable_module.c:389 Adding API Function 'uuid_xfer_zombie'
2026-09-28 08:16:54.199232 0.00% [NOTICE] switch_loadable_module.c:389 Adding API Function 'xml_flush_cache'
2026-09-28 08:16:54.199240 0.00% [NOTICE] switch_loadable_module.c:389 Adding API Function 'xml_locate'
2026-09-28 08:16:54.199247 0.00% [NOTICE] switch_loadable_module.c:389 Adding API Function 'xml_wrap'
2026-09-28 08:16:54.199256 0.00% [NOTICE] switch_loadable_module.c:389 Adding API Function 'file_exists'
2026-09-28 08:16:54.199266 0.00% [NOTICE] switch_loadable_module.c:389 Adding API Function 'getcputime'
2026-09-28 08:16:54.199404 0.00% [NOTICE] switch_loadable_module.c:389 Adding API Function 'json'
2026-09-28 08:16:54.199423 0.00% [NOTICE] switch_loadable_module.c:389 Adding API Function 'memory'
2026-09-28 08:16:54.199437 0.00% [NOTICE] switch_loadable_module.c:389 Adding API Function 'msrp'
2026-09-28 08:16:54.199837 0.00% [NOTICE] switch_loadable_module.c:389 Adding API Function 'uuid_msrp_send'
2026-09-28 08:16:54.199879 0.00% [NOTICE] switch_loadable_module.c:419 Adding JSON API Function 'mediaStats'
2026-09-28 08:16:54.199902 0.00% [NOTICE] switch_loadable_module.c:419 Adding JSON API Function 'status'
2026-09-28 08:16:54.199969 0.00% [NOTICE] switch_loadable_module.c:419 Adding JSON API Function 'fsapi'
2026-09-28 08:16:54.199981 0.00% [NOTICE] switch_loadable_module.c:419 Adding JSON API Function 'execute'
2026-09-28 08:16:54.199992 0.00% [NOTICE] switch_loadable_module.c:419 Adding JSON API Function 'channelData'
2026-09-28 08:16:54.202161 0.00% [CONSOLE] switch_loadable_module.c:1772 Successfully Loaded [mod_conference]
2026-09-28 08:16:54.202193 0.00% [NOTICE] switch_loadable_module.c:329 Adding Application 'conference'
2026-09-28 08:16:54.202211 0.00% [NOTICE] switch_loadable_module.c:329 Adding Application 'conference_set_auto_outcall'
2026-09-28 08:16:54.202222 0.00% [NOTICE] switch_loadable_module.c:389 Adding API Function 'conference'
2026-09-28 08:16:54.202248 0.00% [NOTICE] switch_loadable_module.c:621 Adding Chat interface 'conf'
2026-09-28 08:16:54.203310 0.00% [CONSOLE] sofia_presence.c:1621 Event Thread Started
2026-09-28 08:16:54.205349 0.00% [CONSOLE] switch_loadable_module.c:1772 Successfully Loaded [mod_db]
2026-09-28 08:16:54.205376 0.00% [NOTICE] switch_loadable_module.c:329 Adding Application 'db'
2026-09-28 08:16:54.205406 0.00% [NOTICE] switch_loadable_module.c:329 Adding Application 'group'
2026-09-28 08:16:54.205539 0.00% [NOTICE] switch_loadable_module.c:389 Adding API Function 'db'
2026-09-28 08:16:54.205551 0.00% [NOTICE] switch_loadable_module.c:389 Adding API Function 'group'
2026-09-28 08:16:54.205567 0.00% [NOTICE] switch_loadable_module.c:717 Adding Limit interface 'db'
2026-09-28 08:16:54.704205 0.00% [CONSOLE] switch_loadable_module.c:1772 Successfully Loaded [mod_dptools]
2026-09-28 08:16:54.704265 0.00% [NOTICE] switch_loadable_module.c:172 Adding Endpoint 'error'
2026-09-28 08:16:54.704297 0.00% [NOTICE] switch_loadable_module.c:172 Adding Endpoint 'group'
2026-09-28 08:16:54.704308 0.00% [NOTICE] switch_loadable_module.c:172 Adding Endpoint 'user'
2026-09-28 08:16:54.704315 0.00% [NOTICE] switch_loadable_module.c:172 Adding Endpoint 'pickup'
2026-09-28 08:16:54.704323 0.00% [NOTICE] switch_loadable_module.c:273 Adding Dialplan 'inline'
2026-09-28 08:16:54.704331 0.00% [NOTICE] switch_loadable_module.c:329 Adding Application 'blind_transfer_ack'
2026-09-28 08:16:54.704340 0.00% [NOTICE] switch_loadable_module.c:329 Adding Application 'bind_digit_action'
2026-09-28 08:16:54.704349 0.00% [NOTICE] switch_loadable_module.c:329 Adding Application 'capture'
2026-09-28 08:16:54.704355 0.00% [NOTICE] switch_loadable_module.c:329 Adding Application 'clear_digit_action'
2026-09-28 08:16:54.704361 0.00% [NOTICE] switch_loadable_module.c:329 Adding Application 'digit_action_set_realm'
2026-09-28 08:16:54.704370 0.00% [NOTICE] switch_loadable_module.c:329 Adding Application 'privacy'
2026-09-28 08:16:54.704376 0.00% [NOTICE] switch_loadable_module.c:329 Adding Application 'set_audio_level'
2026-09-28 08:16:54.704382 0.00% [NOTICE] switch_loadable_module.c:329 Adding Application 'set_mute'
2026-09-28 08:16:54.704389 0.00% [NOTICE] switch_loadable_module.c:329 Adding Application 'flush_dtmf'
2026-09-28 08:16:54.704395 0.00% [NOTICE] switch_loadable_module.c:329 Adding Application 'hold'
2026-09-28 08:16:54.704401 0.00% [NOTICE] switch_loadable_module.c:329 Adding Application 'unhold'
2026-09-28 08:16:54.704411 0.00% [NOTICE] switch_loadable_module.c:329 Adding Application 'mutex'
2026-09-28 08:16:54.704434 0.00% [NOTICE] switch_loadable_module.c:329 Adding Application 'page'
2026-09-28 08:16:54.704442 0.00% [NOTICE] switch_loadable_module.c:329 Adding Application 'transfer'
2026-09-28 08:16:54.704449 0.00% [NOTICE] switch_loadable_module.c:329 Adding Application 'check_acl'
2026-09-28 08:16:54.704456 0.00% [NOTICE] switch_loadable_module.c:329 Adding Application 'verbose_events'
2026-09-28 08:16:54.704462 0.00% [NOTICE] switch_loadable_module.c:329 Adding Application 'novideo'
2026-09-28 08:16:54.704471 0.00% [NOTICE] switch_loadable_module.c:329 Adding Application 'cng_plc'
2026-09-28 08:16:54.704478 0.00% [NOTICE] switch_loadable_module.c:329 Adding Application 'early_hangup'
2026-09-28 08:16:54.704484 0.00% [NOTICE] switch_loadable_module.c:329 Adding Application 'sleep'
2026-09-28 08:16:54.704493 0.00% [NOTICE] switch_loadable_module.c:329 Adding Application 'delay_echo'
2026-09-28 08:16:54.704499 0.00% [NOTICE] switch_loadable_module.c:329 Adding Application 'strftime'
2026-09-28 08:16:54.704504 0.00% [NOTICE] switch_loadable_module.c:329 Adding Application 'phrase'
2026-09-28 08:16:54.704511 0.00% [NOTICE] switch_loadable_module.c:329 Adding Application 'eval'
2026-09-28 08:16:54.704518 0.00% [NOTICE] switch_loadable_module.c:329 Adding Application 'set_media_stats'
2026-09-28 08:16:54.704527 0.00% [NOTICE] switch_loadable_module.c:329 Adding Application 'stop'
2026-09-28 08:16:54.704544 0.00% [NOTICE] switch_loadable_module.c:329 Adding Application 'set_zombie_exec'
2026-09-28 08:16:54.704556 0.00% [NOTICE] switch_loadable_module.c:329 Adding Application 'pre_answer'
2026-09-28 08:16:54.704582 0.00% [NOTICE] switch_loadable_module.c:329 Adding Application 'answer'
2026-09-28 08:16:54.704597 0.00% [NOTICE] switch_loadable_module.c:329 Adding Application 'wait_for_answer'
2026-09-28 08:16:54.704609 0.00% [NOTICE] switch_loadable_module.c:329 Adding Application 'wait_for_video_ready'
2026-09-28 08:16:54.704622 0.00% [NOTICE] switch_loadable_module.c:329 Adding Application 'hangup'
2026-09-28 08:16:54.704632 0.00% [NOTICE] switch_loadable_module.c:329 Adding Application 'set_name'
2026-09-28 08:16:54.704665 0.00% [NOTICE] switch_loadable_module.c:329 Adding Application 'presence'
2026-09-28 08:16:54.704677 0.00% [NOTICE] switch_loadable_module.c:329 Adding Application 'log'
2026-09-28 08:16:54.704690 0.00% [NOTICE] switch_loadable_module.c:329 Adding Application 'info'
2026-09-28 08:16:54.704700 0.00% [NOTICE] switch_loadable_module.c:329 Adding Application 'event'
2026-09-28 08:16:54.704710 0.00% [NOTICE] switch_loadable_module.c:329 Adding Application 'sound_test'
2026-09-28 08:16:54.704723 0.00% [NOTICE] switch_loadable_module.c:329 Adding Application 'export'
2026-09-28 08:16:54.704732 0.00% [NOTICE] switch_loadable_module.c:329 Adding Application 'bridge_export'
2026-09-28 08:16:54.704743 0.00% [NOTICE] switch_loadable_module.c:329 Adding Application 'set'
2026-09-28 08:16:54.704755 0.00% [NOTICE] switch_loadable_module.c:329 Adding Application 'multiset'
2026-09-28 08:16:54.704797 0.00% [NOTICE] switch_loadable_module.c:329 Adding Application 'push'
2026-09-28 08:16:54.704806 0.00% [NOTICE] switch_loadable_module.c:329 Adding Application 'unshift'
2026-09-28 08:16:54.704816 0.00% [NOTICE] switch_loadable_module.c:329 Adding Application 'set_global'
2026-09-28 08:16:54.704828 0.00% [NOTICE] switch_loadable_module.c:329 Adding Application 'set_profile_var'
2026-09-28 08:16:54.704838 0.00% [NOTICE] switch_loadable_module.c:329 Adding Application 'unset'
2026-09-28 08:16:54.704848 0.00% [NOTICE] switch_loadable_module.c:329 Adding Application 'multiunset'
2026-09-28 08:16:54.704860 0.00% [NOTICE] switch_loadable_module.c:329 Adding Application 'capture_text'
2026-09-28 08:16:54.704869 0.00% [NOTICE] switch_loadable_module.c:329 Adding Application 'acknowledge_call'
2026-09-28 08:16:54.704879 0.00% [NOTICE] switch_loadable_module.c:329 Adding Application 'ring_ready'
2026-09-28 08:16:54.704976 0.00% [NOTICE] switch_loadable_module.c:329 Adding Application 'remove_bugs'
2026-09-28 08:16:54.704992 0.00% [NOTICE] switch_loadable_module.c:329 Adding Application 'break'
2026-09-28 08:16:54.705013 0.00% [NOTICE] switch_loadable_module.c:329 Adding Application 'detect_speech'
2026-09-28 08:16:54.705024 0.00% [NOTICE] switch_loadable_module.c:329 Adding Application 'play_and_detect_speech'
2026-09-28 08:16:54.705033 0.00% [NOTICE] switch_loadable_module.c:329 Adding Application 'ivr'
2026-09-28 08:16:54.705040 0.00% [NOTICE] switch_loadable_module.c:329 Adding Application 'redirect'
2026-09-28 08:16:54.705050 0.00% [NOTICE] switch_loadable_module.c:329 Adding Application 'video_refresh'
2026-09-28 08:16:54.705056 0.00% [NOTICE] switch_loadable_module.c:329 Adding Application 'video_decode'
2026-09-28 08:16:54.705063 0.00% [NOTICE] switch_loadable_module.c:329 Adding Application 'send_info'
2026-09-28 08:16:54.705069 0.00% [NOTICE] switch_loadable_module.c:329 Adding Application 'jitterbuffer'
2026-09-28 08:16:54.705087 0.00% [NOTICE] switch_loadable_module.c:329 Adding Application 'send_display'
2026-09-28 08:16:54.705094 0.00% [NOTICE] switch_loadable_module.c:329 Adding Application 'respond'
2026-09-28 08:16:54.705100 0.00% [NOTICE] switch_loadable_module.c:329 Adding Application 'deflect'
2026-09-28 08:16:54.705107 0.00% [NOTICE] switch_loadable_module.c:329 Adding Application 'recovery_refresh'
2026-09-28 08:16:54.705114 0.00% [NOTICE] switch_loadable_module.c:329 Adding Application 'reuse_caller_profile'
2026-09-28 08:16:54.705120 0.00% [NOTICE] switch_loadable_module.c:329 Adding Application 'queue_dtmf'
2026-09-28 08:16:54.705126 0.00% [NOTICE] switch_loadable_module.c:329 Adding Application 'send_dtmf'
2026-09-28 08:16:54.705132 0.00% [NOTICE] switch_loadable_module.c:329 Adding Application 'sched_cancel'
2026-09-28 08:16:54.705138 0.00% [NOTICE] switch_loadable_module.c:329 Adding Application 'sched_hangup'
2026-09-28 08:16:54.705194 0.00% [NOTICE] switch_loadable_module.c:329 Adding Application 'sched_broadcast'
2026-09-28 08:16:54.705203 0.00% [NOTICE] switch_loadable_module.c:329 Adding Application 'sched_transfer'
2026-09-28 08:16:54.705209 0.00% [NOTICE] switch_loadable_module.c:329 Adding Application 'execute_extension'
2026-09-28 08:16:54.705216 0.00% [NOTICE] switch_loadable_module.c:329 Adding Application 'sched_heartbeat'
2026-09-28 08:16:54.705223 0.00% [NOTICE] switch_loadable_module.c:329 Adding Application 'enable_heartbeat'
2026-09-28 08:16:54.705231 0.00% [NOTICE] switch_loadable_module.c:329 Adding Application 'filter_codecs'
2026-09-28 08:16:54.705240 0.00% [NOTICE] switch_loadable_module.c:329 Adding Application 'enable_keepalive'
2026-09-28 08:16:54.705247 0.00% [NOTICE] switch_loadable_module.c:329 Adding Application 'media_reset'
2026-09-28 08:16:54.705254 0.00% [NOTICE] switch_loadable_module.c:329 Adding Application 'mkdir'
2026-09-28 08:16:54.705264 0.00% [NOTICE] switch_loadable_module.c:329 Adding Application 'rename'
2026-09-28 08:16:54.705277 0.00% [NOTICE] switch_loadable_module.c:329 Adding Application 'transfer_vars'
2026-09-28 08:16:54.705300 0.00% [NOTICE] switch_loadable_module.c:329 Adding Application 'soft_hold'
2026-09-28 08:16:54.705309 0.00% [NOTICE] switch_loadable_module.c:329 Adding Application 'bind_meta_app'
2026-09-28 08:16:54.705315 0.00% [NOTICE] switch_loadable_module.c:329 Adding Application 'unbind_meta_app'
2026-09-28 08:16:54.705323 0.00% [NOTICE] switch_loadable_module.c:329 Adding Application 'block_dtmf'
2026-09-28 08:16:54.705331 0.00% [NOTICE] switch_loadable_module.c:329 Adding Application 'unblock_dtmf'
2026-09-28 08:16:54.705455 0.00% [NOTICE] switch_loadable_module.c:329 Adding Application 'intercept'
2026-09-28 08:16:54.705473 0.00% [NOTICE] switch_loadable_module.c:329 Adding Application 'eavesdrop'
2026-09-28 08:16:54.705484 0.00% [NOTICE] switch_loadable_module.c:329 Adding Application 'native_eavesdrop'
2026-09-28 08:16:54.705495 0.00% [NOTICE] switch_loadable_module.c:329 Adding Application 'three_way'
2026-09-28 08:16:54.705514 0.00% [NOTICE] switch_loadable_module.c:329 Adding Application 'set_user'
2026-09-28 08:16:54.705571 0.00% [NOTICE] switch_loadable_module.c:329 Adding Application 'stop_dtmf'
2026-09-28 08:16:54.705581 0.00% [NOTICE] switch_loadable_module.c:329 Adding Application 'start_dtmf'
2026-09-28 08:16:54.705590 0.00% [NOTICE] switch_loadable_module.c:329 Adding Application 'stop_dtmf_generate'
2026-09-28 08:16:54.705602 0.00% [NOTICE] switch_loadable_module.c:329 Adding Application 'start_dtmf_generate'
2026-09-28 08:16:54.705612 0.00% [NOTICE] switch_loadable_module.c:329 Adding Application 'stop_tone_detect'
2026-09-28 08:16:54.705623 0.00% [NOTICE] switch_loadable_module.c:329 Adding Application 'fax_detect'
2026-09-28 08:16:54.705633 0.00% [NOTICE] switch_loadable_module.c:329 Adding Application 'tone_detect'
2026-09-28 08:16:54.705662 0.00% [NOTICE] switch_loadable_module.c:329 Adding Application 'echo'
2026-09-28 08:16:54.705675 0.00% [NOTICE] switch_loadable_module.c:329 Adding Application 'park'
2026-09-28 08:16:54.705708 0.00% [NOTICE] switch_loadable_module.c:329 Adding Application 'park_state'
2026-09-28 08:16:54.705747 0.00% [NOTICE] switch_loadable_module.c:329 Adding Application 'gentones'
2026-09-28 08:16:54.705794 0.00% [NOTICE] switch_loadable_module.c:329 Adding Application 'playback'
2026-09-28 08:16:54.705806 0.00% [NOTICE] switch_loadable_module.c:329 Adding Application 'broadcast'
2026-09-28 08:16:54.705833 0.00% [NOTICE] switch_loadable_module.c:329 Adding Application 'endless_playback'
2026-09-28 08:16:54.705845 0.00% [NOTICE] switch_loadable_module.c:329 Adding Application 'loop_playback'
2026-09-28 08:16:54.705857 0.00% [NOTICE] switch_loadable_module.c:329 Adding Application 'att_xfer'
2026-09-28 08:16:54.705866 0.00% [NOTICE] switch_loadable_module.c:329 Adding Application 'read'
2026-09-28 08:16:54.705880 0.00% [NOTICE] switch_loadable_module.c:329 Adding Application 'play_and_get_digits'
2026-09-28 08:16:54.705939 0.00% [NOTICE] switch_loadable_module.c:329 Adding Application 'stop_video_write_overlay'
2026-09-28 08:16:54.705947 0.00% [NOTICE] switch_loadable_module.c:329 Adding Application 'video_write_overlay'
2026-09-28 08:16:54.705953 0.00% [NOTICE] switch_loadable_module.c:329 Adding Application 'stop_record_session'
2026-09-28 08:16:54.705959 0.00% [NOTICE] switch_loadable_module.c:329 Adding Application 'record_session'
2026-09-28 08:16:54.705969 0.00% [NOTICE] switch_loadable_module.c:329 Adding Application 'record_session_mask'
2026-09-28 08:16:54.705984 0.00% [NOTICE] switch_loadable_module.c:329 Adding Application 'record_session_unmask'
2026-09-28 08:16:54.705993 0.00% [NOTICE] switch_loadable_module.c:329 Adding Application 'record_session_pause'
2026-09-28 08:16:54.706052 0.00% [NOTICE] switch_loadable_module.c:329 Adding Application 'record_session_resume'
2026-09-28 08:16:54.706074 0.00% [NOTICE] switch_loadable_module.c:329 Adding Application 'record'
2026-09-28 08:16:54.706087 0.00% [NOTICE] switch_loadable_module.c:329 Adding Application 'preprocess'
2026-09-28 08:16:54.706101 0.00% [NOTICE] switch_loadable_module.c:329 Adding Application 'stop_displace_session'
2026-09-28 08:16:54.706115 0.00% [NOTICE] switch_loadable_module.c:329 Adding Application 'displace_session'
2026-09-28 08:16:54.706173 0.00% [NOTICE] switch_loadable_module.c:329 Adding Application 'speak'
2026-09-28 08:16:54.706187 0.00% [NOTICE] switch_loadable_module.c:329 Adding Application 'clear_speech_cache'
2026-09-28 08:16:54.706198 0.00% [NOTICE] switch_loadable_module.c:329 Adding Application 'bridge'
2026-09-28 08:16:54.706209 0.00% [NOTICE] switch_loadable_module.c:329 Adding Application 'system'
2026-09-28 08:16:54.706220 0.00% [NOTICE] switch_loadable_module.c:329 Adding Application 'bgsystem'
2026-09-28 08:16:54.706238 0.00% [NOTICE] switch_loadable_module.c:329 Adding Application 'say'
2026-09-28 08:16:54.706251 0.00% [NOTICE] switch_loadable_module.c:329 Adding Application 'detect_audio'
2026-09-28 08:16:54.706262 0.00% [NOTICE] switch_loadable_module.c:329 Adding Application 'detect_silence'
2026-09-28 08:16:54.706273 0.00% [NOTICE] switch_loadable_module.c:329 Adding Application 'wait_for_silence'
2026-09-28 08:16:54.706287 0.00% [NOTICE] switch_loadable_module.c:329 Adding Application 'session_loglevel'
2026-09-28 08:16:54.706354 0.00% [NOTICE] switch_loadable_module.c:329 Adding Application 'limit'
2026-09-28 08:16:54.706372 0.00% [NOTICE] switch_loadable_module.c:329 Adding Application 'limit_hash'
2026-09-28 08:16:54.706382 0.00% [NOTICE] switch_loadable_module.c:329 Adding Application 'limit_execute'
2026-09-28 08:16:54.706391 0.00% [NOTICE] switch_loadable_module.c:329 Adding Application 'limit_hash_execute'
2026-09-28 08:16:54.706408 0.00% [NOTICE] switch_loadable_module.c:329 Adding Application 'pickup'
2026-09-28 08:16:54.706420 0.00% [NOTICE] switch_loadable_module.c:329 Adding Application 'deduplicate_dtmf'
2026-09-28 08:16:54.706433 0.00% [NOTICE] switch_loadable_module.c:329 Adding Application 'vad_test'
2026-09-28 08:16:54.706445 0.00% [NOTICE] switch_loadable_module.c:329 Adding Application 'debug_media'
2026-09-28 08:16:54.706453 0.00% [NOTICE] switch_loadable_module.c:389 Adding API Function 'strepoch'
2026-09-28 08:16:54.706465 0.00% [NOTICE] switch_loadable_module.c:389 Adding API Function 'page'
2026-09-28 08:16:54.706473 0.00% [NOTICE] switch_loadable_module.c:389 Adding API Function 'strmicroepoch'
2026-09-28 08:16:54.706480 0.00% [NOTICE] switch_loadable_module.c:389 Adding API Function 'chat'
2026-09-28 08:16:54.706486 0.00% [NOTICE] switch_loadable_module.c:389 Adding API Function 'strftime'
2026-09-28 08:16:54.706493 0.00% [NOTICE] switch_loadable_module.c:389 Adding API Function 'presence'
2026-09-28 08:16:54.706509 0.00% [NOTICE] switch_loadable_module.c:455 Adding File Format 'file_string'
2026-09-28 08:16:54.706527 0.00% [NOTICE] switch_loadable_module.c:455 Adding File Format 'file'
2026-09-28 08:16:54.706543 0.00% [NOTICE] switch_loadable_module.c:455 Adding File Format 'tts'
2026-09-28 08:16:54.706572 0.00% [NOTICE] switch_loadable_module.c:621 Adding Chat interface 'event'
2026-09-28 08:16:54.706580 0.00% [NOTICE] switch_loadable_module.c:621 Adding Chat interface 'api'
2026-09-28 08:16:54.707102 0.00% [CONSOLE] switch_loadable_module.c:1772 Successfully Loaded [mod_expr]
2026-09-28 08:16:54.707130 0.00% [NOTICE] switch_loadable_module.c:389 Adding API Function 'expr'
2026-09-28 08:16:54.717232 0.00% [INFO] switch_core_sqldb.c:1840 fifo Starting SQL thread.
2026-09-28 08:16:54.723460 0.00% [INFO] mod_fifo.c:4647 cool_fifo@172.25.0.2 configured
2026-09-28 08:16:54.723891 0.00% [WARNING] sofia_reg.c:520 platform-switch Failed Registration [503], setting retry to 30 seconds.
2026-09-28 08:16:54.724187 0.00% [CONSOLE] switch_loadable_module.c:1772 Successfully Loaded [mod_fifo]
2026-09-28 08:16:54.724268 0.00% [NOTICE] switch_loadable_module.c:329 Adding Application 'fifo'
2026-09-28 08:16:54.724346 0.00% [NOTICE] switch_loadable_module.c:329 Adding Application 'fifo_track_call'
2026-09-28 08:16:54.724420 0.00% [NOTICE] switch_loadable_module.c:389 Adding API Function 'fifo'
2026-09-28 08:16:54.724490 0.00% [NOTICE] switch_loadable_module.c:389 Adding API Function 'fifo_member'
2026-09-28 08:16:54.724717 0.00% [NOTICE] switch_loadable_module.c:389 Adding API Function 'fifo_add_outbound'
2026-09-28 08:16:54.725008 0.00% [NOTICE] switch_loadable_module.c:389 Adding API Function 'fifo_check_bridge'
2026-09-28 08:16:54.726360 0.00% [DEBUG] switch_scheduler.c:263 Added task 3 limit_hash_cleanup (mod_hash) to run at 1790584314
2026-09-28 08:16:54.726562 0.00% [CONSOLE] switch_loadable_module.c:1772 Successfully Loaded [mod_hash]
2026-09-28 08:16:54.726588 0.00% [NOTICE] switch_loadable_module.c:329 Adding Application 'hash'
2026-09-28 08:16:54.726630 0.00% [NOTICE] switch_loadable_module.c:389 Adding API Function 'hash'
2026-09-28 08:16:54.726650 0.00% [NOTICE] switch_loadable_module.c:389 Adding API Function 'hash_dump'
2026-09-28 08:16:54.726669 0.00% [NOTICE] switch_loadable_module.c:389 Adding API Function 'hash_remote'
2026-09-28 08:16:54.726684 0.00% [NOTICE] switch_loadable_module.c:717 Adding Limit interface 'hash'
2026-09-28 08:16:54.736461 0.00% [INFO] mod_voicemail.c:794 Added Profile default
2026-09-28 08:16:54.736608 0.00% [CONSOLE] switch_loadable_module.c:1772 Successfully Loaded [mod_voicemail]
2026-09-28 08:16:54.736643 0.00% [NOTICE] switch_loadable_module.c:329 Adding Application 'voicemail'
2026-09-28 08:16:54.736733 0.00% [NOTICE] switch_loadable_module.c:389 Adding API Function 'voicemail'
2026-09-28 08:16:54.736756 0.00% [NOTICE] switch_loadable_module.c:389 Adding API Function 'voicemail_inject'
2026-09-28 08:16:54.736777 0.00% [NOTICE] switch_loadable_module.c:389 Adding API Function 'vm_inject'
2026-09-28 08:16:54.736795 0.00% [NOTICE] switch_loadable_module.c:389 Adding API Function 'vm_boxcount'
2026-09-28 08:16:54.736814 0.00% [NOTICE] switch_loadable_module.c:389 Adding API Function 'vm_prefs'
2026-09-28 08:16:54.736829 0.00% [NOTICE] switch_loadable_module.c:389 Adding API Function 'vm_delete'
2026-09-28 08:16:54.736860 0.00% [NOTICE] switch_loadable_module.c:389 Adding API Function 'vm_read'
2026-09-28 08:16:54.736911 0.00% [NOTICE] switch_loadable_module.c:389 Adding API Function 'vm_list'
2026-09-28 08:16:54.736930 0.00% [NOTICE] switch_loadable_module.c:389 Adding API Function 'vm_fsdb_auth_login'
2026-09-28 08:16:54.736943 0.00% [NOTICE] switch_loadable_module.c:389 Adding API Function 'vm_fsdb_msg_count'
2026-09-28 08:16:54.736954 0.00% [NOTICE] switch_loadable_module.c:389 Adding API Function 'vm_fsdb_msg_list'
2026-09-28 08:16:54.736969 0.00% [NOTICE] switch_loadable_module.c:389 Adding API Function 'vm_fsdb_msg_get'
2026-09-28 08:16:54.736981 0.00% [NOTICE] switch_loadable_module.c:389 Adding API Function 'vm_fsdb_msg_delete'
2026-09-28 08:16:54.736994 0.00% [NOTICE] switch_loadable_module.c:389 Adding API Function 'vm_fsdb_msg_undelete'
2026-09-28 08:16:54.737006 0.00% [NOTICE] switch_loadable_module.c:389 Adding API Function 'vm_fsdb_msg_email'
2026-09-28 08:16:54.737017 0.00% [NOTICE] switch_loadable_module.c:389 Adding API Function 'vm_fsdb_msg_purge'
2026-09-28 08:16:54.737028 0.00% [NOTICE] switch_loadable_module.c:389 Adding API Function 'vm_fsdb_msg_save'
2026-09-28 08:16:54.737182 0.00% [NOTICE] switch_loadable_module.c:389 Adding API Function 'vm_fsdb_msg_forward'
2026-09-28 08:16:54.737199 0.00% [NOTICE] switch_loadable_module.c:389 Adding API Function 'vm_fsdb_pref_greeting_set'
2026-09-28 08:16:54.737213 0.00% [NOTICE] switch_loadable_module.c:389 Adding API Function 'vm_fsdb_pref_greeting_get'
2026-09-28 08:16:54.737227 0.00% [NOTICE] switch_loadable_module.c:389 Adding API Function 'vm_fsdb_pref_recname_set'
2026-09-28 08:16:54.737240 0.00% [NOTICE] switch_loadable_module.c:389 Adding API Function 'vm_fsdb_pref_password_set'
2026-09-28 08:16:54.737931 0.00% [CONSOLE] switch_loadable_module.c:1772 Successfully Loaded [mod_esf]
2026-09-28 08:16:54.737961 0.00% [NOTICE] switch_loadable_module.c:329 Adding Application 'esf_page_group'
2026-09-28 08:16:54.738561 0.00% [CONSOLE] switch_loadable_module.c:1772 Successfully Loaded [mod_fsv]
2026-09-28 08:16:54.738582 0.00% [NOTICE] switch_loadable_module.c:329 Adding Application 'play_fsv'
2026-09-28 08:16:54.738627 0.00% [NOTICE] switch_loadable_module.c:329 Adding Application 'record_fsv'
2026-09-28 08:16:54.738639 0.00% [NOTICE] switch_loadable_module.c:329 Adding Application 'play_yuv'
2026-09-28 08:16:54.738646 0.00% [NOTICE] switch_loadable_module.c:329 Adding Application 'decode_video'
2026-09-28 08:16:54.738654 0.00% [NOTICE] switch_loadable_module.c:455 Adding File Format 'fsv'
2026-09-28 08:16:54.739003 0.00% [CONSOLE] switch_loadable_module.c:1772 Successfully Loaded [mod_valet_parking]
2026-09-28 08:16:54.739017 0.00% [NOTICE] switch_loadable_module.c:329 Adding Application 'valet_park'
2026-09-28 08:16:54.739102 0.00% [NOTICE] switch_loadable_module.c:389 Adding API Function 'valet_info'
2026-09-28 08:16:54.741313 0.00% [NOTICE] mod_httapi.c:2171 Profile [default] JSON Function [http://www.freeswitch.org/api/index.cgi]
2026-09-28 08:16:54.741436 0.00% [CONSOLE] switch_loadable_module.c:1772 Successfully Loaded [mod_httapi]
2026-09-28 08:16:54.741464 0.00% [NOTICE] switch_loadable_module.c:329 Adding Application 'httapi'
2026-09-28 08:16:54.741549 0.00% [NOTICE] switch_loadable_module.c:389 Adding API Function 'httapi'
2026-09-28 08:16:54.741580 0.00% [NOTICE] switch_loadable_module.c:455 Adding File Format 'http'
2026-09-28 08:16:54.741601 0.00% [NOTICE] switch_loadable_module.c:455 Adding File Format 'https'
2026-09-28 08:16:54.742395 0.00% [CONSOLE] switch_loadable_module.c:1772 Successfully Loaded [mod_dialplan_xml]
2026-09-28 08:16:54.742419 0.00% [NOTICE] switch_loadable_module.c:273 Adding Dialplan 'XML'
2026-09-28 08:16:54.742952 0.00% [CONSOLE] switch_loadable_module.c:1772 Successfully Loaded [mod_dialplan_asterisk]
2026-09-28 08:16:54.742969 0.00% [NOTICE] switch_loadable_module.c:172 Adding Endpoint 'SIP'
2026-09-28 08:16:54.743016 0.00% [NOTICE] switch_loadable_module.c:172 Adding Endpoint 'IAX2'
2026-09-28 08:16:54.743107 0.00% [NOTICE] switch_loadable_module.c:273 Adding Dialplan 'asterisk'
2026-09-28 08:16:54.743126 0.00% [NOTICE] switch_loadable_module.c:329 Adding Application 'Dial'
2026-09-28 08:16:54.743144 0.00% [NOTICE] switch_loadable_module.c:329 Adding Application 'Goto'
2026-09-28 08:16:54.743164 0.00% [NOTICE] switch_loadable_module.c:329 Adding Application 'AvoidingDeadlock'
2026-09-28 08:16:54.746100 0.00% [DEBUG] mod_spandsp_fax.c:213 FAX timer thread started.
2026-09-28 08:16:54.769143 0.00% [DEBUG] mod_spandsp.c:894 mod_spandsp loaded, using spandsp library version [20120902 163333]
2026-09-28 08:16:54.769209 0.00% [CONSOLE] switch_loadable_module.c:1772 Successfully Loaded [mod_spandsp]
2026-09-28 08:16:54.769231 0.00% [NOTICE] switch_loadable_module.c:172 Adding Endpoint 'modem'
2026-09-28 08:16:54.769283 0.00% [NOTICE] switch_loadable_module.c:223 Adding Codec DVI4 6 ADPCM (IMA) 16000hz 10ms 1ch 64000bps
2026-09-28 08:16:54.769299 0.00% [NOTICE] switch_loadable_module.c:223 Adding Codec DVI4 6 ADPCM (IMA) 16000hz 20ms 1ch 64000bps
2026-09-28 08:16:54.769302 0.00% [NOTICE] switch_loadable_module.c:223 Adding Codec DVI4 6 ADPCM (IMA) 16000hz 30ms 1ch 64000bps
2026-09-28 08:16:54.769305 0.00% [NOTICE] switch_loadable_module.c:223 Adding Codec DVI4 6 ADPCM (IMA) 16000hz 40ms 1ch 64000bps
2026-09-28 08:16:54.769307 0.00% [NOTICE] switch_loadable_module.c:223 Adding Codec DVI4 6 ADPCM (IMA) 16000hz 50ms 1ch 64000bps
2026-09-28 08:16:54.769309 0.00% [NOTICE] switch_loadable_module.c:223 Adding Codec DVI4 6 ADPCM (IMA) 16000hz 60ms 1ch 64000bps
2026-09-28 08:16:54.769311 0.00% [NOTICE] switch_loadable_module.c:223 Adding Codec DVI4 5 ADPCM (IMA) 8000hz 10ms 1ch 32000bps
2026-09-28 08:16:54.769313 0.00% [NOTICE] switch_loadable_module.c:223 Adding Codec DVI4 5 ADPCM (IMA) 8000hz 20ms 1ch 32000bps
2026-09-28 08:16:54.769317 0.00% [NOTICE] switch_loadable_module.c:223 Adding Codec DVI4 5 ADPCM (IMA) 8000hz 30ms 1ch 32000bps
2026-09-28 08:16:54.769320 0.00% [NOTICE] switch_loadable_module.c:223 Adding Codec DVI4 5 ADPCM (IMA) 8000hz 40ms 1ch 32000bps
2026-09-28 08:16:54.769323 0.00% [NOTICE] switch_loadable_module.c:223 Adding Codec DVI4 5 ADPCM (IMA) 8000hz 50ms 1ch 32000bps
2026-09-28 08:16:54.769326 0.00% [NOTICE] switch_loadable_module.c:223 Adding Codec DVI4 5 ADPCM (IMA) 8000hz 60ms 1ch 32000bps
2026-09-28 08:16:54.769329 0.00% [NOTICE] switch_loadable_module.c:223 Adding Codec DVI4 5 ADPCM (IMA) 8000hz 70ms 1ch 32000bps
2026-09-28 08:16:54.769331 0.00% [NOTICE] switch_loadable_module.c:223 Adding Codec DVI4 5 ADPCM (IMA) 8000hz 80ms 1ch 32000bps
2026-09-28 08:16:54.769334 0.00% [NOTICE] switch_loadable_module.c:223 Adding Codec DVI4 5 ADPCM (IMA) 8000hz 90ms 1ch 32000bps
2026-09-28 08:16:54.769336 0.00% [NOTICE] switch_loadable_module.c:223 Adding Codec DVI4 5 ADPCM (IMA) 8000hz 100ms 1ch 32000bps
2026-09-28 08:16:54.769338 0.00% [NOTICE] switch_loadable_module.c:223 Adding Codec DVI4 5 ADPCM (IMA) 8000hz 110ms 1ch 32000bps
2026-09-28 08:16:54.769340 0.00% [NOTICE] switch_loadable_module.c:223 Adding Codec DVI4 5 ADPCM (IMA) 8000hz 120ms 1ch 32000bps
2026-09-28 08:16:54.769364 0.00% [NOTICE] switch_loadable_module.c:223 Adding Codec AAL2-G726-16 124 G.726 16k (AAL2) 8000hz 10ms 1ch 16000bps
2026-09-28 08:16:54.769369 0.00% [NOTICE] switch_loadable_module.c:223 Adding Codec AAL2-G726-16 124 G.726 16k (AAL2) 8000hz 20ms 1ch 16000bps
2026-09-28 08:16:54.769372 0.00% [NOTICE] switch_loadable_module.c:223 Adding Codec AAL2-G726-16 124 G.726 16k (AAL2) 8000hz 30ms 1ch 16000bps
2026-09-28 08:16:54.769374 0.00% [NOTICE] switch_loadable_module.c:223 Adding Codec AAL2-G726-16 124 G.726 16k (AAL2) 8000hz 40ms 1ch 16000bps
2026-09-28 08:16:54.769377 0.00% [NOTICE] switch_loadable_module.c:223 Adding Codec AAL2-G726-16 124 G.726 16k (AAL2) 8000hz 50ms 1ch 16000bps
2026-09-28 08:16:54.769379 0.00% [NOTICE] switch_loadable_module.c:223 Adding Codec AAL2-G726-16 124 G.726 16k (AAL2) 8000hz 60ms 1ch 16000bps
2026-09-28 08:16:54.769382 0.00% [NOTICE] switch_loadable_module.c:223 Adding Codec AAL2-G726-16 124 G.726 16k (AAL2) 8000hz 70ms 1ch 16000bps
2026-09-28 08:16:54.769384 0.00% [NOTICE] switch_loadable_module.c:223 Adding Codec AAL2-G726-16 124 G.726 16k (AAL2) 8000hz 80ms 1ch 16000bps
2026-09-28 08:16:54.769386 0.00% [NOTICE] switch_loadable_module.c:223 Adding Codec AAL2-G726-16 124 G.726 16k (AAL2) 8000hz 90ms 1ch 16000bps
2026-09-28 08:16:54.769388 0.00% [NOTICE] switch_loadable_module.c:223 Adding Codec AAL2-G726-16 124 G.726 16k (AAL2) 8000hz 100ms 1ch 16000bps
2026-09-28 08:16:54.769390 0.00% [NOTICE] switch_loadable_module.c:223 Adding Codec AAL2-G726-16 124 G.726 16k (AAL2) 8000hz 110ms 1ch 16000bps
2026-09-28 08:16:54.769392 0.00% [NOTICE] switch_loadable_module.c:223 Adding Codec AAL2-G726-16 124 G.726 16k (AAL2) 8000hz 120ms 1ch 16000bps
2026-09-28 08:16:54.769417 0.00% [NOTICE] switch_loadable_module.c:223 Adding Codec G726-16 124 G.726 16k 8000hz 10ms 1ch 16000bps
2026-09-28 08:16:54.769470 0.00% [NOTICE] switch_loadable_module.c:223 Adding Codec G726-16 124 G.726 16k 8000hz 20ms 1ch 16000bps
2026-09-28 08:16:54.769473 0.00% [NOTICE] switch_loadable_module.c:223 Adding Codec G726-16 124 G.726 16k 8000hz 30ms 1ch 16000bps
2026-09-28 08:16:54.769476 0.00% [NOTICE] switch_loadable_module.c:223 Adding Codec G726-16 124 G.726 16k 8000hz 40ms 1ch 16000bps
2026-09-28 08:16:54.769478 0.00% [NOTICE] switch_loadable_module.c:223 Adding Codec G726-16 124 G.726 16k 8000hz 50ms 1ch 16000bps
2026-09-28 08:16:54.769480 0.00% [NOTICE] switch_loadable_module.c:223 Adding Codec G726-16 124 G.726 16k 8000hz 60ms 1ch 16000bps
2026-09-28 08:16:54.769483 0.00% [NOTICE] switch_loadable_module.c:223 Adding Codec G726-16 124 G.726 16k 8000hz 70ms 1ch 16000bps
2026-09-28 08:16:54.769486 0.00% [NOTICE] switch_loadable_module.c:223 Adding Codec G726-16 124 G.726 16k 8000hz 80ms 1ch 16000bps
2026-09-28 08:16:54.769489 0.00% [NOTICE] switch_loadable_module.c:223 Adding Codec G726-16 124 G.726 16k 8000hz 90ms 1ch 16000bps
2026-09-28 08:16:54.769490 0.00% [NOTICE] switch_loadable_module.c:223 Adding Codec G726-16 124 G.726 16k 8000hz 100ms 1ch 16000bps
2026-09-28 08:16:54.769492 0.00% [NOTICE] switch_loadable_module.c:223 Adding Codec G726-16 124 G.726 16k 8000hz 110ms 1ch 16000bps
2026-09-28 08:16:54.769494 0.00% [NOTICE] switch_loadable_module.c:223 Adding Codec G726-16 124 G.726 16k 8000hz 120ms 1ch 16000bps
2026-09-28 08:16:54.769522 0.00% [NOTICE] switch_loadable_module.c:223 Adding Codec AAL2-G726-24 123 G.726 24k (AAL2) 8000hz 10ms 1ch 24000bps
2026-09-28 08:16:54.769526 0.00% [NOTICE] switch_loadable_module.c:223 Adding Codec AAL2-G726-24 123 G.726 24k (AAL2) 8000hz 20ms 1ch 24000bps
2026-09-28 08:16:54.769529 0.00% [NOTICE] switch_loadable_module.c:223 Adding Codec AAL2-G726-24 123 G.726 24k (AAL2) 8000hz 30ms 1ch 24000bps
2026-09-28 08:16:54.769532 0.00% [NOTICE] switch_loadable_module.c:223 Adding Codec AAL2-G726-24 123 G.726 24k (AAL2) 8000hz 40ms 1ch 24000bps
2026-09-28 08:16:54.769535 0.00% [NOTICE] switch_loadable_module.c:223 Adding Codec AAL2-G726-24 123 G.726 24k (AAL2) 8000hz 50ms 1ch 24000bps
2026-09-28 08:16:54.769539 0.00% [NOTICE] switch_loadable_module.c:223 Adding Codec AAL2-G726-24 123 G.726 24k (AAL2) 8000hz 60ms 1ch 24000bps
2026-09-28 08:16:54.769651 0.00% [NOTICE] switch_loadable_module.c:223 Adding Codec AAL2-G726-24 123 G.726 24k (AAL2) 8000hz 70ms 1ch 24000bps
2026-09-28 08:16:54.769657 0.00% [NOTICE] switch_loadable_module.c:223 Adding Codec AAL2-G726-24 123 G.726 24k (AAL2) 8000hz 80ms 1ch 24000bps
2026-09-28 08:16:54.769663 0.00% [NOTICE] switch_loadable_module.c:223 Adding Codec AAL2-G726-24 123 G.726 24k (AAL2) 8000hz 90ms 1ch 24000bps
2026-09-28 08:16:54.769667 0.00% [NOTICE] switch_loadable_module.c:223 Adding Codec AAL2-G726-24 123 G.726 24k (AAL2) 8000hz 100ms 1ch 24000bps
2026-09-28 08:16:54.769670 0.00% [NOTICE] switch_loadable_module.c:223 Adding Codec AAL2-G726-24 123 G.726 24k (AAL2) 8000hz 110ms 1ch 24000bps
2026-09-28 08:16:54.769675 0.00% [NOTICE] switch_loadable_module.c:223 Adding Codec AAL2-G726-24 123 G.726 24k (AAL2) 8000hz 120ms 1ch 24000bps
2026-09-28 08:16:54.769719 0.00% [NOTICE] switch_loadable_module.c:223 Adding Codec G726-24 123 G.726 24k 8000hz 10ms 1ch 24000bps
2026-09-28 08:16:54.769725 0.00% [NOTICE] switch_loadable_module.c:223 Adding Codec G726-24 123 G.726 24k 8000hz 20ms 1ch 24000bps
2026-09-28 08:16:54.769729 0.00% [NOTICE] switch_loadable_module.c:223 Adding Codec G726-24 123 G.726 24k 8000hz 30ms 1ch 24000bps
2026-09-28 08:16:54.769732 0.00% [NOTICE] switch_loadable_module.c:223 Adding Codec G726-24 123 G.726 24k 8000hz 40ms 1ch 24000bps
2026-09-28 08:16:54.769736 0.00% [NOTICE] switch_loadable_module.c:223 Adding Codec G726-24 123 G.726 24k 8000hz 50ms 1ch 24000bps
2026-09-28 08:16:54.769740 0.00% [NOTICE] switch_loadable_module.c:223 Adding Codec G726-24 123 G.726 24k 8000hz 60ms 1ch 24000bps
2026-09-28 08:16:54.769743 0.00% [NOTICE] switch_loadable_module.c:223 Adding Codec G726-24 123 G.726 24k 8000hz 70ms 1ch 24000bps
2026-09-28 08:16:54.769747 0.00% [NOTICE] switch_loadable_module.c:223 Adding Codec G726-24 123 G.726 24k 8000hz 80ms 1ch 24000bps
2026-09-28 08:16:54.769752 0.00% [NOTICE] switch_loadable_module.c:223 Adding Codec G726-24 123 G.726 24k 8000hz 90ms 1ch 24000bps
2026-09-28 08:16:54.769756 0.00% [NOTICE] switch_loadable_module.c:223 Adding Codec G726-24 123 G.726 24k 8000hz 100ms 1ch 24000bps
2026-09-28 08:16:54.769761 0.00% [NOTICE] switch_loadable_module.c:223 Adding Codec G726-24 123 G.726 24k 8000hz 110ms 1ch 24000bps
2026-09-28 08:16:54.769764 0.00% [NOTICE] switch_loadable_module.c:223 Adding Codec G726-24 123 G.726 24k 8000hz 120ms 1ch 24000bps
2026-09-28 08:16:54.769804 0.00% [NOTICE] switch_loadable_module.c:223 Adding Codec AAL2-G726-32 122 G.726 32k (AAL2) 8000hz 10ms 1ch 32000bps
2026-09-28 08:16:54.769811 0.00% [NOTICE] switch_loadable_module.c:223 Adding Codec AAL2-G726-32 122 G.726 32k (AAL2) 8000hz 20ms 1ch 32000bps
2026-09-28 08:16:54.769816 0.00% [NOTICE] switch_loadable_module.c:223 Adding Codec AAL2-G726-32 122 G.726 32k (AAL2) 8000hz 30ms 1ch 32000bps
2026-09-28 08:16:54.769819 0.00% [NOTICE] switch_loadable_module.c:223 Adding Codec AAL2-G726-32 122 G.726 32k (AAL2) 8000hz 40ms 1ch 32000bps
2026-09-28 08:16:54.769823 0.00% [NOTICE] switch_loadable_module.c:223 Adding Codec AAL2-G726-32 122 G.726 32k (AAL2) 8000hz 50ms 1ch 32000bps
2026-09-28 08:16:54.769827 0.00% [NOTICE] switch_loadable_module.c:223 Adding Codec AAL2-G726-32 122 G.726 32k (AAL2) 8000hz 60ms 1ch 32000bps
2026-09-28 08:16:54.769832 0.00% [NOTICE] switch_loadable_module.c:223 Adding Codec AAL2-G726-32 122 G.726 32k (AAL2) 8000hz 70ms 1ch 32000bps
2026-09-28 08:16:54.769837 0.00% [NOTICE] switch_loadable_module.c:223 Adding Codec AAL2-G726-32 122 G.726 32k (AAL2) 8000hz 80ms 1ch 32000bps
2026-09-28 08:16:54.769841 0.00% [NOTICE] switch_loadable_module.c:223 Adding Codec AAL2-G726-32 122 G.726 32k (AAL2) 8000hz 90ms 1ch 32000bps
2026-09-28 08:16:54.769845 0.00% [NOTICE] switch_loadable_module.c:223 Adding Codec AAL2-G726-32 122 G.726 32k (AAL2) 8000hz 100ms 1ch 32000bps
2026-09-28 08:16:54.769851 0.00% [NOTICE] switch_loadable_module.c:223 Adding Codec AAL2-G726-32 122 G.726 32k (AAL2) 8000hz 110ms 1ch 32000bps
2026-09-28 08:16:54.769855 0.00% [NOTICE] switch_loadable_module.c:223 Adding Codec AAL2-G726-32 122 G.726 32k (AAL2) 8000hz 120ms 1ch 32000bps
2026-09-28 08:16:54.769891 0.00% [NOTICE] switch_loadable_module.c:223 Adding Codec G726-32 122 G.726 32k 8000hz 10ms 1ch 32000bps
2026-09-28 08:16:54.769896 0.00% [NOTICE] switch_loadable_module.c:223 Adding Codec G726-32 122 G.726 32k 8000hz 20ms 1ch 32000bps
2026-09-28 08:16:54.769898 0.00% [NOTICE] switch_loadable_module.c:223 Adding Codec G726-32 122 G.726 32k 8000hz 30ms 1ch 32000bps
2026-09-28 08:16:54.769900 0.00% [NOTICE] switch_loadable_module.c:223 Adding Codec G726-32 122 G.726 32k 8000hz 40ms 1ch 32000bps
2026-09-28 08:16:54.769903 0.00% [NOTICE] switch_loadable_module.c:223 Adding Codec G726-32 122 G.726 32k 8000hz 50ms 1ch 32000bps
2026-09-28 08:16:54.769949 0.00% [NOTICE] switch_loadable_module.c:223 Adding Codec G726-32 122 G.726 32k 8000hz 60ms 1ch 32000bps
2026-09-28 08:16:54.769954 0.00% [NOTICE] switch_loadable_module.c:223 Adding Codec G726-32 122 G.726 32k 8000hz 70ms 1ch 32000bps
2026-09-28 08:16:54.769959 0.00% [NOTICE] switch_loadable_module.c:223 Adding Codec G726-32 122 G.726 32k 8000hz 80ms 1ch 32000bps
2026-09-28 08:16:54.769963 0.00% [NOTICE] switch_loadable_module.c:223 Adding Codec G726-32 122 G.726 32k 8000hz 90ms 1ch 32000bps
2026-09-28 08:16:54.769967 0.00% [NOTICE] switch_loadable_module.c:223 Adding Codec G726-32 122 G.726 32k 8000hz 100ms 1ch 32000bps
2026-09-28 08:16:54.769971 0.00% [NOTICE] switch_loadable_module.c:223 Adding Codec G726-32 122 G.726 32k 8000hz 110ms 1ch 32000bps
2026-09-28 08:16:54.769976 0.00% [NOTICE] switch_loadable_module.c:223 Adding Codec G726-32 122 G.726 32k 8000hz 120ms 1ch 32000bps
2026-09-28 08:16:54.770077 0.00% [NOTICE] switch_loadable_module.c:223 Adding Codec AAL2-G726-40 121 G.726 40k (AAL2) 8000hz 10ms 1ch 40000bps
2026-09-28 08:16:54.770085 0.00% [NOTICE] switch_loadable_module.c:223 Adding Codec AAL2-G726-40 121 G.726 40k (AAL2) 8000hz 20ms 1ch 40000bps
2026-09-28 08:16:54.770088 0.00% [NOTICE] switch_loadable_module.c:223 Adding Codec AAL2-G726-40 121 G.726 40k (AAL2) 8000hz 30ms 1ch 40000bps
2026-09-28 08:16:54.770122 0.00% [NOTICE] switch_loadable_module.c:223 Adding Codec AAL2-G726-40 121 G.726 40k (AAL2) 8000hz 40ms 1ch 40000bps
2026-09-28 08:16:54.770126 0.00% [NOTICE] switch_loadable_module.c:223 Adding Codec AAL2-G726-40 121 G.726 40k (AAL2) 8000hz 50ms 1ch 40000bps
2026-09-28 08:16:54.770129 0.00% [NOTICE] switch_loadable_module.c:223 Adding Codec AAL2-G726-40 121 G.726 40k (AAL2) 8000hz 60ms 1ch 40000bps
2026-09-28 08:16:54.770140 0.00% [NOTICE] switch_loadable_module.c:223 Adding Codec AAL2-G726-40 121 G.726 40k (AAL2) 8000hz 70ms 1ch 40000bps
2026-09-28 08:16:54.770142 0.00% [NOTICE] switch_loadable_module.c:223 Adding Codec AAL2-G726-40 121 G.726 40k (AAL2) 8000hz 80ms 1ch 40000bps
2026-09-28 08:16:54.770144 0.00% [NOTICE] switch_loadable_module.c:223 Adding Codec AAL2-G726-40 121 G.726 40k (AAL2) 8000hz 90ms 1ch 40000bps
2026-09-28 08:16:54.770147 0.00% [NOTICE] switch_loadable_module.c:223 Adding Codec AAL2-G726-40 121 G.726 40k (AAL2) 8000hz 100ms 1ch 40000bps
2026-09-28 08:16:54.770149 0.00% [NOTICE] switch_loadable_module.c:223 Adding Codec AAL2-G726-40 121 G.726 40k (AAL2) 8000hz 110ms 1ch 40000bps
2026-09-28 08:16:54.770151 0.00% [NOTICE] switch_loadable_module.c:223 Adding Codec AAL2-G726-40 121 G.726 40k (AAL2) 8000hz 120ms 1ch 40000bps
2026-09-28 08:16:54.770196 0.00% [NOTICE] switch_loadable_module.c:223 Adding Codec G726-40 121 G.726 40k 8000hz 10ms 1ch 40000bps
2026-09-28 08:16:54.770201 0.00% [NOTICE] switch_loadable_module.c:223 Adding Codec G726-40 121 G.726 40k 8000hz 20ms 1ch 40000bps
2026-09-28 08:16:54.770203 0.00% [NOTICE] switch_loadable_module.c:223 Adding Codec G726-40 121 G.726 40k 8000hz 30ms 1ch 40000bps
2026-09-28 08:16:54.770205 0.00% [NOTICE] switch_loadable_module.c:223 Adding Codec G726-40 121 G.726 40k 8000hz 40ms 1ch 40000bps
2026-09-28 08:16:54.770207 0.00% [NOTICE] switch_loadable_module.c:223 Adding Codec G726-40 121 G.726 40k 8000hz 50ms 1ch 40000bps
2026-09-28 08:16:54.770209 0.00% [NOTICE] switch_loadable_module.c:223 Adding Codec G726-40 121 G.726 40k 8000hz 60ms 1ch 40000bps
2026-09-28 08:16:54.770211 0.00% [NOTICE] switch_loadable_module.c:223 Adding Codec G726-40 121 G.726 40k 8000hz 70ms 1ch 40000bps
2026-09-28 08:16:54.770213 0.00% [NOTICE] switch_loadable_module.c:223 Adding Codec G726-40 121 G.726 40k 8000hz 80ms 1ch 40000bps
2026-09-28 08:16:54.770216 0.00% [NOTICE] switch_loadable_module.c:223 Adding Codec G726-40 121 G.726 40k 8000hz 90ms 1ch 40000bps
2026-09-28 08:16:54.770221 0.00% [NOTICE] switch_loadable_module.c:223 Adding Codec G726-40 121 G.726 40k 8000hz 100ms 1ch 40000bps
2026-09-28 08:16:54.770224 0.00% [NOTICE] switch_loadable_module.c:223 Adding Codec G726-40 121 G.726 40k 8000hz 110ms 1ch 40000bps
2026-09-28 08:16:54.770228 0.00% [NOTICE] switch_loadable_module.c:223 Adding Codec G726-40 121 G.726 40k 8000hz 120ms 1ch 40000bps
2026-09-28 08:16:54.770260 0.00% [NOTICE] switch_loadable_module.c:223 Adding Codec G722 9 G.722 16000hz 10ms 1ch 64000bps
2026-09-28 08:16:54.770267 0.00% [NOTICE] switch_loadable_module.c:223 Adding Codec G722 9 G.722 16000hz 20ms 1ch 64000bps
2026-09-28 08:16:54.770272 0.00% [NOTICE] switch_loadable_module.c:223 Adding Codec G722 9 G.722 16000hz 30ms 1ch 64000bps
2026-09-28 08:16:54.770286 0.00% [NOTICE] switch_loadable_module.c:223 Adding Codec G722 9 G.722 16000hz 40ms 1ch 64000bps
2026-09-28 08:16:54.770305 0.00% [NOTICE] switch_loadable_module.c:223 Adding Codec G722 9 G.722 16000hz 50ms 1ch 64000bps
2026-09-28 08:16:54.770312 0.00% [NOTICE] switch_loadable_module.c:223 Adding Codec G722 9 G.722 16000hz 60ms 1ch 64000bps
2026-09-28 08:16:54.770346 0.00% [NOTICE] switch_loadable_module.c:223 Adding Codec GSM 3 GSM 8000hz 20ms 1ch 13200bps
2026-09-28 08:16:54.770352 0.00% [NOTICE] switch_loadable_module.c:223 Adding Codec GSM 3 GSM 8000hz 40ms 1ch 13200bps
2026-09-28 08:16:54.770416 0.00% [NOTICE] switch_loadable_module.c:223 Adding Codec GSM 3 GSM 8000hz 60ms 1ch 13200bps
2026-09-28 08:16:54.770423 0.00% [NOTICE] switch_loadable_module.c:223 Adding Codec GSM 3 GSM 8000hz 80ms 1ch 13200bps
2026-09-28 08:16:54.770427 0.00% [NOTICE] switch_loadable_module.c:223 Adding Codec GSM 3 GSM 8000hz 100ms 1ch 13200bps
2026-09-28 08:16:54.770444 0.00% [NOTICE] switch_loadable_module.c:223 Adding Codec GSM 3 GSM 8000hz 120ms 1ch 13200bps
2026-09-28 08:16:54.770491 0.00% [NOTICE] switch_loadable_module.c:223 Adding Codec LPC 7 LPC-10 8000hz 90ms 1ch 2400bps
2026-09-28 08:16:54.770536 0.00% [NOTICE] switch_loadable_module.c:329 Adding Application 't38_gateway'
2026-09-28 08:16:54.770571 0.00% [NOTICE] switch_loadable_module.c:329 Adding Application 'rxfax'
2026-09-28 08:16:54.770605 0.00% [NOTICE] switch_loadable_module.c:329 Adding Application 'txfax'
2026-09-28 08:16:54.770639 0.00% [NOTICE] switch_loadable_module.c:329 Adding Application 'stopfax'
2026-09-28 08:16:54.770743 0.00% [NOTICE] switch_loadable_module.c:329 Adding Application 'spandsp_stop_dtmf'
2026-09-28 08:16:54.770761 0.00% [NOTICE] switch_loadable_module.c:329 Adding Application 'spandsp_start_dtmf'
2026-09-28 08:16:54.770815 0.00% [NOTICE] switch_loadable_module.c:329 Adding Application 'spandsp_stop_inject_tdd'
2026-09-28 08:16:54.770825 0.00% [NOTICE] switch_loadable_module.c:329 Adding Application 'spandsp_inject_tdd'
2026-09-28 08:16:54.770838 0.00% [NOTICE] switch_loadable_module.c:329 Adding Application 'spandsp_stop_detect_tdd'
2026-09-28 08:16:54.770845 0.00% [NOTICE] switch_loadable_module.c:329 Adding Application 'spandsp_detect_tdd'
2026-09-28 08:16:54.770852 0.00% [NOTICE] switch_loadable_module.c:329 Adding Application 'spandsp_send_tdd'
2026-09-28 08:16:54.770858 0.00% [NOTICE] switch_loadable_module.c:329 Adding Application 'spandsp_start_fax_detect'
2026-09-28 08:16:54.770867 0.00% [NOTICE] switch_loadable_module.c:329 Adding Application 'spandsp_stop_fax_detect'
2026-09-28 08:16:54.770874 0.00% [NOTICE] switch_loadable_module.c:329 Adding Application 'spandsp_start_tone_detect'
2026-09-28 08:16:54.770905 0.00% [NOTICE] switch_loadable_module.c:329 Adding Application 'spandsp_stop_tone_detect'
2026-09-28 08:16:54.770915 0.00% [NOTICE] switch_loadable_module.c:389 Adding API Function 'spandsp_start_tone_detect'
2026-09-28 08:16:54.770922 0.00% [NOTICE] switch_loadable_module.c:389 Adding API Function 'spandsp_stop_tone_detect'
2026-09-28 08:16:54.770929 0.00% [NOTICE] switch_loadable_module.c:389 Adding API Function 'start_tdd_detect'
2026-09-28 08:16:54.770937 0.00% [NOTICE] switch_loadable_module.c:389 Adding API Function 'stop_tdd_detect'
2026-09-28 08:16:54.770945 0.00% [NOTICE] switch_loadable_module.c:389 Adding API Function 'uuid_send_tdd'
2026-09-28 08:16:54.771382 0.00% [CONSOLE] switch_loadable_module.c:1772 Successfully Loaded [mod_g723_1]
2026-09-28 08:16:54.771404 0.00% [NOTICE] switch_loadable_module.c:223 Adding Codec G723 4 G.723.1 6.3k 8000hz 120ms 1ch 6300bps
2026-09-28 08:16:54.771411 0.00% [NOTICE] switch_loadable_module.c:223 Adding Codec G723 4 G.723.1 6.3k 8000hz 90ms 1ch 6300bps
2026-09-28 08:16:54.771416 0.00% [NOTICE] switch_loadable_module.c:223 Adding Codec G723 4 G.723.1 6.3k 8000hz 60ms 1ch 6300bps
2026-09-28 08:16:54.771422 0.00% [NOTICE] switch_loadable_module.c:223 Adding Codec G723 4 G.723.1 6.3k 8000hz 30ms 1ch 6300bps
2026-09-28 08:16:54.771736 0.00% [CONSOLE] switch_loadable_module.c:1772 Successfully Loaded [mod_g729]
2026-09-28 08:16:54.771748 0.00% [NOTICE] switch_loadable_module.c:223 Adding Codec G729 18 G.729 8000hz 10ms 1ch 8000bps
2026-09-28 08:16:54.771752 0.00% [NOTICE] switch_loadable_module.c:223 Adding Codec G729 18 G.729 8000hz 20ms 1ch 8000bps
2026-09-28 08:16:54.771754 0.00% [NOTICE] switch_loadable_module.c:223 Adding Codec G729 18 G.729 8000hz 30ms 1ch 8000bps
2026-09-28 08:16:54.771756 0.00% [NOTICE] switch_loadable_module.c:223 Adding Codec G729 18 G.729 8000hz 40ms 1ch 8000bps
2026-09-28 08:16:54.771758 0.00% [NOTICE] switch_loadable_module.c:223 Adding Codec G729 18 G.729 8000hz 50ms 1ch 8000bps
2026-09-28 08:16:54.771760 0.00% [NOTICE] switch_loadable_module.c:223 Adding Codec G729 18 G.729 8000hz 60ms 1ch 8000bps
2026-09-28 08:16:54.771763 0.00% [NOTICE] switch_loadable_module.c:223 Adding Codec G729 18 G.729 8000hz 70ms 1ch 8000bps
2026-09-28 08:16:54.771765 0.00% [NOTICE] switch_loadable_module.c:223 Adding Codec G729 18 G.729 8000hz 80ms 1ch 8000bps
2026-09-28 08:16:54.771767 0.00% [NOTICE] switch_loadable_module.c:223 Adding Codec G729 18 G.729 8000hz 90ms 1ch 8000bps
2026-09-28 08:16:54.771783 0.00% [NOTICE] switch_loadable_module.c:223 Adding Codec G729 18 G.729 8000hz 100ms 1ch 8000bps
2026-09-28 08:16:54.771785 0.00% [NOTICE] switch_loadable_module.c:223 Adding Codec G729 18 G.729 8000hz 110ms 1ch 8000bps
2026-09-28 08:16:54.771787 0.00% [NOTICE] switch_loadable_module.c:223 Adding Codec G729 18 G.729 8000hz 120ms 1ch 8000bps
2026-09-28 08:16:54.771952 0.00% [CONSOLE] switch_loadable_module.c:1772 Successfully Loaded [mod_amr]
2026-09-28 08:16:54.771962 0.00% [NOTICE] switch_loadable_module.c:223 Adding Codec AMR 96 AMR / Octet Aligned 8000hz 20ms 1ch 12200bps
2026-09-28 08:16:54.771995 0.00% [NOTICE] switch_loadable_module.c:223 Adding Codec AMR 97 AMR / Bandwidth Efficient 8000hz 20ms 1ch 12200bps
2026-09-28 08:16:54.772192 0.00% [CONSOLE] switch_loadable_module.c:1772 Successfully Loaded [mod_b64]
2026-09-28 08:16:54.772206 0.00% [NOTICE] switch_loadable_module.c:223 Adding Codec b64 116 B64 (STANDARD) 32000hz 20ms 1ch 684800bps
2026-09-28 08:16:54.772211 0.00% [NOTICE] switch_loadable_module.c:223 Adding Codec b64 116 B64 (STANDARD) 16000hz 20ms 1ch 342400bps
2026-09-28 08:16:54.772215 0.00% [NOTICE] switch_loadable_module.c:223 Adding Codec b64 116 B64 (STANDARD) 8000hz 20ms 1ch 171200bps
2026-09-28 08:16:54.772841 0.00% [CONSOLE] switch_loadable_module.c:1772 Successfully Loaded [mod_opus]
2026-09-28 08:16:54.772856 0.00% [NOTICE] switch_loadable_module.c:229 Adding Codec opus 116 OPUS (STANDARD) 8000hz 40ms 2ch (VBR)
2026-09-28 08:16:54.772860 0.00% [NOTICE] switch_loadable_module.c:229 Adding Codec opus 116 OPUS (STANDARD) 8000hz 40ms 1ch (VBR)
2026-09-28 08:16:54.772862 0.00% [NOTICE] switch_loadable_module.c:229 Adding Codec opus 116 OPUS (STANDARD) 8000hz 120ms 1ch (VBR)
2026-09-28 08:16:54.772865 0.00% [NOTICE] switch_loadable_module.c:229 Adding Codec opus 116 OPUS (STANDARD) 8000hz 100ms 1ch (VBR)
2026-09-28 08:16:54.772867 0.00% [NOTICE] switch_loadable_module.c:229 Adding Codec opus 116 OPUS (STANDARD) 8000hz 80ms 1ch (VBR)
2026-09-28 08:16:54.772869 0.00% [NOTICE] switch_loadable_module.c:229 Adding Codec opus 116 OPUS (STANDARD) 8000hz 60ms 1ch (VBR)
2026-09-28 08:16:54.772871 0.00% [NOTICE] switch_loadable_module.c:229 Adding Codec opus 116 OPUS (STANDARD) 8000hz 20ms 2ch (VBR)
2026-09-28 08:16:54.772890 0.00% [NOTICE] switch_loadable_module.c:229 Adding Codec opus 116 OPUS (STANDARD) 8000hz 20ms 1ch (VBR)
2026-09-28 08:16:54.772902 0.00% [NOTICE] switch_loadable_module.c:229 Adding Codec opus 116 OPUS (STANDARD) 8000hz 10ms 2ch (VBR)
2026-09-28 08:16:54.772906 0.00% [NOTICE] switch_loadable_module.c:229 Adding Codec opus 116 OPUS (STANDARD) 8000hz 10ms 1ch (VBR)
2026-09-28 08:16:54.772908 0.00% [NOTICE] switch_loadable_module.c:229 Adding Codec opus 116 OPUS (STANDARD) 16000hz 40ms 2ch (VBR)
2026-09-28 08:16:54.772910 0.00% [NOTICE] switch_loadable_module.c:229 Adding Codec opus 116 OPUS (STANDARD) 16000hz 40ms 1ch (VBR)
2026-09-28 08:16:54.772912 0.00% [NOTICE] switch_loadable_module.c:229 Adding Codec opus 116 OPUS (STANDARD) 16000hz 60ms 1ch (VBR)
2026-09-28 08:16:54.772914 0.00% [NOTICE] switch_loadable_module.c:229 Adding Codec opus 116 OPUS (STANDARD) 16000hz 20ms 2ch (VBR)
2026-09-28 08:16:54.772916 0.00% [NOTICE] switch_loadable_module.c:229 Adding Codec opus 116 OPUS (STANDARD) 16000hz 20ms 1ch (VBR)
2026-09-28 08:16:54.772918 0.00% [NOTICE] switch_loadable_module.c:229 Adding Codec opus 116 OPUS (STANDARD) 16000hz 10ms 2ch (VBR)
2026-09-28 08:16:54.772920 0.00% [NOTICE] switch_loadable_module.c:229 Adding Codec opus 116 OPUS (STANDARD) 16000hz 10ms 1ch (VBR)
2026-09-28 08:16:54.772922 0.00% [NOTICE] switch_loadable_module.c:229 Adding Codec opus 116 OPUS (STANDARD) 48000hz 40ms 2ch (VBR)
2026-09-28 08:16:54.772924 0.00% [NOTICE] switch_loadable_module.c:229 Adding Codec opus 116 OPUS (STANDARD) 48000hz 40ms 1ch (VBR)
2026-09-28 08:16:54.772926 0.00% [NOTICE] switch_loadable_module.c:229 Adding Codec opus 116 OPUS (STANDARD) 48000hz 20ms 2ch (VBR)
2026-09-28 08:16:54.772927 0.00% [NOTICE] switch_loadable_module.c:229 Adding Codec opus 116 OPUS (STANDARD) 48000hz 20ms 1ch (VBR)
2026-09-28 08:16:54.772929 0.00% [NOTICE] switch_loadable_module.c:229 Adding Codec opus 116 OPUS (STANDARD) 48000hz 10ms 2ch (VBR)
2026-09-28 08:16:54.772931 0.00% [NOTICE] switch_loadable_module.c:229 Adding Codec opus 116 OPUS (STANDARD) 48000hz 10ms 1ch (VBR)
2026-09-28 08:16:54.772974 0.00% [NOTICE] switch_loadable_module.c:389 Adding API Function 'opus_debug'
2026-09-28 08:16:54.774564 0.00% [CRIT] switch_loadable_module.c:1754 Error Loading module /usr/lib/freeswitch/mod/mod_av.so
**Error loading shared library libavformat.so.62: No such file or directory (needed by /usr/lib/freeswitch/mod/mod_av.so)**
2026-09-28 08:16:54.777664 0.00% [INFO] mod_sndfile.c:498 
LibSndFile Version : libsndfile-1.2.2 Supported Formats
================================================================================
AIFF (Apple/SGI)  (extension "aiff")
AU (Sun/NeXT)  (extension "au")
AVR (Audio Visual Research)  (extension "avr")
CAF (Apple Core Audio File)  (extension "caf")
FLAC (Free Lossless Audio Codec)  (extension "flac")
HTK (HMM Tool Kit)  (extension "htk")
IFF (Amiga IFF/SVX8/SV16)  (extension "iff")
MAT4 (GNU Octave 2.0 / Matlab 4.2)  (extension "mat")
MAT5 (GNU Octave 2.1 / Matlab 5.0)  (extension "mat")
MPC (Akai MPC 2k)  (extension "mpc")
MPEG-1/2 Audio  (extension "m1a")
OGG (OGG Container format)  (extension "oga")
OGG (OGG Container format)  (extension "ogg")
PAF (Ensoniq PARIS)  (extension "paf")
PVF (Portable Voice Format)  (extension "pvf")
RAW (header-less)  (extension "raw")
RF64 (RIFF 64)  (extension "rf64")
SD2 (Sound Designer II)  (extension "sd2")
SDS (Midi Sample Dump Standard)  (extension "sds")
SF (Berkeley/IRCAM/CARL)  (extension "sf")
VOC (Creative Labs)  (extension "voc")
W64 (SoundFoundry WAVE 64)  (extension "w64")
WAV (Microsoft)  (extension "wav")
WAV (NIST Sphere)  (extension "wav")
WAVEX (Microsoft)  (extension "wav")
WVE (Psion Series 3)  (extension "wve")
XI (FastTracker 2)  (extension "xi")
================================================================================
2026-09-28 08:16:54.777805 0.00% [CONSOLE] switch_loadable_module.c:1772 Successfully Loaded [mod_sndfile]
2026-09-28 08:16:54.777825 0.00% [NOTICE] switch_loadable_module.c:389 Adding API Function 'sndfile_debug'
2026-09-28 08:16:54.777895 0.00% [NOTICE] switch_loadable_module.c:455 Adding File Format 'aiff'
2026-09-28 08:16:54.777911 0.00% [NOTICE] switch_loadable_module.c:455 Adding File Format 'au'
2026-09-28 08:16:54.777918 0.00% [NOTICE] switch_loadable_module.c:455 Adding File Format 'avr'
2026-09-28 08:16:54.777932 0.00% [NOTICE] switch_loadable_module.c:455 Adding File Format 'caf'
2026-09-28 08:16:54.777941 0.00% [NOTICE] switch_loadable_module.c:455 Adding File Format 'flac'
2026-09-28 08:16:54.777947 0.00% [NOTICE] switch_loadable_module.c:455 Adding File Format 'htk'
2026-09-28 08:16:54.778021 0.00% [NOTICE] switch_loadable_module.c:455 Adding File Format 'iff'
2026-09-28 08:16:54.778036 0.00% [NOTICE] switch_loadable_module.c:455 Adding File Format 'mat'
2026-09-28 08:16:54.778046 0.00% [NOTICE] switch_loadable_module.c:455 Adding File Format 'mpc'
2026-09-28 08:16:54.778058 0.00% [NOTICE] switch_loadable_module.c:455 Adding File Format 'm1a'
2026-09-28 08:16:54.778068 0.00% [NOTICE] switch_loadable_module.c:455 Adding File Format 'oga'
2026-09-28 08:16:54.778077 0.00% [NOTICE] switch_loadable_module.c:455 Adding File Format 'paf'
2026-09-28 08:16:54.778085 0.00% [NOTICE] switch_loadable_module.c:455 Adding File Format 'pvf'
2026-09-28 08:16:54.778094 0.00% [NOTICE] switch_loadable_module.c:455 Adding File Format 'raw'
2026-09-28 08:16:54.778164 0.00% [NOTICE] switch_loadable_module.c:455 Adding File Format 'rf64'
2026-09-28 08:16:54.778207 0.00% [NOTICE] switch_loadable_module.c:455 Adding File Format 'sd2'
2026-09-28 08:16:54.778217 0.00% [NOTICE] switch_loadable_module.c:455 Adding File Format 'sds'
2026-09-28 08:16:54.778229 0.00% [NOTICE] switch_loadable_module.c:455 Adding File Format 'sf'
2026-09-28 08:16:54.778239 0.00% [NOTICE] switch_loadable_module.c:455 Adding File Format 'voc'
2026-09-28 08:16:54.778250 0.00% [NOTICE] switch_loadable_module.c:455 Adding File Format 'w64'
2026-09-28 08:16:54.778263 0.00% [NOTICE] switch_loadable_module.c:455 Adding File Format 'wav'
2026-09-28 08:16:54.778275 0.00% [NOTICE] switch_loadable_module.c:455 Adding File Format 'wve'
2026-09-28 08:16:54.778286 0.00% [NOTICE] switch_loadable_module.c:455 Adding File Format 'xi'
2026-09-28 08:16:54.778299 0.00% [NOTICE] switch_loadable_module.c:455 Adding File Format 'r8'
2026-09-28 08:16:54.778308 0.00% [NOTICE] switch_loadable_module.c:455 Adding File Format 'r16'
2026-09-28 08:16:54.778335 0.00% [NOTICE] switch_loadable_module.c:455 Adding File Format 'r24'
2026-09-28 08:16:54.778345 0.00% [NOTICE] switch_loadable_module.c:455 Adding File Format 'r32'
2026-09-28 08:16:54.778354 0.00% [NOTICE] switch_loadable_module.c:455 Adding File Format 'gsm'
2026-09-28 08:16:54.778364 0.00% [NOTICE] switch_loadable_module.c:455 Adding File Format 'ul'
2026-09-28 08:16:54.778373 0.00% [NOTICE] switch_loadable_module.c:455 Adding File Format 'ulaw'
2026-09-28 08:16:54.778385 0.00% [NOTICE] switch_loadable_module.c:455 Adding File Format 'al'
2026-09-28 08:16:54.778436 0.00% [NOTICE] switch_loadable_module.c:455 Adding File Format 'alaw'
2026-09-28 08:16:54.778449 0.00% [NOTICE] switch_loadable_module.c:455 Adding File Format 'adpcm'
2026-09-28 08:16:54.778520 0.00% [NOTICE] switch_loadable_module.c:455 Adding File Format 'vox'
2026-09-28 08:16:54.778531 0.00% [NOTICE] switch_loadable_module.c:455 Adding File Format 'oga'
2026-09-28 08:16:54.778540 0.00% [NOTICE] switch_loadable_module.c:455 Adding File Format 'ogg'
2026-09-28 08:16:54.779006 0.00% [CONSOLE] switch_loadable_module.c:1772 Successfully Loaded [mod_native_file]
2026-09-28 08:16:54.779156 0.00% [NOTICE] switch_loadable_module.c:455 Adding File Format 'AAL2-G726-32'
2026-09-28 08:16:54.779191 0.00% [NOTICE] switch_loadable_module.c:455 Adding File Format 'DVI4'
2026-09-28 08:16:54.779203 0.00% [NOTICE] switch_loadable_module.c:455 Adding File Format 'PCMU'
2026-09-28 08:16:54.779213 0.00% [NOTICE] switch_loadable_module.c:455 Adding File Format 'G722'
2026-09-28 08:16:54.779223 0.00% [NOTICE] switch_loadable_module.c:455 Adding File Format 'AAL2-G726-24'
2026-09-28 08:16:54.779235 0.00% [NOTICE] switch_loadable_module.c:455 Adding File Format 'AAL2-G726-40'
2026-09-28 08:16:54.779247 0.00% [NOTICE] switch_loadable_module.c:455 Adding File Format 'L16'
2026-09-28 08:16:54.779257 0.00% [NOTICE] switch_loadable_module.c:455 Adding File Format 'G726-16'
2026-09-28 08:16:54.779290 0.00% [NOTICE] switch_loadable_module.c:455 Adding File Format 'PCMA'
2026-09-28 08:16:54.779306 0.00% [NOTICE] switch_loadable_module.c:455 Adding File Format 'G726-24'
2026-09-28 08:16:54.779339 0.00% [NOTICE] switch_loadable_module.c:455 Adding File Format 'G729'
2026-09-28 08:16:54.779351 0.00% [NOTICE] switch_loadable_module.c:455 Adding File Format 'AAL2-G726-16'
2026-09-28 08:16:54.779360 0.00% [NOTICE] switch_loadable_module.c:455 Adding File Format 'G726-32'
2026-09-28 08:16:54.779368 0.00% [NOTICE] switch_loadable_module.c:455 Adding File Format 'GSM'
2026-09-28 08:16:54.779377 0.00% [NOTICE] switch_loadable_module.c:455 Adding File Format 'G726-40'
2026-09-28 08:16:54.779386 0.00% [NOTICE] switch_loadable_module.c:455 Adding File Format 'G723'
2026-09-28 08:16:54.779487 0.00% [NOTICE] switch_loadable_module.c:455 Adding File Format 'LPC'
2026-09-28 08:16:54.779816 0.00% [CONSOLE] switch_loadable_module.c:1772 Successfully Loaded [mod_png]
2026-09-28 08:16:54.779832 0.00% [NOTICE] switch_loadable_module.c:389 Adding API Function 'uuid_write_png'
2026-09-28 08:16:54.779876 0.00% [NOTICE] switch_loadable_module.c:455 Adding File Format 'png'
2026-09-28 08:16:54.783690 0.00% [CONSOLE] switch_loadable_module.c:1772 Successfully Loaded [mod_local_stream]
2026-09-28 08:16:54.783737 0.00% [NOTICE] switch_loadable_module.c:389 Adding API Function 'local_stream'
2026-09-28 08:16:54.783826 0.00% [NOTICE] switch_loadable_module.c:455 Adding File Format 'local_stream'
2026-09-28 08:16:54.784349 0.00% [CONSOLE] switch_loadable_module.c:1772 Successfully Loaded [mod_tone_stream]
2026-09-28 08:16:54.784369 0.00% [NOTICE] switch_loadable_module.c:455 Adding File Format 'tone_stream'
2026-09-28 08:16:54.784431 0.00% [NOTICE] switch_loadable_module.c:455 Adding File Format 'silence_stream'
2026-09-28 08:16:54.787282 0.00% [DEBUG] switch_loadable_module.c:1706 Loading module with global namespace at request of module
2026-09-28 08:16:54.787425 0.00% [CONSOLE] switch_loadable_module.c:1772 Successfully Loaded [mod_lua]
2026-09-28 08:16:54.787456 0.00% [NOTICE] switch_loadable_module.c:273 Adding Dialplan 'LUA'
2026-09-28 08:16:54.787522 0.00% [NOTICE] switch_loadable_module.c:329 Adding Application 'lua'
2026-09-28 08:16:54.787549 0.00% [NOTICE] switch_loadable_module.c:359 Adding Chat Application 'lua'
2026-09-28 08:16:54.787576 0.00% [NOTICE] switch_loadable_module.c:389 Adding API Function 'luarun'
2026-09-28 08:16:54.787597 0.00% [NOTICE] switch_loadable_module.c:389 Adding API Function 'lua'
2026-09-28 08:16:54.788257 0.00% [CONSOLE] switch_loadable_module.c:1772 Successfully Loaded [mod_say_en]
2026-09-28 08:16:54.788280 0.00% [NOTICE] switch_loadable_module.c:651 Adding Say interface 'en'
2026-09-28 08:16:54.788390 0.00% [CONSOLE] switch_loadable_module.c:149 Starting runtime thread for mod_verto
2026-09-28 08:16:54.789589 0.00% [CONSOLE] switch_loadable_module.c:149 Starting runtime thread for mod_event_socket
2026-09-28 08:16:54.789992 0.00% [CONSOLE] switch_loadable_module.c:149 Starting runtime thread for CORE_SOFTTIMER_MODULE
2026-09-28 08:16:54.790690 100.00% [DEBUG] mod_event_socket.c:2979 Socket up listening on 0.0.0.0:8021
2026-09-28 08:16:54.790962 100.00% [DEBUG] switch_loadable_module.c:910 Chat Thread Started
2026-09-28 08:16:54.791260 100.00% [INFO] switch_time.c:627 Clock synchronized to system time.
2026-09-28 08:16:54.791649 100.00% [DEBUG] switch_loadable_module.c:910 Chat Thread Started
2026-09-28 08:16:54.791982 100.00% [NOTICE] switch_core.c:1482 Created ip list rfc6598.auto default (deny)
2026-09-28 08:16:54.791996 100.00% [NOTICE] switch_utils.c:665 Adding 100.64.0.0/10 (allow) [] to list rfc6598.auto
2026-09-28 08:16:54.792006 100.00% [NOTICE] switch_core.c:1488 Created ip list rfc1918.auto default (deny)
2026-09-28 08:16:54.792008 100.00% [NOTICE] switch_utils.c:665 Adding 10.0.0.0/8 (allow) [] to list rfc1918.auto
2026-09-28 08:16:54.792011 100.00% [NOTICE] switch_utils.c:665 Adding 172.16.0.0/12 (allow) [] to list rfc1918.auto
2026-09-28 08:16:54.792014 100.00% [NOTICE] switch_utils.c:665 Adding 192.168.0.0/16 (allow) [] to list rfc1918.auto
2026-09-28 08:16:54.792017 100.00% [NOTICE] switch_utils.c:665 Adding fe80::/10 (allow) [] to list rfc1918.auto
2026-09-28 08:16:54.792020 100.00% [NOTICE] switch_core.c:1497 Created ip list wan.auto default (allow)
2026-09-28 08:16:54.792048 100.00% [NOTICE] switch_utils.c:665 Adding 0.0.0.0/8 (deny) [] to list wan.auto
2026-09-28 08:16:54.792052 100.00% [NOTICE] switch_utils.c:665 Adding 10.0.0.0/8 (deny) [] to list wan.auto
2026-09-28 08:16:54.792055 100.00% [NOTICE] switch_utils.c:665 Adding 172.16.0.0/12 (deny) [] to list wan.auto
2026-09-28 08:16:54.792057 100.00% [NOTICE] switch_utils.c:665 Adding 192.168.0.0/16 (deny) [] to list wan.auto
2026-09-28 08:16:54.792059 100.00% [NOTICE] switch_utils.c:665 Adding 169.254.0.0/16 (deny) [] to list wan.auto
2026-09-28 08:16:54.792062 100.00% [NOTICE] switch_utils.c:665 Adding 100.64.0.0/10 (deny) [] to list wan.auto
2026-09-28 08:16:54.792064 100.00% [NOTICE] switch_utils.c:665 Adding fe80::/10 (deny) [] to list wan.auto
2026-09-28 08:16:54.792068 100.00% [NOTICE] switch_core.c:1509 Created ip list wan_v6.auto default (allow)
2026-09-28 08:16:54.792070 100.00% [NOTICE] switch_utils.c:665 Adding 0.0.0.0/0 (deny) [] to list wan_v6.auto
2026-09-28 08:16:54.792077 100.00% [NOTICE] switch_utils.c:665 Adding fe80::/10 (deny) [] to list wan_v6.auto
2026-09-28 08:16:54.792079 100.00% [NOTICE] switch_core.c:1517 Created ip list wan_v4.auto default (allow)
2026-09-28 08:16:54.792081 100.00% [NOTICE] switch_utils.c:665 Adding 0.0.0.0/8 (deny) [] to list wan_v4.auto
2026-09-28 08:16:54.792083 100.00% [NOTICE] switch_utils.c:665 Adding 10.0.0.0/8 (deny) [] to list wan_v4.auto
2026-09-28 08:16:54.792085 100.00% [NOTICE] switch_utils.c:665 Adding 172.16.0.0/12 (deny) [] to list wan_v4.auto
2026-09-28 08:16:54.792087 100.00% [NOTICE] switch_utils.c:665 Adding 192.168.0.0/16 (deny) [] to list wan_v4.auto
2026-09-28 08:16:54.792089 100.00% [NOTICE] switch_utils.c:665 Adding 169.254.0.0/16 (deny) [] to list wan_v4.auto
2026-09-28 08:16:54.792092 100.00% [NOTICE] switch_utils.c:665 Adding 100.64.0.0/10 (deny) [] to list wan_v4.auto
2026-09-28 08:16:54.792095 100.00% [NOTICE] switch_utils.c:665 Adding ::/0 (deny) [] to list wan_v4.auto
2026-09-28 08:16:54.792102 100.00% [NOTICE] switch_core.c:1530 Created ip list any_v6.auto default (allow)
2026-09-28 08:16:54.792104 100.00% [NOTICE] switch_utils.c:665 Adding 0.0.0.0/0 (deny) [] to list any_v6.auto
2026-09-28 08:16:54.792114 100.00% [NOTICE] switch_core.c:1537 Created ip list any_v4.auto default (allow)
2026-09-28 08:16:54.792116 100.00% [NOTICE] switch_utils.c:665 Adding ::/0 (deny) [] to list any_v4.auto
2026-09-28 08:16:54.792118 100.00% [NOTICE] switch_core.c:1544 Created ip list nat.auto default (deny)
2026-09-28 08:16:54.792121 100.00% [NOTICE] switch_core.c:1546 Adding 172.25.0.2/255.255.0.0 (deny) to list nat.auto
2026-09-28 08:16:54.792123 100.00% [NOTICE] switch_utils.c:665 Adding 10.0.0.0/8 (allow) [] to list nat.auto
2026-09-28 08:16:54.792126 100.00% [NOTICE] switch_utils.c:665 Adding 172.16.0.0/12 (allow) [] to list nat.auto
2026-09-28 08:16:54.792128 100.00% [NOTICE] switch_utils.c:665 Adding 192.168.0.0/16 (allow) [] to list nat.auto
2026-09-28 08:16:54.792130 100.00% [NOTICE] switch_utils.c:665 Adding 100.64.0.0/10 (allow) [] to list nat.auto
2026-09-28 08:16:54.792132 100.00% [NOTICE] switch_core.c:1556 Created ip list loopback.auto default (deny)
2026-09-28 08:16:54.792133 100.00% [NOTICE] switch_utils.c:665 Adding 127.0.0.0/8 (allow) [] to list loopback.auto
2026-09-28 08:16:54.792136 100.00% [NOTICE] switch_utils.c:665 Adding ::1/128 (allow) [] to list loopback.auto
2026-09-28 08:16:54.792138 100.00% [NOTICE] switch_core.c:1563 Created ip list localnet.auto default (deny)
2026-09-28 08:16:54.792139 100.00% [NOTICE] switch_core.c:1566 Adding 172.25.0.2/255.255.0.0 (allow) to list localnet.auto
2026-09-28 08:16:54.792163 100.00% [CONSOLE] switch_core.c:1593 Created ip list obd-dev-acl default (deny)
2026-09-28 08:16:54.792167 100.00% [NOTICE] switch_utils.c:665 Adding 127.0.0.1/32 (allow) [] to list obd-dev-acl
2026-09-28 08:16:54.792171 100.00% [NOTICE] switch_utils.c:665 Adding ::1/128 (allow) [] to list obd-dev-acl
2026-09-28 08:16:54.792173 100.00% [NOTICE] switch_utils.c:665 Adding 10.0.0.0/8 (allow) [] to list obd-dev-acl
2026-09-28 08:16:54.792176 100.00% [NOTICE] switch_utils.c:665 Adding 172.16.0.0/12 (allow) [] to list obd-dev-acl
2026-09-28 08:16:54.792179 100.00% [NOTICE] switch_utils.c:665 Adding 192.168.0.0/16 (allow) [] to list obd-dev-acl
2026-09-28 08:16:54.792181 100.00% [CONSOLE] switch_core.c:1593 Created ip list domains default (deny)
2026-09-28 08:16:54.792235 100.00% [NOTICE] switch_utils.c:665 Adding 192.0.2.0/24 (allow) [brian@172.25.0.2] to list domains
2026-09-28 08:16:54.792333 100.00% [CONSOLE] switch_core.c:2497 [m[33m[44m
.=============================================================.
|   _____              ______        _____ _____ ____ _   _   |
|  |  ___| __ ___  ___/ ___\ \      / /_ _|_   _/ ___| | | |  |
|  | |_ | '__/ _ \/ _ \___ \\ \ /\ / / | |  | || |   | |_| |  |
|  |  _|| | |  __/  __/___) |\ V  V /  | |  | || |___|  _  |  |
|  |_|  |_|  \___|\___|____/  \_/\_/  |___| |_| \____|_| |_|  |
|                                                             |
.=============================================================.
|   Anthony Minessale II, Michael Jerris, Brian West, Others  |
|   FreeSWITCH (http://www.freeswitch.org)                    |
|   Paypal Donations Appreciated: paypal@freeswitch.org       |
|   Brought to you by ClueCon http://www.cluecon.com/         |
.=============================================================.

.===============================================================.
|       _                                                       |
|   ___| |_   _  ___  ___ ___  _ __         ___ ___  _ __ ___   |
|  / __| | | | |/ _ \/ __/ _ \| '_ \       / __/ _ \| '_ ` _ \  |
| | (__| | |_| |  __/ (_| (_) | | | |  _  | (_| (_) | | | | | | |
|  \___|_|\__,_|\___|\___\___/|_| |_| (_)  \___\___/|_| |_| |_| |
|                                                               |
.===============================================================.
[m

2026-09-28 08:16:54.792342 100.00% [INFO] switch_core.c:2506 
FreeSWITCH Version 1.11.1-release~64bit ( 64bit)

FreeSWITCH Started
Max Sessions [1000]
Session Rate [30]
SQL [Enabled]
2026-09-28 08:16:54.792346 100.00% [CONSOLE] switch_core.c:2514 
[This app Best viewed at 160x60 or more..]
2026-09-28 08:17:25.770692 89.70% [NOTICE] sofia_reg.c:463 Registering platform-switch
52183578-c9ea-414b-a3e7-d83dcf15bab7 2026-09-28 08:30:07.230690 95.90% [NOTICE] switch_channel.c:1143 New Channel sofia/obd-endpoint/+15551230000@172.25.0.4 [52183578-c9ea-414b-a3e7-d83dcf15bab7]
52183578-c9ea-414b-a3e7-d83dcf15bab7 2026-09-28 08:30:07.230690 95.90% [DEBUG] switch_core_state_machine.c:581 (sofia/obd-endpoint/+15551230000@172.25.0.4) Running State Change CS_NEW (Cur 1 Tot 1)
52183578-c9ea-414b-a3e7-d83dcf15bab7 2026-09-28 08:30:07.230690 95.90% [INFO] sofia.c:10472 sofia/obd-endpoint/+15551230000@172.25.0.4 receiving invite from 172.25.0.4:5060 version: 1.11.1-release  64bit call-id: a6dd08ad-35b9-1240-e88a-a2cdb6421a11
2026-09-28 08:30:07.230690 95.90% [DEBUG] sofia.c:10566 verifying acl "obd-dev-acl" for ip/port 172.25.0.4:0.
52183578-c9ea-414b-a3e7-d83dcf15bab7 2026-09-28 08:30:07.230690 95.90% [DEBUG] sofia.c:7505 Channel sofia/obd-endpoint/+15551230000@172.25.0.4 entering state [received][100]
52183578-c9ea-414b-a3e7-d83dcf15bab7 2026-09-28 08:30:07.230690 95.90% [DEBUG] sofia.c:7515 Remote SDP:
52183578-c9ea-414b-a3e7-d83dcf15bab7 v=0
52183578-c9ea-414b-a3e7-d83dcf15bab7 o=FreeSWITCH 1790554119 1790554120 IN IP4 172.25.0.4
52183578-c9ea-414b-a3e7-d83dcf15bab7 s=FreeSWITCH
52183578-c9ea-414b-a3e7-d83dcf15bab7 c=IN IP4 172.25.0.4
52183578-c9ea-414b-a3e7-d83dcf15bab7 t=0 0
52183578-c9ea-414b-a3e7-d83dcf15bab7 m=audio 30088 RTP/AVP 0 8 9 102 101 103
52183578-c9ea-414b-a3e7-d83dcf15bab7 a=rtpmap:0 PCMU/8000
52183578-c9ea-414b-a3e7-d83dcf15bab7 a=rtpmap:8 PCMA/8000
52183578-c9ea-414b-a3e7-d83dcf15bab7 a=rtpmap:9 G722/8000
52183578-c9ea-414b-a3e7-d83dcf15bab7 a=rtpmap:102 opus/48000/2
52183578-c9ea-414b-a3e7-d83dcf15bab7 a=fmtp:102 useinbandfec=1; maxaveragebitrate=30000; maxplaybackrate=48000; ptime=20; minptime=10; maxptime=40
52183578-c9ea-414b-a3e7-d83dcf15bab7 a=rtpmap:101 telephone-event/8000
52183578-c9ea-414b-a3e7-d83dcf15bab7 a=fmtp:101 0-15
52183578-c9ea-414b-a3e7-d83dcf15bab7 a=rtpmap:103 telephone-event/48000
52183578-c9ea-414b-a3e7-d83dcf15bab7 a=fmtp:103 0-15
52183578-c9ea-414b-a3e7-d83dcf15bab7 a=ptime:20
52183578-c9ea-414b-a3e7-d83dcf15bab7 
52183578-c9ea-414b-a3e7-d83dcf15bab7 2026-09-28 08:30:07.230690 95.90% [DEBUG] switch_core_media.c:5533 Audio Codec Compare [PCMU:0:8000:20:64000:1]/[PCMU:0:8000:20:64000:1]
52183578-c9ea-414b-a3e7-d83dcf15bab7 2026-09-28 08:30:07.230690 95.90% [DEBUG] switch_core_media.c:5595 Audio Codec Compare [PCMU:0:8000:20:64000:1] ++++ is saved as a match
52183578-c9ea-414b-a3e7-d83dcf15bab7 2026-09-28 08:30:07.230690 95.90% [DEBUG] switch_core_media.c:5533 Audio Codec Compare [PCMU:0:8000:20:64000:1]/[PCMA:8:8000:20:64000:1]
52183578-c9ea-414b-a3e7-d83dcf15bab7 2026-09-28 08:30:07.230690 95.90% [DEBUG] switch_core_media.c:5533 Audio Codec Compare [PCMA:8:8000:20:64000:1]/[PCMU:0:8000:20:64000:1]
52183578-c9ea-414b-a3e7-d83dcf15bab7 2026-09-28 08:30:07.230690 95.90% [DEBUG] switch_core_media.c:5533 Audio Codec Compare [PCMA:8:8000:20:64000:1]/[PCMA:8:8000:20:64000:1]
52183578-c9ea-414b-a3e7-d83dcf15bab7 2026-09-28 08:30:07.230690 95.90% [DEBUG] switch_core_media.c:5595 Audio Codec Compare [PCMA:8:8000:20:64000:1] ++++ is saved as a match
52183578-c9ea-414b-a3e7-d83dcf15bab7 2026-09-28 08:30:07.230690 95.90% [DEBUG] switch_core_media.c:5533 Audio Codec Compare [G722:9:8000:20:64000:1]/[PCMU:0:8000:20:64000:1]
52183578-c9ea-414b-a3e7-d83dcf15bab7 2026-09-28 08:30:07.230690 95.90% [DEBUG] switch_core_media.c:5533 Audio Codec Compare [G722:9:8000:20:64000:1]/[PCMA:8:8000:20:64000:1]
52183578-c9ea-414b-a3e7-d83dcf15bab7 2026-09-28 08:30:07.230690 95.90% [DEBUG] switch_core_media.c:5533 Audio Codec Compare [opus:102:48000:20:0:1]/[PCMU:0:8000:20:64000:1]
52183578-c9ea-414b-a3e7-d83dcf15bab7 2026-09-28 08:30:07.230690 95.90% [DEBUG] switch_core_media.c:5533 Audio Codec Compare [opus:102:48000:20:0:1]/[PCMA:8:8000:20:64000:1]
52183578-c9ea-414b-a3e7-d83dcf15bab7 2026-09-28 08:30:07.230690 95.90% [DEBUG] switch_core_media.c:5445 Set telephone-event payload to 101@8000
52183578-c9ea-414b-a3e7-d83dcf15bab7 2026-09-28 08:30:07.230690 95.90% [DEBUG] switch_core_media.c:3730 Set Codec sofia/obd-endpoint/+15551230000@172.25.0.4 PCMU/8000 20 ms 160 samples 64000 bits 1 channels
52183578-c9ea-414b-a3e7-d83dcf15bab7 2026-09-28 08:30:07.230690 95.90% [DEBUG] switch_core_codec.c:132 sofia/obd-endpoint/+15551230000@172.25.0.4 Original read codec set to PCMU:0
52183578-c9ea-414b-a3e7-d83dcf15bab7 2026-09-28 08:30:07.230690 95.90% [DEBUG] switch_core_media.c:5805 Set telephone-event payload to 101@8000
52183578-c9ea-414b-a3e7-d83dcf15bab7 2026-09-28 08:30:07.230690 95.90% [DEBUG] switch_core_media.c:5863 sofia/obd-endpoint/+15551230000@172.25.0.4 Set 2833 dtmf send payload to 101 recv payload to 101
52183578-c9ea-414b-a3e7-d83dcf15bab7 2026-09-28 08:30:07.230690 95.90% [DEBUG] sofia.c:7939 (sofia/obd-endpoint/+15551230000@172.25.0.4) State Change CS_NEW -> CS_INIT
52183578-c9ea-414b-a3e7-d83dcf15bab7 2026-09-28 08:30:07.230690 95.90% [DEBUG] switch_core_state_machine.c:600 (sofia/obd-endpoint/+15551230000@172.25.0.4) State NEW
52183578-c9ea-414b-a3e7-d83dcf15bab7 2026-09-28 08:30:07.230690 95.90% [DEBUG] switch_core_state_machine.c:581 (sofia/obd-endpoint/+15551230000@172.25.0.4) Running State Change CS_INIT (Cur 1 Tot 1)
52183578-c9ea-414b-a3e7-d83dcf15bab7 2026-09-28 08:30:07.230690 95.90% [DEBUG] switch_core_state_machine.c:624 (sofia/obd-endpoint/+15551230000@172.25.0.4) State INIT
52183578-c9ea-414b-a3e7-d83dcf15bab7 2026-09-28 08:30:07.230690 95.90% [DEBUG] mod_sofia.c:97 sofia/obd-endpoint/+15551230000@172.25.0.4 SOFIA INIT
52183578-c9ea-414b-a3e7-d83dcf15bab7 2026-09-28 08:30:07.230690 95.90% [DEBUG] switch_core_state_machine.c:40 sofia/obd-endpoint/+15551230000@172.25.0.4 Standard INIT
52183578-c9ea-414b-a3e7-d83dcf15bab7 2026-09-28 08:30:07.230690 95.90% [DEBUG] switch_core_state_machine.c:48 (sofia/obd-endpoint/+15551230000@172.25.0.4) State Change CS_INIT -> CS_ROUTING
52183578-c9ea-414b-a3e7-d83dcf15bab7 2026-09-28 08:30:07.230690 95.90% [DEBUG] switch_core_state_machine.c:624 (sofia/obd-endpoint/+15551230000@172.25.0.4) State INIT going to sleep
52183578-c9ea-414b-a3e7-d83dcf15bab7 2026-09-28 08:30:07.230690 95.90% [DEBUG] switch_core_state_machine.c:581 (sofia/obd-endpoint/+15551230000@172.25.0.4) Running State Change CS_ROUTING (Cur 1 Tot 1)
52183578-c9ea-414b-a3e7-d83dcf15bab7 2026-09-28 08:30:07.230690 95.90% [DEBUG] switch_channel.c:2400 (sofia/obd-endpoint/+15551230000@172.25.0.4) Callstate Change DOWN -> RINGING
52183578-c9ea-414b-a3e7-d83dcf15bab7 2026-09-28 08:30:07.230690 95.90% [DEBUG] switch_core_state_machine.c:640 (sofia/obd-endpoint/+15551230000@172.25.0.4) State ROUTING
52183578-c9ea-414b-a3e7-d83dcf15bab7 2026-09-28 08:30:07.230690 95.90% [DEBUG] mod_sofia.c:158 sofia/obd-endpoint/+15551230000@172.25.0.4 SOFIA ROUTING
52183578-c9ea-414b-a3e7-d83dcf15bab7 2026-09-28 08:30:07.230690 95.90% [DEBUG] switch_core_state_machine.c:230 sofia/obd-endpoint/+15551230000@172.25.0.4 Standard ROUTING
52183578-c9ea-414b-a3e7-d83dcf15bab7 2026-09-28 08:30:07.230690 95.90% [INFO] mod_dialplan_xml.c:648 Processing +15551230000 <+15551230000>->1002 in context obd-endpoint
52183578-c9ea-414b-a3e7-d83dcf15bab7 Dialplan: sofia/obd-endpoint/+15551230000@172.25.0.4 parsing [obd-endpoint->obd-endpoint-answer] continue=false
52183578-c9ea-414b-a3e7-d83dcf15bab7 Dialplan: sofia/obd-endpoint/+15551230000@172.25.0.4 Regex (FAIL) [obd-endpoint-answer] ${sip_destination_user}() =~ /^\d+$/ break=on-false
52183578-c9ea-414b-a3e7-d83dcf15bab7 2026-09-28 08:30:07.250900 95.90% [INFO] switch_core_state_machine.c:306 No Route, Aborting
52183578-c9ea-414b-a3e7-d83dcf15bab7 2026-09-28 08:30:07.250900 95.90% [NOTICE] switch_core_state_machine.c:307 Hangup sofia/obd-endpoint/+15551230000@172.25.0.4 [CS_ROUTING] [NO_ROUTE_DESTINATION]
52183578-c9ea-414b-a3e7-d83dcf15bab7 2026-09-28 08:30:07.250900 95.90% [DEBUG] switch_core_state_machine.c:640 (sofia/obd-endpoint/+15551230000@172.25.0.4) State ROUTING going to sleep
52183578-c9ea-414b-a3e7-d83dcf15bab7 2026-09-28 08:30:07.250900 95.90% [DEBUG] switch_core_state_machine.c:581 (sofia/obd-endpoint/+15551230000@172.25.0.4) Running State Change CS_HANGUP (Cur 1 Tot 1)
52183578-c9ea-414b-a3e7-d83dcf15bab7 2026-09-28 08:30:07.250900 95.90% [DEBUG] switch_core_state_machine.c:844 (sofia/obd-endpoint/+15551230000@172.25.0.4) Callstate Change RINGING -> HANGUP
52183578-c9ea-414b-a3e7-d83dcf15bab7 2026-09-28 08:30:07.250900 95.90% [DEBUG] switch_core_state_machine.c:846 (sofia/obd-endpoint/+15551230000@172.25.0.4) State HANGUP
52183578-c9ea-414b-a3e7-d83dcf15bab7 2026-09-28 08:30:07.250900 95.90% [DEBUG] mod_sofia.c:469 Channel sofia/obd-endpoint/+15551230000@172.25.0.4 hanging up, cause: NO_ROUTE_DESTINATION
52183578-c9ea-414b-a3e7-d83dcf15bab7 2026-09-28 08:30:07.250900 95.90% [DEBUG] mod_sofia.c:637 Responding to INVITE with: 404
52183578-c9ea-414b-a3e7-d83dcf15bab7 2026-09-28 08:30:07.250900 95.90% [DEBUG] switch_core_state_machine.c:59 sofia/obd-endpoint/+15551230000@172.25.0.4 Standard HANGUP, cause: NO_ROUTE_DESTINATION
52183578-c9ea-414b-a3e7-d83dcf15bab7 2026-09-28 08:30:07.250900 95.90% [DEBUG] switch_core_state_machine.c:846 (sofia/obd-endpoint/+15551230000@172.25.0.4) State HANGUP going to sleep
52183578-c9ea-414b-a3e7-d83dcf15bab7 2026-09-28 08:30:07.250900 95.90% [DEBUG] switch_core_state_machine.c:616 (sofia/obd-endpoint/+15551230000@172.25.0.4) State Change CS_HANGUP -> CS_REPORTING
52183578-c9ea-414b-a3e7-d83dcf15bab7 2026-09-28 08:30:07.250900 95.90% [DEBUG] switch_core_state_machine.c:581 (sofia/obd-endpoint/+15551230000@172.25.0.4) Running State Change CS_REPORTING (Cur 1 Tot 1)
52183578-c9ea-414b-a3e7-d83dcf15bab7 2026-09-28 08:30:07.250900 95.90% [DEBUG] switch_core_state_machine.c:932 (sofia/obd-endpoint/+15551230000@172.25.0.4) State REPORTING
52183578-c9ea-414b-a3e7-d83dcf15bab7 2026-09-28 08:30:07.250900 95.90% [DEBUG] switch_core_state_machine.c:168 sofia/obd-endpoint/+15551230000@172.25.0.4 Standard REPORTING, cause: NO_ROUTE_DESTINATION
52183578-c9ea-414b-a3e7-d83dcf15bab7 2026-09-28 08:30:07.250900 95.90% [DEBUG] switch_core_state_machine.c:932 (sofia/obd-endpoint/+15551230000@172.25.0.4) State REPORTING going to sleep
52183578-c9ea-414b-a3e7-d83dcf15bab7 2026-09-28 08:30:07.250900 95.90% [DEBUG] switch_core_state_machine.c:607 (sofia/obd-endpoint/+15551230000@172.25.0.4) State Change CS_REPORTING -> CS_DESTROY
52183578-c9ea-414b-a3e7-d83dcf15bab7 2026-09-28 08:30:07.250900 95.90% [DEBUG] switch_core_session.c:1748 Session 1 (sofia/obd-endpoint/+15551230000@172.25.0.4) Locked, Waiting on external entities
52183578-c9ea-414b-a3e7-d83dcf15bab7 2026-09-28 08:30:07.250900 95.90% [NOTICE] switch_core_session.c:1766 Session 1 (sofia/obd-endpoint/+15551230000@172.25.0.4) Ended
52183578-c9ea-414b-a3e7-d83dcf15bab7 2026-09-28 08:30:07.250900 95.90% [NOTICE] switch_core_session.c:1770 Close Channel sofia/obd-endpoint/+15551230000@172.25.0.4 [CS_DESTROY]
52183578-c9ea-414b-a3e7-d83dcf15bab7 2026-09-28 08:30:07.250900 95.90% [DEBUG] switch_core_state_machine.c:735 (sofia/obd-endpoint/+15551230000@172.25.0.4) Running State Change CS_DESTROY (Cur 0 Tot 1)
52183578-c9ea-414b-a3e7-d83dcf15bab7 2026-09-28 08:30:07.250900 95.90% [DEBUG] switch_core_state_machine.c:745 (sofia/obd-endpoint/+15551230000@172.25.0.4) State DESTROY
52183578-c9ea-414b-a3e7-d83dcf15bab7 2026-09-28 08:30:07.250900 95.90% [DEBUG] mod_sofia.c:380 sofia/obd-endpoint/+15551230000@172.25.0.4 SOFIA DESTROY
52183578-c9ea-414b-a3e7-d83dcf15bab7 2026-09-28 08:30:07.250900 95.90% [DEBUG] switch_core_state_machine.c:175 sofia/obd-endpoint/+15551230000@172.25.0.4 Standard DESTROY
52183578-c9ea-414b-a3e7-d83dcf15bab7 2026-09-28 08:30:07.250900 95.90% [DEBUG] switch_core_state_machine.c:745 (sofia/obd-endpoint/+15551230000@172.25.0.4) State DESTROY going to sleep
2026-09-28 08:33:05.290758 95.33% [INFO] switch_core.c:2894 Shutting down
2026-09-28 08:33:05.290758 95.33% [DEBUG] switch_console.c:1088 Editline thread exiting
2026-09-28 08:33:05.350776 95.33% [CONSOLE] switch_core.c:3041 End existing sessions
2026-09-28 08:33:05.370873 95.33% [CONSOLE] switch_core.c:3043 Clean up modules.
2026-09-28 08:33:05.370873 95.33% [DEBUG] switch_loadable_module.c:919 Chat Thread Ended
2026-09-28 08:33:05.370873 95.33% [DEBUG] switch_loadable_module.c:919 Chat Thread Ended
2026-09-28 08:33:05.370873 95.33% [NOTICE] switch_loadable_module.c:1230 Deleting Application 'play_fsv'
2026-09-28 08:33:05.370873 95.33% [DEBUG] switch_loadable_module.c:1232 Write lock interface 'play_fsv' to wait for existing references.
2026-09-28 08:33:05.370873 95.33% [NOTICE] switch_loadable_module.c:1230 Deleting Application 'record_fsv'
2026-09-28 08:33:05.370873 95.33% [DEBUG] switch_loadable_module.c:1232 Write lock interface 'record_fsv' to wait for existing references.
2026-09-28 08:33:05.370873 95.33% [NOTICE] switch_loadable_module.c:1230 Deleting Application 'play_yuv'
2026-09-28 08:33:05.370873 95.33% [DEBUG] switch_loadable_module.c:1232 Write lock interface 'play_yuv' to wait for existing references.
2026-09-28 08:33:05.370873 95.33% [NOTICE] switch_loadable_module.c:1230 Deleting Application 'decode_video'
2026-09-28 08:33:05.370873 95.33% [DEBUG] switch_loadable_module.c:1232 Write lock interface 'decode_video' to wait for existing references.
2026-09-28 08:33:05.370873 95.33% [DEBUG] switch_loadable_module.c:1350 Write lock interface 'mod_fsv' to wait for existing references.
2026-09-28 08:33:05.370873 95.33% [NOTICE] switch_loadable_module.c:1360 Deleting File Format 'fsv'
2026-09-28 08:33:05.390738 95.33% [CONSOLE] switch_loadable_module.c:2357 mod_fsv has no shutdown routine
2026-09-28 08:33:05.390738 95.33% [NOTICE] switch_loadable_module.c:1230 Deleting Application 'hash'
2026-09-28 08:33:05.390738 95.33% [DEBUG] switch_loadable_module.c:1232 Write lock interface 'hash' to wait for existing references.
2026-09-28 08:33:05.390738 95.33% [NOTICE] switch_loadable_module.c:1285 Deleting API Function 'hash'
2026-09-28 08:33:05.390738 95.33% [DEBUG] switch_loadable_module.c:1287 Write lock interface 'hash' to wait for existing references.
2026-09-28 08:33:05.390738 95.33% [NOTICE] switch_loadable_module.c:1285 Deleting API Function 'hash_dump'
2026-09-28 08:33:05.390738 95.33% [DEBUG] switch_loadable_module.c:1287 Write lock interface 'hash_dump' to wait for existing references.
2026-09-28 08:33:05.390738 95.33% [NOTICE] switch_loadable_module.c:1285 Deleting API Function 'hash_remote'
2026-09-28 08:33:05.390738 95.33% [DEBUG] switch_loadable_module.c:1287 Write lock interface 'hash_remote' to wait for existing references.
2026-09-28 08:33:05.390738 95.33% [NOTICE] switch_loadable_module.c:1608 Deleting Limit interface 'hash'
2026-09-28 08:33:05.390738 95.33% [CONSOLE] switch_loadable_module.c:2354 Stopping: mod_hash
2026-09-28 08:33:05.390738 95.33% [NOTICE] switch_loadable_module.c:1153 Deleting Codec VP8 99 VP8 Video 90000hz 0ms
2026-09-28 08:33:05.390738 95.33% [NOTICE] switch_loadable_module.c:1153 Deleting Codec VP9 99 VP9 Video 90000hz 0ms
2026-09-28 08:33:05.390738 95.33% [NOTICE] switch_loadable_module.c:1285 Deleting API Function 'vpx'
2026-09-28 08:33:05.390738 95.33% [DEBUG] switch_loadable_module.c:1287 Write lock interface 'vpx' to wait for existing references.
2026-09-28 08:33:05.390738 95.33% [CONSOLE] switch_loadable_module.c:2354 Stopping: CORE_VPX_MODULE
2026-09-28 08:33:05.390738 95.33% [NOTICE] switch_loadable_module.c:1153 Deleting Codec SPEEX 99 Speex 32000hz 20ms
2026-09-28 08:33:05.390738 95.33% [NOTICE] switch_loadable_module.c:1153 Deleting Codec SPEEX 99 Speex 16000hz 20ms
2026-09-28 08:33:05.390738 95.33% [NOTICE] switch_loadable_module.c:1153 Deleting Codec SPEEX 99 Speex 8000hz 20ms
2026-09-28 08:33:05.390738 95.33% [CONSOLE] switch_loadable_module.c:2357 CORE_SPEEX_MODULE has no shutdown routine
2026-09-28 08:33:05.390738 95.33% [DEBUG] switch_loadable_module.c:1350 Write lock interface 'mod_native_file' to wait for existing references.
2026-09-28 08:33:05.390738 95.33% [NOTICE] switch_loadable_module.c:1360 Deleting File Format 'AAL2-G726-32'
2026-09-28 08:33:05.390738 95.33% [NOTICE] switch_loadable_module.c:1360 Deleting File Format 'DVI4'
2026-09-28 08:33:05.390738 95.33% [NOTICE] switch_loadable_module.c:1360 Deleting File Format 'PCMU'
2026-09-28 08:33:05.390738 95.33% [NOTICE] switch_loadable_module.c:1360 Deleting File Format 'G722'
2026-09-28 08:33:05.390738 95.33% [NOTICE] switch_loadable_module.c:1360 Deleting File Format 'AAL2-G726-24'
2026-09-28 08:33:05.390738 95.33% [NOTICE] switch_loadable_module.c:1360 Deleting File Format 'AAL2-G726-40'
2026-09-28 08:33:05.390738 95.33% [NOTICE] switch_loadable_module.c:1360 Deleting File Format 'L16'
2026-09-28 08:33:05.390738 95.33% [NOTICE] switch_loadable_module.c:1360 Deleting File Format 'G726-16'
2026-09-28 08:33:05.390738 95.33% [NOTICE] switch_loadable_module.c:1360 Deleting File Format 'PCMA'
2026-09-28 08:33:05.390738 95.33% [NOTICE] switch_loadable_module.c:1360 Deleting File Format 'G726-24'
2026-09-28 08:33:05.390738 95.33% [NOTICE] switch_loadable_module.c:1360 Deleting File Format 'G729'
2026-09-28 08:33:05.390738 95.33% [NOTICE] switch_loadable_module.c:1360 Deleting File Format 'AAL2-G726-16'
2026-09-28 08:33:05.390738 95.33% [NOTICE] switch_loadable_module.c:1360 Deleting File Format 'G726-32'
2026-09-28 08:33:05.390738 95.33% [NOTICE] switch_loadable_module.c:1360 Deleting File Format 'GSM'
2026-09-28 08:33:05.390738 95.33% [NOTICE] switch_loadable_module.c:1360 Deleting File Format 'G726-40'
2026-09-28 08:33:05.390738 95.33% [NOTICE] switch_loadable_module.c:1360 Deleting File Format 'G723'
2026-09-28 08:33:05.390738 95.33% [NOTICE] switch_loadable_module.c:1360 Deleting File Format 'LPC'
2026-09-28 08:33:05.390738 95.33% [CONSOLE] switch_loadable_module.c:2357 mod_native_file has no shutdown routine
2026-09-28 08:33:05.390738 95.33% [NOTICE] switch_loadable_module.c:1285 Deleting API Function 'cdr_csv'
2026-09-28 08:33:05.390738 95.33% [DEBUG] switch_loadable_module.c:1287 Write lock interface 'cdr_csv' to wait for existing references.
2026-09-28 08:33:05.390738 95.33% [CONSOLE] switch_loadable_module.c:2354 Stopping: mod_cdr_csv
2026-09-28 08:33:05.390738 95.33% [DEBUG] switch_event.c:2157 Event Binding deleted for mod_cdr_csv:TRAP
2026-09-28 08:33:05.390738 95.33% [DEBUG] switch_loadable_module.c:1117 Write lock interface 'loopback' to wait for existing references.
2026-09-28 08:33:05.390738 95.33% [NOTICE] switch_loadable_module.c:1125 Deleting Endpoint 'loopback'
2026-09-28 08:33:05.390738 95.33% [DEBUG] switch_loadable_module.c:1117 Write lock interface 'null' to wait for existing references.
2026-09-28 08:33:05.390738 95.33% [NOTICE] switch_loadable_module.c:1125 Deleting Endpoint 'null'
2026-09-28 08:33:05.390738 95.33% [NOTICE] switch_loadable_module.c:1230 Deleting Application 'unloop'
2026-09-28 08:33:05.390738 95.33% [DEBUG] switch_loadable_module.c:1232 Write lock interface 'unloop' to wait for existing references.
2026-09-28 08:33:05.390738 95.33% [CONSOLE] switch_loadable_module.c:2354 Stopping: mod_loopback
2026-09-28 08:33:05.410699 95.33% [NOTICE] switch_event.c:468 Subclass reservation deleted for mod_loopback.c:loopback::bowout
2026-09-28 08:33:05.410699 95.33% [NOTICE] switch_event.c:468 Subclass reservation deleted for mod_loopback.c:loopback::direct
2026-09-28 08:33:05.410699 95.33% [DEBUG] switch_event.c:2157 Event Binding deleted for mod_loopback:RELOADXML
2026-09-28 08:33:05.410699 95.33% [NOTICE] switch_loadable_module.c:1230 Deleting Application 'voicemail'
2026-09-28 08:33:05.410699 95.33% [DEBUG] switch_loadable_module.c:1232 Write lock interface 'voicemail' to wait for existing references.
2026-09-28 08:33:05.410699 95.33% [NOTICE] switch_loadable_module.c:1285 Deleting API Function 'voicemail'
2026-09-28 08:33:05.410699 95.33% [DEBUG] switch_loadable_module.c:1287 Write lock interface 'voicemail' to wait for existing references.
2026-09-28 08:33:05.410699 95.33% [NOTICE] switch_loadable_module.c:1285 Deleting API Function 'voicemail_inject'
2026-09-28 08:33:05.410699 95.33% [DEBUG] switch_loadable_module.c:1287 Write lock interface 'voicemail_inject' to wait for existing references.
2026-09-28 08:33:05.410699 95.33% [NOTICE] switch_loadable_module.c:1285 Deleting API Function 'vm_inject'
2026-09-28 08:33:05.410699 95.33% [DEBUG] switch_loadable_module.c:1287 Write lock interface 'vm_inject' to wait for existing references.
2026-09-28 08:33:05.410699 95.33% [NOTICE] switch_loadable_module.c:1285 Deleting API Function 'vm_boxcount'
2026-09-28 08:33:05.410699 95.33% [DEBUG] switch_loadable_module.c:1287 Write lock interface 'vm_boxcount' to wait for existing references.
2026-09-28 08:33:05.410699 95.33% [NOTICE] switch_loadable_module.c:1285 Deleting API Function 'vm_prefs'
2026-09-28 08:33:05.410699 95.33% [DEBUG] switch_loadable_module.c:1287 Write lock interface 'vm_prefs' to wait for existing references.
2026-09-28 08:33:05.410699 95.33% [NOTICE] switch_loadable_module.c:1285 Deleting API Function 'vm_delete'
2026-09-28 08:33:05.410699 95.33% [DEBUG] switch_loadable_module.c:1287 Write lock interface 'vm_delete' to wait for existing references.
2026-09-28 08:33:05.410699 95.33% [NOTICE] switch_loadable_module.c:1285 Deleting API Function 'vm_read'
2026-09-28 08:33:05.410699 95.33% [DEBUG] switch_loadable_module.c:1287 Write lock interface 'vm_read' to wait for existing references.
2026-09-28 08:33:05.410699 95.33% [NOTICE] switch_loadable_module.c:1285 Deleting API Function 'vm_list'
2026-09-28 08:33:05.410699 95.33% [DEBUG] switch_loadable_module.c:1287 Write lock interface 'vm_list' to wait for existing references.
2026-09-28 08:33:05.410699 95.33% [NOTICE] switch_loadable_module.c:1285 Deleting API Function 'vm_fsdb_auth_login'
2026-09-28 08:33:05.410699 95.33% [DEBUG] switch_loadable_module.c:1287 Write lock interface 'vm_fsdb_auth_login' to wait for existing references.
2026-09-28 08:33:05.410699 95.33% [NOTICE] switch_loadable_module.c:1285 Deleting API Function 'vm_fsdb_msg_count'
2026-09-28 08:33:05.410699 95.33% [DEBUG] switch_loadable_module.c:1287 Write lock interface 'vm_fsdb_msg_count' to wait for existing references.
2026-09-28 08:33:05.410699 95.33% [NOTICE] switch_loadable_module.c:1285 Deleting API Function 'vm_fsdb_msg_list'
2026-09-28 08:33:05.410699 95.33% [DEBUG] switch_loadable_module.c:1287 Write lock interface 'vm_fsdb_msg_list' to wait for existing references.
2026-09-28 08:33:05.410699 95.33% [NOTICE] switch_loadable_module.c:1285 Deleting API Function 'vm_fsdb_msg_get'
2026-09-28 08:33:05.410699 95.33% [DEBUG] switch_loadable_module.c:1287 Write lock interface 'vm_fsdb_msg_get' to wait for existing references.
2026-09-28 08:33:05.410699 95.33% [NOTICE] switch_loadable_module.c:1285 Deleting API Function 'vm_fsdb_msg_delete'
2026-09-28 08:33:05.410699 95.33% [DEBUG] switch_loadable_module.c:1287 Write lock interface 'vm_fsdb_msg_delete' to wait for existing references.
2026-09-28 08:33:05.410699 95.33% [NOTICE] switch_loadable_module.c:1285 Deleting API Function 'vm_fsdb_msg_undelete'
2026-09-28 08:33:05.410699 95.33% [DEBUG] switch_loadable_module.c:1287 Write lock interface 'vm_fsdb_msg_undelete' to wait for existing references.
2026-09-28 08:33:05.410699 95.33% [NOTICE] switch_loadable_module.c:1285 Deleting API Function 'vm_fsdb_msg_email'
2026-09-28 08:33:05.410699 95.33% [DEBUG] switch_loadable_module.c:1287 Write lock interface 'vm_fsdb_msg_email' to wait for existing references.
2026-09-28 08:33:05.410699 95.33% [NOTICE] switch_loadable_module.c:1285 Deleting API Function 'vm_fsdb_msg_purge'
2026-09-28 08:33:05.410699 95.33% [DEBUG] switch_loadable_module.c:1287 Write lock interface 'vm_fsdb_msg_purge' to wait for existing references.
2026-09-28 08:33:05.410699 95.33% [NOTICE] switch_loadable_module.c:1285 Deleting API Function 'vm_fsdb_msg_save'
2026-09-28 08:33:05.410699 95.33% [DEBUG] switch_loadable_module.c:1287 Write lock interface 'vm_fsdb_msg_save' to wait for existing references.
2026-09-28 08:33:05.410699 95.33% [NOTICE] switch_loadable_module.c:1285 Deleting API Function 'vm_fsdb_msg_forward'
2026-09-28 08:33:05.410699 95.33% [DEBUG] switch_loadable_module.c:1287 Write lock interface 'vm_fsdb_msg_forward' to wait for existing references.
2026-09-28 08:33:05.410699 95.33% [NOTICE] switch_loadable_module.c:1285 Deleting API Function 'vm_fsdb_pref_greeting_set'
2026-09-28 08:33:05.410699 95.33% [DEBUG] switch_loadable_module.c:1287 Write lock interface 'vm_fsdb_pref_greeting_set' to wait for existing references.
2026-09-28 08:33:05.410699 95.33% [NOTICE] switch_loadable_module.c:1285 Deleting API Function 'vm_fsdb_pref_greeting_get'
2026-09-28 08:33:05.410699 95.33% [DEBUG] switch_loadable_module.c:1287 Write lock interface 'vm_fsdb_pref_greeting_get' to wait for existing references.
2026-09-28 08:33:05.410699 95.33% [NOTICE] switch_loadable_module.c:1285 Deleting API Function 'vm_fsdb_pref_recname_set'
2026-09-28 08:33:05.410699 95.33% [DEBUG] switch_loadable_module.c:1287 Write lock interface 'vm_fsdb_pref_recname_set' to wait for existing references.
2026-09-28 08:33:05.410699 95.33% [NOTICE] switch_loadable_module.c:1285 Deleting API Function 'vm_fsdb_pref_password_set'
2026-09-28 08:33:05.410699 95.33% [DEBUG] switch_loadable_module.c:1287 Write lock interface 'vm_fsdb_pref_password_set' to wait for existing references.
2026-09-28 08:33:05.410699 95.33% [CONSOLE] switch_loadable_module.c:2354 Stopping: mod_voicemail
2026-09-28 08:33:05.410699 95.33% [NOTICE] switch_event.c:468 Subclass reservation deleted for mod_voicemail.c:vm::maintenance
2026-09-28 08:33:05.410699 95.33% [DEBUG] switch_event.c:2157 Event Binding deleted for mod_voicemail:MESSAGE_QUERY
2026-09-28 08:33:05.410699 95.33% [DEBUG] mod_voicemail.c:6294 Waiting for write lock (Profile default)
2026-09-28 08:33:05.410699 95.33% [DEBUG] mod_voicemail.c:6297 Destroying Profile default
2026-09-28 08:33:05.410699 95.33% [DEBUG] switch_loadable_module.c:1117 Write lock interface 'modem' to wait for existing references.
2026-09-28 08:33:05.410699 95.33% [NOTICE] switch_loadable_module.c:1125 Deleting Endpoint 'modem'
2026-09-28 08:33:05.410699 95.33% [NOTICE] switch_loadable_module.c:1153 Deleting Codec DVI4 6 ADPCM (IMA) 16000hz 10ms
2026-09-28 08:33:05.410699 95.33% [NOTICE] switch_loadable_module.c:1153 Deleting Codec DVI4 6 ADPCM (IMA) 16000hz 20ms
2026-09-28 08:33:05.410699 95.33% [NOTICE] switch_loadable_module.c:1153 Deleting Codec DVI4 6 ADPCM (IMA) 16000hz 30ms
2026-09-28 08:33:05.410699 95.33% [NOTICE] switch_loadable_module.c:1153 Deleting Codec DVI4 6 ADPCM (IMA) 16000hz 40ms
2026-09-28 08:33:05.410699 95.33% [NOTICE] switch_loadable_module.c:1153 Deleting Codec DVI4 6 ADPCM (IMA) 16000hz 50ms
2026-09-28 08:33:05.410699 95.33% [NOTICE] switch_loadable_module.c:1153 Deleting Codec DVI4 6 ADPCM (IMA) 16000hz 60ms
2026-09-28 08:33:05.410699 95.33% [NOTICE] switch_loadable_module.c:1153 Deleting Codec DVI4 5 ADPCM (IMA) 8000hz 10ms
2026-09-28 08:33:05.410699 95.33% [NOTICE] switch_loadable_module.c:1153 Deleting Codec DVI4 5 ADPCM (IMA) 8000hz 20ms
2026-09-28 08:33:05.410699 95.33% [NOTICE] switch_loadable_module.c:1153 Deleting Codec DVI4 5 ADPCM (IMA) 8000hz 30ms
2026-09-28 08:33:05.410699 95.33% [NOTICE] switch_loadable_module.c:1153 Deleting Codec DVI4 5 ADPCM (IMA) 8000hz 40ms
2026-09-28 08:33:05.410699 95.33% [NOTICE] switch_loadable_module.c:1153 Deleting Codec DVI4 5 ADPCM (IMA) 8000hz 50ms
2026-09-28 08:33:05.410699 95.33% [NOTICE] switch_loadable_module.c:1153 Deleting Codec DVI4 5 ADPCM (IMA) 8000hz 60ms
2026-09-28 08:33:05.410699 95.33% [NOTICE] switch_loadable_module.c:1153 Deleting Codec DVI4 5 ADPCM (IMA) 8000hz 70ms
2026-09-28 08:33:05.410699 95.33% [NOTICE] switch_loadable_module.c:1153 Deleting Codec DVI4 5 ADPCM (IMA) 8000hz 80ms
2026-09-28 08:33:05.410699 95.33% [NOTICE] switch_loadable_module.c:1153 Deleting Codec DVI4 5 ADPCM (IMA) 8000hz 90ms
2026-09-28 08:33:05.410699 95.33% [NOTICE] switch_loadable_module.c:1153 Deleting Codec DVI4 5 ADPCM (IMA) 8000hz 100ms
2026-09-28 08:33:05.410699 95.33% [NOTICE] switch_loadable_module.c:1153 Deleting Codec DVI4 5 ADPCM (IMA) 8000hz 110ms
2026-09-28 08:33:05.410699 95.33% [NOTICE] switch_loadable_module.c:1153 Deleting Codec DVI4 5 ADPCM (IMA) 8000hz 120ms
2026-09-28 08:33:05.410699 95.33% [NOTICE] switch_loadable_module.c:1153 Deleting Codec AAL2-G726-16 124 G.726 16k (AAL2) 8000hz 10ms
2026-09-28 08:33:05.410699 95.33% [NOTICE] switch_loadable_module.c:1153 Deleting Codec AAL2-G726-16 124 G.726 16k (AAL2) 8000hz 20ms
2026-09-28 08:33:05.410699 95.33% [NOTICE] switch_loadable_module.c:1153 Deleting Codec AAL2-G726-16 124 G.726 16k (AAL2) 8000hz 30ms
2026-09-28 08:33:05.410699 95.33% [NOTICE] switch_loadable_module.c:1153 Deleting Codec AAL2-G726-16 124 G.726 16k (AAL2) 8000hz 40ms
2026-09-28 08:33:05.410699 95.33% [NOTICE] switch_loadable_module.c:1153 Deleting Codec AAL2-G726-16 124 G.726 16k (AAL2) 8000hz 50ms
2026-09-28 08:33:05.410699 95.33% [NOTICE] switch_loadable_module.c:1153 Deleting Codec AAL2-G726-16 124 G.726 16k (AAL2) 8000hz 60ms
2026-09-28 08:33:05.410699 95.33% [NOTICE] switch_loadable_module.c:1153 Deleting Codec AAL2-G726-16 124 G.726 16k (AAL2) 8000hz 70ms
2026-09-28 08:33:05.410699 95.33% [NOTICE] switch_loadable_module.c:1153 Deleting Codec AAL2-G726-16 124 G.726 16k (AAL2) 8000hz 80ms
2026-09-28 08:33:05.410699 95.33% [NOTICE] switch_loadable_module.c:1153 Deleting Codec AAL2-G726-16 124 G.726 16k (AAL2) 8000hz 90ms
2026-09-28 08:33:05.410699 95.33% [NOTICE] switch_loadable_module.c:1153 Deleting Codec AAL2-G726-16 124 G.726 16k (AAL2) 8000hz 100ms
2026-09-28 08:33:05.410699 95.33% [NOTICE] switch_loadable_module.c:1153 Deleting Codec AAL2-G726-16 124 G.726 16k (AAL2) 8000hz 110ms
2026-09-28 08:33:05.410699 95.33% [NOTICE] switch_loadable_module.c:1153 Deleting Codec AAL2-G726-16 124 G.726 16k (AAL2) 8000hz 120ms
2026-09-28 08:33:05.410699 95.33% [NOTICE] switch_loadable_module.c:1153 Deleting Codec G726-16 124 G.726 16k 8000hz 10ms
2026-09-28 08:33:05.410699 95.33% [NOTICE] switch_loadable_module.c:1153 Deleting Codec G726-16 124 G.726 16k 8000hz 20ms
2026-09-28 08:33:05.410699 95.33% [NOTICE] switch_loadable_module.c:1153 Deleting Codec G726-16 124 G.726 16k 8000hz 30ms
2026-09-28 08:33:05.410699 95.33% [NOTICE] switch_loadable_module.c:1153 Deleting Codec G726-16 124 G.726 16k 8000hz 40ms
2026-09-28 08:33:05.410699 95.33% [NOTICE] switch_loadable_module.c:1153 Deleting Codec G726-16 124 G.726 16k 8000hz 50ms
2026-09-28 08:33:05.410699 95.33% [NOTICE] switch_loadable_module.c:1153 Deleting Codec G726-16 124 G.726 16k 8000hz 60ms
2026-09-28 08:33:05.410699 95.33% [NOTICE] switch_loadable_module.c:1153 Deleting Codec G726-16 124 G.726 16k 8000hz 70ms
2026-09-28 08:33:05.410699 95.33% [NOTICE] switch_loadable_module.c:1153 Deleting Codec G726-16 124 G.726 16k 8000hz 80ms
2026-09-28 08:33:05.410699 95.33% [NOTICE] switch_loadable_module.c:1153 Deleting Codec G726-16 124 G.726 16k 8000hz 90ms
2026-09-28 08:33:05.410699 95.33% [NOTICE] switch_loadable_module.c:1153 Deleting Codec G726-16 124 G.726 16k 8000hz 100ms
2026-09-28 08:33:05.410699 95.33% [NOTICE] switch_loadable_module.c:1153 Deleting Codec G726-16 124 G.726 16k 8000hz 110ms
2026-09-28 08:33:05.410699 95.33% [NOTICE] switch_loadable_module.c:1153 Deleting Codec G726-16 124 G.726 16k 8000hz 120ms
2026-09-28 08:33:05.410699 95.33% [NOTICE] switch_loadable_module.c:1153 Deleting Codec AAL2-G726-24 123 G.726 24k (AAL2) 8000hz 10ms
2026-09-28 08:33:05.410699 95.33% [NOTICE] switch_loadable_module.c:1153 Deleting Codec AAL2-G726-24 123 G.726 24k (AAL2) 8000hz 20ms
2026-09-28 08:33:05.410699 95.33% [NOTICE] switch_loadable_module.c:1153 Deleting Codec AAL2-G726-24 123 G.726 24k (AAL2) 8000hz 30ms
2026-09-28 08:33:05.410699 95.33% [NOTICE] switch_loadable_module.c:1153 Deleting Codec AAL2-G726-24 123 G.726 24k (AAL2) 8000hz 40ms
2026-09-28 08:33:05.410699 95.33% [NOTICE] switch_loadable_module.c:1153 Deleting Codec AAL2-G726-24 123 G.726 24k (AAL2) 8000hz 50ms
2026-09-28 08:33:05.410699 95.33% [NOTICE] switch_loadable_module.c:1153 Deleting Codec AAL2-G726-24 123 G.726 24k (AAL2) 8000hz 60ms
2026-09-28 08:33:05.410699 95.33% [NOTICE] switch_loadable_module.c:1153 Deleting Codec AAL2-G726-24 123 G.726 24k (AAL2) 8000hz 70ms
2026-09-28 08:33:05.410699 95.33% [NOTICE] switch_loadable_module.c:1153 Deleting Codec AAL2-G726-24 123 G.726 24k (AAL2) 8000hz 80ms
2026-09-28 08:33:05.410699 95.33% [NOTICE] switch_loadable_module.c:1153 Deleting Codec AAL2-G726-24 123 G.726 24k (AAL2) 8000hz 90ms
2026-09-28 08:33:05.410699 95.33% [NOTICE] switch_loadable_module.c:1153 Deleting Codec AAL2-G726-24 123 G.726 24k (AAL2) 8000hz 100ms
2026-09-28 08:33:05.410699 95.33% [NOTICE] switch_loadable_module.c:1153 Deleting Codec AAL2-G726-24 123 G.726 24k (AAL2) 8000hz 110ms
2026-09-28 08:33:05.410699 95.33% [NOTICE] switch_loadable_module.c:1153 Deleting Codec AAL2-G726-24 123 G.726 24k (AAL2) 8000hz 120ms
2026-09-28 08:33:05.410699 95.33% [NOTICE] switch_loadable_module.c:1153 Deleting Codec G726-24 123 G.726 24k 8000hz 10ms
2026-09-28 08:33:05.410699 95.33% [NOTICE] switch_loadable_module.c:1153 Deleting Codec G726-24 123 G.726 24k 8000hz 20ms
2026-09-28 08:33:05.410699 95.33% [NOTICE] switch_loadable_module.c:1153 Deleting Codec G726-24 123 G.726 24k 8000hz 30ms
2026-09-28 08:33:05.410699 95.33% [NOTICE] switch_loadable_module.c:1153 Deleting Codec G726-24 123 G.726 24k 8000hz 40ms
2026-09-28 08:33:05.410699 95.33% [NOTICE] switch_loadable_module.c:1153 Deleting Codec G726-24 123 G.726 24k 8000hz 50ms
2026-09-28 08:33:05.410699 95.33% [NOTICE] switch_loadable_module.c:1153 Deleting Codec G726-24 123 G.726 24k 8000hz 60ms
2026-09-28 08:33:05.410699 95.33% [NOTICE] switch_loadable_module.c:1153 Deleting Codec G726-24 123 G.726 24k 8000hz 70ms
2026-09-28 08:33:05.410699 95.33% [NOTICE] switch_loadable_module.c:1153 Deleting Codec G726-24 123 G.726 24k 8000hz 80ms
2026-09-28 08:33:05.410699 95.33% [NOTICE] switch_loadable_module.c:1153 Deleting Codec G726-24 123 G.726 24k 8000hz 90ms
2026-09-28 08:33:05.410699 95.33% [NOTICE] switch_loadable_module.c:1153 Deleting Codec G726-24 123 G.726 24k 8000hz 100ms
2026-09-28 08:33:05.410699 95.33% [NOTICE] switch_loadable_module.c:1153 Deleting Codec G726-24 123 G.726 24k 8000hz 110ms
2026-09-28 08:33:05.410699 95.33% [NOTICE] switch_loadable_module.c:1153 Deleting Codec G726-24 123 G.726 24k 8000hz 120ms
2026-09-28 08:33:05.410699 95.33% [NOTICE] switch_loadable_module.c:1153 Deleting Codec AAL2-G726-32 122 G.726 32k (AAL2) 8000hz 10ms
2026-09-28 08:33:05.410699 95.33% [NOTICE] switch_loadable_module.c:1153 Deleting Codec AAL2-G726-32 122 G.726 32k (AAL2) 8000hz 20ms
2026-09-28 08:33:05.410699 95.33% [NOTICE] switch_loadable_module.c:1153 Deleting Codec AAL2-G726-32 122 G.726 32k (AAL2) 8000hz 30ms
2026-09-28 08:33:05.430720 95.33% [NOTICE] switch_loadable_module.c:1153 Deleting Codec AAL2-G726-32 122 G.726 32k (AAL2) 8000hz 40ms
2026-09-28 08:33:05.430720 95.33% [NOTICE] switch_loadable_module.c:1153 Deleting Codec AAL2-G726-32 122 G.726 32k (AAL2) 8000hz 50ms
2026-09-28 08:33:05.430720 95.33% [NOTICE] switch_loadable_module.c:1153 Deleting Codec AAL2-G726-32 122 G.726 32k (AAL2) 8000hz 60ms
2026-09-28 08:33:05.430720 95.33% [NOTICE] switch_loadable_module.c:1153 Deleting Codec AAL2-G726-32 122 G.726 32k (AAL2) 8000hz 70ms
2026-09-28 08:33:05.430720 95.33% [NOTICE] switch_loadable_module.c:1153 Deleting Codec AAL2-G726-32 122 G.726 32k (AAL2) 8000hz 80ms
2026-09-28 08:33:05.430720 95.33% [NOTICE] switch_loadable_module.c:1153 Deleting Codec AAL2-G726-32 122 G.726 32k (AAL2) 8000hz 90ms
2026-09-28 08:33:05.430720 95.33% [NOTICE] switch_loadable_module.c:1153 Deleting Codec AAL2-G726-32 122 G.726 32k (AAL2) 8000hz 100ms
2026-09-28 08:33:05.430720 95.33% [NOTICE] switch_loadable_module.c:1153 Deleting Codec AAL2-G726-32 122 G.726 32k (AAL2) 8000hz 110ms
2026-09-28 08:33:05.430720 95.33% [NOTICE] switch_loadable_module.c:1153 Deleting Codec AAL2-G726-32 122 G.726 32k (AAL2) 8000hz 120ms
2026-09-28 08:33:05.430720 95.33% [NOTICE] switch_loadable_module.c:1153 Deleting Codec G726-32 122 G.726 32k 8000hz 10ms
2026-09-28 08:33:05.430720 95.33% [NOTICE] switch_loadable_module.c:1153 Deleting Codec G726-32 122 G.726 32k 8000hz 20ms
2026-09-28 08:33:05.430720 95.33% [NOTICE] switch_loadable_module.c:1153 Deleting Codec G726-32 122 G.726 32k 8000hz 30ms
2026-09-28 08:33:05.430720 95.33% [NOTICE] switch_loadable_module.c:1153 Deleting Codec G726-32 122 G.726 32k 8000hz 40ms
2026-09-28 08:33:05.430720 95.33% [NOTICE] switch_loadable_module.c:1153 Deleting Codec G726-32 122 G.726 32k 8000hz 50ms
2026-09-28 08:33:05.430720 95.33% [NOTICE] switch_loadable_module.c:1153 Deleting Codec G726-32 122 G.726 32k 8000hz 60ms
2026-09-28 08:33:05.430720 95.33% [NOTICE] switch_loadable_module.c:1153 Deleting Codec G726-32 122 G.726 32k 8000hz 70ms
2026-09-28 08:33:05.430720 95.33% [NOTICE] switch_loadable_module.c:1153 Deleting Codec G726-32 122 G.726 32k 8000hz 80ms
2026-09-28 08:33:05.430720 95.33% [NOTICE] switch_loadable_module.c:1153 Deleting Codec G726-32 122 G.726 32k 8000hz 90ms
2026-09-28 08:33:05.430720 95.33% [NOTICE] switch_loadable_module.c:1153 Deleting Codec G726-32 122 G.726 32k 8000hz 100ms
2026-09-28 08:33:05.430720 95.33% [NOTICE] switch_loadable_module.c:1153 Deleting Codec G726-32 122 G.726 32k 8000hz 110ms
2026-09-28 08:33:05.430720 95.33% [NOTICE] switch_loadable_module.c:1153 Deleting Codec G726-32 122 G.726 32k 8000hz 120ms
2026-09-28 08:33:05.430720 95.33% [NOTICE] switch_loadable_module.c:1153 Deleting Codec AAL2-G726-40 121 G.726 40k (AAL2) 8000hz 10ms
2026-09-28 08:33:05.430720 95.33% [NOTICE] switch_loadable_module.c:1153 Deleting Codec AAL2-G726-40 121 G.726 40k (AAL2) 8000hz 20ms
2026-09-28 08:33:05.430720 95.33% [NOTICE] switch_loadable_module.c:1153 Deleting Codec AAL2-G726-40 121 G.726 40k (AAL2) 8000hz 30ms
2026-09-28 08:33:05.430720 95.33% [NOTICE] switch_loadable_module.c:1153 Deleting Codec AAL2-G726-40 121 G.726 40k (AAL2) 8000hz 40ms
2026-09-28 08:33:05.430720 95.33% [NOTICE] switch_loadable_module.c:1153 Deleting Codec AAL2-G726-40 121 G.726 40k (AAL2) 8000hz 50ms
2026-09-28 08:33:05.430720 95.33% [NOTICE] switch_loadable_module.c:1153 Deleting Codec AAL2-G726-40 121 G.726 40k (AAL2) 8000hz 60ms
2026-09-28 08:33:05.430720 95.33% [NOTICE] switch_loadable_module.c:1153 Deleting Codec AAL2-G726-40 121 G.726 40k (AAL2) 8000hz 70ms
2026-09-28 08:33:05.430720 95.33% [NOTICE] switch_loadable_module.c:1153 Deleting Codec AAL2-G726-40 121 G.726 40k (AAL2) 8000hz 80ms
2026-09-28 08:33:05.430720 95.33% [NOTICE] switch_loadable_module.c:1153 Deleting Codec AAL2-G726-40 121 G.726 40k (AAL2) 8000hz 90ms
2026-09-28 08:33:05.430720 95.33% [NOTICE] switch_loadable_module.c:1153 Deleting Codec AAL2-G726-40 121 G.726 40k (AAL2) 8000hz 100ms
2026-09-28 08:33:05.430720 95.33% [NOTICE] switch_loadable_module.c:1153 Deleting Codec AAL2-G726-40 121 G.726 40k (AAL2) 8000hz 110ms
2026-09-28 08:33:05.430720 95.33% [NOTICE] switch_loadable_module.c:1153 Deleting Codec AAL2-G726-40 121 G.726 40k (AAL2) 8000hz 120ms
2026-09-28 08:33:05.430720 95.33% [NOTICE] switch_loadable_module.c:1153 Deleting Codec G726-40 121 G.726 40k 8000hz 10ms
2026-09-28 08:33:05.430720 95.33% [NOTICE] switch_loadable_module.c:1153 Deleting Codec G726-40 121 G.726 40k 8000hz 20ms
2026-09-28 08:33:05.430720 95.33% [NOTICE] switch_loadable_module.c:1153 Deleting Codec G726-40 121 G.726 40k 8000hz 30ms
2026-09-28 08:33:05.430720 95.33% [NOTICE] switch_loadable_module.c:1153 Deleting Codec G726-40 121 G.726 40k 8000hz 40ms
2026-09-28 08:33:05.430720 95.33% [NOTICE] switch_loadable_module.c:1153 Deleting Codec G726-40 121 G.726 40k 8000hz 50ms
2026-09-28 08:33:05.430720 95.33% [NOTICE] switch_loadable_module.c:1153 Deleting Codec G726-40 121 G.726 40k 8000hz 60ms
2026-09-28 08:33:05.430720 95.33% [NOTICE] switch_loadable_module.c:1153 Deleting Codec G726-40 121 G.726 40k 8000hz 70ms
2026-09-28 08:33:05.430720 95.33% [NOTICE] switch_loadable_module.c:1153 Deleting Codec G726-40 121 G.726 40k 8000hz 80ms
2026-09-28 08:33:05.430720 95.33% [NOTICE] switch_loadable_module.c:1153 Deleting Codec G726-40 121 G.726 40k 8000hz 90ms
2026-09-28 08:33:05.430720 95.33% [NOTICE] switch_loadable_module.c:1153 Deleting Codec G726-40 121 G.726 40k 8000hz 100ms
2026-09-28 08:33:05.430720 95.33% [NOTICE] switch_loadable_module.c:1153 Deleting Codec G726-40 121 G.726 40k 8000hz 110ms
2026-09-28 08:33:05.430720 95.33% [NOTICE] switch_loadable_module.c:1153 Deleting Codec G726-40 121 G.726 40k 8000hz 120ms
2026-09-28 08:33:05.430720 95.33% [NOTICE] switch_loadable_module.c:1153 Deleting Codec G722 9 G.722 16000hz 10ms
2026-09-28 08:33:05.430720 95.33% [NOTICE] switch_loadable_module.c:1153 Deleting Codec G722 9 G.722 16000hz 20ms
2026-09-28 08:33:05.430720 95.33% [NOTICE] switch_loadable_module.c:1153 Deleting Codec G722 9 G.722 16000hz 30ms
2026-09-28 08:33:05.430720 95.33% [NOTICE] switch_loadable_module.c:1153 Deleting Codec G722 9 G.722 16000hz 40ms
2026-09-28 08:33:05.430720 95.33% [NOTICE] switch_loadable_module.c:1153 Deleting Codec G722 9 G.722 16000hz 50ms
2026-09-28 08:33:05.430720 95.33% [NOTICE] switch_loadable_module.c:1153 Deleting Codec G722 9 G.722 16000hz 60ms
2026-09-28 08:33:05.430720 95.33% [NOTICE] switch_loadable_module.c:1153 Deleting Codec GSM 3 GSM 8000hz 20ms
2026-09-28 08:33:05.430720 95.33% [NOTICE] switch_loadable_module.c:1153 Deleting Codec GSM 3 GSM 8000hz 40ms
2026-09-28 08:33:05.430720 95.33% [NOTICE] switch_loadable_module.c:1153 Deleting Codec GSM 3 GSM 8000hz 60ms
2026-09-28 08:33:05.430720 95.33% [NOTICE] switch_loadable_module.c:1153 Deleting Codec GSM 3 GSM 8000hz 80ms
2026-09-28 08:33:05.430720 95.33% [NOTICE] switch_loadable_module.c:1153 Deleting Codec GSM 3 GSM 8000hz 100ms
2026-09-28 08:33:05.430720 95.33% [NOTICE] switch_loadable_module.c:1153 Deleting Codec GSM 3 GSM 8000hz 120ms
2026-09-28 08:33:05.430720 95.33% [NOTICE] switch_loadable_module.c:1153 Deleting Codec LPC 7 LPC-10 8000hz 90ms
2026-09-28 08:33:05.430720 95.33% [NOTICE] switch_loadable_module.c:1230 Deleting Application 't38_gateway'
2026-09-28 08:33:05.430720 95.33% [DEBUG] switch_loadable_module.c:1232 Write lock interface 't38_gateway' to wait for existing references.
2026-09-28 08:33:05.430720 95.33% [NOTICE] switch_loadable_module.c:1230 Deleting Application 'rxfax'
2026-09-28 08:33:05.430720 95.33% [DEBUG] switch_loadable_module.c:1232 Write lock interface 'rxfax' to wait for existing references.
2026-09-28 08:33:05.430720 95.33% [NOTICE] switch_loadable_module.c:1230 Deleting Application 'txfax'
2026-09-28 08:33:05.430720 95.33% [DEBUG] switch_loadable_module.c:1232 Write lock interface 'txfax' to wait for existing references.
2026-09-28 08:33:05.430720 95.33% [NOTICE] switch_loadable_module.c:1230 Deleting Application 'stopfax'
2026-09-28 08:33:05.430720 95.33% [DEBUG] switch_loadable_module.c:1232 Write lock interface 'stopfax' to wait for existing references.
2026-09-28 08:33:05.430720 95.33% [NOTICE] switch_loadable_module.c:1230 Deleting Application 'spandsp_stop_dtmf'
2026-09-28 08:33:05.430720 95.33% [DEBUG] switch_loadable_module.c:1232 Write lock interface 'spandsp_stop_dtmf' to wait for existing references.
2026-09-28 08:33:05.430720 95.33% [NOTICE] switch_loadable_module.c:1230 Deleting Application 'spandsp_start_dtmf'
2026-09-28 08:33:05.430720 95.33% [DEBUG] switch_loadable_module.c:1232 Write lock interface 'spandsp_start_dtmf' to wait for existing references.
2026-09-28 08:33:05.430720 95.33% [NOTICE] switch_loadable_module.c:1230 Deleting Application 'spandsp_stop_inject_tdd'
2026-09-28 08:33:05.430720 95.33% [DEBUG] switch_loadable_module.c:1232 Write lock interface 'spandsp_stop_inject_tdd' to wait for existing references.
2026-09-28 08:33:05.430720 95.33% [NOTICE] switch_loadable_module.c:1230 Deleting Application 'spandsp_inject_tdd'
2026-09-28 08:33:05.430720 95.33% [DEBUG] switch_loadable_module.c:1232 Write lock interface 'spandsp_inject_tdd' to wait for existing references.
2026-09-28 08:33:05.430720 95.33% [NOTICE] switch_loadable_module.c:1230 Deleting Application 'spandsp_stop_detect_tdd'
2026-09-28 08:33:05.430720 95.33% [DEBUG] switch_loadable_module.c:1232 Write lock interface 'spandsp_stop_detect_tdd' to wait for existing references.
2026-09-28 08:33:05.430720 95.33% [NOTICE] switch_loadable_module.c:1230 Deleting Application 'spandsp_detect_tdd'
2026-09-28 08:33:05.430720 95.33% [DEBUG] switch_loadable_module.c:1232 Write lock interface 'spandsp_detect_tdd' to wait for existing references.
2026-09-28 08:33:05.430720 95.33% [NOTICE] switch_loadable_module.c:1230 Deleting Application 'spandsp_send_tdd'
2026-09-28 08:33:05.430720 95.33% [DEBUG] switch_loadable_module.c:1232 Write lock interface 'spandsp_send_tdd' to wait for existing references.
2026-09-28 08:33:05.430720 95.33% [NOTICE] switch_loadable_module.c:1230 Deleting Application 'spandsp_start_fax_detect'
2026-09-28 08:33:05.430720 95.33% [DEBUG] switch_loadable_module.c:1232 Write lock interface 'spandsp_start_fax_detect' to wait for existing references.
2026-09-28 08:33:05.430720 95.33% [NOTICE] switch_loadable_module.c:1230 Deleting Application 'spandsp_stop_fax_detect'
2026-09-28 08:33:05.430720 95.33% [DEBUG] switch_loadable_module.c:1232 Write lock interface 'spandsp_stop_fax_detect' to wait for existing references.
2026-09-28 08:33:05.430720 95.33% [NOTICE] switch_loadable_module.c:1230 Deleting Application 'spandsp_start_tone_detect'
2026-09-28 08:33:05.430720 95.33% [DEBUG] switch_loadable_module.c:1232 Write lock interface 'spandsp_start_tone_detect' to wait for existing references.
2026-09-28 08:33:05.430720 95.33% [NOTICE] switch_loadable_module.c:1230 Deleting Application 'spandsp_stop_tone_detect'
2026-09-28 08:33:05.430720 95.33% [DEBUG] switch_loadable_module.c:1232 Write lock interface 'spandsp_stop_tone_detect' to wait for existing references.
2026-09-28 08:33:05.430720 95.33% [NOTICE] switch_loadable_module.c:1285 Deleting API Function 'spandsp_start_tone_detect'
2026-09-28 08:33:05.430720 95.33% [DEBUG] switch_loadable_module.c:1287 Write lock interface 'spandsp_start_tone_detect' to wait for existing references.
2026-09-28 08:33:05.430720 95.33% [NOTICE] switch_loadable_module.c:1285 Deleting API Function 'spandsp_stop_tone_detect'
2026-09-28 08:33:05.430720 95.33% [DEBUG] switch_loadable_module.c:1287 Write lock interface 'spandsp_stop_tone_detect' to wait for existing references.
2026-09-28 08:33:05.430720 95.33% [NOTICE] switch_loadable_module.c:1285 Deleting API Function 'start_tdd_detect'
2026-09-28 08:33:05.430720 95.33% [DEBUG] switch_loadable_module.c:1287 Write lock interface 'start_tdd_detect' to wait for existing references.
2026-09-28 08:33:05.430720 95.33% [NOTICE] switch_loadable_module.c:1285 Deleting API Function 'stop_tdd_detect'
2026-09-28 08:33:05.430720 95.33% [DEBUG] switch_loadable_module.c:1287 Write lock interface 'stop_tdd_detect' to wait for existing references.
2026-09-28 08:33:05.430720 95.33% [NOTICE] switch_loadable_module.c:1285 Deleting API Function 'uuid_send_tdd'
2026-09-28 08:33:05.430720 95.33% [DEBUG] switch_loadable_module.c:1287 Write lock interface 'uuid_send_tdd' to wait for existing references.
2026-09-28 08:33:05.430720 95.33% [CONSOLE] switch_loadable_module.c:2354 Stopping: mod_spandsp
2026-09-28 08:33:05.430720 95.33% [DEBUG] switch_event.c:2157 Event Binding deleted for mod_spandsp:RELOADXML
2026-09-28 08:33:05.430720 95.33% [DEBUG] switch_event.c:2157 Event Binding deleted for mod_spandsp:CUSTOM
2026-09-28 08:33:05.430720 95.33% [NOTICE] switch_event.c:468 Subclass reservation deleted for mod_spandsp.c:TDD::RECV_MESSAGE
2026-09-28 08:33:05.430720 95.33% [NOTICE] switch_event.c:468 Subclass reservation deleted for mod_spandsp.c:spandsp::txfaxnegociateresult
2026-09-28 08:33:05.430720 95.33% [NOTICE] switch_event.c:468 Subclass reservation deleted for mod_spandsp.c:spandsp::rxfaxnegociateresult
2026-09-28 08:33:05.430720 95.33% [NOTICE] switch_event.c:468 Subclass reservation deleted for mod_spandsp.c:spandsp::txfaxpageresult
2026-09-28 08:33:05.430720 95.33% [NOTICE] switch_event.c:468 Subclass reservation deleted for mod_spandsp.c:spandsp::rxfaxpageresult
2026-09-28 08:33:05.430720 95.33% [NOTICE] switch_event.c:468 Subclass reservation deleted for mod_spandsp.c:spandsp::txfaxresult
2026-09-28 08:33:05.430720 95.33% [NOTICE] switch_event.c:468 Subclass reservation deleted for mod_spandsp.c:spandsp::rxfaxresult
2026-09-28 08:33:05.430720 95.33% [DEBUG] mod_spandsp_fax.c:244 FAX timer thread ended.
2026-09-28 08:33:05.430720 95.33% [NOTICE] switch_loadable_module.c:1153 Deleting Codec G723 4 G.723.1 6.3k 8000hz 120ms
2026-09-28 08:33:05.430720 95.33% [NOTICE] switch_loadable_module.c:1153 Deleting Codec G723 4 G.723.1 6.3k 8000hz 90ms
2026-09-28 08:33:05.430720 95.33% [NOTICE] switch_loadable_module.c:1153 Deleting Codec G723 4 G.723.1 6.3k 8000hz 60ms
2026-09-28 08:33:05.430720 95.33% [NOTICE] switch_loadable_module.c:1153 Deleting Codec G723 4 G.723.1 6.3k 8000hz 30ms
2026-09-28 08:33:05.430720 95.33% [CONSOLE] switch_loadable_module.c:2357 mod_g723_1 has no shutdown routine
2026-09-28 08:33:05.430720 95.33% [NOTICE] switch_loadable_module.c:1285 Deleting API Function 'local_stream'
2026-09-28 08:33:05.430720 95.33% [DEBUG] switch_loadable_module.c:1287 Write lock interface 'local_stream' to wait for existing references.
2026-09-28 08:33:05.430720 95.33% [DEBUG] switch_loadable_module.c:1350 Write lock interface 'mod_local_stream' to wait for existing references.
2026-09-28 08:33:05.430720 95.33% [NOTICE] switch_loadable_module.c:1360 Deleting File Format 'local_stream'
2026-09-28 08:33:05.430720 95.33% [CONSOLE] switch_loadable_module.c:2354 Stopping: mod_local_stream
2026-09-28 08:33:05.450727 95.33% [DEBUG] switch_event.c:2157 Event Binding deleted for mod_local_stream:SHUTDOWN
2026-09-28 08:33:05.450727 95.33% [DEBUG] switch_loadable_module.c:1117 Write lock interface 'sofia' to wait for existing references.
2026-09-28 08:33:05.450727 95.33% [NOTICE] switch_loadable_module.c:1125 Deleting Endpoint 'sofia'
2026-09-28 08:33:05.450727 95.33% [DEBUG] switch_loadable_module.c:1117 Write lock interface 'rtp' to wait for existing references.
2026-09-28 08:33:05.450727 95.33% [NOTICE] switch_loadable_module.c:1125 Deleting Endpoint 'rtp'
2026-09-28 08:33:05.450727 95.33% [NOTICE] switch_loadable_module.c:1230 Deleting Application 'sofia_sla'
2026-09-28 08:33:05.450727 95.33% [DEBUG] switch_loadable_module.c:1232 Write lock interface 'sofia_sla' to wait for existing references.
2026-09-28 08:33:05.450727 95.33% [NOTICE] switch_loadable_module.c:1230 Deleting Application 'sofia_stir_shaken_vs'
2026-09-28 08:33:05.450727 95.33% [DEBUG] switch_loadable_module.c:1232 Write lock interface 'sofia_stir_shaken_vs' to wait for existing references.
2026-09-28 08:33:05.450727 95.33% [NOTICE] switch_loadable_module.c:1285 Deleting API Function 'sofia'
2026-09-28 08:33:05.450727 95.33% [DEBUG] switch_loadable_module.c:1287 Write lock interface 'sofia' to wait for existing references.
2026-09-28 08:33:05.450727 95.33% [NOTICE] switch_loadable_module.c:1285 Deleting API Function 'sofia_gateway_data'
2026-09-28 08:33:05.450727 95.33% [DEBUG] switch_loadable_module.c:1287 Write lock interface 'sofia_gateway_data' to wait for existing references.
2026-09-28 08:33:05.450727 95.33% [NOTICE] switch_loadable_module.c:1285 Deleting API Function 'sofia_username_of'
2026-09-28 08:33:05.450727 95.33% [DEBUG] switch_loadable_module.c:1287 Write lock interface 'sofia_username_of' to wait for existing references.
2026-09-28 08:33:05.450727 95.33% [NOTICE] switch_loadable_module.c:1285 Deleting API Function 'sofia_contact'
2026-09-28 08:33:05.450727 95.33% [DEBUG] switch_loadable_module.c:1287 Write lock interface 'sofia_contact' to wait for existing references.
2026-09-28 08:33:05.450727 95.33% [NOTICE] switch_loadable_module.c:1285 Deleting API Function 'sofia_count_reg'
2026-09-28 08:33:05.450727 95.33% [DEBUG] switch_loadable_module.c:1287 Write lock interface 'sofia_count_reg' to wait for existing references.
2026-09-28 08:33:05.450727 95.33% [NOTICE] switch_loadable_module.c:1285 Deleting API Function 'sofia_dig'
2026-09-28 08:33:05.450727 95.33% [DEBUG] switch_loadable_module.c:1287 Write lock interface 'sofia_dig' to wait for existing references.
2026-09-28 08:33:05.450727 95.33% [NOTICE] switch_loadable_module.c:1285 Deleting API Function 'sofia_presence_data'
2026-09-28 08:33:05.450727 95.33% [DEBUG] switch_loadable_module.c:1287 Write lock interface 'sofia_presence_data' to wait for existing references.
2026-09-28 08:33:05.450727 95.33% [NOTICE] switch_loadable_module.c:1317 Deleting API Function 'sofia.status'
2026-09-28 08:33:05.450727 95.33% [DEBUG] switch_loadable_module.c:1319 Write lock interface 'sofia.status' to wait for existing references.
2026-09-28 08:33:05.450727 95.33% [NOTICE] switch_loadable_module.c:1317 Deleting API Function 'sofia.status.info'
2026-09-28 08:33:05.450727 95.33% [DEBUG] switch_loadable_module.c:1319 Write lock interface 'sofia.status.info' to wait for existing references.
2026-09-28 08:33:05.450727 95.33% [DEBUG] switch_loadable_module.c:1537 Write lock interface 'sip' to wait for existing references.
2026-09-28 08:33:05.450727 95.33% [NOTICE] switch_loadable_module.c:1546 Deleting Chat interface 'sip'
2026-09-28 08:33:05.450727 95.33% [NOTICE] switch_loadable_module.c:1590 Deleting Management interface 'mod_sofia' OID[.1.3.6.1.4.1.27880.1001]
2026-09-28 08:33:05.450727 95.33% [CONSOLE] switch_loadable_module.c:2354 Stopping: mod_sofia
2026-09-28 08:33:05.450727 95.33% [NOTICE] switch_event.c:468 Subclass reservation deleted for mod_sofia.c:sofia::notify_refer
2026-09-28 08:33:05.450727 95.33% [NOTICE] switch_event.c:468 Subclass reservation deleted for mod_sofia.c:sofia::notify_watched_header
2026-09-28 08:33:05.450727 95.33% [NOTICE] switch_event.c:468 Subclass reservation deleted for mod_sofia.c:sofia::unregister
2026-09-28 08:33:05.450727 95.33% [NOTICE] switch_event.c:468 Subclass reservation deleted for mod_sofia.c:sofia::profile_start
2026-09-28 08:33:05.450727 95.33% [NOTICE] switch_event.c:468 Subclass reservation deleted for mod_sofia.c:sofia::reinvite
2026-09-28 08:33:05.450727 95.33% [NOTICE] switch_event.c:468 Subclass reservation deleted for mod_sofia.c:sofia::replaced
2026-09-28 08:33:05.450727 95.33% [NOTICE] switch_event.c:468 Subclass reservation deleted for mod_sofia.c:sofia::transferor
2026-09-28 08:33:05.450727 95.33% [NOTICE] switch_event.c:468 Subclass reservation deleted for mod_sofia.c:sofia::transferee
2026-09-28 08:33:05.450727 95.33% [NOTICE] switch_event.c:468 Subclass reservation deleted for mod_sofia.c:sofia::error
2026-09-28 08:33:05.450727 95.33% [NOTICE] switch_event.c:468 Subclass reservation deleted for mod_sofia.c:sofia::intercepted
2026-09-28 08:33:05.450727 95.33% [NOTICE] switch_event.c:468 Subclass reservation deleted for mod_sofia.c:sofia::gateway_state
2026-09-28 08:33:05.450727 95.33% [NOTICE] switch_event.c:468 Subclass reservation deleted for mod_sofia.c:sofia::sip_user_state
2026-09-28 08:33:05.450727 95.33% [NOTICE] switch_event.c:468 Subclass reservation deleted for mod_sofia.c:sofia::gateway_delete
2026-09-28 08:33:05.450727 95.33% [NOTICE] switch_event.c:468 Subclass reservation deleted for mod_sofia.c:sofia::expire
2026-09-28 08:33:05.450727 95.33% [NOTICE] switch_event.c:468 Subclass reservation deleted for mod_sofia.c:sofia::register_attempt
2026-09-28 08:33:05.450727 95.33% [NOTICE] switch_event.c:468 Subclass reservation deleted for mod_sofia.c:sofia::register_failure
2026-09-28 08:33:05.450727 95.33% [NOTICE] switch_event.c:468 Subclass reservation deleted for mod_sofia.c:sofia::pre_register
2026-09-28 08:33:05.450727 95.33% [NOTICE] switch_event.c:468 Subclass reservation deleted for mod_sofia.c:sofia::register
2026-09-28 08:33:05.450727 95.33% [NOTICE] switch_event.c:468 Subclass reservation deleted for mod_sofia.c:sofia::gateway_add
2026-09-28 08:33:05.450727 95.33% [NOTICE] switch_event.c:468 Subclass reservation deleted for mod_sofia.c:sofia::bye_response
2026-09-28 08:33:05.450727 95.33% [DEBUG] switch_event.c:2157 Event Binding deleted for mod_sofia:PRESENCE_IN
2026-09-28 08:33:05.450727 95.33% [DEBUG] switch_event.c:2157 Event Binding deleted for mod_sofia:PRESENCE_OUT
2026-09-28 08:33:05.450727 95.33% [DEBUG] switch_event.c:2157 Event Binding deleted for mod_sofia:PRESENCE_PROBE
2026-09-28 08:33:05.450727 95.33% [DEBUG] switch_event.c:2157 Event Binding deleted for mod_sofia:MESSAGE_WAITING
2026-09-28 08:33:05.450727 95.33% [DEBUG] switch_event.c:2157 Event Binding deleted for mod_sofia:ROSTER
2026-09-28 08:33:05.450727 95.33% [DEBUG] switch_event.c:2157 Event Binding deleted for mod_sofia:CONFERENCE_DATA
2026-09-28 08:33:05.450727 95.33% [DEBUG] switch_event.c:2157 Event Binding deleted for mod_sofia:TRAP
2026-09-28 08:33:05.450727 95.33% [DEBUG] switch_event.c:2157 Event Binding deleted for mod_sofia:NOTIFY
2026-09-28 08:33:05.450727 95.33% [DEBUG] switch_event.c:2157 Event Binding deleted for mod_sofia:PHONE_FEATURE
2026-09-28 08:33:05.450727 95.33% [DEBUG] switch_event.c:2157 Event Binding deleted for mod_sofia:SEND_MESSAGE
2026-09-28 08:33:05.450727 95.33% [DEBUG] switch_event.c:2157 Event Binding deleted for mod_sofia:SEND_INFO
2026-09-28 08:33:05.450727 95.33% [DEBUG] switch_event.c:2157 Event Binding deleted for mod_sofia:CUSTOM
2026-09-28 08:33:05.450727 95.33% [CONSOLE] sofia_presence.c:1663 Event Thread Ended
2026-09-28 08:33:05.670745 95.33% [DEBUG] switch_scheduler.c:147 Deleting task 3 limit_hash_cleanup (mod_hash)
2026-09-28 08:33:06.410717 95.17% [DEBUG] sofia_reg.c:328 Removing gateway obd-endpoint::platform-switch from hash.
2026-09-28 08:33:06.410717 95.17% [NOTICE] sofia_reg.c:141 UN-Registering platform-switch
2026-09-28 08:33:06.430700 95.17% [NOTICE] sofia_reg.c:342 Deleted gateway platform-switch
2026-09-28 08:33:06.430700 95.17% [NOTICE] sofia.c:3501 Waiting for worker thread
2026-09-28 08:33:06.470714 95.17% [INFO] switch_core_sqldb.c:1874 sofia:obd-endpoint Destroying SQL queue.
2026-09-28 08:33:06.770713 95.17% [INFO] switch_core_sqldb.c:1825 sofia:obd-endpoint Stopping SQL thread.
2026-09-28 08:33:06.770713 95.17% [DEBUG] sofia.c:3573 Write lock obd-endpoint
2026-09-28 08:33:06.770713 95.17% [DEBUG] sofia.c:3586 Write unlock obd-endpoint
2026-09-28 08:33:06.770713 95.17% [WARNING] sofia.c:2297 MSG Thread Ended
2026-09-28 08:33:06.770713 95.17% [NOTICE] switch_loadable_module.c:1285 Deleting API Function 'uuid_write_png'
2026-09-28 08:33:06.770713 95.17% [DEBUG] switch_loadable_module.c:1287 Write lock interface 'uuid_write_png' to wait for existing references.
2026-09-28 08:33:06.770713 95.17% [DEBUG] switch_loadable_module.c:1350 Write lock interface 'mod_png' to wait for existing references.
2026-09-28 08:33:06.770713 95.17% [NOTICE] switch_loadable_module.c:1360 Deleting File Format 'png'
2026-09-28 08:33:06.770713 95.17% [CONSOLE] switch_loadable_module.c:2354 Stopping: mod_png
2026-09-28 08:33:06.770713 95.17% [NOTICE] switch_loadable_module.c:1230 Deleting Application 'esf_page_group'
2026-09-28 08:33:06.770713 95.17% [DEBUG] switch_loadable_module.c:1232 Write lock interface 'esf_page_group' to wait for existing references.
2026-09-28 08:33:06.770713 95.17% [CONSOLE] switch_loadable_module.c:2357 mod_esf has no shutdown routine
2026-09-28 08:33:06.770713 95.17% [NOTICE] switch_loadable_module.c:1285 Deleting API Function 'sndfile_debug'
2026-09-28 08:33:06.770713 95.17% [DEBUG] switch_loadable_module.c:1287 Write lock interface 'sndfile_debug' to wait for existing references.
2026-09-28 08:33:06.770713 95.17% [DEBUG] switch_loadable_module.c:1350 Write lock interface 'mod_sndfile' to wait for existing references.
2026-09-28 08:33:06.770713 95.17% [NOTICE] switch_loadable_module.c:1360 Deleting File Format 'aiff'
2026-09-28 08:33:06.770713 95.17% [NOTICE] switch_loadable_module.c:1360 Deleting File Format 'au'
2026-09-28 08:33:06.770713 95.17% [NOTICE] switch_loadable_module.c:1360 Deleting File Format 'avr'
2026-09-28 08:33:06.770713 95.17% [NOTICE] switch_loadable_module.c:1360 Deleting File Format 'caf'
2026-09-28 08:33:06.770713 95.17% [NOTICE] switch_loadable_module.c:1360 Deleting File Format 'flac'
2026-09-28 08:33:06.770713 95.17% [NOTICE] switch_loadable_module.c:1360 Deleting File Format 'htk'
2026-09-28 08:33:06.770713 95.17% [NOTICE] switch_loadable_module.c:1360 Deleting File Format 'iff'
2026-09-28 08:33:06.770713 95.17% [NOTICE] switch_loadable_module.c:1360 Deleting File Format 'mat'
2026-09-28 08:33:06.770713 95.17% [NOTICE] switch_loadable_module.c:1360 Deleting File Format 'mpc'
2026-09-28 08:33:06.770713 95.17% [NOTICE] switch_loadable_module.c:1360 Deleting File Format 'm1a'
2026-09-28 08:33:06.770713 95.17% [NOTICE] switch_loadable_module.c:1360 Deleting File Format 'oga'
2026-09-28 08:33:06.770713 95.17% [NOTICE] switch_loadable_module.c:1360 Deleting File Format 'paf'
2026-09-28 08:33:06.770713 95.17% [NOTICE] switch_loadable_module.c:1360 Deleting File Format 'pvf'
2026-09-28 08:33:06.770713 95.17% [NOTICE] switch_loadable_module.c:1360 Deleting File Format 'raw'
2026-09-28 08:33:06.770713 95.17% [NOTICE] switch_loadable_module.c:1360 Deleting File Format 'rf64'
2026-09-28 08:33:06.770713 95.17% [NOTICE] switch_loadable_module.c:1360 Deleting File Format 'sd2'
2026-09-28 08:33:06.770713 95.17% [NOTICE] switch_loadable_module.c:1360 Deleting File Format 'sds'
2026-09-28 08:33:06.770713 95.17% [NOTICE] switch_loadable_module.c:1360 Deleting File Format 'sf'
2026-09-28 08:33:06.770713 95.17% [NOTICE] switch_loadable_module.c:1360 Deleting File Format 'voc'
2026-09-28 08:33:06.770713 95.17% [NOTICE] switch_loadable_module.c:1360 Deleting File Format 'w64'
2026-09-28 08:33:06.770713 95.17% [NOTICE] switch_loadable_module.c:1360 Deleting File Format 'wav'
2026-09-28 08:33:06.770713 95.17% [NOTICE] switch_loadable_module.c:1360 Deleting File Format 'wve'
2026-09-28 08:33:06.770713 95.17% [NOTICE] switch_loadable_module.c:1360 Deleting File Format 'xi'
2026-09-28 08:33:06.770713 95.17% [NOTICE] switch_loadable_module.c:1360 Deleting File Format 'r8'
2026-09-28 08:33:06.770713 95.17% [NOTICE] switch_loadable_module.c:1360 Deleting File Format 'r16'
2026-09-28 08:33:06.770713 95.17% [NOTICE] switch_loadable_module.c:1360 Deleting File Format 'r24'
2026-09-28 08:33:06.770713 95.17% [NOTICE] switch_loadable_module.c:1360 Deleting File Format 'r32'
2026-09-28 08:33:06.770713 95.17% [NOTICE] switch_loadable_module.c:1360 Deleting File Format 'gsm'
2026-09-28 08:33:06.770713 95.17% [NOTICE] switch_loadable_module.c:1360 Deleting File Format 'ul'
2026-09-28 08:33:06.770713 95.17% [NOTICE] switch_loadable_module.c:1360 Deleting File Format 'ulaw'
2026-09-28 08:33:06.770713 95.17% [NOTICE] switch_loadable_module.c:1360 Deleting File Format 'al'
2026-09-28 08:33:06.770713 95.17% [NOTICE] switch_loadable_module.c:1360 Deleting File Format 'alaw'
2026-09-28 08:33:06.770713 95.17% [NOTICE] switch_loadable_module.c:1360 Deleting File Format 'adpcm'
2026-09-28 08:33:06.770713 95.17% [NOTICE] switch_loadable_module.c:1360 Deleting File Format 'vox'
2026-09-28 08:33:06.770713 95.17% [NOTICE] switch_loadable_module.c:1360 Deleting File Format 'oga'
2026-09-28 08:33:06.770713 95.17% [NOTICE] switch_loadable_module.c:1360 Deleting File Format 'ogg'
2026-09-28 08:33:06.770713 95.17% [CONSOLE] switch_loadable_module.c:2354 Stopping: mod_sndfile
2026-09-28 08:33:06.770713 95.17% [DEBUG] switch_loadable_module.c:1565 Write lock interface 'en' to wait for existing references.
2026-09-28 08:33:06.770713 95.17% [NOTICE] switch_loadable_module.c:1573 Deleting Say interface 'en'
2026-09-28 08:33:06.770713 95.17% [CONSOLE] switch_loadable_module.c:2357 mod_say_en has no shutdown routine
2026-09-28 08:33:06.770713 95.17% [CONSOLE] switch_loadable_module.c:2354 Stopping: mod_logfile
2026-09-28 08:33:30.428037 0.00% [CONSOLE] switch_loadable_module.c:1772 Successfully Loaded [mod_logfile]
2026-09-28 08:33:30.432886 0.00% [CONSOLE] switch_loadable_module.c:1772 Successfully Loaded [mod_enum]
2026-09-28 08:33:30.432948 0.00% [NOTICE] switch_loadable_module.c:273 Adding Dialplan 'enum'
2026-09-28 08:33:30.433016 0.00% [NOTICE] switch_loadable_module.c:329 Adding Application 'enum'
2026-09-28 08:33:30.433034 0.00% [NOTICE] switch_loadable_module.c:389 Adding API Function 'enum'
2026-09-28 08:33:30.433048 0.00% [NOTICE] switch_loadable_module.c:389 Adding API Function 'enum_auto'
2026-09-28 08:33:30.434516 0.00% [DEBUG] mod_cdr_csv.c:368 Adding default template.
2026-09-28 08:33:30.434565 0.00% [DEBUG] mod_cdr_csv.c:415 Adding template sql.
2026-09-28 08:33:30.434575 0.00% [DEBUG] mod_cdr_csv.c:415 Adding template example.
2026-09-28 08:33:30.434579 0.00% [DEBUG] mod_cdr_csv.c:415 Adding template snom.
2026-09-28 08:33:30.434581 0.00% [DEBUG] mod_cdr_csv.c:415 Adding template linksys.
2026-09-28 08:33:30.434583 0.00% [DEBUG] mod_cdr_csv.c:415 Adding template asterisk.
2026-09-28 08:33:30.434585 0.00% [DEBUG] mod_cdr_csv.c:415 Adding template opencdrrate.
2026-09-28 08:33:30.435472 0.00% [CONSOLE] switch_loadable_module.c:1772 Successfully Loaded [mod_cdr_csv]
2026-09-28 08:33:30.435487 0.00% [NOTICE] switch_loadable_module.c:389 Adding API Function 'cdr_csv'
2026-09-28 08:33:30.436443 0.00% [CONSOLE] switch_loadable_module.c:1772 Successfully Loaded [mod_event_socket]
2026-09-28 08:33:30.436471 0.00% [NOTICE] switch_loadable_module.c:329 Adding Application 'socket'
2026-09-28 08:33:30.436499 0.00% [NOTICE] switch_loadable_module.c:389 Adding API Function 'event_sink'
2026-09-28 08:33:30.440609 0.00% [INFO] mod_sofia.c:6737 Starting initial message thread.
2026-09-28 08:33:30.441482 0.00% [DEBUG] sofia.c:4718 debug [0]
2026-09-28 08:33:30.441493 0.00% [DEBUG] sofia.c:4718 sip-trace [no]
2026-09-28 08:33:30.441563 0.00% [DEBUG] sofia.c:4718 sip-capture [no]
2026-09-28 08:33:30.441568 0.00% [DEBUG] sofia.c:4718 sip-port [5060]
2026-09-28 08:33:30.441602 0.00% [DEBUG] sofia.c:4718 listen-ip [0.0.0.0]
2026-09-28 08:33:30.441663 0.00% [DEBUG] sofia.c:4718 dialplan [XML]
2026-09-28 08:33:30.441670 0.00% [DEBUG] sofia.c:4718 context [obd-endpoint]
2026-09-28 08:33:30.441673 0.00% [DEBUG] sofia.c:4718 auth-calls [false]
2026-09-28 08:33:30.441704 0.00% [DEBUG] sofia.c:4718 auth-subscriptions [false]
2026-09-28 08:33:30.441709 0.00% [DEBUG] sofia.c:4718 challenge-realm [172.25.0.2]
2026-09-28 08:33:30.441713 0.00% [DEBUG] sofia.c:4718 inbound-codec-prefs [PCMU,PCMA]
2026-09-28 08:33:30.441716 0.00% [DEBUG] sofia.c:4718 outbound-codec-prefs [PCMU,PCMA]
2026-09-28 08:33:30.441720 0.00% [DEBUG] sofia.c:4718 rfc2833-pt [101]
2026-09-28 08:33:30.441735 0.00% [DEBUG] sofia.c:4718 liberal-dtmf [true]
2026-09-28 08:33:30.441738 0.00% [DEBUG] sofia.c:4718 dtmf-duration [2000]
2026-09-28 08:33:30.441741 0.00% [DEBUG] sofia.c:4718 inbound-codec-negotiation [generous]
2026-09-28 08:33:30.441745 0.00% [DEBUG] sofia.c:4718 rtp-timer-name [soft]
2026-09-28 08:33:30.441747 0.00% [DEBUG] sofia.c:4718 apply-inbound-acl [obd-dev-acl]
2026-09-28 08:33:30.441761 0.00% [INFO] sofia.c:6173 Setting nonce TTL to 60 seconds
2026-09-28 08:33:30.441763 0.00% [INFO] sofia.c:6178 Setting MAX Auth Validity to 0 Attempts
2026-09-28 08:33:30.442278 0.00% [NOTICE] sofia.c:6341 Started Profile obd-endpoint [sofia_reg_obd-endpoint]
2026-09-28 08:33:30.442533 0.00% [DEBUG] mod_sofia.c:6753 Waiting for profiles to start
2026-09-28 08:33:30.442601 0.00% [WARNING] sofia.c:2279 MSG Thread 0 Started
2026-09-28 08:33:30.442896 0.00% [DEBUG] sofia.c:3153 Creating agent for obd-endpoint
2026-09-28 08:33:30.465224 0.00% [DEBUG] sofia.c:3316 Created agent for obd-endpoint
2026-09-28 08:33:30.465427 0.00% [DEBUG] sofia.c:3366 Set params for obd-endpoint
2026-09-28 08:33:30.465523 0.00% [DEBUG] sofia.c:3413 Activated db for obd-endpoint
2026-09-28 08:33:30.468009 0.00% [INFO] switch_core_sqldb.c:1840 sofia:obd-endpoint Starting SQL thread.
2026-09-28 08:33:30.469526 0.00% [DEBUG] sofia.c:3451 Starting thread for obd-endpoint
2026-09-28 08:33:30.469576 0.00% [DEBUG] sofia.c:3043 Launching worker thread for obd-endpoint
2026-09-28 08:33:30.475405 0.00% [NOTICE] sofia_reg.c:3722 Added gateway 'platform-switch' to profile 'obd-endpoint'
2026-09-28 08:33:31.478861 0.00% [NOTICE] sofia_reg.c:463 Registering platform-switch
2026-09-28 08:33:31.944619 0.00% [CONSOLE] switch_loadable_module.c:1772 Successfully Loaded [mod_sofia]
2026-09-28 08:33:31.944720 0.00% [NOTICE] switch_loadable_module.c:172 Adding Endpoint 'sofia'
2026-09-28 08:33:31.944770 0.00% [NOTICE] switch_loadable_module.c:172 Adding Endpoint 'rtp'
2026-09-28 08:33:31.944795 0.00% [NOTICE] switch_loadable_module.c:329 Adding Application 'sofia_sla'
2026-09-28 08:33:31.944856 0.00% [NOTICE] switch_loadable_module.c:329 Adding Application 'sofia_stir_shaken_vs'
2026-09-28 08:33:31.944865 0.00% [NOTICE] switch_loadable_module.c:389 Adding API Function 'sofia'
2026-09-28 08:33:31.944876 0.00% [NOTICE] switch_loadable_module.c:389 Adding API Function 'sofia_gateway_data'
2026-09-28 08:33:31.944884 0.00% [NOTICE] switch_loadable_module.c:389 Adding API Function 'sofia_username_of'
2026-09-28 08:33:31.944893 0.00% [NOTICE] switch_loadable_module.c:389 Adding API Function 'sofia_contact'
2026-09-28 08:33:31.944902 0.00% [NOTICE] switch_loadable_module.c:389 Adding API Function 'sofia_count_reg'
2026-09-28 08:33:31.944909 0.00% [NOTICE] switch_loadable_module.c:389 Adding API Function 'sofia_dig'
2026-09-28 08:33:31.944916 0.00% [NOTICE] switch_loadable_module.c:389 Adding API Function 'sofia_presence_data'
2026-09-28 08:33:31.944925 0.00% [NOTICE] switch_loadable_module.c:419 Adding JSON API Function 'sofia.status'
2026-09-28 08:33:31.944995 0.00% [NOTICE] switch_loadable_module.c:419 Adding JSON API Function 'sofia.status.info'
2026-09-28 08:33:31.945004 0.00% [NOTICE] switch_loadable_module.c:621 Adding Chat interface 'sip'
2026-09-28 08:33:31.945013 0.00% [NOTICE] switch_loadable_module.c:683 Adding Management interface 'mod_sofia' OID[.1.3.6.1.4.1.27880.1001]
2026-09-28 08:33:31.947259 0.00% [CONSOLE] switch_loadable_module.c:1772 Successfully Loaded [mod_loopback]
2026-09-28 08:33:31.947300 0.00% [NOTICE] switch_loadable_module.c:172 Adding Endpoint 'loopback'
2026-09-28 08:33:31.947370 0.00% [NOTICE] switch_loadable_module.c:172 Adding Endpoint 'null'
2026-09-28 08:33:31.947387 0.00% [NOTICE] switch_loadable_module.c:329 Adding Application 'unloop'
2026-09-28 08:33:31.948449 0.00% [CONSOLE] switch_loadable_module.c:1772 Successfully Loaded [mod_rtc]
2026-09-28 08:33:31.948469 0.00% [NOTICE] switch_loadable_module.c:172 Adding Endpoint 'rtc'
2026-09-28 08:33:31.955469 0.00% [INFO] mod_verto.c:5331 Secure key and cert specified
2026-09-28 08:33:31.955597 0.00% [DEBUG] mod_verto.c:5445 default-v4 Bound to 172.25.0.2:8081
2026-09-28 08:33:31.955606 0.00% [DEBUG] mod_verto.c:5445 default-v4 Bound to 172.25.0.2:8082
2026-09-28 08:33:31.955850 0.00% [INFO] mod_verto.c:5331 Secure key and cert specified
2026-09-28 08:33:31.955862 0.00% [DEBUG] mod_verto.c:5445 default-v6 Bound to [::1]:8081
2026-09-28 08:33:31.955869 0.00% [DEBUG] mod_verto.c:5445 default-v6 Bound to [::1]:8082
2026-09-28 08:33:31.960634 0.00% [CONSOLE] switch_loadable_module.c:1772 Successfully Loaded [mod_verto]
2026-09-28 08:33:31.960713 0.00% [NOTICE] switch_loadable_module.c:172 Adding Endpoint 'verto.rtc'
2026-09-28 08:33:31.960805 0.00% [NOTICE] switch_loadable_module.c:389 Adding API Function 'verto'
2026-09-28 08:33:31.960888 0.00% [NOTICE] switch_loadable_module.c:389 Adding API Function 'verto_contact'
2026-09-28 08:33:31.961007 0.00% [NOTICE] switch_loadable_module.c:419 Adding JSON API Function 'store'
2026-09-28 08:33:31.961075 0.00% [NOTICE] switch_loadable_module.c:621 Adding Chat interface 'verto'
2026-09-28 08:33:31.962399 0.00% [INFO] mod_verto.c:5101 default-v4 MCAST Bound to 224.1.1.1:1337/1338
2026-09-28 08:33:31.965549 0.00% [CONSOLE] switch_loadable_module.c:1772 Successfully Loaded [mod_commands]
2026-09-28 08:33:31.965618 0.00% [NOTICE] switch_loadable_module.c:329 Adding Application 'msrp_recv_file'
2026-09-28 08:33:31.966186 0.00% [NOTICE] switch_loadable_module.c:329 Adding Application 'msrp_send_file'
2026-09-28 08:33:31.966205 0.00% [NOTICE] switch_loadable_module.c:389 Adding API Function 'bg_system'
2026-09-28 08:33:31.966218 0.00% [NOTICE] switch_loadable_module.c:389 Adding API Function 'system'
2026-09-28 08:33:31.966241 0.00% [NOTICE] switch_loadable_module.c:389 Adding API Function 'bg_spawn'
2026-09-28 08:33:31.966253 0.00% [NOTICE] switch_loadable_module.c:389 Adding API Function 'spawn'
2026-09-28 08:33:31.966261 0.00% [NOTICE] switch_loadable_module.c:389 Adding API Function 'spawn_stream'
2026-09-28 08:33:31.966269 0.00% [NOTICE] switch_loadable_module.c:389 Adding API Function 'acl'
2026-09-28 08:33:31.966277 0.00% [NOTICE] switch_loadable_module.c:389 Adding API Function 'alias'
2026-09-28 08:33:31.966363 0.00% [NOTICE] switch_loadable_module.c:389 Adding API Function 'coalesce'
2026-09-28 08:33:31.966393 0.00% [NOTICE] switch_loadable_module.c:389 Adding API Function 'banner'
2026-09-28 08:33:31.966401 0.00% [NOTICE] switch_loadable_module.c:389 Adding API Function 'bgapi'
2026-09-28 08:33:31.966407 0.00% [NOTICE] switch_loadable_module.c:389 Adding API Function 'break'
2026-09-28 08:33:31.966414 0.00% [NOTICE] switch_loadable_module.c:389 Adding API Function 'complete'
2026-09-28 08:33:31.966420 0.00% [NOTICE] switch_loadable_module.c:389 Adding API Function 'cond'
2026-09-28 08:33:31.966427 0.00% [NOTICE] switch_loadable_module.c:389 Adding API Function 'console_complete'
2026-09-28 08:33:31.966434 0.00% [NOTICE] switch_loadable_module.c:389 Adding API Function 'console_complete_xml'
2026-09-28 08:33:31.966440 0.00% [NOTICE] switch_loadable_module.c:389 Adding API Function 'create_uuid'
2026-09-28 08:33:31.966450 0.00% [NOTICE] switch_loadable_module.c:389 Adding API Function 'db_cache'
2026-09-28 08:33:31.966457 0.00% [NOTICE] switch_loadable_module.c:389 Adding API Function 'domain_data'
2026-09-28 08:33:31.966465 0.00% [NOTICE] switch_loadable_module.c:389 Adding API Function 'domain_exists'
2026-09-28 08:33:31.966474 0.00% [NOTICE] switch_loadable_module.c:389 Adding API Function 'echo'
2026-09-28 08:33:31.966481 0.00% [NOTICE] switch_loadable_module.c:389 Adding API Function 'event_channel_broadcast'
2026-09-28 08:33:31.966491 0.00% [NOTICE] switch_loadable_module.c:389 Adding API Function 'escape'
2026-09-28 08:33:31.966498 0.00% [NOTICE] switch_loadable_module.c:389 Adding API Function 'eval'
2026-09-28 08:33:31.966504 0.00% [NOTICE] switch_loadable_module.c:389 Adding API Function 'expand'
2026-09-28 08:33:31.966514 0.00% [NOTICE] switch_loadable_module.c:389 Adding API Function 'find_user_xml'
2026-09-28 08:33:31.966521 0.00% [NOTICE] switch_loadable_module.c:389 Adding API Function 'fsctl'
2026-09-28 08:33:31.966527 0.00% [NOTICE] switch_loadable_module.c:389 Adding API Function '...'
2026-09-28 08:33:31.966575 0.00% [NOTICE] switch_loadable_module.c:389 Adding API Function 'shutdown'
2026-09-28 08:33:31.966583 0.00% [NOTICE] switch_loadable_module.c:389 Adding API Function 'version'
2026-09-28 08:33:31.966590 0.00% [NOTICE] switch_loadable_module.c:389 Adding API Function 'global_getvar'
2026-09-28 08:33:31.966597 0.00% [NOTICE] switch_loadable_module.c:389 Adding API Function 'global_setvar'
2026-09-28 08:33:31.966604 0.00% [NOTICE] switch_loadable_module.c:389 Adding API Function 'group_call'
2026-09-28 08:33:31.966613 0.00% [NOTICE] switch_loadable_module.c:389 Adding API Function 'help'
2026-09-28 08:33:31.966620 0.00% [NOTICE] switch_loadable_module.c:389 Adding API Function 'host_lookup'
2026-09-28 08:33:31.966626 0.00% [NOTICE] switch_loadable_module.c:389 Adding API Function 'hostname'
2026-09-28 08:33:31.966632 0.00% [NOTICE] switch_loadable_module.c:389 Adding API Function 'interface_ip'
2026-09-28 08:33:31.966638 0.00% [NOTICE] switch_loadable_module.c:389 Adding API Function 'switchname'
2026-09-28 08:33:31.966646 0.00% [NOTICE] switch_loadable_module.c:389 Adding API Function 'gethost'
2026-09-28 08:33:31.966652 0.00% [NOTICE] switch_loadable_module.c:389 Adding API Function 'getenv'
2026-09-28 08:33:31.966659 0.00% [NOTICE] switch_loadable_module.c:389 Adding API Function 'hupall'
2026-09-28 08:33:31.966668 0.00% [NOTICE] switch_loadable_module.c:389 Adding API Function 'in_group'
2026-09-28 08:33:31.966674 0.00% [NOTICE] switch_loadable_module.c:389 Adding API Function 'is_lan_addr'
2026-09-28 08:33:31.966680 0.00% [NOTICE] switch_loadable_module.c:389 Adding API Function 'limit_usage'
2026-09-28 08:33:31.966687 0.00% [NOTICE] switch_loadable_module.c:389 Adding API Function 'limit_hash_usage'
2026-09-28 08:33:31.966693 0.00% [NOTICE] switch_loadable_module.c:389 Adding API Function 'limit_status'
2026-09-28 08:33:31.966702 0.00% [NOTICE] switch_loadable_module.c:389 Adding API Function 'limit_reset'
2026-09-28 08:33:31.966758 0.00% [NOTICE] switch_loadable_module.c:389 Adding API Function 'limit_interval_reset'
2026-09-28 08:33:31.966767 0.00% [NOTICE] switch_loadable_module.c:389 Adding API Function 'list_users'
2026-09-28 08:33:31.966783 0.00% [NOTICE] switch_loadable_module.c:389 Adding API Function 'load'
2026-09-28 08:33:31.966870 0.00% [NOTICE] switch_loadable_module.c:389 Adding API Function 'log'
2026-09-28 08:33:31.966888 0.00% [NOTICE] switch_loadable_module.c:389 Adding API Function 'md5'
2026-09-28 08:33:31.966910 0.00% [NOTICE] switch_loadable_module.c:389 Adding API Function 'module_exists'
2026-09-28 08:33:31.966919 0.00% [NOTICE] switch_loadable_module.c:389 Adding API Function 'msleep'
2026-09-28 08:33:31.966963 0.00% [NOTICE] switch_loadable_module.c:389 Adding API Function 'nat_map'
2026-09-28 08:33:31.966972 0.00% [NOTICE] switch_loadable_module.c:389 Adding API Function 'originate'
2026-09-28 08:33:31.966979 0.00% [NOTICE] switch_loadable_module.c:389 Adding API Function 'pause'
2026-09-28 08:33:31.966986 0.00% [NOTICE] switch_loadable_module.c:389 Adding API Function 'pool_stats'
2026-09-28 08:33:31.966993 0.00% [NOTICE] switch_loadable_module.c:389 Adding API Function 'quote_shell_arg'
2026-09-28 08:33:31.967001 0.00% [NOTICE] switch_loadable_module.c:389 Adding API Function 'regex'
2026-09-28 08:33:31.967019 0.00% [NOTICE] switch_loadable_module.c:389 Adding API Function 'reloadacl'
2026-09-28 08:33:31.967027 0.00% [NOTICE] switch_loadable_module.c:389 Adding API Function 'reload'
2026-09-28 08:33:31.967034 0.00% [NOTICE] switch_loadable_module.c:389 Adding API Function 'reloadxml'
2026-09-28 08:33:31.967042 0.00% [NOTICE] switch_loadable_module.c:389 Adding API Function 'reloadcert'
2026-09-28 08:33:31.967049 0.00% [NOTICE] switch_loadable_module.c:389 Adding API Function 'replace'
2026-09-28 08:33:31.967056 0.00% [NOTICE] switch_loadable_module.c:389 Adding API Function 'say_string'
2026-09-28 08:33:31.967064 0.00% [NOTICE] switch_loadable_module.c:389 Adding API Function 'sched_api'
2026-09-28 08:33:31.967084 0.00% [NOTICE] switch_loadable_module.c:389 Adding API Function 'sched_broadcast'
2026-09-28 08:33:31.967091 0.00% [NOTICE] switch_loadable_module.c:389 Adding API Function 'sched_del'
2026-09-28 08:33:31.967118 0.00% [NOTICE] switch_loadable_module.c:389 Adding API Function 'sched_hangup'
2026-09-28 08:33:31.967126 0.00% [NOTICE] switch_loadable_module.c:389 Adding API Function 'sched_transfer'
2026-09-28 08:33:31.967133 0.00% [NOTICE] switch_loadable_module.c:389 Adding API Function 'show'
2026-09-28 08:33:31.967141 0.00% [NOTICE] switch_loadable_module.c:389 Adding API Function 'sql_escape'
2026-09-28 08:33:31.967147 0.00% [NOTICE] switch_loadable_module.c:389 Adding API Function 'status'
2026-09-28 08:33:31.967172 0.00% [NOTICE] switch_loadable_module.c:389 Adding API Function 'strftime_tz'
2026-09-28 08:33:31.967180 0.00% [NOTICE] switch_loadable_module.c:389 Adding API Function 'stun'
2026-09-28 08:33:31.967187 0.00% [NOTICE] switch_loadable_module.c:389 Adding API Function 'time_test'
2026-09-28 08:33:31.967194 0.00% [NOTICE] switch_loadable_module.c:389 Adding API Function 'timer_test'
2026-09-28 08:33:31.967254 0.00% [NOTICE] switch_loadable_module.c:389 Adding API Function 'tone_detect'
2026-09-28 08:33:31.967268 0.00% [NOTICE] switch_loadable_module.c:389 Adding API Function 'unload'
2026-09-28 08:33:31.967277 0.00% [NOTICE] switch_loadable_module.c:389 Adding API Function 'unsched_api'
2026-09-28 08:33:31.967284 0.00% [NOTICE] switch_loadable_module.c:389 Adding API Function 'uptime'
2026-09-28 08:33:31.967304 0.00% [NOTICE] switch_loadable_module.c:389 Adding API Function 'reg_url'
2026-09-28 08:33:31.967321 0.00% [NOTICE] switch_loadable_module.c:389 Adding API Function 'url_decode'
2026-09-28 08:33:31.967334 0.00% [NOTICE] switch_loadable_module.c:389 Adding API Function 'url_encode'
2026-09-28 08:33:31.967342 0.00% [NOTICE] switch_loadable_module.c:389 Adding API Function 'toupper'
2026-09-28 08:33:31.967349 0.00% [NOTICE] switch_loadable_module.c:389 Adding API Function 'tolower'
2026-09-28 08:33:31.967363 0.00% [NOTICE] switch_loadable_module.c:389 Adding API Function 'user_data'
2026-09-28 08:33:31.967378 0.00% [NOTICE] switch_loadable_module.c:389 Adding API Function 'uuid_early_ok'
2026-09-28 08:33:31.967389 0.00% [NOTICE] switch_loadable_module.c:389 Adding API Function 'user_exists'
2026-09-28 08:33:31.967397 0.00% [NOTICE] switch_loadable_module.c:389 Adding API Function 'uuid_answer'
2026-09-28 08:33:31.967404 0.00% [NOTICE] switch_loadable_module.c:389 Adding API Function 'uuid_audio'
2026-09-28 08:33:31.967411 0.00% [NOTICE] switch_loadable_module.c:389 Adding API Function 'uuid_break'
2026-09-28 08:33:31.967461 0.00% [NOTICE] switch_loadable_module.c:389 Adding API Function 'uuid_bridge'
2026-09-28 08:33:31.967469 0.00% [NOTICE] switch_loadable_module.c:389 Adding API Function 'uuid_broadcast'
2026-09-28 08:33:31.967476 0.00% [NOTICE] switch_loadable_module.c:389 Adding API Function 'uuid_buglist'
2026-09-28 08:33:31.967484 0.00% [NOTICE] switch_loadable_module.c:389 Adding API Function 'uuid_chat'
2026-09-28 08:33:31.967491 0.00% [NOTICE] switch_loadable_module.c:389 Adding API Function 'uuid_send_text'
2026-09-28 08:33:31.967498 0.00% [NOTICE] switch_loadable_module.c:389 Adding API Function 'uuid_capture_text'
2026-09-28 08:33:31.967506 0.00% [NOTICE] switch_loadable_module.c:389 Adding API Function 'uuid_codec_debug'
2026-09-28 08:33:31.967513 0.00% [NOTICE] switch_loadable_module.c:389 Adding API Function 'uuid_codec_param'
2026-09-28 08:33:31.967522 0.00% [NOTICE] switch_loadable_module.c:389 Adding API Function 'uuid_debug_media'
2026-09-28 08:33:31.967529 0.00% [NOTICE] switch_loadable_module.c:389 Adding API Function 'uuid_deflect'
2026-09-28 08:33:31.967537 0.00% [NOTICE] switch_loadable_module.c:389 Adding API Function 'uuid_displace'
2026-09-28 08:33:31.967545 0.00% [NOTICE] switch_loadable_module.c:389 Adding API Function 'uuid_display'
2026-09-28 08:33:31.967559 0.00% [NOTICE] switch_loadable_module.c:389 Adding API Function 'uuid_media_params'
2026-09-28 08:33:31.967572 0.00% [NOTICE] switch_loadable_module.c:389 Adding API Function 'uuid_drop_dtmf'
2026-09-28 08:33:31.967580 0.00% [NOTICE] switch_loadable_module.c:389 Adding API Function 'uuid_dump'
2026-09-28 08:33:31.967588 0.00% [NOTICE] switch_loadable_module.c:389 Adding API Function 'uuid_exists'
2026-09-28 08:33:31.967595 0.00% [NOTICE] switch_loadable_module.c:389 Adding API Function 'uuid_fileman'
2026-09-28 08:33:31.967602 0.00% [NOTICE] switch_loadable_module.c:389 Adding API Function 'uuid_flush_dtmf'
2026-09-28 08:33:31.967674 0.00% [NOTICE] switch_loadable_module.c:389 Adding API Function 'uuid_getvar'
2026-09-28 08:33:31.967685 0.00% [NOTICE] switch_loadable_module.c:389 Adding API Function 'uuid_hold'
2026-09-28 08:33:31.967719 0.00% [NOTICE] switch_loadable_module.c:389 Adding API Function 'uuid_kill'
2026-09-28 08:33:31.967732 0.00% [NOTICE] switch_loadable_module.c:389 Adding API Function 'uuid_send_message'
2026-09-28 08:33:31.967739 0.00% [NOTICE] switch_loadable_module.c:389 Adding API Function 'uuid_send_info'
2026-09-28 08:33:31.967747 0.00% [NOTICE] switch_loadable_module.c:389 Adding API Function 'uuid_set_media_stats'
2026-09-28 08:33:31.967754 0.00% [NOTICE] switch_loadable_module.c:389 Adding API Function 'uuid_video_bitrate'
2026-09-28 08:33:31.967764 0.00% [NOTICE] switch_loadable_module.c:389 Adding API Function 'uuid_video_bandwidth'
2026-09-28 08:33:31.967771 0.00% [NOTICE] switch_loadable_module.c:389 Adding API Function 'uuid_video_refresh'
2026-09-28 08:33:31.967778 0.00% [NOTICE] switch_loadable_module.c:389 Adding API Function 'uuid_outgoing_answer'
2026-09-28 08:33:31.967789 0.00% [NOTICE] switch_loadable_module.c:389 Adding API Function 'uuid_limit'
2026-09-28 08:33:31.967803 0.00% [NOTICE] switch_loadable_module.c:389 Adding API Function 'uuid_limit_release'
2026-09-28 08:33:31.967817 0.00% [NOTICE] switch_loadable_module.c:389 Adding API Function 'uuid_loglevel'
2026-09-28 08:33:31.967824 0.00% [NOTICE] switch_loadable_module.c:389 Adding API Function 'uuid_media'
2026-09-28 08:33:31.967831 0.00% [NOTICE] switch_loadable_module.c:389 Adding API Function 'uuid_media_3p'
2026-09-28 08:33:31.967838 0.00% [NOTICE] switch_loadable_module.c:389 Adding API Function 'uuid_media_reneg'
2026-09-28 08:33:31.967845 0.00% [NOTICE] switch_loadable_module.c:389 Adding API Function 'uuid_park'
2026-09-28 08:33:31.967854 0.00% [NOTICE] switch_loadable_module.c:389 Adding API Function 'uuid_pause'
2026-09-28 08:33:31.967863 0.00% [NOTICE] switch_loadable_module.c:389 Adding API Function 'uuid_phone_event'
2026-09-28 08:33:31.967904 0.00% [NOTICE] switch_loadable_module.c:389 Adding API Function 'uuid_ring_ready'
2026-09-28 08:33:31.967915 0.00% [NOTICE] switch_loadable_module.c:389 Adding API Function 'uuid_pre_answer'
2026-09-28 08:33:31.967930 0.00% [NOTICE] switch_loadable_module.c:389 Adding API Function 'uuid_preprocess'
2026-09-28 08:33:31.967937 0.00% [NOTICE] switch_loadable_module.c:389 Adding API Function 'uuid_record'
2026-09-28 08:33:31.967947 0.00% [NOTICE] switch_loadable_module.c:389 Adding API Function 'uuid_recovery_refresh'
2026-09-28 08:33:31.967956 0.00% [NOTICE] switch_loadable_module.c:389 Adding API Function 'uuid_recv_dtmf'
2026-09-28 08:33:31.967964 0.00% [NOTICE] switch_loadable_module.c:389 Adding API Function 'uuid_redirect'
2026-09-28 08:33:31.967974 0.00% [NOTICE] switch_loadable_module.c:389 Adding API Function 'uuid_send_dtmf'
2026-09-28 08:33:31.967981 0.00% [NOTICE] switch_loadable_module.c:389 Adding API Function 'uuid_session_heartbeat'
2026-09-28 08:33:31.967988 0.00% [NOTICE] switch_loadable_module.c:389 Adding API Function 'uuid_setvar_multi'
2026-09-28 08:33:31.967998 0.00% [NOTICE] switch_loadable_module.c:389 Adding API Function 'uuid_setvar'
2026-09-28 08:33:31.968004 0.00% [NOTICE] switch_loadable_module.c:389 Adding API Function 'uuid_transfer'
2026-09-28 08:33:31.968010 0.00% [NOTICE] switch_loadable_module.c:389 Adding API Function 'uuid_dual_transfer'
2026-09-28 08:33:31.968019 0.00% [NOTICE] switch_loadable_module.c:389 Adding API Function 'uuid_simplify'
2026-09-28 08:33:31.968043 0.00% [NOTICE] switch_loadable_module.c:389 Adding API Function 'uuid_jitterbuffer'
2026-09-28 08:33:31.968059 0.00% [NOTICE] switch_loadable_module.c:389 Adding API Function 'uuid_zombie_exec'
2026-09-28 08:33:31.968067 0.00% [NOTICE] switch_loadable_module.c:389 Adding API Function 'uuid_xfer_zombie'
2026-09-28 08:33:31.968083 0.00% [NOTICE] switch_loadable_module.c:389 Adding API Function 'xml_flush_cache'
2026-09-28 08:33:31.968091 0.00% [NOTICE] switch_loadable_module.c:389 Adding API Function 'xml_locate'
2026-09-28 08:33:31.968099 0.00% [NOTICE] switch_loadable_module.c:389 Adding API Function 'xml_wrap'
2026-09-28 08:33:31.968109 0.00% [NOTICE] switch_loadable_module.c:389 Adding API Function 'file_exists'
2026-09-28 08:33:31.968116 0.00% [NOTICE] switch_loadable_module.c:389 Adding API Function 'getcputime'
2026-09-28 08:33:31.968122 0.00% [NOTICE] switch_loadable_module.c:389 Adding API Function 'json'
2026-09-28 08:33:31.968129 0.00% [NOTICE] switch_loadable_module.c:389 Adding API Function 'memory'
2026-09-28 08:33:31.968136 0.00% [NOTICE] switch_loadable_module.c:389 Adding API Function 'msrp'
2026-09-28 08:33:31.968199 0.00% [NOTICE] switch_loadable_module.c:389 Adding API Function 'uuid_msrp_send'
2026-09-28 08:33:31.968208 0.00% [NOTICE] switch_loadable_module.c:419 Adding JSON API Function 'mediaStats'
2026-09-28 08:33:31.968217 0.00% [NOTICE] switch_loadable_module.c:419 Adding JSON API Function 'status'
2026-09-28 08:33:31.968223 0.00% [NOTICE] switch_loadable_module.c:419 Adding JSON API Function 'fsapi'
2026-09-28 08:33:31.968230 0.00% [NOTICE] switch_loadable_module.c:419 Adding JSON API Function 'execute'
2026-09-28 08:33:31.968237 0.00% [NOTICE] switch_loadable_module.c:419 Adding JSON API Function 'channelData'
2026-09-28 08:33:31.972126 0.00% [CONSOLE] switch_loadable_module.c:1772 Successfully Loaded [mod_conference]
2026-09-28 08:33:31.972147 0.00% [NOTICE] switch_loadable_module.c:329 Adding Application 'conference'
2026-09-28 08:33:31.972161 0.00% [NOTICE] switch_loadable_module.c:329 Adding Application 'conference_set_auto_outcall'
2026-09-28 08:33:31.972170 0.00% [NOTICE] switch_loadable_module.c:389 Adding API Function 'conference'
2026-09-28 08:33:31.972179 0.00% [NOTICE] switch_loadable_module.c:621 Adding Chat interface 'conf'
2026-09-28 08:33:31.972509 0.00% [CONSOLE] sofia_presence.c:1621 Event Thread Started
2026-09-28 08:33:31.974960 0.00% [CONSOLE] switch_loadable_module.c:1772 Successfully Loaded [mod_db]
2026-09-28 08:33:31.974980 0.00% [NOTICE] switch_loadable_module.c:329 Adding Application 'db'
2026-09-28 08:33:31.975002 0.00% [NOTICE] switch_loadable_module.c:329 Adding Application 'group'
2026-09-28 08:33:31.975015 0.00% [NOTICE] switch_loadable_module.c:389 Adding API Function 'db'
2026-09-28 08:33:31.975022 0.00% [NOTICE] switch_loadable_module.c:389 Adding API Function 'group'
2026-09-28 08:33:31.975037 0.00% [NOTICE] switch_loadable_module.c:717 Adding Limit interface 'db'
2026-09-28 08:33:32.473426 0.00% [CONSOLE] switch_loadable_module.c:1772 Successfully Loaded [mod_dptools]
2026-09-28 08:33:32.473481 0.00% [NOTICE] switch_loadable_module.c:172 Adding Endpoint 'error'
2026-09-28 08:33:32.473519 0.00% [NOTICE] switch_loadable_module.c:172 Adding Endpoint 'group'
2026-09-28 08:33:32.473534 0.00% [NOTICE] switch_loadable_module.c:172 Adding Endpoint 'user'
2026-09-28 08:33:32.473545 0.00% [NOTICE] switch_loadable_module.c:172 Adding Endpoint 'pickup'
2026-09-28 08:33:32.473561 0.00% [NOTICE] switch_loadable_module.c:273 Adding Dialplan 'inline'
2026-09-28 08:33:32.473573 0.00% [NOTICE] switch_loadable_module.c:329 Adding Application 'blind_transfer_ack'
2026-09-28 08:33:32.473610 0.00% [NOTICE] switch_loadable_module.c:329 Adding Application 'bind_digit_action'
2026-09-28 08:33:32.473622 0.00% [NOTICE] switch_loadable_module.c:329 Adding Application 'capture'
2026-09-28 08:33:32.473650 0.00% [NOTICE] switch_loadable_module.c:329 Adding Application 'clear_digit_action'
2026-09-28 08:33:32.473671 0.00% [NOTICE] switch_loadable_module.c:329 Adding Application 'digit_action_set_realm'
2026-09-28 08:33:32.473679 0.00% [NOTICE] switch_loadable_module.c:329 Adding Application 'privacy'
2026-09-28 08:33:32.473685 0.00% [NOTICE] switch_loadable_module.c:329 Adding Application 'set_audio_level'
2026-09-28 08:33:32.473693 0.00% [NOTICE] switch_loadable_module.c:329 Adding Application 'set_mute'
2026-09-28 08:33:32.473699 0.00% [NOTICE] switch_loadable_module.c:329 Adding Application 'flush_dtmf'
2026-09-28 08:33:32.473705 0.00% [NOTICE] switch_loadable_module.c:329 Adding Application 'hold'
2026-09-28 08:33:32.473713 0.00% [NOTICE] switch_loadable_module.c:329 Adding Application 'unhold'
2026-09-28 08:33:32.473719 0.00% [NOTICE] switch_loadable_module.c:329 Adding Application 'mutex'
2026-09-28 08:33:32.473726 0.00% [NOTICE] switch_loadable_module.c:329 Adding Application 'page'
2026-09-28 08:33:32.473733 0.00% [NOTICE] switch_loadable_module.c:329 Adding Application 'transfer'
2026-09-28 08:33:32.473739 0.00% [NOTICE] switch_loadable_module.c:329 Adding Application 'check_acl'
2026-09-28 08:33:32.473746 0.00% [NOTICE] switch_loadable_module.c:329 Adding Application 'verbose_events'
2026-09-28 08:33:32.473752 0.00% [NOTICE] switch_loadable_module.c:329 Adding Application 'novideo'
2026-09-28 08:33:32.473759 0.00% [NOTICE] switch_loadable_module.c:329 Adding Application 'cng_plc'
2026-09-28 08:33:32.473765 0.00% [NOTICE] switch_loadable_module.c:329 Adding Application 'early_hangup'
2026-09-28 08:33:32.473772 0.00% [NOTICE] switch_loadable_module.c:329 Adding Application 'sleep'
2026-09-28 08:33:32.473781 0.00% [NOTICE] switch_loadable_module.c:329 Adding Application 'delay_echo'
2026-09-28 08:33:32.473788 0.00% [NOTICE] switch_loadable_module.c:329 Adding Application 'strftime'
2026-09-28 08:33:32.473794 0.00% [NOTICE] switch_loadable_module.c:329 Adding Application 'phrase'
2026-09-28 08:33:32.473802 0.00% [NOTICE] switch_loadable_module.c:329 Adding Application 'eval'
2026-09-28 08:33:32.473808 0.00% [NOTICE] switch_loadable_module.c:329 Adding Application 'set_media_stats'
2026-09-28 08:33:32.473817 0.00% [NOTICE] switch_loadable_module.c:329 Adding Application 'stop'
2026-09-28 08:33:32.473823 0.00% [NOTICE] switch_loadable_module.c:329 Adding Application 'set_zombie_exec'
2026-09-28 08:33:32.473832 0.00% [NOTICE] switch_loadable_module.c:329 Adding Application 'pre_answer'
2026-09-28 08:33:32.473838 0.00% [NOTICE] switch_loadable_module.c:329 Adding Application 'answer'
2026-09-28 08:33:32.473844 0.00% [NOTICE] switch_loadable_module.c:329 Adding Application 'wait_for_answer'
2026-09-28 08:33:32.473851 0.00% [NOTICE] switch_loadable_module.c:329 Adding Application 'wait_for_video_ready'
2026-09-28 08:33:32.473859 0.00% [NOTICE] switch_loadable_module.c:329 Adding Application 'hangup'
2026-09-28 08:33:32.473865 0.00% [NOTICE] switch_loadable_module.c:329 Adding Application 'set_name'
2026-09-28 08:33:32.473872 0.00% [NOTICE] switch_loadable_module.c:329 Adding Application 'presence'
2026-09-28 08:33:32.473878 0.00% [NOTICE] switch_loadable_module.c:329 Adding Application 'log'
2026-09-28 08:33:32.473884 0.00% [NOTICE] switch_loadable_module.c:329 Adding Application 'info'
2026-09-28 08:33:32.473955 0.00% [NOTICE] switch_loadable_module.c:329 Adding Application 'event'
2026-09-28 08:33:32.473981 0.00% [NOTICE] switch_loadable_module.c:329 Adding Application 'sound_test'
2026-09-28 08:33:32.473987 0.00% [NOTICE] switch_loadable_module.c:329 Adding Application 'export'
2026-09-28 08:33:32.473993 0.00% [NOTICE] switch_loadable_module.c:329 Adding Application 'bridge_export'
2026-09-28 08:33:32.474000 0.00% [NOTICE] switch_loadable_module.c:329 Adding Application 'set'
2026-09-28 08:33:32.474007 0.00% [NOTICE] switch_loadable_module.c:329 Adding Application 'multiset'
2026-09-28 08:33:32.474015 0.00% [NOTICE] switch_loadable_module.c:329 Adding Application 'push'
2026-09-28 08:33:32.474023 0.00% [NOTICE] switch_loadable_module.c:329 Adding Application 'unshift'
2026-09-28 08:33:32.474029 0.00% [NOTICE] switch_loadable_module.c:329 Adding Application 'set_global'
2026-09-28 08:33:32.474036 0.00% [NOTICE] switch_loadable_module.c:329 Adding Application 'set_profile_var'
2026-09-28 08:33:32.474042 0.00% [NOTICE] switch_loadable_module.c:329 Adding Application 'unset'
2026-09-28 08:33:32.474053 0.00% [NOTICE] switch_loadable_module.c:329 Adding Application 'multiunset'
2026-09-28 08:33:32.474060 0.00% [NOTICE] switch_loadable_module.c:329 Adding Application 'capture_text'
2026-09-28 08:33:32.474067 0.00% [NOTICE] switch_loadable_module.c:329 Adding Application 'acknowledge_call'
2026-09-28 08:33:32.474074 0.00% [NOTICE] switch_loadable_module.c:329 Adding Application 'ring_ready'
2026-09-28 08:33:32.474082 0.00% [NOTICE] switch_loadable_module.c:329 Adding Application 'remove_bugs'
2026-09-28 08:33:32.474090 0.00% [NOTICE] switch_loadable_module.c:329 Adding Application 'break'
2026-09-28 08:33:32.474097 0.00% [NOTICE] switch_loadable_module.c:329 Adding Application 'detect_speech'
2026-09-28 08:33:32.474107 0.00% [NOTICE] switch_loadable_module.c:329 Adding Application 'play_and_detect_speech'
2026-09-28 08:33:32.474121 0.00% [NOTICE] switch_loadable_module.c:329 Adding Application 'ivr'
2026-09-28 08:33:32.474129 0.00% [NOTICE] switch_loadable_module.c:329 Adding Application 'redirect'
2026-09-28 08:33:32.474137 0.00% [NOTICE] switch_loadable_module.c:329 Adding Application 'video_refresh'
2026-09-28 08:33:32.474146 0.00% [NOTICE] switch_loadable_module.c:329 Adding Application 'video_decode'
2026-09-28 08:33:32.474172 0.00% [NOTICE] switch_loadable_module.c:329 Adding Application 'send_info'
2026-09-28 08:33:32.474179 0.00% [NOTICE] switch_loadable_module.c:329 Adding Application 'jitterbuffer'
2026-09-28 08:33:32.474186 0.00% [NOTICE] switch_loadable_module.c:329 Adding Application 'send_display'
2026-09-28 08:33:32.474196 0.00% [NOTICE] switch_loadable_module.c:329 Adding Application 'respond'
2026-09-28 08:33:32.474280 0.00% [NOTICE] switch_loadable_module.c:329 Adding Application 'deflect'
2026-09-28 08:33:32.474289 0.00% [NOTICE] switch_loadable_module.c:329 Adding Application 'recovery_refresh'
2026-09-28 08:33:32.474296 0.00% [NOTICE] switch_loadable_module.c:329 Adding Application 'reuse_caller_profile'
2026-09-28 08:33:32.474302 0.00% [NOTICE] switch_loadable_module.c:329 Adding Application 'queue_dtmf'
2026-09-28 08:33:32.474308 0.00% [NOTICE] switch_loadable_module.c:329 Adding Application 'send_dtmf'
2026-09-28 08:33:32.474316 0.00% [NOTICE] switch_loadable_module.c:329 Adding Application 'sched_cancel'
2026-09-28 08:33:32.474322 0.00% [NOTICE] switch_loadable_module.c:329 Adding Application 'sched_hangup'
2026-09-28 08:33:32.474328 0.00% [NOTICE] switch_loadable_module.c:329 Adding Application 'sched_broadcast'
2026-09-28 08:33:32.474335 0.00% [NOTICE] switch_loadable_module.c:329 Adding Application 'sched_transfer'
2026-09-28 08:33:32.474342 0.00% [NOTICE] switch_loadable_module.c:329 Adding Application 'execute_extension'
2026-09-28 08:33:32.474348 0.00% [NOTICE] switch_loadable_module.c:329 Adding Application 'sched_heartbeat'
2026-09-28 08:33:32.474404 0.00% [NOTICE] switch_loadable_module.c:329 Adding Application 'enable_heartbeat'
2026-09-28 08:33:32.474411 0.00% [NOTICE] switch_loadable_module.c:329 Adding Application 'filter_codecs'
2026-09-28 08:33:32.474418 0.00% [NOTICE] switch_loadable_module.c:329 Adding Application 'enable_keepalive'
2026-09-28 08:33:32.474424 0.00% [NOTICE] switch_loadable_module.c:329 Adding Application 'media_reset'
2026-09-28 08:33:32.474430 0.00% [NOTICE] switch_loadable_module.c:329 Adding Application 'mkdir'
2026-09-28 08:33:32.474437 0.00% [NOTICE] switch_loadable_module.c:329 Adding Application 'rename'
2026-09-28 08:33:32.474459 0.00% [NOTICE] switch_loadable_module.c:329 Adding Application 'transfer_vars'
2026-09-28 08:33:32.474466 0.00% [NOTICE] switch_loadable_module.c:329 Adding Application 'soft_hold'
2026-09-28 08:33:32.474472 0.00% [NOTICE] switch_loadable_module.c:329 Adding Application 'bind_meta_app'
2026-09-28 08:33:32.474478 0.00% [NOTICE] switch_loadable_module.c:329 Adding Application 'unbind_meta_app'
2026-09-28 08:33:32.474490 0.00% [NOTICE] switch_loadable_module.c:329 Adding Application 'block_dtmf'
2026-09-28 08:33:32.474496 0.00% [NOTICE] switch_loadable_module.c:329 Adding Application 'unblock_dtmf'
2026-09-28 08:33:32.474502 0.00% [NOTICE] switch_loadable_module.c:329 Adding Application 'intercept'
2026-09-28 08:33:32.474509 0.00% [NOTICE] switch_loadable_module.c:329 Adding Application 'eavesdrop'
2026-09-28 08:33:32.474516 0.00% [NOTICE] switch_loadable_module.c:329 Adding Application 'native_eavesdrop'
2026-09-28 08:33:32.474522 0.00% [NOTICE] switch_loadable_module.c:329 Adding Application 'three_way'
2026-09-28 08:33:32.474529 0.00% [NOTICE] switch_loadable_module.c:329 Adding Application 'set_user'
2026-09-28 08:33:32.474536 0.00% [NOTICE] switch_loadable_module.c:329 Adding Application 'stop_dtmf'
2026-09-28 08:33:32.474542 0.00% [NOTICE] switch_loadable_module.c:329 Adding Application 'start_dtmf'
2026-09-28 08:33:32.474598 0.00% [NOTICE] switch_loadable_module.c:329 Adding Application 'stop_dtmf_generate'
2026-09-28 08:33:32.474606 0.00% [NOTICE] switch_loadable_module.c:329 Adding Application 'start_dtmf_generate'
2026-09-28 08:33:32.474612 0.00% [NOTICE] switch_loadable_module.c:329 Adding Application 'stop_tone_detect'
2026-09-28 08:33:32.474618 0.00% [NOTICE] switch_loadable_module.c:329 Adding Application 'fax_detect'
2026-09-28 08:33:32.474626 0.00% [NOTICE] switch_loadable_module.c:329 Adding Application 'tone_detect'
2026-09-28 08:33:32.474632 0.00% [NOTICE] switch_loadable_module.c:329 Adding Application 'echo'
2026-09-28 08:33:32.474638 0.00% [NOTICE] switch_loadable_module.c:329 Adding Application 'park'
2026-09-28 08:33:32.474644 0.00% [NOTICE] switch_loadable_module.c:329 Adding Application 'park_state'
2026-09-28 08:33:32.474655 0.00% [NOTICE] switch_loadable_module.c:329 Adding Application 'gentones'
2026-09-28 08:33:32.474667 0.00% [NOTICE] switch_loadable_module.c:329 Adding Application 'playback'
2026-09-28 08:33:32.474674 0.00% [NOTICE] switch_loadable_module.c:329 Adding Application 'broadcast'
2026-09-28 08:33:32.474680 0.00% [NOTICE] switch_loadable_module.c:329 Adding Application 'endless_playback'
2026-09-28 08:33:32.474686 0.00% [NOTICE] switch_loadable_module.c:329 Adding Application 'loop_playback'
2026-09-28 08:33:32.474693 0.00% [NOTICE] switch_loadable_module.c:329 Adding Application 'att_xfer'
2026-09-28 08:33:32.474699 0.00% [NOTICE] switch_loadable_module.c:329 Adding Application 'read'
2026-09-28 08:33:32.474756 0.00% [NOTICE] switch_loadable_module.c:329 Adding Application 'play_and_get_digits'
2026-09-28 08:33:32.474768 0.00% [NOTICE] switch_loadable_module.c:329 Adding Application 'stop_video_write_overlay'
2026-09-28 08:33:32.474777 0.00% [NOTICE] switch_loadable_module.c:329 Adding Application 'video_write_overlay'
2026-09-28 08:33:32.474787 0.00% [NOTICE] switch_loadable_module.c:329 Adding Application 'stop_record_session'
2026-09-28 08:33:32.474842 0.00% [NOTICE] switch_loadable_module.c:329 Adding Application 'record_session'
2026-09-28 08:33:32.474849 0.00% [NOTICE] switch_loadable_module.c:329 Adding Application 'record_session_mask'
2026-09-28 08:33:32.474855 0.00% [NOTICE] switch_loadable_module.c:329 Adding Application 'record_session_unmask'
2026-09-28 08:33:32.474863 0.00% [NOTICE] switch_loadable_module.c:329 Adding Application 'record_session_pause'
2026-09-28 08:33:32.474909 0.00% [NOTICE] switch_loadable_module.c:329 Adding Application 'record_session_resume'
2026-09-28 08:33:32.474925 0.00% [NOTICE] switch_loadable_module.c:329 Adding Application 'record'
2026-09-28 08:33:32.474932 0.00% [NOTICE] switch_loadable_module.c:329 Adding Application 'preprocess'
2026-09-28 08:33:32.474938 0.00% [NOTICE] switch_loadable_module.c:329 Adding Application 'stop_displace_session'
2026-09-28 08:33:32.474945 0.00% [NOTICE] switch_loadable_module.c:329 Adding Application 'displace_session'
2026-09-28 08:33:32.474952 0.00% [NOTICE] switch_loadable_module.c:329 Adding Application 'speak'
2026-09-28 08:33:32.474959 0.00% [NOTICE] switch_loadable_module.c:329 Adding Application 'clear_speech_cache'
2026-09-28 08:33:32.474965 0.00% [NOTICE] switch_loadable_module.c:329 Adding Application 'bridge'
2026-09-28 08:33:32.474979 0.00% [NOTICE] switch_loadable_module.c:329 Adding Application 'system'
2026-09-28 08:33:32.474985 0.00% [NOTICE] switch_loadable_module.c:329 Adding Application 'bgsystem'
2026-09-28 08:33:32.474992 0.00% [NOTICE] switch_loadable_module.c:329 Adding Application 'say'
2026-09-28 08:33:32.474999 0.00% [NOTICE] switch_loadable_module.c:329 Adding Application 'detect_audio'
2026-09-28 08:33:32.475008 0.00% [NOTICE] switch_loadable_module.c:329 Adding Application 'detect_silence'
2026-09-28 08:33:32.475019 0.00% [NOTICE] switch_loadable_module.c:329 Adding Application 'wait_for_silence'
2026-09-28 08:33:32.475032 0.00% [NOTICE] switch_loadable_module.c:329 Adding Application 'session_loglevel'
2026-09-28 08:33:32.475043 0.00% [NOTICE] switch_loadable_module.c:329 Adding Application 'limit'
2026-09-28 08:33:32.475055 0.00% [NOTICE] switch_loadable_module.c:329 Adding Application 'limit_hash'
2026-09-28 08:33:32.475128 0.00% [NOTICE] switch_loadable_module.c:329 Adding Application 'limit_execute'
2026-09-28 08:33:32.475137 0.00% [NOTICE] switch_loadable_module.c:329 Adding Application 'limit_hash_execute'
2026-09-28 08:33:32.475143 0.00% [NOTICE] switch_loadable_module.c:329 Adding Application 'pickup'
2026-09-28 08:33:32.475150 0.00% [NOTICE] switch_loadable_module.c:329 Adding Application 'deduplicate_dtmf'
2026-09-28 08:33:32.475157 0.00% [NOTICE] switch_loadable_module.c:329 Adding Application 'vad_test'
2026-09-28 08:33:32.475163 0.00% [NOTICE] switch_loadable_module.c:329 Adding Application 'debug_media'
2026-09-28 08:33:32.475169 0.00% [NOTICE] switch_loadable_module.c:389 Adding API Function 'strepoch'
2026-09-28 08:33:32.475176 0.00% [NOTICE] switch_loadable_module.c:389 Adding API Function 'page'
2026-09-28 08:33:32.475184 0.00% [NOTICE] switch_loadable_module.c:389 Adding API Function 'strmicroepoch'
2026-09-28 08:33:32.475190 0.00% [NOTICE] switch_loadable_module.c:389 Adding API Function 'chat'
2026-09-28 08:33:32.475196 0.00% [NOTICE] switch_loadable_module.c:389 Adding API Function 'strftime'
2026-09-28 08:33:32.475202 0.00% [NOTICE] switch_loadable_module.c:389 Adding API Function 'presence'
2026-09-28 08:33:32.475210 0.00% [NOTICE] switch_loadable_module.c:455 Adding File Format 'file_string'
2026-09-28 08:33:32.475222 0.00% [NOTICE] switch_loadable_module.c:455 Adding File Format 'file'
2026-09-28 08:33:32.475230 0.00% [NOTICE] switch_loadable_module.c:455 Adding File Format 'tts'
2026-09-28 08:33:32.475236 0.00% [NOTICE] switch_loadable_module.c:621 Adding Chat interface 'event'
2026-09-28 08:33:32.475244 0.00% [NOTICE] switch_loadable_module.c:621 Adding Chat interface 'api'
2026-09-28 08:33:32.477316 0.00% [CONSOLE] switch_loadable_module.c:1772 Successfully Loaded [mod_expr]
2026-09-28 08:33:32.477370 0.00% [NOTICE] switch_loadable_module.c:389 Adding API Function 'expr'
2026-09-28 08:33:32.483782 0.00% [INFO] switch_core_sqldb.c:1840 fifo Starting SQL thread.
2026-09-28 08:33:32.489242 0.00% [INFO] mod_fifo.c:4647 cool_fifo@172.25.0.2 configured
2026-09-28 08:33:32.489641 0.00% [CONSOLE] switch_loadable_module.c:1772 Successfully Loaded [mod_fifo]
2026-09-28 08:33:32.489679 0.00% [NOTICE] switch_loadable_module.c:329 Adding Application 'fifo'
2026-09-28 08:33:32.489764 0.00% [NOTICE] switch_loadable_module.c:329 Adding Application 'fifo_track_call'
2026-09-28 08:33:32.489802 0.00% [NOTICE] switch_loadable_module.c:389 Adding API Function 'fifo'
2026-09-28 08:33:32.489827 0.00% [NOTICE] switch_loadable_module.c:389 Adding API Function 'fifo_member'
2026-09-28 08:33:32.489842 0.00% [NOTICE] switch_loadable_module.c:389 Adding API Function 'fifo_add_outbound'
2026-09-28 08:33:32.489851 0.00% [NOTICE] switch_loadable_module.c:389 Adding API Function 'fifo_check_bridge'
2026-09-28 08:33:32.491112 0.00% [DEBUG] switch_scheduler.c:263 Added task 3 limit_hash_cleanup (mod_hash) to run at 1790585312
2026-09-28 08:33:32.491192 0.00% [CONSOLE] switch_loadable_module.c:1772 Successfully Loaded [mod_hash]
2026-09-28 08:33:32.491208 0.00% [NOTICE] switch_loadable_module.c:329 Adding Application 'hash'
2026-09-28 08:33:32.491220 0.00% [NOTICE] switch_loadable_module.c:389 Adding API Function 'hash'
2026-09-28 08:33:32.491230 0.00% [NOTICE] switch_loadable_module.c:389 Adding API Function 'hash_dump'
2026-09-28 08:33:32.491238 0.00% [NOTICE] switch_loadable_module.c:389 Adding API Function 'hash_remote'
2026-09-28 08:33:32.491251 0.00% [NOTICE] switch_loadable_module.c:717 Adding Limit interface 'hash'
2026-09-28 08:33:32.497514 0.00% [INFO] mod_voicemail.c:794 Added Profile default
2026-09-28 08:33:32.497601 0.00% [CONSOLE] switch_loadable_module.c:1772 Successfully Loaded [mod_voicemail]
2026-09-28 08:33:32.497625 0.00% [NOTICE] switch_loadable_module.c:329 Adding Application 'voicemail'
2026-09-28 08:33:32.497707 0.00% [NOTICE] switch_loadable_module.c:389 Adding API Function 'voicemail'
2026-09-28 08:33:32.497733 0.00% [NOTICE] switch_loadable_module.c:389 Adding API Function 'voicemail_inject'
2026-09-28 08:33:32.497749 0.00% [NOTICE] switch_loadable_module.c:389 Adding API Function 'vm_inject'
2026-09-28 08:33:32.497847 0.00% [NOTICE] switch_loadable_module.c:389 Adding API Function 'vm_boxcount'
2026-09-28 08:33:32.497898 0.00% [NOTICE] switch_loadable_module.c:389 Adding API Function 'vm_prefs'
2026-09-28 08:33:32.497907 0.00% [NOTICE] switch_loadable_module.c:389 Adding API Function 'vm_delete'
2026-09-28 08:33:32.497922 0.00% [NOTICE] switch_loadable_module.c:389 Adding API Function 'vm_read'
2026-09-28 08:33:32.497930 0.00% [NOTICE] switch_loadable_module.c:389 Adding API Function 'vm_list'
2026-09-28 08:33:32.497942 0.00% [NOTICE] switch_loadable_module.c:389 Adding API Function 'vm_fsdb_auth_login'
2026-09-28 08:33:32.497949 0.00% [NOTICE] switch_loadable_module.c:389 Adding API Function 'vm_fsdb_msg_count'
2026-09-28 08:33:32.497995 0.00% [NOTICE] switch_loadable_module.c:389 Adding API Function 'vm_fsdb_msg_list'
2026-09-28 08:33:32.498007 0.00% [NOTICE] switch_loadable_module.c:389 Adding API Function 'vm_fsdb_msg_get'
2026-09-28 08:33:32.498017 0.00% [NOTICE] switch_loadable_module.c:389 Adding API Function 'vm_fsdb_msg_delete'
2026-09-28 08:33:32.498025 0.00% [NOTICE] switch_loadable_module.c:389 Adding API Function 'vm_fsdb_msg_undelete'
2026-09-28 08:33:32.498033 0.00% [NOTICE] switch_loadable_module.c:389 Adding API Function 'vm_fsdb_msg_email'
2026-09-28 08:33:32.498040 0.00% [NOTICE] switch_loadable_module.c:389 Adding API Function 'vm_fsdb_msg_purge'
2026-09-28 08:33:32.498047 0.00% [NOTICE] switch_loadable_module.c:389 Adding API Function 'vm_fsdb_msg_save'
2026-09-28 08:33:32.498072 0.00% [NOTICE] switch_loadable_module.c:389 Adding API Function 'vm_fsdb_msg_forward'
2026-09-28 08:33:32.498081 0.00% [NOTICE] switch_loadable_module.c:389 Adding API Function 'vm_fsdb_pref_greeting_set'
2026-09-28 08:33:32.498114 0.00% [NOTICE] switch_loadable_module.c:389 Adding API Function 'vm_fsdb_pref_greeting_get'
2026-09-28 08:33:32.498125 0.00% [NOTICE] switch_loadable_module.c:389 Adding API Function 'vm_fsdb_pref_recname_set'
2026-09-28 08:33:32.498135 0.00% [NOTICE] switch_loadable_module.c:389 Adding API Function 'vm_fsdb_pref_password_set'
2026-09-28 08:33:32.499764 0.00% [CONSOLE] switch_loadable_module.c:1772 Successfully Loaded [mod_esf]
2026-09-28 08:33:32.499814 0.00% [NOTICE] switch_loadable_module.c:329 Adding Application 'esf_page_group'
2026-09-28 08:33:32.501349 0.00% [CONSOLE] switch_loadable_module.c:1772 Successfully Loaded [mod_fsv]
2026-09-28 08:33:32.501380 0.00% [NOTICE] switch_loadable_module.c:329 Adding Application 'play_fsv'
2026-09-28 08:33:32.501438 0.00% [NOTICE] switch_loadable_module.c:329 Adding Application 'record_fsv'
2026-09-28 08:33:32.501459 0.00% [NOTICE] switch_loadable_module.c:329 Adding Application 'play_yuv'
2026-09-28 08:33:32.501473 0.00% [NOTICE] switch_loadable_module.c:329 Adding Application 'decode_video'
2026-09-28 08:33:32.501488 0.00% [NOTICE] switch_loadable_module.c:455 Adding File Format 'fsv'
2026-09-28 08:33:32.503418 0.00% [CONSOLE] switch_loadable_module.c:1772 Successfully Loaded [mod_valet_parking]
2026-09-28 08:33:32.503461 0.00% [NOTICE] switch_loadable_module.c:329 Adding Application 'valet_park'
2026-09-28 08:33:32.503527 0.00% [NOTICE] switch_loadable_module.c:389 Adding API Function 'valet_info'
2026-09-28 08:33:32.505107 0.00% [NOTICE] mod_httapi.c:2171 Profile [default] JSON Function [http://www.freeswitch.org/api/index.cgi]
2026-09-28 08:33:32.505146 0.00% [CONSOLE] switch_loadable_module.c:1772 Successfully Loaded [mod_httapi]
2026-09-28 08:33:32.505167 0.00% [NOTICE] switch_loadable_module.c:329 Adding Application 'httapi'
2026-09-28 08:33:32.505230 0.00% [NOTICE] switch_loadable_module.c:389 Adding API Function 'httapi'
2026-09-28 08:33:32.505253 0.00% [NOTICE] switch_loadable_module.c:455 Adding File Format 'http'
2026-09-28 08:33:32.505283 0.00% [NOTICE] switch_loadable_module.c:455 Adding File Format 'https'
2026-09-28 08:33:32.506879 0.00% [CONSOLE] switch_loadable_module.c:1772 Successfully Loaded [mod_dialplan_xml]
2026-09-28 08:33:32.506899 0.00% [NOTICE] switch_loadable_module.c:273 Adding Dialplan 'XML'
2026-09-28 08:33:32.507990 0.00% [CONSOLE] switch_loadable_module.c:1772 Successfully Loaded [mod_dialplan_asterisk]
2026-09-28 08:33:32.508010 0.00% [NOTICE] switch_loadable_module.c:172 Adding Endpoint 'SIP'
2026-09-28 08:33:32.508046 0.00% [NOTICE] switch_loadable_module.c:172 Adding Endpoint 'IAX2'
2026-09-28 08:33:32.508057 0.00% [NOTICE] switch_loadable_module.c:273 Adding Dialplan 'asterisk'
2026-09-28 08:33:32.508065 0.00% [NOTICE] switch_loadable_module.c:329 Adding Application 'Dial'
2026-09-28 08:33:32.508079 0.00% [NOTICE] switch_loadable_module.c:329 Adding Application 'Goto'
2026-09-28 08:33:32.508094 0.00% [NOTICE] switch_loadable_module.c:329 Adding Application 'AvoidingDeadlock'
2026-09-28 08:33:32.511319 0.00% [DEBUG] mod_spandsp_fax.c:213 FAX timer thread started.
2026-09-28 08:33:32.533585 0.00% [DEBUG] mod_spandsp.c:894 mod_spandsp loaded, using spandsp library version [20120902 163333]
2026-09-28 08:33:32.533711 0.00% [CONSOLE] switch_loadable_module.c:1772 Successfully Loaded [mod_spandsp]
2026-09-28 08:33:32.533750 0.00% [NOTICE] switch_loadable_module.c:172 Adding Endpoint 'modem'
2026-09-28 08:33:32.533839 0.00% [NOTICE] switch_loadable_module.c:223 Adding Codec DVI4 6 ADPCM (IMA) 16000hz 10ms 1ch 64000bps
2026-09-28 08:33:32.533849 0.00% [NOTICE] switch_loadable_module.c:223 Adding Codec DVI4 6 ADPCM (IMA) 16000hz 20ms 1ch 64000bps
2026-09-28 08:33:32.533855 0.00% [NOTICE] switch_loadable_module.c:223 Adding Codec DVI4 6 ADPCM (IMA) 16000hz 30ms 1ch 64000bps
2026-09-28 08:33:32.533859 0.00% [NOTICE] switch_loadable_module.c:223 Adding Codec DVI4 6 ADPCM (IMA) 16000hz 40ms 1ch 64000bps
2026-09-28 08:33:32.533863 0.00% [NOTICE] switch_loadable_module.c:223 Adding Codec DVI4 6 ADPCM (IMA) 16000hz 50ms 1ch 64000bps
2026-09-28 08:33:32.533868 0.00% [NOTICE] switch_loadable_module.c:223 Adding Codec DVI4 6 ADPCM (IMA) 16000hz 60ms 1ch 64000bps
2026-09-28 08:33:32.533872 0.00% [NOTICE] switch_loadable_module.c:223 Adding Codec DVI4 5 ADPCM (IMA) 8000hz 10ms 1ch 32000bps
2026-09-28 08:33:32.533968 0.00% [NOTICE] switch_loadable_module.c:223 Adding Codec DVI4 5 ADPCM (IMA) 8000hz 20ms 1ch 32000bps
2026-09-28 08:33:32.533975 0.00% [NOTICE] switch_loadable_module.c:223 Adding Codec DVI4 5 ADPCM (IMA) 8000hz 30ms 1ch 32000bps
2026-09-28 08:33:32.533982 0.00% [NOTICE] switch_loadable_module.c:223 Adding Codec DVI4 5 ADPCM (IMA) 8000hz 40ms 1ch 32000bps
2026-09-28 08:33:32.533988 0.00% [NOTICE] switch_loadable_module.c:223 Adding Codec DVI4 5 ADPCM (IMA) 8000hz 50ms 1ch 32000bps
2026-09-28 08:33:32.533992 0.00% [NOTICE] switch_loadable_module.c:223 Adding Codec DVI4 5 ADPCM (IMA) 8000hz 60ms 1ch 32000bps
2026-09-28 08:33:32.533996 0.00% [NOTICE] switch_loadable_module.c:223 Adding Codec DVI4 5 ADPCM (IMA) 8000hz 70ms 1ch 32000bps
2026-09-28 08:33:32.534000 0.00% [NOTICE] switch_loadable_module.c:223 Adding Codec DVI4 5 ADPCM (IMA) 8000hz 80ms 1ch 32000bps
2026-09-28 08:33:32.534004 0.00% [NOTICE] switch_loadable_module.c:223 Adding Codec DVI4 5 ADPCM (IMA) 8000hz 90ms 1ch 32000bps
2026-09-28 08:33:32.534009 0.00% [NOTICE] switch_loadable_module.c:223 Adding Codec DVI4 5 ADPCM (IMA) 8000hz 100ms 1ch 32000bps
2026-09-28 08:33:32.534012 0.00% [NOTICE] switch_loadable_module.c:223 Adding Codec DVI4 5 ADPCM (IMA) 8000hz 110ms 1ch 32000bps
2026-09-28 08:33:32.534015 0.00% [NOTICE] switch_loadable_module.c:223 Adding Codec DVI4 5 ADPCM (IMA) 8000hz 120ms 1ch 32000bps
2026-09-28 08:33:32.534054 0.00% [NOTICE] switch_loadable_module.c:223 Adding Codec AAL2-G726-16 124 G.726 16k (AAL2) 8000hz 10ms 1ch 16000bps
2026-09-28 08:33:32.534061 0.00% [NOTICE] switch_loadable_module.c:223 Adding Codec AAL2-G726-16 124 G.726 16k (AAL2) 8000hz 20ms 1ch 16000bps
2026-09-28 08:33:32.534077 0.00% [NOTICE] switch_loadable_module.c:223 Adding Codec AAL2-G726-16 124 G.726 16k (AAL2) 8000hz 30ms 1ch 16000bps
2026-09-28 08:33:32.534081 0.00% [NOTICE] switch_loadable_module.c:223 Adding Codec AAL2-G726-16 124 G.726 16k (AAL2) 8000hz 40ms 1ch 16000bps
2026-09-28 08:33:32.534085 0.00% [NOTICE] switch_loadable_module.c:223 Adding Codec AAL2-G726-16 124 G.726 16k (AAL2) 8000hz 50ms 1ch 16000bps
2026-09-28 08:33:32.534088 0.00% [NOTICE] switch_loadable_module.c:223 Adding Codec AAL2-G726-16 124 G.726 16k (AAL2) 8000hz 60ms 1ch 16000bps
2026-09-28 08:33:32.534091 0.00% [NOTICE] switch_loadable_module.c:223 Adding Codec AAL2-G726-16 124 G.726 16k (AAL2) 8000hz 70ms 1ch 16000bps
2026-09-28 08:33:32.534095 0.00% [NOTICE] switch_loadable_module.c:223 Adding Codec AAL2-G726-16 124 G.726 16k (AAL2) 8000hz 80ms 1ch 16000bps
2026-09-28 08:33:32.534100 0.00% [NOTICE] switch_loadable_module.c:223 Adding Codec AAL2-G726-16 124 G.726 16k (AAL2) 8000hz 90ms 1ch 16000bps
2026-09-28 08:33:32.534104 0.00% [NOTICE] switch_loadable_module.c:223 Adding Codec AAL2-G726-16 124 G.726 16k (AAL2) 8000hz 100ms 1ch 16000bps
2026-09-28 08:33:32.534108 0.00% [NOTICE] switch_loadable_module.c:223 Adding Codec AAL2-G726-16 124 G.726 16k (AAL2) 8000hz 110ms 1ch 16000bps
2026-09-28 08:33:32.534112 0.00% [NOTICE] switch_loadable_module.c:223 Adding Codec AAL2-G726-16 124 G.726 16k (AAL2) 8000hz 120ms 1ch 16000bps
2026-09-28 08:33:32.534148 0.00% [NOTICE] switch_loadable_module.c:223 Adding Codec G726-16 124 G.726 16k 8000hz 10ms 1ch 16000bps
2026-09-28 08:33:32.534155 0.00% [NOTICE] switch_loadable_module.c:223 Adding Codec G726-16 124 G.726 16k 8000hz 20ms 1ch 16000bps
2026-09-28 08:33:32.534161 0.00% [NOTICE] switch_loadable_module.c:223 Adding Codec G726-16 124 G.726 16k 8000hz 30ms 1ch 16000bps
2026-09-28 08:33:32.534166 0.00% [NOTICE] switch_loadable_module.c:223 Adding Codec G726-16 124 G.726 16k 8000hz 40ms 1ch 16000bps
2026-09-28 08:33:32.534170 0.00% [NOTICE] switch_loadable_module.c:223 Adding Codec G726-16 124 G.726 16k 8000hz 50ms 1ch 16000bps
2026-09-28 08:33:32.534173 0.00% [NOTICE] switch_loadable_module.c:223 Adding Codec G726-16 124 G.726 16k 8000hz 60ms 1ch 16000bps
2026-09-28 08:33:32.534177 0.00% [NOTICE] switch_loadable_module.c:223 Adding Codec G726-16 124 G.726 16k 8000hz 70ms 1ch 16000bps
2026-09-28 08:33:32.534181 0.00% [NOTICE] switch_loadable_module.c:223 Adding Codec G726-16 124 G.726 16k 8000hz 80ms 1ch 16000bps
2026-09-28 08:33:32.534185 0.00% [NOTICE] switch_loadable_module.c:223 Adding Codec G726-16 124 G.726 16k 8000hz 90ms 1ch 16000bps
2026-09-28 08:33:32.534189 0.00% [NOTICE] switch_loadable_module.c:223 Adding Codec G726-16 124 G.726 16k 8000hz 100ms 1ch 16000bps
2026-09-28 08:33:32.534193 0.00% [NOTICE] switch_loadable_module.c:223 Adding Codec G726-16 124 G.726 16k 8000hz 110ms 1ch 16000bps
2026-09-28 08:33:32.534197 0.00% [NOTICE] switch_loadable_module.c:223 Adding Codec G726-16 124 G.726 16k 8000hz 120ms 1ch 16000bps
2026-09-28 08:33:32.534229 0.00% [NOTICE] switch_loadable_module.c:223 Adding Codec AAL2-G726-24 123 G.726 24k (AAL2) 8000hz 10ms 1ch 24000bps
2026-09-28 08:33:32.534235 0.00% [NOTICE] switch_loadable_module.c:223 Adding Codec AAL2-G726-24 123 G.726 24k (AAL2) 8000hz 20ms 1ch 24000bps
2026-09-28 08:33:32.534240 0.00% [NOTICE] switch_loadable_module.c:223 Adding Codec AAL2-G726-24 123 G.726 24k (AAL2) 8000hz 30ms 1ch 24000bps
2026-09-28 08:33:32.534244 0.00% [NOTICE] switch_loadable_module.c:223 Adding Codec AAL2-G726-24 123 G.726 24k (AAL2) 8000hz 40ms 1ch 24000bps
2026-09-28 08:33:32.534248 0.00% [NOTICE] switch_loadable_module.c:223 Adding Codec AAL2-G726-24 123 G.726 24k (AAL2) 8000hz 50ms 1ch 24000bps
2026-09-28 08:33:32.534252 0.00% [NOTICE] switch_loadable_module.c:223 Adding Codec AAL2-G726-24 123 G.726 24k (AAL2) 8000hz 60ms 1ch 24000bps
2026-09-28 08:33:32.534264 0.00% [NOTICE] switch_loadable_module.c:223 Adding Codec AAL2-G726-24 123 G.726 24k (AAL2) 8000hz 70ms 1ch 24000bps
2026-09-28 08:33:32.534269 0.00% [NOTICE] switch_loadable_module.c:223 Adding Codec AAL2-G726-24 123 G.726 24k (AAL2) 8000hz 80ms 1ch 24000bps
2026-09-28 08:33:32.534273 0.00% [NOTICE] switch_loadable_module.c:223 Adding Codec AAL2-G726-24 123 G.726 24k (AAL2) 8000hz 90ms 1ch 24000bps
2026-09-28 08:33:32.534276 0.00% [NOTICE] switch_loadable_module.c:223 Adding Codec AAL2-G726-24 123 G.726 24k (AAL2) 8000hz 100ms 1ch 24000bps
2026-09-28 08:33:32.534280 0.00% [NOTICE] switch_loadable_module.c:223 Adding Codec AAL2-G726-24 123 G.726 24k (AAL2) 8000hz 110ms 1ch 24000bps
2026-09-28 08:33:32.534284 0.00% [NOTICE] switch_loadable_module.c:223 Adding Codec AAL2-G726-24 123 G.726 24k (AAL2) 8000hz 120ms 1ch 24000bps
2026-09-28 08:33:32.534314 0.00% [NOTICE] switch_loadable_module.c:223 Adding Codec G726-24 123 G.726 24k 8000hz 10ms 1ch 24000bps
2026-09-28 08:33:32.534319 0.00% [NOTICE] switch_loadable_module.c:223 Adding Codec G726-24 123 G.726 24k 8000hz 20ms 1ch 24000bps
2026-09-28 08:33:32.534324 0.00% [NOTICE] switch_loadable_module.c:223 Adding Codec G726-24 123 G.726 24k 8000hz 30ms 1ch 24000bps
2026-09-28 08:33:32.534328 0.00% [NOTICE] switch_loadable_module.c:223 Adding Codec G726-24 123 G.726 24k 8000hz 40ms 1ch 24000bps
2026-09-28 08:33:32.534331 0.00% [NOTICE] switch_loadable_module.c:223 Adding Codec G726-24 123 G.726 24k 8000hz 50ms 1ch 24000bps
2026-09-28 08:33:32.534355 0.00% [NOTICE] switch_loadable_module.c:223 Adding Codec G726-24 123 G.726 24k 8000hz 60ms 1ch 24000bps
2026-09-28 08:33:32.534361 0.00% [NOTICE] switch_loadable_module.c:223 Adding Codec G726-24 123 G.726 24k 8000hz 70ms 1ch 24000bps
2026-09-28 08:33:32.534365 0.00% [NOTICE] switch_loadable_module.c:223 Adding Codec G726-24 123 G.726 24k 8000hz 80ms 1ch 24000bps
2026-09-28 08:33:32.534369 0.00% [NOTICE] switch_loadable_module.c:223 Adding Codec G726-24 123 G.726 24k 8000hz 90ms 1ch 24000bps
2026-09-28 08:33:32.534372 0.00% [NOTICE] switch_loadable_module.c:223 Adding Codec G726-24 123 G.726 24k 8000hz 100ms 1ch 24000bps
2026-09-28 08:33:32.534376 0.00% [NOTICE] switch_loadable_module.c:223 Adding Codec G726-24 123 G.726 24k 8000hz 110ms 1ch 24000bps
2026-09-28 08:33:32.534381 0.00% [NOTICE] switch_loadable_module.c:223 Adding Codec G726-24 123 G.726 24k 8000hz 120ms 1ch 24000bps
2026-09-28 08:33:32.534411 0.00% [NOTICE] switch_loadable_module.c:223 Adding Codec AAL2-G726-32 122 G.726 32k (AAL2) 8000hz 10ms 1ch 32000bps
2026-09-28 08:33:32.534417 0.00% [NOTICE] switch_loadable_module.c:223 Adding Codec AAL2-G726-32 122 G.726 32k (AAL2) 8000hz 20ms 1ch 32000bps
2026-09-28 08:33:32.534422 0.00% [NOTICE] switch_loadable_module.c:223 Adding Codec AAL2-G726-32 122 G.726 32k (AAL2) 8000hz 30ms 1ch 32000bps
2026-09-28 08:33:32.534427 0.00% [NOTICE] switch_loadable_module.c:223 Adding Codec AAL2-G726-32 122 G.726 32k (AAL2) 8000hz 40ms 1ch 32000bps
2026-09-28 08:33:32.534432 0.00% [NOTICE] switch_loadable_module.c:223 Adding Codec AAL2-G726-32 122 G.726 32k (AAL2) 8000hz 50ms 1ch 32000bps
2026-09-28 08:33:32.534435 0.00% [NOTICE] switch_loadable_module.c:223 Adding Codec AAL2-G726-32 122 G.726 32k (AAL2) 8000hz 60ms 1ch 32000bps
2026-09-28 08:33:32.534440 0.00% [NOTICE] switch_loadable_module.c:223 Adding Codec AAL2-G726-32 122 G.726 32k (AAL2) 8000hz 70ms 1ch 32000bps
2026-09-28 08:33:32.534444 0.00% [NOTICE] switch_loadable_module.c:223 Adding Codec AAL2-G726-32 122 G.726 32k (AAL2) 8000hz 80ms 1ch 32000bps
2026-09-28 08:33:32.534448 0.00% [NOTICE] switch_loadable_module.c:223 Adding Codec AAL2-G726-32 122 G.726 32k (AAL2) 8000hz 90ms 1ch 32000bps
2026-09-28 08:33:32.534452 0.00% [NOTICE] switch_loadable_module.c:223 Adding Codec AAL2-G726-32 122 G.726 32k (AAL2) 8000hz 100ms 1ch 32000bps
2026-09-28 08:33:32.534456 0.00% [NOTICE] switch_loadable_module.c:223 Adding Codec AAL2-G726-32 122 G.726 32k (AAL2) 8000hz 110ms 1ch 32000bps
2026-09-28 08:33:32.534460 0.00% [NOTICE] switch_loadable_module.c:223 Adding Codec AAL2-G726-32 122 G.726 32k (AAL2) 8000hz 120ms 1ch 32000bps
2026-09-28 08:33:32.534489 0.00% [NOTICE] switch_loadable_module.c:223 Adding Codec G726-32 122 G.726 32k 8000hz 10ms 1ch 32000bps
2026-09-28 08:33:32.534494 0.00% [NOTICE] switch_loadable_module.c:223 Adding Codec G726-32 122 G.726 32k 8000hz 20ms 1ch 32000bps
2026-09-28 08:33:32.534498 0.00% [NOTICE] switch_loadable_module.c:223 Adding Codec G726-32 122 G.726 32k 8000hz 30ms 1ch 32000bps
2026-09-28 08:33:32.534502 0.00% [NOTICE] switch_loadable_module.c:223 Adding Codec G726-32 122 G.726 32k 8000hz 40ms 1ch 32000bps
2026-09-28 08:33:32.534506 0.00% [NOTICE] switch_loadable_module.c:223 Adding Codec G726-32 122 G.726 32k 8000hz 50ms 1ch 32000bps
2026-09-28 08:33:32.534509 0.00% [NOTICE] switch_loadable_module.c:223 Adding Codec G726-32 122 G.726 32k 8000hz 60ms 1ch 32000bps
2026-09-28 08:33:32.534513 0.00% [NOTICE] switch_loadable_module.c:223 Adding Codec G726-32 122 G.726 32k 8000hz 70ms 1ch 32000bps
2026-09-28 08:33:32.534517 0.00% [NOTICE] switch_loadable_module.c:223 Adding Codec G726-32 122 G.726 32k 8000hz 80ms 1ch 32000bps
2026-09-28 08:33:32.534520 0.00% [NOTICE] switch_loadable_module.c:223 Adding Codec G726-32 122 G.726 32k 8000hz 90ms 1ch 32000bps
2026-09-28 08:33:32.534524 0.00% [NOTICE] switch_loadable_module.c:223 Adding Codec G726-32 122 G.726 32k 8000hz 100ms 1ch 32000bps
2026-09-28 08:33:32.534528 0.00% [NOTICE] switch_loadable_module.c:223 Adding Codec G726-32 122 G.726 32k 8000hz 110ms 1ch 32000bps
2026-09-28 08:33:32.534532 0.00% [NOTICE] switch_loadable_module.c:223 Adding Codec G726-32 122 G.726 32k 8000hz 120ms 1ch 32000bps
2026-09-28 08:33:32.534565 0.00% [NOTICE] switch_loadable_module.c:223 Adding Codec AAL2-G726-40 121 G.726 40k (AAL2) 8000hz 10ms 1ch 40000bps
2026-09-28 08:33:32.534571 0.00% [NOTICE] switch_loadable_module.c:223 Adding Codec AAL2-G726-40 121 G.726 40k (AAL2) 8000hz 20ms 1ch 40000bps
2026-09-28 08:33:32.534577 0.00% [NOTICE] switch_loadable_module.c:223 Adding Codec AAL2-G726-40 121 G.726 40k (AAL2) 8000hz 30ms 1ch 40000bps
2026-09-28 08:33:32.534581 0.00% [NOTICE] switch_loadable_module.c:223 Adding Codec AAL2-G726-40 121 G.726 40k (AAL2) 8000hz 40ms 1ch 40000bps
2026-09-28 08:33:32.534585 0.00% [NOTICE] switch_loadable_module.c:223 Adding Codec AAL2-G726-40 121 G.726 40k (AAL2) 8000hz 50ms 1ch 40000bps
2026-09-28 08:33:32.534589 0.00% [NOTICE] switch_loadable_module.c:223 Adding Codec AAL2-G726-40 121 G.726 40k (AAL2) 8000hz 60ms 1ch 40000bps
2026-09-28 08:33:32.534593 0.00% [NOTICE] switch_loadable_module.c:223 Adding Codec AAL2-G726-40 121 G.726 40k (AAL2) 8000hz 70ms 1ch 40000bps
2026-09-28 08:33:32.534597 0.00% [NOTICE] switch_loadable_module.c:223 Adding Codec AAL2-G726-40 121 G.726 40k (AAL2) 8000hz 80ms 1ch 40000bps
2026-09-28 08:33:32.534601 0.00% [NOTICE] switch_loadable_module.c:223 Adding Codec AAL2-G726-40 121 G.726 40k (AAL2) 8000hz 90ms 1ch 40000bps
2026-09-28 08:33:32.534605 0.00% [NOTICE] switch_loadable_module.c:223 Adding Codec AAL2-G726-40 121 G.726 40k (AAL2) 8000hz 100ms 1ch 40000bps
2026-09-28 08:33:32.534608 0.00% [NOTICE] switch_loadable_module.c:223 Adding Codec AAL2-G726-40 121 G.726 40k (AAL2) 8000hz 110ms 1ch 40000bps
2026-09-28 08:33:32.534612 0.00% [NOTICE] switch_loadable_module.c:223 Adding Codec AAL2-G726-40 121 G.726 40k (AAL2) 8000hz 120ms 1ch 40000bps
2026-09-28 08:33:32.534640 0.00% [NOTICE] switch_loadable_module.c:223 Adding Codec G726-40 121 G.726 40k 8000hz 10ms 1ch 40000bps
2026-09-28 08:33:32.534651 0.00% [NOTICE] switch_loadable_module.c:223 Adding Codec G726-40 121 G.726 40k 8000hz 20ms 1ch 40000bps
2026-09-28 08:33:32.534655 0.00% [NOTICE] switch_loadable_module.c:223 Adding Codec G726-40 121 G.726 40k 8000hz 30ms 1ch 40000bps
2026-09-28 08:33:32.534659 0.00% [NOTICE] switch_loadable_module.c:223 Adding Codec G726-40 121 G.726 40k 8000hz 40ms 1ch 40000bps
2026-09-28 08:33:32.534701 0.00% [NOTICE] switch_loadable_module.c:223 Adding Codec G726-40 121 G.726 40k 8000hz 50ms 1ch 40000bps
2026-09-28 08:33:32.534819 0.00% [NOTICE] switch_loadable_module.c:223 Adding Codec G726-40 121 G.726 40k 8000hz 60ms 1ch 40000bps
2026-09-28 08:33:32.534824 0.00% [NOTICE] switch_loadable_module.c:223 Adding Codec G726-40 121 G.726 40k 8000hz 70ms 1ch 40000bps
2026-09-28 08:33:32.534827 0.00% [NOTICE] switch_loadable_module.c:223 Adding Codec G726-40 121 G.726 40k 8000hz 80ms 1ch 40000bps
2026-09-28 08:33:32.534831 0.00% [NOTICE] switch_loadable_module.c:223 Adding Codec G726-40 121 G.726 40k 8000hz 90ms 1ch 40000bps
2026-09-28 08:33:32.534834 0.00% [NOTICE] switch_loadable_module.c:223 Adding Codec G726-40 121 G.726 40k 8000hz 100ms 1ch 40000bps
2026-09-28 08:33:32.534850 0.00% [NOTICE] switch_loadable_module.c:223 Adding Codec G726-40 121 G.726 40k 8000hz 110ms 1ch 40000bps
2026-09-28 08:33:32.534853 0.00% [NOTICE] switch_loadable_module.c:223 Adding Codec G726-40 121 G.726 40k 8000hz 120ms 1ch 40000bps
2026-09-28 08:33:32.534884 0.00% [NOTICE] switch_loadable_module.c:223 Adding Codec G722 9 G.722 16000hz 10ms 1ch 64000bps
2026-09-28 08:33:32.534890 0.00% [NOTICE] switch_loadable_module.c:223 Adding Codec G722 9 G.722 16000hz 20ms 1ch 64000bps
2026-09-28 08:33:32.534894 0.00% [NOTICE] switch_loadable_module.c:223 Adding Codec G722 9 G.722 16000hz 30ms 1ch 64000bps
2026-09-28 08:33:32.534898 0.00% [NOTICE] switch_loadable_module.c:223 Adding Codec G722 9 G.722 16000hz 40ms 1ch 64000bps
2026-09-28 08:33:32.534901 0.00% [NOTICE] switch_loadable_module.c:223 Adding Codec G722 9 G.722 16000hz 50ms 1ch 64000bps
2026-09-28 08:33:32.534905 0.00% [NOTICE] switch_loadable_module.c:223 Adding Codec G722 9 G.722 16000hz 60ms 1ch 64000bps
2026-09-28 08:33:32.534919 0.00% [NOTICE] switch_loadable_module.c:223 Adding Codec GSM 3 GSM 8000hz 20ms 1ch 13200bps
2026-09-28 08:33:32.534928 0.00% [NOTICE] switch_loadable_module.c:223 Adding Codec GSM 3 GSM 8000hz 40ms 1ch 13200bps
2026-09-28 08:33:32.534932 0.00% [NOTICE] switch_loadable_module.c:223 Adding Codec GSM 3 GSM 8000hz 60ms 1ch 13200bps
2026-09-28 08:33:32.534936 0.00% [NOTICE] switch_loadable_module.c:223 Adding Codec GSM 3 GSM 8000hz 80ms 1ch 13200bps
2026-09-28 08:33:32.534940 0.00% [NOTICE] switch_loadable_module.c:223 Adding Codec GSM 3 GSM 8000hz 100ms 1ch 13200bps
2026-09-28 08:33:32.534943 0.00% [NOTICE] switch_loadable_module.c:223 Adding Codec GSM 3 GSM 8000hz 120ms 1ch 13200bps
2026-09-28 08:33:32.534971 0.00% [NOTICE] switch_loadable_module.c:223 Adding Codec LPC 7 LPC-10 8000hz 90ms 1ch 2400bps
2026-09-28 08:33:32.534983 0.00% [NOTICE] switch_loadable_module.c:329 Adding Application 't38_gateway'
2026-09-28 08:33:32.534997 0.00% [NOTICE] switch_loadable_module.c:329 Adding Application 'rxfax'
2026-09-28 08:33:32.535008 0.00% [NOTICE] switch_loadable_module.c:329 Adding Application 'txfax'
2026-09-28 08:33:32.535020 0.00% [NOTICE] switch_loadable_module.c:329 Adding Application 'stopfax'
2026-09-28 08:33:32.535039 0.00% [NOTICE] switch_loadable_module.c:329 Adding Application 'spandsp_stop_dtmf'
2026-09-28 08:33:32.535050 0.00% [NOTICE] switch_loadable_module.c:329 Adding Application 'spandsp_start_dtmf'
2026-09-28 08:33:32.535061 0.00% [NOTICE] switch_loadable_module.c:329 Adding Application 'spandsp_stop_inject_tdd'
2026-09-28 08:33:32.535139 0.00% [NOTICE] switch_loadable_module.c:329 Adding Application 'spandsp_inject_tdd'
2026-09-28 08:33:32.535180 0.00% [NOTICE] switch_loadable_module.c:329 Adding Application 'spandsp_stop_detect_tdd'
2026-09-28 08:33:32.535190 0.00% [NOTICE] switch_loadable_module.c:329 Adding Application 'spandsp_detect_tdd'
2026-09-28 08:33:32.535200 0.00% [NOTICE] switch_loadable_module.c:329 Adding Application 'spandsp_send_tdd'
2026-09-28 08:33:32.535209 0.00% [NOTICE] switch_loadable_module.c:329 Adding Application 'spandsp_start_fax_detect'
2026-09-28 08:33:32.535216 0.00% [NOTICE] switch_loadable_module.c:329 Adding Application 'spandsp_stop_fax_detect'
2026-09-28 08:33:32.535223 0.00% [NOTICE] switch_loadable_module.c:329 Adding Application 'spandsp_start_tone_detect'
2026-09-28 08:33:32.535231 0.00% [NOTICE] switch_loadable_module.c:329 Adding Application 'spandsp_stop_tone_detect'
2026-09-28 08:33:32.535239 0.00% [NOTICE] switch_loadable_module.c:389 Adding API Function 'spandsp_start_tone_detect'
2026-09-28 08:33:32.535257 0.00% [NOTICE] switch_loadable_module.c:389 Adding API Function 'spandsp_stop_tone_detect'
2026-09-28 08:33:32.535264 0.00% [NOTICE] switch_loadable_module.c:389 Adding API Function 'start_tdd_detect'
2026-09-28 08:33:32.535274 0.00% [NOTICE] switch_loadable_module.c:389 Adding API Function 'stop_tdd_detect'
2026-09-28 08:33:32.535286 0.00% [NOTICE] switch_loadable_module.c:389 Adding API Function 'uuid_send_tdd'
2026-09-28 08:33:32.536657 0.00% [CONSOLE] switch_loadable_module.c:1772 Successfully Loaded [mod_g723_1]
2026-09-28 08:33:32.536685 0.00% [NOTICE] switch_loadable_module.c:223 Adding Codec G723 4 G.723.1 6.3k 8000hz 120ms 1ch 6300bps
2026-09-28 08:33:32.536692 0.00% [NOTICE] switch_loadable_module.c:223 Adding Codec G723 4 G.723.1 6.3k 8000hz 90ms 1ch 6300bps
2026-09-28 08:33:32.536697 0.00% [NOTICE] switch_loadable_module.c:223 Adding Codec G723 4 G.723.1 6.3k 8000hz 60ms 1ch 6300bps
2026-09-28 08:33:32.536700 0.00% [NOTICE] switch_loadable_module.c:223 Adding Codec G723 4 G.723.1 6.3k 8000hz 30ms 1ch 6300bps
2026-09-28 08:33:32.537306 0.00% [CONSOLE] switch_loadable_module.c:1772 Successfully Loaded [mod_g729]
2026-09-28 08:33:32.537322 0.00% [NOTICE] switch_loadable_module.c:223 Adding Codec G729 18 G.729 8000hz 10ms 1ch 8000bps
2026-09-28 08:33:32.537328 0.00% [NOTICE] switch_loadable_module.c:223 Adding Codec G729 18 G.729 8000hz 20ms 1ch 8000bps
2026-09-28 08:33:32.537331 0.00% [NOTICE] switch_loadable_module.c:223 Adding Codec G729 18 G.729 8000hz 30ms 1ch 8000bps
2026-09-28 08:33:32.537333 0.00% [NOTICE] switch_loadable_module.c:223 Adding Codec G729 18 G.729 8000hz 40ms 1ch 8000bps
2026-09-28 08:33:32.537336 0.00% [NOTICE] switch_loadable_module.c:223 Adding Codec G729 18 G.729 8000hz 50ms 1ch 8000bps
2026-09-28 08:33:32.537337 0.00% [NOTICE] switch_loadable_module.c:223 Adding Codec G729 18 G.729 8000hz 60ms 1ch 8000bps
2026-09-28 08:33:32.537340 0.00% [NOTICE] switch_loadable_module.c:223 Adding Codec G729 18 G.729 8000hz 70ms 1ch 8000bps
2026-09-28 08:33:32.537359 0.00% [NOTICE] switch_loadable_module.c:223 Adding Codec G729 18 G.729 8000hz 80ms 1ch 8000bps
2026-09-28 08:33:32.537362 0.00% [NOTICE] switch_loadable_module.c:223 Adding Codec G729 18 G.729 8000hz 90ms 1ch 8000bps
2026-09-28 08:33:32.537371 0.00% [NOTICE] switch_loadable_module.c:223 Adding Codec G729 18 G.729 8000hz 100ms 1ch 8000bps
2026-09-28 08:33:32.537373 0.00% [NOTICE] switch_loadable_module.c:223 Adding Codec G729 18 G.729 8000hz 110ms 1ch 8000bps
2026-09-28 08:33:32.537375 0.00% [NOTICE] switch_loadable_module.c:223 Adding Codec G729 18 G.729 8000hz 120ms 1ch 8000bps
2026-09-28 08:33:32.538187 0.00% [CONSOLE] switch_loadable_module.c:1772 Successfully Loaded [mod_amr]
2026-09-28 08:33:32.538207 0.00% [NOTICE] switch_loadable_module.c:223 Adding Codec AMR 96 AMR / Octet Aligned 8000hz 20ms 1ch 12200bps
2026-09-28 08:33:32.538261 0.00% [NOTICE] switch_loadable_module.c:223 Adding Codec AMR 97 AMR / Bandwidth Efficient 8000hz 20ms 1ch 12200bps
2026-09-28 08:33:32.538576 0.00% [CONSOLE] switch_loadable_module.c:1772 Successfully Loaded [mod_b64]
2026-09-28 08:33:32.538592 0.00% [NOTICE] switch_loadable_module.c:223 Adding Codec b64 116 B64 (STANDARD) 32000hz 20ms 1ch 684800bps
2026-09-28 08:33:32.538597 0.00% [NOTICE] switch_loadable_module.c:223 Adding Codec b64 116 B64 (STANDARD) 16000hz 20ms 1ch 342400bps
2026-09-28 08:33:32.538600 0.00% [NOTICE] switch_loadable_module.c:223 Adding Codec b64 116 B64 (STANDARD) 8000hz 20ms 1ch 171200bps
2026-09-28 08:33:32.540932 0.00% [CONSOLE] switch_loadable_module.c:1772 Successfully Loaded [mod_opus]
2026-09-28 08:33:32.540965 0.00% [NOTICE] switch_loadable_module.c:229 Adding Codec opus 116 OPUS (STANDARD) 8000hz 40ms 2ch (VBR)
2026-09-28 08:33:32.540972 0.00% [NOTICE] switch_loadable_module.c:229 Adding Codec opus 116 OPUS (STANDARD) 8000hz 40ms 1ch (VBR)
2026-09-28 08:33:32.540976 0.00% [NOTICE] switch_loadable_module.c:229 Adding Codec opus 116 OPUS (STANDARD) 8000hz 120ms 1ch (VBR)
2026-09-28 08:33:32.540981 0.00% [NOTICE] switch_loadable_module.c:229 Adding Codec opus 116 OPUS (STANDARD) 8000hz 100ms 1ch (VBR)
2026-09-28 08:33:32.540986 0.00% [NOTICE] switch_loadable_module.c:229 Adding Codec opus 116 OPUS (STANDARD) 8000hz 80ms 1ch (VBR)
2026-09-28 08:33:32.540990 0.00% [NOTICE] switch_loadable_module.c:229 Adding Codec opus 116 OPUS (STANDARD) 8000hz 60ms 1ch (VBR)
2026-09-28 08:33:32.540995 0.00% [NOTICE] switch_loadable_module.c:229 Adding Codec opus 116 OPUS (STANDARD) 8000hz 20ms 2ch (VBR)
2026-09-28 08:33:32.540999 0.00% [NOTICE] switch_loadable_module.c:229 Adding Codec opus 116 OPUS (STANDARD) 8000hz 20ms 1ch (VBR)
2026-09-28 08:33:32.541003 0.00% [NOTICE] switch_loadable_module.c:229 Adding Codec opus 116 OPUS (STANDARD) 8000hz 10ms 2ch (VBR)
2026-09-28 08:33:32.541007 0.00% [NOTICE] switch_loadable_module.c:229 Adding Codec opus 116 OPUS (STANDARD) 8000hz 10ms 1ch (VBR)
2026-09-28 08:33:32.541011 0.00% [NOTICE] switch_loadable_module.c:229 Adding Codec opus 116 OPUS (STANDARD) 16000hz 40ms 2ch (VBR)
2026-09-28 08:33:32.541014 0.00% [NOTICE] switch_loadable_module.c:229 Adding Codec opus 116 OPUS (STANDARD) 16000hz 40ms 1ch (VBR)
2026-09-28 08:33:32.541017 0.00% [NOTICE] switch_loadable_module.c:229 Adding Codec opus 116 OPUS (STANDARD) 16000hz 60ms 1ch (VBR)
2026-09-28 08:33:32.541020 0.00% [NOTICE] switch_loadable_module.c:229 Adding Codec opus 116 OPUS (STANDARD) 16000hz 20ms 2ch (VBR)
2026-09-28 08:33:32.541023 0.00% [NOTICE] switch_loadable_module.c:229 Adding Codec opus 116 OPUS (STANDARD) 16000hz 20ms 1ch (VBR)
2026-09-28 08:33:32.541033 0.00% [NOTICE] switch_loadable_module.c:229 Adding Codec opus 116 OPUS (STANDARD) 16000hz 10ms 2ch (VBR)
2026-09-28 08:33:32.541037 0.00% [NOTICE] switch_loadable_module.c:229 Adding Codec opus 116 OPUS (STANDARD) 16000hz 10ms 1ch (VBR)
2026-09-28 08:33:32.541041 0.00% [NOTICE] switch_loadable_module.c:229 Adding Codec opus 116 OPUS (STANDARD) 48000hz 40ms 2ch (VBR)
2026-09-28 08:33:32.541045 0.00% [NOTICE] switch_loadable_module.c:229 Adding Codec opus 116 OPUS (STANDARD) 48000hz 40ms 1ch (VBR)
2026-09-28 08:33:32.541049 0.00% [NOTICE] switch_loadable_module.c:229 Adding Codec opus 116 OPUS (STANDARD) 48000hz 20ms 2ch (VBR)
2026-09-28 08:33:32.541052 0.00% [NOTICE] switch_loadable_module.c:229 Adding Codec opus 116 OPUS (STANDARD) 48000hz 20ms 1ch (VBR)
2026-09-28 08:33:32.541058 0.00% [NOTICE] switch_loadable_module.c:229 Adding Codec opus 116 OPUS (STANDARD) 48000hz 10ms 2ch (VBR)
2026-09-28 08:33:32.541062 0.00% [NOTICE] switch_loadable_module.c:229 Adding Codec opus 116 OPUS (STANDARD) 48000hz 10ms 1ch (VBR)
2026-09-28 08:33:32.541194 0.00% [NOTICE] switch_loadable_module.c:389 Adding API Function 'opus_debug'
2026-09-28 08:33:32.541781 0.00% [CRIT] switch_loadable_module.c:1754 Error Loading module /usr/lib/freeswitch/mod/mod_av.so
**Error loading shared library libavformat.so.62: No such file or directory (needed by /usr/lib/freeswitch/mod/mod_av.so)**
2026-09-28 08:33:32.553593 0.00% [INFO] mod_sndfile.c:498 
LibSndFile Version : libsndfile-1.2.2 Supported Formats
================================================================================
AIFF (Apple/SGI)  (extension "aiff")
AU (Sun/NeXT)  (extension "au")
AVR (Audio Visual Research)  (extension "avr")
CAF (Apple Core Audio File)  (extension "caf")
FLAC (Free Lossless Audio Codec)  (extension "flac")
HTK (HMM Tool Kit)  (extension "htk")
IFF (Amiga IFF/SVX8/SV16)  (extension "iff")
MAT4 (GNU Octave 2.0 / Matlab 4.2)  (extension "mat")
MAT5 (GNU Octave 2.1 / Matlab 5.0)  (extension "mat")
MPC (Akai MPC 2k)  (extension "mpc")
MPEG-1/2 Audio  (extension "m1a")
OGG (OGG Container format)  (extension "oga")
OGG (OGG Container format)  (extension "ogg")
PAF (Ensoniq PARIS)  (extension "paf")
PVF (Portable Voice Format)  (extension "pvf")
RAW (header-less)  (extension "raw")
RF64 (RIFF 64)  (extension "rf64")
SD2 (Sound Designer II)  (extension "sd2")
SDS (Midi Sample Dump Standard)  (extension "sds")
SF (Berkeley/IRCAM/CARL)  (extension "sf")
VOC (Creative Labs)  (extension "voc")
W64 (SoundFoundry WAVE 64)  (extension "w64")
WAV (Microsoft)  (extension "wav")
WAV (NIST Sphere)  (extension "wav")
WAVEX (Microsoft)  (extension "wav")
WVE (Psion Series 3)  (extension "wve")
XI (FastTracker 2)  (extension "xi")
================================================================================
2026-09-28 08:33:32.554264 0.00% [CONSOLE] switch_loadable_module.c:1772 Successfully Loaded [mod_sndfile]
2026-09-28 08:33:32.554300 0.00% [NOTICE] switch_loadable_module.c:389 Adding API Function 'sndfile_debug'
2026-09-28 08:33:32.554374 0.00% [NOTICE] switch_loadable_module.c:455 Adding File Format 'aiff'
2026-09-28 08:33:32.554387 0.00% [NOTICE] switch_loadable_module.c:455 Adding File Format 'au'
2026-09-28 08:33:32.554397 0.00% [NOTICE] switch_loadable_module.c:455 Adding File Format 'avr'
2026-09-28 08:33:32.554414 0.00% [NOTICE] switch_loadable_module.c:455 Adding File Format 'caf'
2026-09-28 08:33:32.554425 0.00% [NOTICE] switch_loadable_module.c:455 Adding File Format 'flac'
2026-09-28 08:33:32.554448 0.00% [NOTICE] switch_loadable_module.c:455 Adding File Format 'htk'
2026-09-28 08:33:32.554460 0.00% [NOTICE] switch_loadable_module.c:455 Adding File Format 'iff'
2026-09-28 08:33:32.554474 0.00% [NOTICE] switch_loadable_module.c:455 Adding File Format 'mat'
2026-09-28 08:33:32.554484 0.00% [NOTICE] switch_loadable_module.c:455 Adding File Format 'mpc'
2026-09-28 08:33:32.554495 0.00% [NOTICE] switch_loadable_module.c:455 Adding File Format 'm1a'
2026-09-28 08:33:32.554504 0.00% [NOTICE] switch_loadable_module.c:455 Adding File Format 'oga'
2026-09-28 08:33:32.554522 0.00% [NOTICE] switch_loadable_module.c:455 Adding File Format 'paf'
2026-09-28 08:33:32.554533 0.00% [NOTICE] switch_loadable_module.c:455 Adding File Format 'pvf'
2026-09-28 08:33:32.554544 0.00% [NOTICE] switch_loadable_module.c:455 Adding File Format 'raw'
2026-09-28 08:33:32.554556 0.00% [NOTICE] switch_loadable_module.c:455 Adding File Format 'rf64'
2026-09-28 08:33:32.554565 0.00% [NOTICE] switch_loadable_module.c:455 Adding File Format 'sd2'
2026-09-28 08:33:32.554575 0.00% [NOTICE] switch_loadable_module.c:455 Adding File Format 'sds'
2026-09-28 08:33:32.554584 0.00% [NOTICE] switch_loadable_module.c:455 Adding File Format 'sf'
2026-09-28 08:33:32.554593 0.00% [NOTICE] switch_loadable_module.c:455 Adding File Format 'voc'
2026-09-28 08:33:32.554688 0.00% [NOTICE] switch_loadable_module.c:455 Adding File Format 'w64'
2026-09-28 08:33:32.554702 0.00% [NOTICE] switch_loadable_module.c:455 Adding File Format 'wav'
2026-09-28 08:33:32.554818 0.00% [NOTICE] switch_loadable_module.c:455 Adding File Format 'wve'
2026-09-28 08:33:32.554832 0.00% [NOTICE] switch_loadable_module.c:455 Adding File Format 'xi'
2026-09-28 08:33:32.554842 0.00% [NOTICE] switch_loadable_module.c:455 Adding File Format 'r8'
2026-09-28 08:33:32.554873 0.00% [NOTICE] switch_loadable_module.c:455 Adding File Format 'r16'
2026-09-28 08:33:32.554884 0.00% [NOTICE] switch_loadable_module.c:455 Adding File Format 'r24'
2026-09-28 08:33:32.554912 0.00% [NOTICE] switch_loadable_module.c:455 Adding File Format 'r32'
2026-09-28 08:33:32.554924 0.00% [NOTICE] switch_loadable_module.c:455 Adding File Format 'gsm'
2026-09-28 08:33:32.554951 0.00% [NOTICE] switch_loadable_module.c:455 Adding File Format 'ul'
2026-09-28 08:33:32.555045 0.00% [NOTICE] switch_loadable_module.c:455 Adding File Format 'ulaw'
2026-09-28 08:33:32.555109 0.00% [NOTICE] switch_loadable_module.c:455 Adding File Format 'al'
2026-09-28 08:33:32.555132 0.00% [NOTICE] switch_loadable_module.c:455 Adding File Format 'alaw'
2026-09-28 08:33:32.555159 0.00% [NOTICE] switch_loadable_module.c:455 Adding File Format 'adpcm'
2026-09-28 08:33:32.555170 0.00% [NOTICE] switch_loadable_module.c:455 Adding File Format 'vox'
2026-09-28 08:33:32.555196 0.00% [NOTICE] switch_loadable_module.c:455 Adding File Format 'oga'
2026-09-28 08:33:32.555207 0.00% [NOTICE] switch_loadable_module.c:455 Adding File Format 'ogg'
2026-09-28 08:33:32.555877 0.00% [CONSOLE] switch_loadable_module.c:1772 Successfully Loaded [mod_native_file]
2026-09-28 08:33:32.555907 0.00% [NOTICE] switch_loadable_module.c:455 Adding File Format 'AAL2-G726-32'
2026-09-28 08:33:32.555947 0.00% [NOTICE] switch_loadable_module.c:455 Adding File Format 'DVI4'
2026-09-28 08:33:32.555962 0.00% [NOTICE] switch_loadable_module.c:455 Adding File Format 'PCMU'
2026-09-28 08:33:32.555973 0.00% [NOTICE] switch_loadable_module.c:455 Adding File Format 'G722'
2026-09-28 08:33:32.555986 0.00% [NOTICE] switch_loadable_module.c:455 Adding File Format 'AAL2-G726-24'
2026-09-28 08:33:32.555997 0.00% [NOTICE] switch_loadable_module.c:455 Adding File Format 'AAL2-G726-40'
2026-09-28 08:33:32.556024 0.00% [NOTICE] switch_loadable_module.c:455 Adding File Format 'L16'
2026-09-28 08:33:32.556037 0.00% [NOTICE] switch_loadable_module.c:455 Adding File Format 'G726-16'
2026-09-28 08:33:32.556060 0.00% [NOTICE] switch_loadable_module.c:455 Adding File Format 'PCMA'
2026-09-28 08:33:32.556072 0.00% [NOTICE] switch_loadable_module.c:455 Adding File Format 'G726-24'
2026-09-28 08:33:32.556084 0.00% [NOTICE] switch_loadable_module.c:455 Adding File Format 'G729'
2026-09-28 08:33:32.556094 0.00% [NOTICE] switch_loadable_module.c:455 Adding File Format 'AAL2-G726-16'
2026-09-28 08:33:32.556105 0.00% [NOTICE] switch_loadable_module.c:455 Adding File Format 'G726-32'
2026-09-28 08:33:32.556119 0.00% [NOTICE] switch_loadable_module.c:455 Adding File Format 'GSM'
2026-09-28 08:33:32.556129 0.00% [NOTICE] switch_loadable_module.c:455 Adding File Format 'G726-40'
2026-09-28 08:33:32.556183 0.00% [NOTICE] switch_loadable_module.c:455 Adding File Format 'G723'
2026-09-28 08:33:32.556194 0.00% [NOTICE] switch_loadable_module.c:455 Adding File Format 'LPC'
2026-09-28 08:33:32.556556 0.00% [CONSOLE] switch_loadable_module.c:1772 Successfully Loaded [mod_png]
2026-09-28 08:33:32.556572 0.00% [NOTICE] switch_loadable_module.c:389 Adding API Function 'uuid_write_png'
2026-09-28 08:33:32.556612 0.00% [NOTICE] switch_loadable_module.c:455 Adding File Format 'png'
2026-09-28 08:33:32.559047 0.00% [CONSOLE] switch_loadable_module.c:1772 Successfully Loaded [mod_local_stream]
2026-09-28 08:33:32.559164 0.00% [NOTICE] switch_loadable_module.c:389 Adding API Function 'local_stream'
2026-09-28 08:33:32.559242 0.00% [NOTICE] switch_loadable_module.c:455 Adding File Format 'local_stream'
2026-09-28 08:33:32.559986 0.00% [CONSOLE] switch_loadable_module.c:1772 Successfully Loaded [mod_tone_stream]
2026-09-28 08:33:32.560010 0.00% [NOTICE] switch_loadable_module.c:455 Adding File Format 'tone_stream'
2026-09-28 08:33:32.560073 0.00% [NOTICE] switch_loadable_module.c:455 Adding File Format 'silence_stream'
2026-09-28 08:33:32.564942 0.00% [DEBUG] switch_loadable_module.c:1706 Loading module with global namespace at request of module
2026-09-28 08:33:32.565160 0.00% [CONSOLE] switch_loadable_module.c:1772 Successfully Loaded [mod_lua]
2026-09-28 08:33:32.565191 0.00% [NOTICE] switch_loadable_module.c:273 Adding Dialplan 'LUA'
2026-09-28 08:33:32.565277 0.00% [NOTICE] switch_loadable_module.c:329 Adding Application 'lua'
2026-09-28 08:33:32.565300 0.00% [NOTICE] switch_loadable_module.c:359 Adding Chat Application 'lua'
2026-09-28 08:33:32.565315 0.00% [NOTICE] switch_loadable_module.c:389 Adding API Function 'luarun'
2026-09-28 08:33:32.565328 0.00% [NOTICE] switch_loadable_module.c:389 Adding API Function 'lua'
2026-09-28 08:33:32.566345 0.00% [CONSOLE] switch_loadable_module.c:1772 Successfully Loaded [mod_say_en]
2026-09-28 08:33:32.566372 0.00% [NOTICE] switch_loadable_module.c:651 Adding Say interface 'en'
2026-09-28 08:33:32.566452 0.00% [CONSOLE] switch_loadable_module.c:149 Starting runtime thread for mod_verto
2026-09-28 08:33:32.566856 0.00% [CONSOLE] switch_loadable_module.c:149 Starting runtime thread for mod_event_socket
2026-09-28 08:33:32.567109 0.00% [CONSOLE] switch_loadable_module.c:149 Starting runtime thread for CORE_SOFTTIMER_MODULE
2026-09-28 08:33:32.567365 0.00% [DEBUG] mod_event_socket.c:2979 Socket up listening on 0.0.0.0:8021
2026-09-28 08:33:32.567614 100.00% [INFO] switch_time.c:627 Clock synchronized to system time.
2026-09-28 08:33:32.567687 100.00% [DEBUG] switch_loadable_module.c:910 Chat Thread Started
2026-09-28 08:33:32.568024 100.00% [DEBUG] switch_loadable_module.c:910 Chat Thread Started
2026-09-28 08:33:32.568306 100.00% [NOTICE] switch_core.c:1482 Created ip list rfc6598.auto default (deny)
2026-09-28 08:33:32.568319 100.00% [NOTICE] switch_utils.c:665 Adding 100.64.0.0/10 (allow) [] to list rfc6598.auto
2026-09-28 08:33:32.568327 100.00% [NOTICE] switch_core.c:1488 Created ip list rfc1918.auto default (deny)
2026-09-28 08:33:32.568331 100.00% [NOTICE] switch_utils.c:665 Adding 10.0.0.0/8 (allow) [] to list rfc1918.auto
2026-09-28 08:33:32.568336 100.00% [NOTICE] switch_utils.c:665 Adding 172.16.0.0/12 (allow) [] to list rfc1918.auto
2026-09-28 08:33:32.568342 100.00% [NOTICE] switch_utils.c:665 Adding 192.168.0.0/16 (allow) [] to list rfc1918.auto
2026-09-28 08:33:32.568347 100.00% [NOTICE] switch_utils.c:665 Adding fe80::/10 (allow) [] to list rfc1918.auto
2026-09-28 08:33:32.568351 100.00% [NOTICE] switch_core.c:1497 Created ip list wan.auto default (allow)
2026-09-28 08:33:32.568357 100.00% [NOTICE] switch_utils.c:665 Adding 0.0.0.0/8 (deny) [] to list wan.auto
2026-09-28 08:33:32.568364 100.00% [NOTICE] switch_utils.c:665 Adding 10.0.0.0/8 (deny) [] to list wan.auto
2026-09-28 08:33:32.568368 100.00% [NOTICE] switch_utils.c:665 Adding 172.16.0.0/12 (deny) [] to list wan.auto
2026-09-28 08:33:32.568372 100.00% [NOTICE] switch_utils.c:665 Adding 192.168.0.0/16 (deny) [] to list wan.auto
2026-09-28 08:33:32.568377 100.00% [NOTICE] switch_utils.c:665 Adding 169.254.0.0/16 (deny) [] to list wan.auto
2026-09-28 08:33:32.568381 100.00% [NOTICE] switch_utils.c:665 Adding 100.64.0.0/10 (deny) [] to list wan.auto
2026-09-28 08:33:32.568385 100.00% [NOTICE] switch_utils.c:665 Adding fe80::/10 (deny) [] to list wan.auto
2026-09-28 08:33:32.568414 100.00% [NOTICE] switch_core.c:1509 Created ip list wan_v6.auto default (allow)
2026-09-28 08:33:32.568421 100.00% [NOTICE] switch_utils.c:665 Adding 0.0.0.0/0 (deny) [] to list wan_v6.auto
2026-09-28 08:33:32.568425 100.00% [NOTICE] switch_utils.c:665 Adding fe80::/10 (deny) [] to list wan_v6.auto
2026-09-28 08:33:32.568429 100.00% [NOTICE] switch_core.c:1517 Created ip list wan_v4.auto default (allow)
2026-09-28 08:33:32.568432 100.00% [NOTICE] switch_utils.c:665 Adding 0.0.0.0/8 (deny) [] to list wan_v4.auto
2026-09-28 08:33:32.568441 100.00% [NOTICE] switch_utils.c:665 Adding 10.0.0.0/8 (deny) [] to list wan_v4.auto
2026-09-28 08:33:32.568445 100.00% [NOTICE] switch_utils.c:665 Adding 172.16.0.0/12 (deny) [] to list wan_v4.auto
2026-09-28 08:33:32.568450 100.00% [NOTICE] switch_utils.c:665 Adding 192.168.0.0/16 (deny) [] to list wan_v4.auto
2026-09-28 08:33:32.568454 100.00% [NOTICE] switch_utils.c:665 Adding 169.254.0.0/16 (deny) [] to list wan_v4.auto
2026-09-28 08:33:32.568458 100.00% [NOTICE] switch_utils.c:665 Adding 100.64.0.0/10 (deny) [] to list wan_v4.auto
2026-09-28 08:33:32.568462 100.00% [NOTICE] switch_utils.c:665 Adding ::/0 (deny) [] to list wan_v4.auto
2026-09-28 08:33:32.568466 100.00% [NOTICE] switch_core.c:1530 Created ip list any_v6.auto default (allow)
2026-09-28 08:33:32.568470 100.00% [NOTICE] switch_utils.c:665 Adding 0.0.0.0/0 (deny) [] to list any_v6.auto
2026-09-28 08:33:32.568475 100.00% [NOTICE] switch_core.c:1537 Created ip list any_v4.auto default (allow)
2026-09-28 08:33:32.568478 100.00% [NOTICE] switch_utils.c:665 Adding ::/0 (deny) [] to list any_v4.auto
2026-09-28 08:33:32.568482 100.00% [NOTICE] switch_core.c:1544 Created ip list nat.auto default (deny)
2026-09-28 08:33:32.568486 100.00% [NOTICE] switch_core.c:1546 Adding 172.25.0.2/255.255.0.0 (deny) to list nat.auto
2026-09-28 08:33:32.568490 100.00% [NOTICE] switch_utils.c:665 Adding 10.0.0.0/8 (allow) [] to list nat.auto
2026-09-28 08:33:32.568501 100.00% [NOTICE] switch_utils.c:665 Adding 172.16.0.0/12 (allow) [] to list nat.auto
2026-09-28 08:33:32.568505 100.00% [NOTICE] switch_utils.c:665 Adding 192.168.0.0/16 (allow) [] to list nat.auto
2026-09-28 08:33:32.568509 100.00% [NOTICE] switch_utils.c:665 Adding 100.64.0.0/10 (allow) [] to list nat.auto
2026-09-28 08:33:32.568513 100.00% [NOTICE] switch_core.c:1556 Created ip list loopback.auto default (deny)
2026-09-28 08:33:32.568517 100.00% [NOTICE] switch_utils.c:665 Adding 127.0.0.0/8 (allow) [] to list loopback.auto
2026-09-28 08:33:32.568521 100.00% [NOTICE] switch_utils.c:665 Adding ::1/128 (allow) [] to list loopback.auto
2026-09-28 08:33:32.568526 100.00% [NOTICE] switch_core.c:1563 Created ip list localnet.auto default (deny)
2026-09-28 08:33:32.568529 100.00% [NOTICE] switch_core.c:1566 Adding 172.25.0.2/255.255.0.0 (allow) to list localnet.auto
2026-09-28 08:33:32.568538 100.00% [CONSOLE] switch_core.c:1593 Created ip list obd-dev-acl default (deny)
2026-09-28 08:33:32.568544 100.00% [NOTICE] switch_utils.c:665 Adding 127.0.0.1/32 (allow) [] to list obd-dev-acl
2026-09-28 08:33:32.568549 100.00% [NOTICE] switch_utils.c:665 Adding ::1/128 (allow) [] to list obd-dev-acl
2026-09-28 08:33:32.568555 100.00% [NOTICE] switch_utils.c:665 Adding 10.0.0.0/8 (allow) [] to list obd-dev-acl
2026-09-28 08:33:32.568561 100.00% [NOTICE] switch_utils.c:665 Adding 172.16.0.0/12 (allow) [] to list obd-dev-acl
2026-09-28 08:33:32.568565 100.00% [NOTICE] switch_utils.c:665 Adding 192.168.0.0/16 (allow) [] to list obd-dev-acl
2026-09-28 08:33:32.568570 100.00% [CONSOLE] switch_core.c:1593 Created ip list domains default (deny)
2026-09-28 08:33:32.568624 100.00% [NOTICE] switch_utils.c:665 Adding 192.0.2.0/24 (allow) [brian@172.25.0.2] to list domains
2026-09-28 08:33:32.568785 100.00% [CONSOLE] switch_core.c:2497 [m[33m[44m
.=============================================================.
|   _____              ______        _____ _____ ____ _   _   |
|  |  ___| __ ___  ___/ ___\ \      / /_ _|_   _/ ___| | | |  |
|  | |_ | '__/ _ \/ _ \___ \\ \ /\ / / | |  | || |   | |_| |  |
|  |  _|| | |  __/  __/___) |\ V  V /  | |  | || |___|  _  |  |
|  |_|  |_|  \___|\___|____/  \_/\_/  |___| |_| \____|_| |_|  |
|                                                             |
.=============================================================.
|   Anthony Minessale II, Michael Jerris, Brian West, Others  |
|   FreeSWITCH (http://www.freeswitch.org)                    |
|   Paypal Donations Appreciated: paypal@freeswitch.org       |
|   Brought to you by ClueCon http://www.cluecon.com/         |
.=============================================================.

.===============================================================.
|       _                                                       |
|   ___| |_   _  ___  ___ ___  _ __         ___ ___  _ __ ___   |
|  / __| | | | |/ _ \/ __/ _ \| '_ \       / __/ _ \| '_ ` _ \  |
| | (__| | |_| |  __/ (_| (_) | | | |  _  | (_| (_) | | | | | | |
|  \___|_|\__,_|\___|\___\___/|_| |_| (_)  \___\___/|_| |_| |_| |
|                                                               |
.===============================================================.
[m

2026-09-28 08:33:32.568797 100.00% [INFO] switch_core.c:2506 
FreeSWITCH Version 1.11.1-release~64bit ( 64bit)

FreeSWITCH Started
Max Sessions [1000]
Session Rate [30]
SQL [Enabled]
2026-09-28 08:33:32.568803 100.00% [CONSOLE] switch_core.c:2514 
[This app Best viewed at 160x60 or more..]
2026-09-28 13:39:57.926517 0.00% [CONSOLE] switch_loadable_module.c:1772 Successfully Loaded [mod_logfile]
2026-09-28 13:39:57.929326 0.00% [CONSOLE] switch_loadable_module.c:1772 Successfully Loaded [mod_enum]
2026-09-28 13:39:57.929352 0.00% [NOTICE] switch_loadable_module.c:273 Adding Dialplan 'enum'
2026-09-28 13:39:57.929377 0.00% [NOTICE] switch_loadable_module.c:329 Adding Application 'enum'
2026-09-28 13:39:57.929387 0.00% [NOTICE] switch_loadable_module.c:389 Adding API Function 'enum'
2026-09-28 13:39:57.929395 0.00% [NOTICE] switch_loadable_module.c:389 Adding API Function 'enum_auto'
2026-09-28 13:39:57.930293 0.00% [DEBUG] mod_cdr_csv.c:368 Adding default template.
2026-09-28 13:39:57.930305 0.00% [DEBUG] mod_cdr_csv.c:415 Adding template sql.
2026-09-28 13:39:57.930309 0.00% [DEBUG] mod_cdr_csv.c:415 Adding template example.
2026-09-28 13:39:57.930312 0.00% [DEBUG] mod_cdr_csv.c:415 Adding template snom.
2026-09-28 13:39:57.930314 0.00% [DEBUG] mod_cdr_csv.c:415 Adding template linksys.
2026-09-28 13:39:57.930317 0.00% [DEBUG] mod_cdr_csv.c:415 Adding template asterisk.
2026-09-28 13:39:57.930318 0.00% [DEBUG] mod_cdr_csv.c:415 Adding template opencdrrate.
2026-09-28 13:39:57.931057 0.00% [CONSOLE] switch_loadable_module.c:1772 Successfully Loaded [mod_cdr_csv]
2026-09-28 13:39:57.931067 0.00% [NOTICE] switch_loadable_module.c:389 Adding API Function 'cdr_csv'
2026-09-28 13:39:57.931931 0.00% [CONSOLE] switch_loadable_module.c:1772 Successfully Loaded [mod_event_socket]
2026-09-28 13:39:57.931956 0.00% [NOTICE] switch_loadable_module.c:329 Adding Application 'socket'
2026-09-28 13:39:57.931978 0.00% [NOTICE] switch_loadable_module.c:389 Adding API Function 'event_sink'
2026-09-28 13:39:57.935103 0.00% [INFO] mod_sofia.c:6737 Starting initial message thread.
2026-09-28 13:39:57.937197 0.00% [DEBUG] sofia.c:4718 debug [0]
2026-09-28 13:39:57.937216 0.00% [DEBUG] sofia.c:4718 sip-trace [no]
2026-09-28 13:39:57.937219 0.00% [DEBUG] sofia.c:4718 sip-capture [no]
2026-09-28 13:39:57.937221 0.00% [DEBUG] sofia.c:4718 sip-port [5060]
2026-09-28 13:39:57.937224 0.00% [DEBUG] sofia.c:4718 listen-ip [0.0.0.0]
2026-09-28 13:39:57.937544 0.00% [DEBUG] sofia.c:4718 dialplan [XML]
2026-09-28 13:39:57.937553 0.00% [DEBUG] sofia.c:4718 context [obd-endpoint]
2026-09-28 13:39:57.937558 0.00% [DEBUG] sofia.c:4718 auth-calls [false]
2026-09-28 13:39:57.937562 0.00% [DEBUG] sofia.c:4718 auth-subscriptions [false]
2026-09-28 13:39:57.937565 0.00% [DEBUG] sofia.c:4718 challenge-realm [172.25.0.2]
2026-09-28 13:39:57.937568 0.00% [DEBUG] sofia.c:4718 inbound-codec-prefs [PCMU,PCMA]
2026-09-28 13:39:57.937571 0.00% [DEBUG] sofia.c:4718 outbound-codec-prefs [PCMU,PCMA]
2026-09-28 13:39:57.937573 0.00% [DEBUG] sofia.c:4718 rfc2833-pt [101]
2026-09-28 13:39:57.937575 0.00% [DEBUG] sofia.c:4718 liberal-dtmf [true]
2026-09-28 13:39:57.937591 0.00% [DEBUG] sofia.c:4718 dtmf-duration [2000]
2026-09-28 13:39:57.937594 0.00% [DEBUG] sofia.c:4718 inbound-codec-negotiation [generous]
2026-09-28 13:39:57.937597 0.00% [DEBUG] sofia.c:4718 rtp-timer-name [soft]
2026-09-28 13:39:57.937599 0.00% [DEBUG] sofia.c:4718 apply-inbound-acl [obd-dev-acl]
2026-09-28 13:39:57.937607 0.00% [INFO] sofia.c:6173 Setting nonce TTL to 60 seconds
2026-09-28 13:39:57.937609 0.00% [INFO] sofia.c:6178 Setting MAX Auth Validity to 0 Attempts
2026-09-28 13:39:57.937766 0.00% [NOTICE] sofia.c:6341 Started Profile obd-endpoint [sofia_reg_obd-endpoint]
2026-09-28 13:39:57.937899 0.00% [DEBUG] sofia.c:3153 Creating agent for obd-endpoint
2026-09-28 13:39:57.937963 0.00% [DEBUG] mod_sofia.c:6753 Waiting for profiles to start
2026-09-28 13:39:57.938311 0.00% [WARNING] sofia.c:2279 MSG Thread 0 Started
2026-09-28 13:39:57.950256 0.00% [DEBUG] sofia.c:3316 Created agent for obd-endpoint
2026-09-28 13:39:57.950333 0.00% [DEBUG] sofia.c:3366 Set params for obd-endpoint
2026-09-28 13:39:57.950363 0.00% [DEBUG] sofia.c:3413 Activated db for obd-endpoint
2026-09-28 13:39:57.952906 0.00% [INFO] switch_core_sqldb.c:1840 sofia:obd-endpoint Starting SQL thread.
2026-09-28 13:39:57.954228 0.00% [DEBUG] sofia.c:3451 Starting thread for obd-endpoint
2026-09-28 13:39:57.954245 0.00% [DEBUG] sofia.c:3043 Launching worker thread for obd-endpoint
2026-09-28 13:39:57.955331 0.00% [NOTICE] sofia_reg.c:3722 Added gateway 'platform-switch' to profile 'obd-endpoint'
2026-09-28 13:39:58.959230 0.00% [NOTICE] sofia_reg.c:463 Registering platform-switch
2026-09-28 13:39:59.084024 0.00% [ERR] sofia_reg.c:2661 platform-switch Failed Registration with status Maximum Calls In Progress [503]. failure #1
2026-09-28 13:39:59.438413 0.00% [CONSOLE] switch_loadable_module.c:1772 Successfully Loaded [mod_sofia]
2026-09-28 13:39:59.438461 0.00% [NOTICE] switch_loadable_module.c:172 Adding Endpoint 'sofia'
2026-09-28 13:39:59.438501 0.00% [NOTICE] switch_loadable_module.c:172 Adding Endpoint 'rtp'
2026-09-28 13:39:59.438511 0.00% [NOTICE] switch_loadable_module.c:329 Adding Application 'sofia_sla'
2026-09-28 13:39:59.438525 0.00% [NOTICE] switch_loadable_module.c:329 Adding Application 'sofia_stir_shaken_vs'
2026-09-28 13:39:59.438533 0.00% [NOTICE] switch_loadable_module.c:389 Adding API Function 'sofia'
2026-09-28 13:39:59.438542 0.00% [NOTICE] switch_loadable_module.c:389 Adding API Function 'sofia_gateway_data'
2026-09-28 13:39:59.438646 0.00% [NOTICE] switch_loadable_module.c:389 Adding API Function 'sofia_username_of'
2026-09-28 13:39:59.438659 0.00% [NOTICE] switch_loadable_module.c:389 Adding API Function 'sofia_contact'
2026-09-28 13:39:59.438737 0.00% [NOTICE] switch_loadable_module.c:389 Adding API Function 'sofia_count_reg'
2026-09-28 13:39:59.438748 0.00% [NOTICE] switch_loadable_module.c:389 Adding API Function 'sofia_dig'
2026-09-28 13:39:59.438757 0.00% [NOTICE] switch_loadable_module.c:389 Adding API Function 'sofia_presence_data'
2026-09-28 13:39:59.438764 0.00% [NOTICE] switch_loadable_module.c:419 Adding JSON API Function 'sofia.status'
2026-09-28 13:39:59.438775 0.00% [NOTICE] switch_loadable_module.c:419 Adding JSON API Function 'sofia.status.info'
2026-09-28 13:39:59.438782 0.00% [NOTICE] switch_loadable_module.c:621 Adding Chat interface 'sip'
2026-09-28 13:39:59.438791 0.00% [NOTICE] switch_loadable_module.c:683 Adding Management interface 'mod_sofia' OID[.1.3.6.1.4.1.27880.1001]
2026-09-28 13:39:59.440334 0.00% [CONSOLE] switch_loadable_module.c:1772 Successfully Loaded [mod_loopback]
2026-09-28 13:39:59.440360 0.00% [NOTICE] switch_loadable_module.c:172 Adding Endpoint 'loopback'
2026-09-28 13:39:59.440433 0.00% [NOTICE] switch_loadable_module.c:172 Adding Endpoint 'null'
2026-09-28 13:39:59.440449 0.00% [NOTICE] switch_loadable_module.c:329 Adding Application 'unloop'
2026-09-28 13:39:59.441520 0.00% [CONSOLE] switch_loadable_module.c:1772 Successfully Loaded [mod_rtc]
2026-09-28 13:39:59.441540 0.00% [NOTICE] switch_loadable_module.c:172 Adding Endpoint 'rtc'
2026-09-28 13:39:59.445166 0.00% [INFO] mod_verto.c:5331 Secure key and cert specified
2026-09-28 13:39:59.445206 0.00% [DEBUG] mod_verto.c:5445 default-v4 Bound to 172.25.0.2:8081
2026-09-28 13:39:59.445210 0.00% [DEBUG] mod_verto.c:5445 default-v4 Bound to 172.25.0.2:8082
2026-09-28 13:39:59.445349 0.00% [INFO] mod_verto.c:5331 Secure key and cert specified
2026-09-28 13:39:59.445358 0.00% [DEBUG] mod_verto.c:5445 default-v6 Bound to [::1]:8081
2026-09-28 13:39:59.445361 0.00% [DEBUG] mod_verto.c:5445 default-v6 Bound to [::1]:8082
2026-09-28 13:39:59.448453 0.00% [CONSOLE] switch_loadable_module.c:1772 Successfully Loaded [mod_verto]
2026-09-28 13:39:59.448500 0.00% [NOTICE] switch_loadable_module.c:172 Adding Endpoint 'verto.rtc'
2026-09-28 13:39:59.448536 0.00% [NOTICE] switch_loadable_module.c:389 Adding API Function 'verto'
2026-09-28 13:39:59.448548 0.00% [NOTICE] switch_loadable_module.c:389 Adding API Function 'verto_contact'
2026-09-28 13:39:59.448557 0.00% [NOTICE] switch_loadable_module.c:419 Adding JSON API Function 'store'
2026-09-28 13:39:59.448568 0.00% [NOTICE] switch_loadable_module.c:621 Adding Chat interface 'verto'
2026-09-28 13:39:59.449306 0.00% [INFO] mod_verto.c:5101 default-v4 MCAST Bound to 224.1.1.1:1337/1338
2026-09-28 13:39:59.451295 0.00% [CONSOLE] switch_loadable_module.c:1772 Successfully Loaded [mod_commands]
2026-09-28 13:39:59.451339 0.00% [NOTICE] switch_loadable_module.c:329 Adding Application 'msrp_recv_file'
2026-09-28 13:39:59.451381 0.00% [NOTICE] switch_loadable_module.c:329 Adding Application 'msrp_send_file'
2026-09-28 13:39:59.451390 0.00% [NOTICE] switch_loadable_module.c:389 Adding API Function 'bg_system'
2026-09-28 13:39:59.451398 0.00% [NOTICE] switch_loadable_module.c:389 Adding API Function 'system'
2026-09-28 13:39:59.451404 0.00% [NOTICE] switch_loadable_module.c:389 Adding API Function 'bg_spawn'
2026-09-28 13:39:59.451417 0.00% [NOTICE] switch_loadable_module.c:389 Adding API Function 'spawn'
2026-09-28 13:39:59.451428 0.00% [NOTICE] switch_loadable_module.c:389 Adding API Function 'spawn_stream'
2026-09-28 13:39:59.451437 0.00% [NOTICE] switch_loadable_module.c:389 Adding API Function 'acl'
2026-09-28 13:39:59.451443 0.00% [NOTICE] switch_loadable_module.c:389 Adding API Function 'alias'
2026-09-28 13:39:59.451451 0.00% [NOTICE] switch_loadable_module.c:389 Adding API Function 'coalesce'
2026-09-28 13:39:59.451457 0.00% [NOTICE] switch_loadable_module.c:389 Adding API Function 'banner'
2026-09-28 13:39:59.451463 0.00% [NOTICE] switch_loadable_module.c:389 Adding API Function 'bgapi'
2026-09-28 13:39:59.451488 0.00% [NOTICE] switch_loadable_module.c:389 Adding API Function 'break'
2026-09-28 13:39:59.451509 0.00% [NOTICE] switch_loadable_module.c:389 Adding API Function 'complete'
2026-09-28 13:39:59.451515 0.00% [NOTICE] switch_loadable_module.c:389 Adding API Function 'cond'
2026-09-28 13:39:59.451521 0.00% [NOTICE] switch_loadable_module.c:389 Adding API Function 'console_complete'
2026-09-28 13:39:59.451527 0.00% [NOTICE] switch_loadable_module.c:389 Adding API Function 'console_complete_xml'
2026-09-28 13:39:59.451533 0.00% [NOTICE] switch_loadable_module.c:389 Adding API Function 'create_uuid'
2026-09-28 13:39:59.451538 0.00% [NOTICE] switch_loadable_module.c:389 Adding API Function 'db_cache'
2026-09-28 13:39:59.451546 0.00% [NOTICE] switch_loadable_module.c:389 Adding API Function 'domain_data'
2026-09-28 13:39:59.451580 0.00% [NOTICE] switch_loadable_module.c:389 Adding API Function 'domain_exists'
2026-09-28 13:39:59.451588 0.00% [NOTICE] switch_loadable_module.c:389 Adding API Function 'echo'
2026-09-28 13:39:59.451595 0.00% [NOTICE] switch_loadable_module.c:389 Adding API Function 'event_channel_broadcast'
2026-09-28 13:39:59.451603 0.00% [NOTICE] switch_loadable_module.c:389 Adding API Function 'escape'
2026-09-28 13:39:59.451619 0.00% [NOTICE] switch_loadable_module.c:389 Adding API Function 'eval'
2026-09-28 13:39:59.451625 0.00% [NOTICE] switch_loadable_module.c:389 Adding API Function 'expand'
2026-09-28 13:39:59.451634 0.00% [NOTICE] switch_loadable_module.c:389 Adding API Function 'find_user_xml'
2026-09-28 13:39:59.451647 0.00% [NOTICE] switch_loadable_module.c:389 Adding API Function 'fsctl'
2026-09-28 13:39:59.451655 0.00% [NOTICE] switch_loadable_module.c:389 Adding API Function '...'
2026-09-28 13:39:59.451667 0.00% [NOTICE] switch_loadable_module.c:389 Adding API Function 'shutdown'
2026-09-28 13:39:59.451693 0.00% [NOTICE] switch_loadable_module.c:389 Adding API Function 'version'
2026-09-28 13:39:59.451704 0.00% [NOTICE] switch_loadable_module.c:389 Adding API Function 'global_getvar'
2026-09-28 13:39:59.451716 0.00% [NOTICE] switch_loadable_module.c:389 Adding API Function 'global_setvar'
2026-09-28 13:39:59.451782 0.00% [NOTICE] switch_loadable_module.c:389 Adding API Function 'group_call'
2026-09-28 13:39:59.451794 0.00% [NOTICE] switch_loadable_module.c:389 Adding API Function 'help'
2026-09-28 13:39:59.451801 0.00% [NOTICE] switch_loadable_module.c:389 Adding API Function 'host_lookup'
2026-09-28 13:39:59.451807 0.00% [NOTICE] switch_loadable_module.c:389 Adding API Function 'hostname'
2026-09-28 13:39:59.451813 0.00% [NOTICE] switch_loadable_module.c:389 Adding API Function 'interface_ip'
2026-09-28 13:39:59.451818 0.00% [NOTICE] switch_loadable_module.c:389 Adding API Function 'switchname'
2026-09-28 13:39:59.451824 0.00% [NOTICE] switch_loadable_module.c:389 Adding API Function 'gethost'
2026-09-28 13:39:59.451829 0.00% [NOTICE] switch_loadable_module.c:389 Adding API Function 'getenv'
2026-09-28 13:39:59.451840 0.00% [NOTICE] switch_loadable_module.c:389 Adding API Function 'hupall'
2026-09-28 13:39:59.451845 0.00% [NOTICE] switch_loadable_module.c:389 Adding API Function 'in_group'
2026-09-28 13:39:59.451850 0.00% [NOTICE] switch_loadable_module.c:389 Adding API Function 'is_lan_addr'
2026-09-28 13:39:59.451856 0.00% [NOTICE] switch_loadable_module.c:389 Adding API Function 'limit_usage'
2026-09-28 13:39:59.451861 0.00% [NOTICE] switch_loadable_module.c:389 Adding API Function 'limit_hash_usage'
2026-09-28 13:39:59.451867 0.00% [NOTICE] switch_loadable_module.c:389 Adding API Function 'limit_status'
2026-09-28 13:39:59.451872 0.00% [NOTICE] switch_loadable_module.c:389 Adding API Function 'limit_reset'
2026-09-28 13:39:59.451877 0.00% [NOTICE] switch_loadable_module.c:389 Adding API Function 'limit_interval_reset'
2026-09-28 13:39:59.451883 0.00% [NOTICE] switch_loadable_module.c:389 Adding API Function 'list_users'
2026-09-28 13:39:59.451921 0.00% [NOTICE] switch_loadable_module.c:389 Adding API Function 'load'
2026-09-28 13:39:59.451927 0.00% [NOTICE] switch_loadable_module.c:389 Adding API Function 'log'
2026-09-28 13:39:59.451934 0.00% [NOTICE] switch_loadable_module.c:389 Adding API Function 'md5'
2026-09-28 13:39:59.451940 0.00% [NOTICE] switch_loadable_module.c:389 Adding API Function 'module_exists'
2026-09-28 13:39:59.451946 0.00% [NOTICE] switch_loadable_module.c:389 Adding API Function 'msleep'
2026-09-28 13:39:59.451951 0.00% [NOTICE] switch_loadable_module.c:389 Adding API Function 'nat_map'
2026-09-28 13:39:59.451957 0.00% [NOTICE] switch_loadable_module.c:389 Adding API Function 'originate'
2026-09-28 13:39:59.451964 0.00% [NOTICE] switch_loadable_module.c:389 Adding API Function 'pause'
2026-09-28 13:39:59.451973 0.00% [NOTICE] switch_loadable_module.c:389 Adding API Function 'pool_stats'
2026-09-28 13:39:59.451978 0.00% [NOTICE] switch_loadable_module.c:389 Adding API Function 'quote_shell_arg'
2026-09-28 13:39:59.451983 0.00% [NOTICE] switch_loadable_module.c:389 Adding API Function 'regex'
2026-09-28 13:39:59.452003 0.00% [NOTICE] switch_loadable_module.c:389 Adding API Function 'reloadacl'
2026-09-28 13:39:59.452009 0.00% [NOTICE] switch_loadable_module.c:389 Adding API Function 'reload'
2026-09-28 13:39:59.452014 0.00% [NOTICE] switch_loadable_module.c:389 Adding API Function 'reloadxml'
2026-09-28 13:39:59.452019 0.00% [NOTICE] switch_loadable_module.c:389 Adding API Function 'reloadcert'
2026-09-28 13:39:59.452025 0.00% [NOTICE] switch_loadable_module.c:389 Adding API Function 'replace'
2026-09-28 13:39:59.452031 0.00% [NOTICE] switch_loadable_module.c:389 Adding API Function 'say_string'
2026-09-28 13:39:59.452039 0.00% [NOTICE] switch_loadable_module.c:389 Adding API Function 'sched_api'
2026-09-28 13:39:59.452044 0.00% [NOTICE] switch_loadable_module.c:389 Adding API Function 'sched_broadcast'
2026-09-28 13:39:59.452050 0.00% [NOTICE] switch_loadable_module.c:389 Adding API Function 'sched_del'
2026-09-28 13:39:59.452055 0.00% [NOTICE] switch_loadable_module.c:389 Adding API Function 'sched_hangup'
2026-09-28 13:39:59.452088 0.00% [NOTICE] switch_loadable_module.c:389 Adding API Function 'sched_transfer'
2026-09-28 13:39:59.452095 0.00% [NOTICE] switch_loadable_module.c:389 Adding API Function 'show'
2026-09-28 13:39:59.452100 0.00% [NOTICE] switch_loadable_module.c:389 Adding API Function 'sql_escape'
2026-09-28 13:39:59.452140 0.00% [NOTICE] switch_loadable_module.c:389 Adding API Function 'status'
2026-09-28 13:39:59.452152 0.00% [NOTICE] switch_loadable_module.c:389 Adding API Function 'strftime_tz'
2026-09-28 13:39:59.452157 0.00% [NOTICE] switch_loadable_module.c:389 Adding API Function 'stun'
2026-09-28 13:39:59.452162 0.00% [NOTICE] switch_loadable_module.c:389 Adding API Function 'time_test'
2026-09-28 13:39:59.452167 0.00% [NOTICE] switch_loadable_module.c:389 Adding API Function 'timer_test'
2026-09-28 13:39:59.452172 0.00% [NOTICE] switch_loadable_module.c:389 Adding API Function 'tone_detect'
2026-09-28 13:39:59.452178 0.00% [NOTICE] switch_loadable_module.c:389 Adding API Function 'unload'
2026-09-28 13:39:59.452183 0.00% [NOTICE] switch_loadable_module.c:389 Adding API Function 'unsched_api'
2026-09-28 13:39:59.452188 0.00% [NOTICE] switch_loadable_module.c:389 Adding API Function 'uptime'
2026-09-28 13:39:59.452193 0.00% [NOTICE] switch_loadable_module.c:389 Adding API Function 'reg_url'
2026-09-28 13:39:59.452198 0.00% [NOTICE] switch_loadable_module.c:389 Adding API Function 'url_decode'
2026-09-28 13:39:59.452204 0.00% [NOTICE] switch_loadable_module.c:389 Adding API Function 'url_encode'
2026-09-28 13:39:59.452211 0.00% [NOTICE] switch_loadable_module.c:389 Adding API Function 'toupper'
2026-09-28 13:39:59.452216 0.00% [NOTICE] switch_loadable_module.c:389 Adding API Function 'tolower'
2026-09-28 13:39:59.452221 0.00% [NOTICE] switch_loadable_module.c:389 Adding API Function 'user_data'
2026-09-28 13:39:59.452226 0.00% [NOTICE] switch_loadable_module.c:389 Adding API Function 'uuid_early_ok'
2026-09-28 13:39:59.452233 0.00% [NOTICE] switch_loadable_module.c:389 Adding API Function 'user_exists'
2026-09-28 13:39:59.452237 0.00% [NOTICE] switch_loadable_module.c:389 Adding API Function 'uuid_answer'
2026-09-28 13:39:59.452242 0.00% [NOTICE] switch_loadable_module.c:389 Adding API Function 'uuid_audio'
2026-09-28 13:39:59.452248 0.00% [NOTICE] switch_loadable_module.c:389 Adding API Function 'uuid_break'
2026-09-28 13:39:59.452253 0.00% [NOTICE] switch_loadable_module.c:389 Adding API Function 'uuid_bridge'
2026-09-28 13:39:59.452299 0.00% [NOTICE] switch_loadable_module.c:389 Adding API Function 'uuid_broadcast'
2026-09-28 13:39:59.452309 0.00% [NOTICE] switch_loadable_module.c:389 Adding API Function 'uuid_buglist'
2026-09-28 13:39:59.452316 0.00% [NOTICE] switch_loadable_module.c:389 Adding API Function 'uuid_chat'
2026-09-28 13:39:59.452321 0.00% [NOTICE] switch_loadable_module.c:389 Adding API Function 'uuid_send_text'
2026-09-28 13:39:59.452328 0.00% [NOTICE] switch_loadable_module.c:389 Adding API Function 'uuid_capture_text'
2026-09-28 13:39:59.452335 0.00% [NOTICE] switch_loadable_module.c:389 Adding API Function 'uuid_codec_debug'
2026-09-28 13:39:59.452340 0.00% [NOTICE] switch_loadable_module.c:389 Adding API Function 'uuid_codec_param'
2026-09-28 13:39:59.452347 0.00% [NOTICE] switch_loadable_module.c:389 Adding API Function 'uuid_debug_media'
2026-09-28 13:39:59.452352 0.00% [NOTICE] switch_loadable_module.c:389 Adding API Function 'uuid_deflect'
2026-09-28 13:39:59.452359 0.00% [NOTICE] switch_loadable_module.c:389 Adding API Function 'uuid_displace'
2026-09-28 13:39:59.452375 0.00% [NOTICE] switch_loadable_module.c:389 Adding API Function 'uuid_display'
2026-09-28 13:39:59.452381 0.00% [NOTICE] switch_loadable_module.c:389 Adding API Function 'uuid_media_params'
2026-09-28 13:39:59.452387 0.00% [NOTICE] switch_loadable_module.c:389 Adding API Function 'uuid_drop_dtmf'
2026-09-28 13:39:59.452393 0.00% [NOTICE] switch_loadable_module.c:389 Adding API Function 'uuid_dump'
2026-09-28 13:39:59.452399 0.00% [NOTICE] switch_loadable_module.c:389 Adding API Function 'uuid_exists'
2026-09-28 13:39:59.452404 0.00% [NOTICE] switch_loadable_module.c:389 Adding API Function 'uuid_fileman'
2026-09-28 13:39:59.452409 0.00% [NOTICE] switch_loadable_module.c:389 Adding API Function 'uuid_flush_dtmf'
2026-09-28 13:39:59.452415 0.00% [NOTICE] switch_loadable_module.c:389 Adding API Function 'uuid_getvar'
2026-09-28 13:39:59.452479 0.00% [NOTICE] switch_loadable_module.c:389 Adding API Function 'uuid_hold'
2026-09-28 13:39:59.452516 0.00% [NOTICE] switch_loadable_module.c:389 Adding API Function 'uuid_kill'
2026-09-28 13:39:59.452530 0.00% [NOTICE] switch_loadable_module.c:389 Adding API Function 'uuid_send_message'
2026-09-28 13:39:59.452536 0.00% [NOTICE] switch_loadable_module.c:389 Adding API Function 'uuid_send_info'
2026-09-28 13:39:59.452542 0.00% [NOTICE] switch_loadable_module.c:389 Adding API Function 'uuid_set_media_stats'
2026-09-28 13:39:59.452551 0.00% [NOTICE] switch_loadable_module.c:389 Adding API Function 'uuid_video_bitrate'
2026-09-28 13:39:59.452556 0.00% [NOTICE] switch_loadable_module.c:389 Adding API Function 'uuid_video_bandwidth'
2026-09-28 13:39:59.452562 0.00% [NOTICE] switch_loadable_module.c:389 Adding API Function 'uuid_video_refresh'
2026-09-28 13:39:59.452570 0.00% [NOTICE] switch_loadable_module.c:389 Adding API Function 'uuid_outgoing_answer'
2026-09-28 13:39:59.452575 0.00% [NOTICE] switch_loadable_module.c:389 Adding API Function 'uuid_limit'
2026-09-28 13:39:59.452581 0.00% [NOTICE] switch_loadable_module.c:389 Adding API Function 'uuid_limit_release'
2026-09-28 13:39:59.452600 0.00% [NOTICE] switch_loadable_module.c:389 Adding API Function 'uuid_loglevel'
2026-09-28 13:39:59.452606 0.00% [NOTICE] switch_loadable_module.c:389 Adding API Function 'uuid_media'
2026-09-28 13:39:59.452612 0.00% [NOTICE] switch_loadable_module.c:389 Adding API Function 'uuid_media_3p'
2026-09-28 13:39:59.452618 0.00% [NOTICE] switch_loadable_module.c:389 Adding API Function 'uuid_media_reneg'
2026-09-28 13:39:59.452623 0.00% [NOTICE] switch_loadable_module.c:389 Adding API Function 'uuid_park'
2026-09-28 13:39:59.452628 0.00% [NOTICE] switch_loadable_module.c:389 Adding API Function 'uuid_pause'
2026-09-28 13:39:59.452635 0.00% [NOTICE] switch_loadable_module.c:389 Adding API Function 'uuid_phone_event'
2026-09-28 13:39:59.452640 0.00% [NOTICE] switch_loadable_module.c:389 Adding API Function 'uuid_ring_ready'
2026-09-28 13:39:59.452645 0.00% [NOTICE] switch_loadable_module.c:389 Adding API Function 'uuid_pre_answer'
2026-09-28 13:39:59.452666 0.00% [NOTICE] switch_loadable_module.c:389 Adding API Function 'uuid_preprocess'
2026-09-28 13:39:59.452671 0.00% [NOTICE] switch_loadable_module.c:389 Adding API Function 'uuid_record'
2026-09-28 13:39:59.452710 0.00% [NOTICE] switch_loadable_module.c:389 Adding API Function 'uuid_recovery_refresh'
2026-09-28 13:39:59.452717 0.00% [NOTICE] switch_loadable_module.c:389 Adding API Function 'uuid_recv_dtmf'
2026-09-28 13:39:59.452723 0.00% [NOTICE] switch_loadable_module.c:389 Adding API Function 'uuid_redirect'
2026-09-28 13:39:59.452731 0.00% [NOTICE] switch_loadable_module.c:389 Adding API Function 'uuid_send_dtmf'
2026-09-28 13:39:59.452737 0.00% [NOTICE] switch_loadable_module.c:389 Adding API Function 'uuid_session_heartbeat'
2026-09-28 13:39:59.452742 0.00% [NOTICE] switch_loadable_module.c:389 Adding API Function 'uuid_setvar_multi'
2026-09-28 13:39:59.452748 0.00% [NOTICE] switch_loadable_module.c:389 Adding API Function 'uuid_setvar'
2026-09-28 13:39:59.452754 0.00% [NOTICE] switch_loadable_module.c:389 Adding API Function 'uuid_transfer'
2026-09-28 13:39:59.452760 0.00% [NOTICE] switch_loadable_module.c:389 Adding API Function 'uuid_dual_transfer'
2026-09-28 13:39:59.452766 0.00% [NOTICE] switch_loadable_module.c:389 Adding API Function 'uuid_simplify'
2026-09-28 13:39:59.452772 0.00% [NOTICE] switch_loadable_module.c:389 Adding API Function 'uuid_jitterbuffer'
2026-09-28 13:39:59.452777 0.00% [NOTICE] switch_loadable_module.c:389 Adding API Function 'uuid_zombie_exec'
2026-09-28 13:39:59.452782 0.00% [NOTICE] switch_loadable_module.c:389 Adding API Function 'uuid_xfer_zombie'
2026-09-28 13:39:59.452787 0.00% [NOTICE] switch_loadable_module.c:389 Adding API Function 'xml_flush_cache'
2026-09-28 13:39:59.452793 0.00% [NOTICE] switch_loadable_module.c:389 Adding API Function 'xml_locate'
2026-09-28 13:39:59.452798 0.00% [NOTICE] switch_loadable_module.c:389 Adding API Function 'xml_wrap'
2026-09-28 13:39:59.452803 0.00% [NOTICE] switch_loadable_module.c:389 Adding API Function 'file_exists'
2026-09-28 13:39:59.452808 0.00% [NOTICE] switch_loadable_module.c:389 Adding API Function 'getcputime'
2026-09-28 13:39:59.452814 0.00% [NOTICE] switch_loadable_module.c:389 Adding API Function 'json'
2026-09-28 13:39:59.452820 0.00% [NOTICE] switch_loadable_module.c:389 Adding API Function 'memory'
2026-09-28 13:39:59.452827 0.00% [NOTICE] switch_loadable_module.c:389 Adding API Function 'msrp'
2026-09-28 13:39:59.452888 0.00% [NOTICE] switch_loadable_module.c:389 Adding API Function 'uuid_msrp_send'
2026-09-28 13:39:59.452899 0.00% [NOTICE] switch_loadable_module.c:419 Adding JSON API Function 'mediaStats'
2026-09-28 13:39:59.452905 0.00% [NOTICE] switch_loadable_module.c:419 Adding JSON API Function 'status'
2026-09-28 13:39:59.452911 0.00% [NOTICE] switch_loadable_module.c:419 Adding JSON API Function 'fsapi'
2026-09-28 13:39:59.452917 0.00% [NOTICE] switch_loadable_module.c:419 Adding JSON API Function 'execute'
2026-09-28 13:39:59.452923 0.00% [NOTICE] switch_loadable_module.c:419 Adding JSON API Function 'channelData'
2026-09-28 13:39:59.455422 0.00% [CONSOLE] switch_loadable_module.c:1772 Successfully Loaded [mod_conference]
2026-09-28 13:39:59.455435 0.00% [NOTICE] switch_loadable_module.c:329 Adding Application 'conference'
2026-09-28 13:39:59.455445 0.00% [NOTICE] switch_loadable_module.c:329 Adding Application 'conference_set_auto_outcall'
2026-09-28 13:39:59.455452 0.00% [NOTICE] switch_loadable_module.c:389 Adding API Function 'conference'
2026-09-28 13:39:59.455457 0.00% [NOTICE] switch_loadable_module.c:621 Adding Chat interface 'conf'
2026-09-28 13:39:59.455613 0.00% [CONSOLE] sofia_presence.c:1621 Event Thread Started
2026-09-28 13:39:59.458019 0.00% [CONSOLE] switch_loadable_module.c:1772 Successfully Loaded [mod_db]
2026-09-28 13:39:59.458035 0.00% [NOTICE] switch_loadable_module.c:329 Adding Application 'db'
2026-09-28 13:39:59.458053 0.00% [NOTICE] switch_loadable_module.c:329 Adding Application 'group'
2026-09-28 13:39:59.458066 0.00% [NOTICE] switch_loadable_module.c:389 Adding API Function 'db'
2026-09-28 13:39:59.458076 0.00% [NOTICE] switch_loadable_module.c:389 Adding API Function 'group'
2026-09-28 13:39:59.458098 0.00% [NOTICE] switch_loadable_module.c:717 Adding Limit interface 'db'
2026-09-28 13:39:59.956349 0.00% [CONSOLE] switch_loadable_module.c:1772 Successfully Loaded [mod_dptools]
2026-09-28 13:39:59.956397 0.00% [NOTICE] switch_loadable_module.c:172 Adding Endpoint 'error'
2026-09-28 13:39:59.956430 0.00% [NOTICE] switch_loadable_module.c:172 Adding Endpoint 'group'
2026-09-28 13:39:59.956439 0.00% [NOTICE] switch_loadable_module.c:172 Adding Endpoint 'user'
2026-09-28 13:39:59.956454 0.00% [NOTICE] switch_loadable_module.c:172 Adding Endpoint 'pickup'
2026-09-28 13:39:59.956460 0.00% [NOTICE] switch_loadable_module.c:273 Adding Dialplan 'inline'
2026-09-28 13:39:59.956466 0.00% [NOTICE] switch_loadable_module.c:329 Adding Application 'blind_transfer_ack'
2026-09-28 13:39:59.956477 0.00% [NOTICE] switch_loadable_module.c:329 Adding Application 'bind_digit_action'
2026-09-28 13:39:59.956487 0.00% [NOTICE] switch_loadable_module.c:329 Adding Application 'capture'
2026-09-28 13:39:59.956497 0.00% [NOTICE] switch_loadable_module.c:329 Adding Application 'clear_digit_action'
2026-09-28 13:39:59.956510 0.00% [NOTICE] switch_loadable_module.c:329 Adding Application 'digit_action_set_realm'
2026-09-28 13:39:59.956518 0.00% [NOTICE] switch_loadable_module.c:329 Adding Application 'privacy'
2026-09-28 13:39:59.956524 0.00% [NOTICE] switch_loadable_module.c:329 Adding Application 'set_audio_level'
2026-09-28 13:39:59.956530 0.00% [NOTICE] switch_loadable_module.c:329 Adding Application 'set_mute'
2026-09-28 13:39:59.956536 0.00% [NOTICE] switch_loadable_module.c:329 Adding Application 'flush_dtmf'
2026-09-28 13:39:59.956543 0.00% [NOTICE] switch_loadable_module.c:329 Adding Application 'hold'
2026-09-28 13:39:59.956549 0.00% [NOTICE] switch_loadable_module.c:329 Adding Application 'unhold'
2026-09-28 13:39:59.956557 0.00% [NOTICE] switch_loadable_module.c:329 Adding Application 'mutex'
2026-09-28 13:39:59.956564 0.00% [NOTICE] switch_loadable_module.c:329 Adding Application 'page'
2026-09-28 13:39:59.956571 0.00% [NOTICE] switch_loadable_module.c:329 Adding Application 'transfer'
2026-09-28 13:39:59.956578 0.00% [NOTICE] switch_loadable_module.c:329 Adding Application 'check_acl'
2026-09-28 13:39:59.956585 0.00% [NOTICE] switch_loadable_module.c:329 Adding Application 'verbose_events'
2026-09-28 13:39:59.956592 0.00% [NOTICE] switch_loadable_module.c:329 Adding Application 'novideo'
2026-09-28 13:39:59.956599 0.00% [NOTICE] switch_loadable_module.c:329 Adding Application 'cng_plc'
2026-09-28 13:39:59.956604 0.00% [NOTICE] switch_loadable_module.c:329 Adding Application 'early_hangup'
2026-09-28 13:39:59.956611 0.00% [NOTICE] switch_loadable_module.c:329 Adding Application 'sleep'
2026-09-28 13:39:59.956618 0.00% [NOTICE] switch_loadable_module.c:329 Adding Application 'delay_echo'
2026-09-28 13:39:59.956625 0.00% [NOTICE] switch_loadable_module.c:329 Adding Application 'strftime'
2026-09-28 13:39:59.956631 0.00% [NOTICE] switch_loadable_module.c:329 Adding Application 'phrase'
2026-09-28 13:39:59.956638 0.00% [NOTICE] switch_loadable_module.c:329 Adding Application 'eval'
2026-09-28 13:39:59.956644 0.00% [NOTICE] switch_loadable_module.c:329 Adding Application 'set_media_stats'
2026-09-28 13:39:59.956652 0.00% [NOTICE] switch_loadable_module.c:329 Adding Application 'stop'
2026-09-28 13:39:59.956660 0.00% [NOTICE] switch_loadable_module.c:329 Adding Application 'set_zombie_exec'
2026-09-28 13:39:59.956666 0.00% [NOTICE] switch_loadable_module.c:329 Adding Application 'pre_answer'
2026-09-28 13:39:59.956672 0.00% [NOTICE] switch_loadable_module.c:329 Adding Application 'answer'
2026-09-28 13:39:59.956679 0.00% [NOTICE] switch_loadable_module.c:329 Adding Application 'wait_for_answer'
2026-09-28 13:39:59.956684 0.00% [NOTICE] switch_loadable_module.c:329 Adding Application 'wait_for_video_ready'
2026-09-28 13:39:59.956691 0.00% [NOTICE] switch_loadable_module.c:329 Adding Application 'hangup'
2026-09-28 13:39:59.956697 0.00% [NOTICE] switch_loadable_module.c:329 Adding Application 'set_name'
2026-09-28 13:39:59.956703 0.00% [NOTICE] switch_loadable_module.c:329 Adding Application 'presence'
2026-09-28 13:39:59.956709 0.00% [NOTICE] switch_loadable_module.c:329 Adding Application 'log'
2026-09-28 13:39:59.956715 0.00% [NOTICE] switch_loadable_module.c:329 Adding Application 'info'
2026-09-28 13:39:59.956722 0.00% [NOTICE] switch_loadable_module.c:329 Adding Application 'event'
2026-09-28 13:39:59.956727 0.00% [NOTICE] switch_loadable_module.c:329 Adding Application 'sound_test'
2026-09-28 13:39:59.956733 0.00% [NOTICE] switch_loadable_module.c:329 Adding Application 'export'
2026-09-28 13:39:59.956739 0.00% [NOTICE] switch_loadable_module.c:329 Adding Application 'bridge_export'
2026-09-28 13:39:59.956744 0.00% [NOTICE] switch_loadable_module.c:329 Adding Application 'set'
2026-09-28 13:39:59.956751 0.00% [NOTICE] switch_loadable_module.c:329 Adding Application 'multiset'
2026-09-28 13:39:59.956757 0.00% [NOTICE] switch_loadable_module.c:329 Adding Application 'push'
2026-09-28 13:39:59.956763 0.00% [NOTICE] switch_loadable_module.c:329 Adding Application 'unshift'
2026-09-28 13:39:59.956770 0.00% [NOTICE] switch_loadable_module.c:329 Adding Application 'set_global'
2026-09-28 13:39:59.956783 0.00% [NOTICE] switch_loadable_module.c:329 Adding Application 'set_profile_var'
2026-09-28 13:39:59.956790 0.00% [NOTICE] switch_loadable_module.c:329 Adding Application 'unset'
2026-09-28 13:39:59.956797 0.00% [NOTICE] switch_loadable_module.c:329 Adding Application 'multiunset'
2026-09-28 13:39:59.956803 0.00% [NOTICE] switch_loadable_module.c:329 Adding Application 'capture_text'
2026-09-28 13:39:59.956811 0.00% [NOTICE] switch_loadable_module.c:329 Adding Application 'acknowledge_call'
2026-09-28 13:39:59.956817 0.00% [NOTICE] switch_loadable_module.c:329 Adding Application 'ring_ready'
2026-09-28 13:39:59.956828 0.00% [NOTICE] switch_loadable_module.c:329 Adding Application 'remove_bugs'
2026-09-28 13:39:59.956833 0.00% [NOTICE] switch_loadable_module.c:329 Adding Application 'break'
2026-09-28 13:39:59.956840 0.00% [NOTICE] switch_loadable_module.c:329 Adding Application 'detect_speech'
2026-09-28 13:39:59.956849 0.00% [NOTICE] switch_loadable_module.c:329 Adding Application 'play_and_detect_speech'
2026-09-28 13:39:59.956856 0.00% [NOTICE] switch_loadable_module.c:329 Adding Application 'ivr'
2026-09-28 13:39:59.956865 0.00% [NOTICE] switch_loadable_module.c:329 Adding Application 'redirect'
2026-09-28 13:39:59.956878 0.00% [NOTICE] switch_loadable_module.c:329 Adding Application 'video_refresh'
2026-09-28 13:39:59.956884 0.00% [NOTICE] switch_loadable_module.c:329 Adding Application 'video_decode'
2026-09-28 13:39:59.956889 0.00% [NOTICE] switch_loadable_module.c:329 Adding Application 'send_info'
2026-09-28 13:39:59.956895 0.00% [NOTICE] switch_loadable_module.c:329 Adding Application 'jitterbuffer'
2026-09-28 13:39:59.956901 0.00% [NOTICE] switch_loadable_module.c:329 Adding Application 'send_display'
2026-09-28 13:39:59.956907 0.00% [NOTICE] switch_loadable_module.c:329 Adding Application 'respond'
2026-09-28 13:39:59.956913 0.00% [NOTICE] switch_loadable_module.c:329 Adding Application 'deflect'
2026-09-28 13:39:59.956919 0.00% [NOTICE] switch_loadable_module.c:329 Adding Application 'recovery_refresh'
2026-09-28 13:39:59.956925 0.00% [NOTICE] switch_loadable_module.c:329 Adding Application 'reuse_caller_profile'
2026-09-28 13:39:59.956933 0.00% [NOTICE] switch_loadable_module.c:329 Adding Application 'queue_dtmf'
2026-09-28 13:39:59.956939 0.00% [NOTICE] switch_loadable_module.c:329 Adding Application 'send_dtmf'
2026-09-28 13:39:59.956945 0.00% [NOTICE] switch_loadable_module.c:329 Adding Application 'sched_cancel'
2026-09-28 13:39:59.956951 0.00% [NOTICE] switch_loadable_module.c:329 Adding Application 'sched_hangup'
2026-09-28 13:39:59.956957 0.00% [NOTICE] switch_loadable_module.c:329 Adding Application 'sched_broadcast'
2026-09-28 13:39:59.956963 0.00% [NOTICE] switch_loadable_module.c:329 Adding Application 'sched_transfer'
2026-09-28 13:39:59.956969 0.00% [NOTICE] switch_loadable_module.c:329 Adding Application 'execute_extension'
2026-09-28 13:39:59.956975 0.00% [NOTICE] switch_loadable_module.c:329 Adding Application 'sched_heartbeat'
2026-09-28 13:39:59.957118 0.00% [NOTICE] switch_loadable_module.c:329 Adding Application 'enable_heartbeat'
2026-09-28 13:39:59.957143 0.00% [NOTICE] switch_loadable_module.c:329 Adding Application 'filter_codecs'
2026-09-28 13:39:59.957153 0.00% [NOTICE] switch_loadable_module.c:329 Adding Application 'enable_keepalive'
2026-09-28 13:39:59.957161 0.00% [NOTICE] switch_loadable_module.c:329 Adding Application 'media_reset'
2026-09-28 13:39:59.957172 0.00% [NOTICE] switch_loadable_module.c:329 Adding Application 'mkdir'
2026-09-28 13:39:59.957209 0.00% [NOTICE] switch_loadable_module.c:329 Adding Application 'rename'
2026-09-28 13:39:59.957222 0.00% [NOTICE] switch_loadable_module.c:329 Adding Application 'transfer_vars'
2026-09-28 13:39:59.957229 0.00% [NOTICE] switch_loadable_module.c:329 Adding Application 'soft_hold'
2026-09-28 13:39:59.957236 0.00% [NOTICE] switch_loadable_module.c:329 Adding Application 'bind_meta_app'
2026-09-28 13:39:59.957244 0.00% [NOTICE] switch_loadable_module.c:329 Adding Application 'unbind_meta_app'
2026-09-28 13:39:59.957255 0.00% [NOTICE] switch_loadable_module.c:329 Adding Application 'block_dtmf'
2026-09-28 13:39:59.957266 0.00% [NOTICE] switch_loadable_module.c:329 Adding Application 'unblock_dtmf'
2026-09-28 13:39:59.957277 0.00% [NOTICE] switch_loadable_module.c:329 Adding Application 'intercept'
2026-09-28 13:39:59.957289 0.00% [NOTICE] switch_loadable_module.c:329 Adding Application 'eavesdrop'
2026-09-28 13:39:59.957298 0.00% [NOTICE] switch_loadable_module.c:329 Adding Application 'native_eavesdrop'
2026-09-28 13:39:59.957308 0.00% [NOTICE] switch_loadable_module.c:329 Adding Application 'three_way'
2026-09-28 13:39:59.957314 0.00% [NOTICE] switch_loadable_module.c:329 Adding Application 'set_user'
2026-09-28 13:39:59.957320 0.00% [NOTICE] switch_loadable_module.c:329 Adding Application 'stop_dtmf'
2026-09-28 13:39:59.957326 0.00% [NOTICE] switch_loadable_module.c:329 Adding Application 'start_dtmf'
2026-09-28 13:39:59.957332 0.00% [NOTICE] switch_loadable_module.c:329 Adding Application 'stop_dtmf_generate'
2026-09-28 13:39:59.957340 0.00% [NOTICE] switch_loadable_module.c:329 Adding Application 'start_dtmf_generate'
2026-09-28 13:39:59.957379 0.00% [NOTICE] switch_loadable_module.c:329 Adding Application 'stop_tone_detect'
2026-09-28 13:39:59.957388 0.00% [NOTICE] switch_loadable_module.c:329 Adding Application 'fax_detect'
2026-09-28 13:39:59.957394 0.00% [NOTICE] switch_loadable_module.c:329 Adding Application 'tone_detect'
2026-09-28 13:39:59.957400 0.00% [NOTICE] switch_loadable_module.c:329 Adding Application 'echo'
2026-09-28 13:39:59.957406 0.00% [NOTICE] switch_loadable_module.c:329 Adding Application 'park'
2026-09-28 13:39:59.957435 0.00% [NOTICE] switch_loadable_module.c:329 Adding Application 'park_state'
2026-09-28 13:39:59.957441 0.00% [NOTICE] switch_loadable_module.c:329 Adding Application 'gentones'
2026-09-28 13:39:59.957446 0.00% [NOTICE] switch_loadable_module.c:329 Adding Application 'playback'
2026-09-28 13:39:59.957452 0.00% [NOTICE] switch_loadable_module.c:329 Adding Application 'broadcast'
2026-09-28 13:39:59.957459 0.00% [NOTICE] switch_loadable_module.c:329 Adding Application 'endless_playback'
2026-09-28 13:39:59.957467 0.00% [NOTICE] switch_loadable_module.c:329 Adding Application 'loop_playback'
2026-09-28 13:39:59.957490 0.00% [NOTICE] switch_loadable_module.c:329 Adding Application 'att_xfer'
2026-09-28 13:39:59.957496 0.00% [NOTICE] switch_loadable_module.c:329 Adding Application 'read'
2026-09-28 13:39:59.957504 0.00% [NOTICE] switch_loadable_module.c:329 Adding Application 'play_and_get_digits'
2026-09-28 13:39:59.957516 0.00% [NOTICE] switch_loadable_module.c:329 Adding Application 'stop_video_write_overlay'
2026-09-28 13:39:59.957525 0.00% [NOTICE] switch_loadable_module.c:329 Adding Application 'video_write_overlay'
2026-09-28 13:39:59.957532 0.00% [NOTICE] switch_loadable_module.c:329 Adding Application 'stop_record_session'
2026-09-28 13:39:59.957540 0.00% [NOTICE] switch_loadable_module.c:329 Adding Application 'record_session'
2026-09-28 13:39:59.957593 0.00% [NOTICE] switch_loadable_module.c:329 Adding Application 'record_session_mask'
2026-09-28 13:39:59.957604 0.00% [NOTICE] switch_loadable_module.c:329 Adding Application 'record_session_unmask'
2026-09-28 13:39:59.957610 0.00% [NOTICE] switch_loadable_module.c:329 Adding Application 'record_session_pause'
2026-09-28 13:39:59.957666 0.00% [NOTICE] switch_loadable_module.c:329 Adding Application 'record_session_resume'
2026-09-28 13:39:59.957692 0.00% [NOTICE] switch_loadable_module.c:329 Adding Application 'record'
2026-09-28 13:39:59.957699 0.00% [NOTICE] switch_loadable_module.c:329 Adding Application 'preprocess'
2026-09-28 13:39:59.957706 0.00% [NOTICE] switch_loadable_module.c:329 Adding Application 'stop_displace_session'
2026-09-28 13:39:59.957714 0.00% [NOTICE] switch_loadable_module.c:329 Adding Application 'displace_session'
2026-09-28 13:39:59.957735 0.00% [NOTICE] switch_loadable_module.c:329 Adding Application 'speak'
2026-09-28 13:39:59.957742 0.00% [NOTICE] switch_loadable_module.c:329 Adding Application 'clear_speech_cache'
2026-09-28 13:39:59.957748 0.00% [NOTICE] switch_loadable_module.c:329 Adding Application 'bridge'
2026-09-28 13:39:59.957755 0.00% [NOTICE] switch_loadable_module.c:329 Adding Application 'system'
2026-09-28 13:39:59.957775 0.00% [NOTICE] switch_loadable_module.c:329 Adding Application 'bgsystem'
2026-09-28 13:39:59.957782 0.00% [NOTICE] switch_loadable_module.c:329 Adding Application 'say'
2026-09-28 13:39:59.957789 0.00% [NOTICE] switch_loadable_module.c:329 Adding Application 'detect_audio'
2026-09-28 13:39:59.957795 0.00% [NOTICE] switch_loadable_module.c:329 Adding Application 'detect_silence'
2026-09-28 13:39:59.957802 0.00% [NOTICE] switch_loadable_module.c:329 Adding Application 'wait_for_silence'
2026-09-28 13:39:59.957813 0.00% [NOTICE] switch_loadable_module.c:329 Adding Application 'session_loglevel'
2026-09-28 13:39:59.957825 0.00% [NOTICE] switch_loadable_module.c:329 Adding Application 'limit'
2026-09-28 13:39:59.957856 0.00% [NOTICE] switch_loadable_module.c:329 Adding Application 'limit_hash'
2026-09-28 13:39:59.957872 0.00% [NOTICE] switch_loadable_module.c:329 Adding Application 'limit_execute'
2026-09-28 13:39:59.957879 0.00% [NOTICE] switch_loadable_module.c:329 Adding Application 'limit_hash_execute'
2026-09-28 13:39:59.957884 0.00% [NOTICE] switch_loadable_module.c:329 Adding Application 'pickup'
2026-09-28 13:39:59.957936 0.00% [NOTICE] switch_loadable_module.c:329 Adding Application 'deduplicate_dtmf'
2026-09-28 13:39:59.957943 0.00% [NOTICE] switch_loadable_module.c:329 Adding Application 'vad_test'
2026-09-28 13:39:59.957949 0.00% [NOTICE] switch_loadable_module.c:329 Adding Application 'debug_media'
2026-09-28 13:39:59.957956 0.00% [NOTICE] switch_loadable_module.c:389 Adding API Function 'strepoch'
2026-09-28 13:39:59.957996 0.00% [NOTICE] switch_loadable_module.c:389 Adding API Function 'page'
2026-09-28 13:39:59.958005 0.00% [NOTICE] switch_loadable_module.c:389 Adding API Function 'strmicroepoch'
2026-09-28 13:39:59.958013 0.00% [NOTICE] switch_loadable_module.c:389 Adding API Function 'chat'
2026-09-28 13:39:59.958019 0.00% [NOTICE] switch_loadable_module.c:389 Adding API Function 'strftime'
2026-09-28 13:39:59.958025 0.00% [NOTICE] switch_loadable_module.c:389 Adding API Function 'presence'
2026-09-28 13:39:59.958032 0.00% [NOTICE] switch_loadable_module.c:455 Adding File Format 'file_string'
2026-09-28 13:39:59.958039 0.00% [NOTICE] switch_loadable_module.c:455 Adding File Format 'file'
2026-09-28 13:39:59.958046 0.00% [NOTICE] switch_loadable_module.c:455 Adding File Format 'tts'
2026-09-28 13:39:59.958052 0.00% [NOTICE] switch_loadable_module.c:621 Adding Chat interface 'event'
2026-09-28 13:39:59.958061 0.00% [NOTICE] switch_loadable_module.c:621 Adding Chat interface 'api'
2026-09-28 13:39:59.959282 0.00% [CONSOLE] switch_loadable_module.c:1772 Successfully Loaded [mod_expr]
2026-09-28 13:39:59.959309 0.00% [NOTICE] switch_loadable_module.c:389 Adding API Function 'expr'
2026-09-28 13:39:59.960547 0.00% [WARNING] sofia_reg.c:520 platform-switch Failed Registration [503], setting retry to 30 seconds.
2026-09-28 13:39:59.962637 0.00% [INFO] switch_core_sqldb.c:1840 fifo Starting SQL thread.
2026-09-28 13:39:59.964820 0.00% [INFO] mod_fifo.c:4647 cool_fifo@172.25.0.2 configured
2026-09-28 13:39:59.964995 0.00% [CONSOLE] switch_loadable_module.c:1772 Successfully Loaded [mod_fifo]
2026-09-28 13:39:59.965010 0.00% [NOTICE] switch_loadable_module.c:329 Adding Application 'fifo'
2026-09-28 13:39:59.965054 0.00% [NOTICE] switch_loadable_module.c:329 Adding Application 'fifo_track_call'
2026-09-28 13:39:59.965115 0.00% [NOTICE] switch_loadable_module.c:389 Adding API Function 'fifo'
2026-09-28 13:39:59.965135 0.00% [NOTICE] switch_loadable_module.c:389 Adding API Function 'fifo_member'
2026-09-28 13:39:59.965162 0.00% [NOTICE] switch_loadable_module.c:389 Adding API Function 'fifo_add_outbound'
2026-09-28 13:39:59.965228 0.00% [NOTICE] switch_loadable_module.c:389 Adding API Function 'fifo_check_bridge'
2026-09-28 13:39:59.966151 0.00% [DEBUG] switch_scheduler.c:263 Added task 3 limit_hash_cleanup (mod_hash) to run at 1790603699
2026-09-28 13:39:59.966217 0.00% [CONSOLE] switch_loadable_module.c:1772 Successfully Loaded [mod_hash]
2026-09-28 13:39:59.966228 0.00% [NOTICE] switch_loadable_module.c:329 Adding Application 'hash'
2026-09-28 13:39:59.966253 0.00% [NOTICE] switch_loadable_module.c:389 Adding API Function 'hash'
2026-09-28 13:39:59.966262 0.00% [NOTICE] switch_loadable_module.c:389 Adding API Function 'hash_dump'
2026-09-28 13:39:59.966269 0.00% [NOTICE] switch_loadable_module.c:389 Adding API Function 'hash_remote'
2026-09-28 13:39:59.966277 0.00% [NOTICE] switch_loadable_module.c:717 Adding Limit interface 'hash'
2026-09-28 13:39:59.970721 0.00% [INFO] mod_voicemail.c:794 Added Profile default
2026-09-28 13:39:59.970741 0.00% [CONSOLE] switch_loadable_module.c:1772 Successfully Loaded [mod_voicemail]
2026-09-28 13:39:59.970750 0.00% [NOTICE] switch_loadable_module.c:329 Adding Application 'voicemail'
2026-09-28 13:39:59.970773 0.00% [NOTICE] switch_loadable_module.c:389 Adding API Function 'voicemail'
2026-09-28 13:39:59.970781 0.00% [NOTICE] switch_loadable_module.c:389 Adding API Function 'voicemail_inject'
2026-09-28 13:39:59.970787 0.00% [NOTICE] switch_loadable_module.c:389 Adding API Function 'vm_inject'
2026-09-28 13:39:59.970800 0.00% [NOTICE] switch_loadable_module.c:389 Adding API Function 'vm_boxcount'
2026-09-28 13:39:59.970810 0.00% [NOTICE] switch_loadable_module.c:389 Adding API Function 'vm_prefs'
2026-09-28 13:39:59.970816 0.00% [NOTICE] switch_loadable_module.c:389 Adding API Function 'vm_delete'
2026-09-28 13:39:59.970822 0.00% [NOTICE] switch_loadable_module.c:389 Adding API Function 'vm_read'
2026-09-28 13:39:59.970830 0.00% [NOTICE] switch_loadable_module.c:389 Adding API Function 'vm_list'
2026-09-28 13:39:59.970836 0.00% [NOTICE] switch_loadable_module.c:389 Adding API Function 'vm_fsdb_auth_login'
2026-09-28 13:39:59.970842 0.00% [NOTICE] switch_loadable_module.c:389 Adding API Function 'vm_fsdb_msg_count'
2026-09-28 13:39:59.970848 0.00% [NOTICE] switch_loadable_module.c:389 Adding API Function 'vm_fsdb_msg_list'
2026-09-28 13:39:59.970854 0.00% [NOTICE] switch_loadable_module.c:389 Adding API Function 'vm_fsdb_msg_get'
2026-09-28 13:39:59.970859 0.00% [NOTICE] switch_loadable_module.c:389 Adding API Function 'vm_fsdb_msg_delete'
2026-09-28 13:39:59.970865 0.00% [NOTICE] switch_loadable_module.c:389 Adding API Function 'vm_fsdb_msg_undelete'
2026-09-28 13:39:59.970906 0.00% [NOTICE] switch_loadable_module.c:389 Adding API Function 'vm_fsdb_msg_email'
2026-09-28 13:39:59.970912 0.00% [NOTICE] switch_loadable_module.c:389 Adding API Function 'vm_fsdb_msg_purge'
2026-09-28 13:39:59.970918 0.00% [NOTICE] switch_loadable_module.c:389 Adding API Function 'vm_fsdb_msg_save'
2026-09-28 13:39:59.970949 0.00% [NOTICE] switch_loadable_module.c:389 Adding API Function 'vm_fsdb_msg_forward'
2026-09-28 13:39:59.970957 0.00% [NOTICE] switch_loadable_module.c:389 Adding API Function 'vm_fsdb_pref_greeting_set'
2026-09-28 13:39:59.970963 0.00% [NOTICE] switch_loadable_module.c:389 Adding API Function 'vm_fsdb_pref_greeting_get'
2026-09-28 13:39:59.970969 0.00% [NOTICE] switch_loadable_module.c:389 Adding API Function 'vm_fsdb_pref_recname_set'
2026-09-28 13:39:59.970974 0.00% [NOTICE] switch_loadable_module.c:389 Adding API Function 'vm_fsdb_pref_password_set'
2026-09-28 13:39:59.971716 0.00% [CONSOLE] switch_loadable_module.c:1772 Successfully Loaded [mod_esf]
2026-09-28 13:39:59.971730 0.00% [NOTICE] switch_loadable_module.c:329 Adding Application 'esf_page_group'
2026-09-28 13:39:59.972732 0.00% [CONSOLE] switch_loadable_module.c:1772 Successfully Loaded [mod_fsv]
2026-09-28 13:39:59.972744 0.00% [NOTICE] switch_loadable_module.c:329 Adding Application 'play_fsv'
2026-09-28 13:39:59.972771 0.00% [NOTICE] switch_loadable_module.c:329 Adding Application 'record_fsv'
2026-09-28 13:39:59.972780 0.00% [NOTICE] switch_loadable_module.c:329 Adding Application 'play_yuv'
2026-09-28 13:39:59.972786 0.00% [NOTICE] switch_loadable_module.c:329 Adding Application 'decode_video'
2026-09-28 13:39:59.972793 0.00% [NOTICE] switch_loadable_module.c:455 Adding File Format 'fsv'
2026-09-28 13:39:59.973549 0.00% [CONSOLE] switch_loadable_module.c:1772 Successfully Loaded [mod_valet_parking]
2026-09-28 13:39:59.973559 0.00% [NOTICE] switch_loadable_module.c:329 Adding Application 'valet_park'
2026-09-28 13:39:59.973583 0.00% [NOTICE] switch_loadable_module.c:389 Adding API Function 'valet_info'
2026-09-28 13:39:59.974890 0.00% [NOTICE] mod_httapi.c:2171 Profile [default] JSON Function [http://www.freeswitch.org/api/index.cgi]
2026-09-28 13:39:59.974905 0.00% [CONSOLE] switch_loadable_module.c:1772 Successfully Loaded [mod_httapi]
2026-09-28 13:39:59.974914 0.00% [NOTICE] switch_loadable_module.c:329 Adding Application 'httapi'
2026-09-28 13:39:59.974939 0.00% [NOTICE] switch_loadable_module.c:389 Adding API Function 'httapi'
2026-09-28 13:39:59.974947 0.00% [NOTICE] switch_loadable_module.c:455 Adding File Format 'http'
2026-09-28 13:39:59.974953 0.00% [NOTICE] switch_loadable_module.c:455 Adding File Format 'https'
2026-09-28 13:39:59.975546 0.00% [CONSOLE] switch_loadable_module.c:1772 Successfully Loaded [mod_dialplan_xml]
2026-09-28 13:39:59.975557 0.00% [NOTICE] switch_loadable_module.c:273 Adding Dialplan 'XML'
2026-09-28 13:39:59.976302 0.00% [CONSOLE] switch_loadable_module.c:1772 Successfully Loaded [mod_dialplan_asterisk]
2026-09-28 13:39:59.976314 0.00% [NOTICE] switch_loadable_module.c:172 Adding Endpoint 'SIP'
2026-09-28 13:39:59.976339 0.00% [NOTICE] switch_loadable_module.c:172 Adding Endpoint 'IAX2'
2026-09-28 13:39:59.976348 0.00% [NOTICE] switch_loadable_module.c:273 Adding Dialplan 'asterisk'
2026-09-28 13:39:59.976356 0.00% [NOTICE] switch_loadable_module.c:329 Adding Application 'Dial'
2026-09-28 13:39:59.976362 0.00% [NOTICE] switch_loadable_module.c:329 Adding Application 'Goto'
2026-09-28 13:39:59.976370 0.00% [NOTICE] switch_loadable_module.c:329 Adding Application 'AvoidingDeadlock'
2026-09-28 13:39:59.978946 0.00% [DEBUG] mod_spandsp_fax.c:213 FAX timer thread started.
2026-09-28 13:39:59.999537 0.00% [DEBUG] mod_spandsp.c:894 mod_spandsp loaded, using spandsp library version [20120902 163333]
2026-09-28 13:39:59.999574 0.00% [CONSOLE] switch_loadable_module.c:1772 Successfully Loaded [mod_spandsp]
2026-09-28 13:39:59.999591 0.00% [NOTICE] switch_loadable_module.c:172 Adding Endpoint 'modem'
2026-09-28 13:39:59.999621 0.00% [NOTICE] switch_loadable_module.c:223 Adding Codec DVI4 6 ADPCM (IMA) 16000hz 10ms 1ch 64000bps
2026-09-28 13:39:59.999628 0.00% [NOTICE] switch_loadable_module.c:223 Adding Codec DVI4 6 ADPCM (IMA) 16000hz 20ms 1ch 64000bps
2026-09-28 13:39:59.999630 0.00% [NOTICE] switch_loadable_module.c:223 Adding Codec DVI4 6 ADPCM (IMA) 16000hz 30ms 1ch 64000bps
2026-09-28 13:39:59.999633 0.00% [NOTICE] switch_loadable_module.c:223 Adding Codec DVI4 6 ADPCM (IMA) 16000hz 40ms 1ch 64000bps
2026-09-28 13:39:59.999635 0.00% [NOTICE] switch_loadable_module.c:223 Adding Codec DVI4 6 ADPCM (IMA) 16000hz 50ms 1ch 64000bps
2026-09-28 13:39:59.999637 0.00% [NOTICE] switch_loadable_module.c:223 Adding Codec DVI4 6 ADPCM (IMA) 16000hz 60ms 1ch 64000bps
2026-09-28 13:39:59.999640 0.00% [NOTICE] switch_loadable_module.c:223 Adding Codec DVI4 5 ADPCM (IMA) 8000hz 10ms 1ch 32000bps
2026-09-28 13:39:59.999642 0.00% [NOTICE] switch_loadable_module.c:223 Adding Codec DVI4 5 ADPCM (IMA) 8000hz 20ms 1ch 32000bps
2026-09-28 13:39:59.999646 0.00% [NOTICE] switch_loadable_module.c:223 Adding Codec DVI4 5 ADPCM (IMA) 8000hz 30ms 1ch 32000bps
2026-09-28 13:39:59.999648 0.00% [NOTICE] switch_loadable_module.c:223 Adding Codec DVI4 5 ADPCM (IMA) 8000hz 40ms 1ch 32000bps
2026-09-28 13:39:59.999651 0.00% [NOTICE] switch_loadable_module.c:223 Adding Codec DVI4 5 ADPCM (IMA) 8000hz 50ms 1ch 32000bps
2026-09-28 13:39:59.999654 0.00% [NOTICE] switch_loadable_module.c:223 Adding Codec DVI4 5 ADPCM (IMA) 8000hz 60ms 1ch 32000bps
2026-09-28 13:39:59.999657 0.00% [NOTICE] switch_loadable_module.c:223 Adding Codec DVI4 5 ADPCM (IMA) 8000hz 70ms 1ch 32000bps
2026-09-28 13:39:59.999659 0.00% [NOTICE] switch_loadable_module.c:223 Adding Codec DVI4 5 ADPCM (IMA) 8000hz 80ms 1ch 32000bps
2026-09-28 13:39:59.999661 0.00% [NOTICE] switch_loadable_module.c:223 Adding Codec DVI4 5 ADPCM (IMA) 8000hz 90ms 1ch 32000bps
2026-09-28 13:39:59.999662 0.00% [NOTICE] switch_loadable_module.c:223 Adding Codec DVI4 5 ADPCM (IMA) 8000hz 100ms 1ch 32000bps
2026-09-28 13:39:59.999664 0.00% [NOTICE] switch_loadable_module.c:223 Adding Codec DVI4 5 ADPCM (IMA) 8000hz 110ms 1ch 32000bps
2026-09-28 13:39:59.999682 0.00% [NOTICE] switch_loadable_module.c:223 Adding Codec DVI4 5 ADPCM (IMA) 8000hz 120ms 1ch 32000bps
2026-09-28 13:39:59.999702 0.00% [NOTICE] switch_loadable_module.c:223 Adding Codec AAL2-G726-16 124 G.726 16k (AAL2) 8000hz 10ms 1ch 16000bps
2026-09-28 13:39:59.999706 0.00% [NOTICE] switch_loadable_module.c:223 Adding Codec AAL2-G726-16 124 G.726 16k (AAL2) 8000hz 20ms 1ch 16000bps
2026-09-28 13:39:59.999709 0.00% [NOTICE] switch_loadable_module.c:223 Adding Codec AAL2-G726-16 124 G.726 16k (AAL2) 8000hz 30ms 1ch 16000bps
2026-09-28 13:39:59.999710 0.00% [NOTICE] switch_loadable_module.c:223 Adding Codec AAL2-G726-16 124 G.726 16k (AAL2) 8000hz 40ms 1ch 16000bps
2026-09-28 13:39:59.999712 0.00% [NOTICE] switch_loadable_module.c:223 Adding Codec AAL2-G726-16 124 G.726 16k (AAL2) 8000hz 50ms 1ch 16000bps
2026-09-28 13:39:59.999714 0.00% [NOTICE] switch_loadable_module.c:223 Adding Codec AAL2-G726-16 124 G.726 16k (AAL2) 8000hz 60ms 1ch 16000bps
2026-09-28 13:39:59.999715 0.00% [NOTICE] switch_loadable_module.c:223 Adding Codec AAL2-G726-16 124 G.726 16k (AAL2) 8000hz 70ms 1ch 16000bps
2026-09-28 13:39:59.999717 0.00% [NOTICE] switch_loadable_module.c:223 Adding Codec AAL2-G726-16 124 G.726 16k (AAL2) 8000hz 80ms 1ch 16000bps
2026-09-28 13:39:59.999719 0.00% [NOTICE] switch_loadable_module.c:223 Adding Codec AAL2-G726-16 124 G.726 16k (AAL2) 8000hz 90ms 1ch 16000bps
2026-09-28 13:39:59.999720 0.00% [NOTICE] switch_loadable_module.c:223 Adding Codec AAL2-G726-16 124 G.726 16k (AAL2) 8000hz 100ms 1ch 16000bps
2026-09-28 13:39:59.999722 0.00% [NOTICE] switch_loadable_module.c:223 Adding Codec AAL2-G726-16 124 G.726 16k (AAL2) 8000hz 110ms 1ch 16000bps
2026-09-28 13:39:59.999724 0.00% [NOTICE] switch_loadable_module.c:223 Adding Codec AAL2-G726-16 124 G.726 16k (AAL2) 8000hz 120ms 1ch 16000bps
2026-09-28 13:39:59.999733 0.00% [NOTICE] switch_loadable_module.c:223 Adding Codec G726-16 124 G.726 16k 8000hz 10ms 1ch 16000bps
2026-09-28 13:39:59.999736 0.00% [NOTICE] switch_loadable_module.c:223 Adding Codec G726-16 124 G.726 16k 8000hz 20ms 1ch 16000bps
2026-09-28 13:39:59.999738 0.00% [NOTICE] switch_loadable_module.c:223 Adding Codec G726-16 124 G.726 16k 8000hz 30ms 1ch 16000bps
2026-09-28 13:39:59.999740 0.00% [NOTICE] switch_loadable_module.c:223 Adding Codec G726-16 124 G.726 16k 8000hz 40ms 1ch 16000bps
2026-09-28 13:39:59.999741 0.00% [NOTICE] switch_loadable_module.c:223 Adding Codec G726-16 124 G.726 16k 8000hz 50ms 1ch 16000bps
2026-09-28 13:39:59.999743 0.00% [NOTICE] switch_loadable_module.c:223 Adding Codec G726-16 124 G.726 16k 8000hz 60ms 1ch 16000bps
2026-09-28 13:39:59.999745 0.00% [NOTICE] switch_loadable_module.c:223 Adding Codec G726-16 124 G.726 16k 8000hz 70ms 1ch 16000bps
2026-09-28 13:39:59.999746 0.00% [NOTICE] switch_loadable_module.c:223 Adding Codec G726-16 124 G.726 16k 8000hz 80ms 1ch 16000bps
2026-09-28 13:39:59.999748 0.00% [NOTICE] switch_loadable_module.c:223 Adding Codec G726-16 124 G.726 16k 8000hz 90ms 1ch 16000bps
2026-09-28 13:39:59.999750 0.00% [NOTICE] switch_loadable_module.c:223 Adding Codec G726-16 124 G.726 16k 8000hz 100ms 1ch 16000bps
2026-09-28 13:39:59.999752 0.00% [NOTICE] switch_loadable_module.c:223 Adding Codec G726-16 124 G.726 16k 8000hz 110ms 1ch 16000bps
2026-09-28 13:39:59.999753 0.00% [NOTICE] switch_loadable_module.c:223 Adding Codec G726-16 124 G.726 16k 8000hz 120ms 1ch 16000bps
2026-09-28 13:39:59.999770 0.00% [NOTICE] switch_loadable_module.c:223 Adding Codec AAL2-G726-24 123 G.726 24k (AAL2) 8000hz 10ms 1ch 24000bps
2026-09-28 13:39:59.999772 0.00% [NOTICE] switch_loadable_module.c:223 Adding Codec AAL2-G726-24 123 G.726 24k (AAL2) 8000hz 20ms 1ch 24000bps
2026-09-28 13:39:59.999774 0.00% [NOTICE] switch_loadable_module.c:223 Adding Codec AAL2-G726-24 123 G.726 24k (AAL2) 8000hz 30ms 1ch 24000bps
2026-09-28 13:39:59.999776 0.00% [NOTICE] switch_loadable_module.c:223 Adding Codec AAL2-G726-24 123 G.726 24k (AAL2) 8000hz 40ms 1ch 24000bps
2026-09-28 13:39:59.999778 0.00% [NOTICE] switch_loadable_module.c:223 Adding Codec AAL2-G726-24 123 G.726 24k (AAL2) 8000hz 50ms 1ch 24000bps
2026-09-28 13:39:59.999779 0.00% [NOTICE] switch_loadable_module.c:223 Adding Codec AAL2-G726-24 123 G.726 24k (AAL2) 8000hz 60ms 1ch 24000bps
2026-09-28 13:39:59.999786 0.00% [NOTICE] switch_loadable_module.c:223 Adding Codec AAL2-G726-24 123 G.726 24k (AAL2) 8000hz 70ms 1ch 24000bps
2026-09-28 13:39:59.999788 0.00% [NOTICE] switch_loadable_module.c:223 Adding Codec AAL2-G726-24 123 G.726 24k (AAL2) 8000hz 80ms 1ch 24000bps
2026-09-28 13:39:59.999789 0.00% [NOTICE] switch_loadable_module.c:223 Adding Codec AAL2-G726-24 123 G.726 24k (AAL2) 8000hz 90ms 1ch 24000bps
2026-09-28 13:39:59.999791 0.00% [NOTICE] switch_loadable_module.c:223 Adding Codec AAL2-G726-24 123 G.726 24k (AAL2) 8000hz 100ms 1ch 24000bps
2026-09-28 13:39:59.999793 0.00% [NOTICE] switch_loadable_module.c:223 Adding Codec AAL2-G726-24 123 G.726 24k (AAL2) 8000hz 110ms 1ch 24000bps
2026-09-28 13:39:59.999795 0.00% [NOTICE] switch_loadable_module.c:223 Adding Codec AAL2-G726-24 123 G.726 24k (AAL2) 8000hz 120ms 1ch 24000bps
2026-09-28 13:39:59.999810 0.00% [NOTICE] switch_loadable_module.c:223 Adding Codec G726-24 123 G.726 24k 8000hz 10ms 1ch 24000bps
2026-09-28 13:39:59.999813 0.00% [NOTICE] switch_loadable_module.c:223 Adding Codec G726-24 123 G.726 24k 8000hz 20ms 1ch 24000bps
2026-09-28 13:39:59.999815 0.00% [NOTICE] switch_loadable_module.c:223 Adding Codec G726-24 123 G.726 24k 8000hz 30ms 1ch 24000bps
2026-09-28 13:39:59.999818 0.00% [NOTICE] switch_loadable_module.c:223 Adding Codec G726-24 123 G.726 24k 8000hz 40ms 1ch 24000bps
2026-09-28 13:39:59.999819 0.00% [NOTICE] switch_loadable_module.c:223 Adding Codec G726-24 123 G.726 24k 8000hz 50ms 1ch 24000bps
2026-09-28 13:39:59.999821 0.00% [NOTICE] switch_loadable_module.c:223 Adding Codec G726-24 123 G.726 24k 8000hz 60ms 1ch 24000bps
2026-09-28 13:39:59.999823 0.00% [NOTICE] switch_loadable_module.c:223 Adding Codec G726-24 123 G.726 24k 8000hz 70ms 1ch 24000bps
2026-09-28 13:39:59.999826 0.00% [NOTICE] switch_loadable_module.c:223 Adding Codec G726-24 123 G.726 24k 8000hz 80ms 1ch 24000bps
2026-09-28 13:39:59.999827 0.00% [NOTICE] switch_loadable_module.c:223 Adding Codec G726-24 123 G.726 24k 8000hz 90ms 1ch 24000bps
2026-09-28 13:39:59.999829 0.00% [NOTICE] switch_loadable_module.c:223 Adding Codec G726-24 123 G.726 24k 8000hz 100ms 1ch 24000bps
2026-09-28 13:39:59.999830 0.00% [NOTICE] switch_loadable_module.c:223 Adding Codec G726-24 123 G.726 24k 8000hz 110ms 1ch 24000bps
2026-09-28 13:39:59.999832 0.00% [NOTICE] switch_loadable_module.c:223 Adding Codec G726-24 123 G.726 24k 8000hz 120ms 1ch 24000bps
2026-09-28 13:39:59.999847 0.00% [NOTICE] switch_loadable_module.c:223 Adding Codec AAL2-G726-32 122 G.726 32k (AAL2) 8000hz 10ms 1ch 32000bps
2026-09-28 13:39:59.999850 0.00% [NOTICE] switch_loadable_module.c:223 Adding Codec AAL2-G726-32 122 G.726 32k (AAL2) 8000hz 20ms 1ch 32000bps
2026-09-28 13:39:59.999852 0.00% [NOTICE] switch_loadable_module.c:223 Adding Codec AAL2-G726-32 122 G.726 32k (AAL2) 8000hz 30ms 1ch 32000bps
2026-09-28 13:39:59.999854 0.00% [NOTICE] switch_loadable_module.c:223 Adding Codec AAL2-G726-32 122 G.726 32k (AAL2) 8000hz 40ms 1ch 32000bps
2026-09-28 13:39:59.999856 0.00% [NOTICE] switch_loadable_module.c:223 Adding Codec AAL2-G726-32 122 G.726 32k (AAL2) 8000hz 50ms 1ch 32000bps
2026-09-28 13:39:59.999857 0.00% [NOTICE] switch_loadable_module.c:223 Adding Codec AAL2-G726-32 122 G.726 32k (AAL2) 8000hz 60ms 1ch 32000bps
2026-09-28 13:39:59.999860 0.00% [NOTICE] switch_loadable_module.c:223 Adding Codec AAL2-G726-32 122 G.726 32k (AAL2) 8000hz 70ms 1ch 32000bps
2026-09-28 13:39:59.999861 0.00% [NOTICE] switch_loadable_module.c:223 Adding Codec AAL2-G726-32 122 G.726 32k (AAL2) 8000hz 80ms 1ch 32000bps
2026-09-28 13:39:59.999863 0.00% [NOTICE] switch_loadable_module.c:223 Adding Codec AAL2-G726-32 122 G.726 32k (AAL2) 8000hz 90ms 1ch 32000bps
2026-09-28 13:39:59.999865 0.00% [NOTICE] switch_loadable_module.c:223 Adding Codec AAL2-G726-32 122 G.726 32k (AAL2) 8000hz 100ms 1ch 32000bps
2026-09-28 13:39:59.999866 0.00% [NOTICE] switch_loadable_module.c:223 Adding Codec AAL2-G726-32 122 G.726 32k (AAL2) 8000hz 110ms 1ch 32000bps
2026-09-28 13:39:59.999868 0.00% [NOTICE] switch_loadable_module.c:223 Adding Codec AAL2-G726-32 122 G.726 32k (AAL2) 8000hz 120ms 1ch 32000bps
2026-09-28 13:39:59.999882 0.00% [NOTICE] switch_loadable_module.c:223 Adding Codec G726-32 122 G.726 32k 8000hz 10ms 1ch 32000bps
2026-09-28 13:39:59.999884 0.00% [NOTICE] switch_loadable_module.c:223 Adding Codec G726-32 122 G.726 32k 8000hz 20ms 1ch 32000bps
2026-09-28 13:39:59.999886 0.00% [NOTICE] switch_loadable_module.c:223 Adding Codec G726-32 122 G.726 32k 8000hz 30ms 1ch 32000bps
2026-09-28 13:39:59.999888 0.00% [NOTICE] switch_loadable_module.c:223 Adding Codec G726-32 122 G.726 32k 8000hz 40ms 1ch 32000bps
2026-09-28 13:39:59.999914 0.00% [NOTICE] switch_loadable_module.c:223 Adding Codec G726-32 122 G.726 32k 8000hz 50ms 1ch 32000bps
2026-09-28 13:39:59.999917 0.00% [NOTICE] switch_loadable_module.c:223 Adding Codec G726-32 122 G.726 32k 8000hz 60ms 1ch 32000bps
2026-09-28 13:39:59.999933 0.00% [NOTICE] switch_loadable_module.c:223 Adding Codec G726-32 122 G.726 32k 8000hz 70ms 1ch 32000bps
2026-09-28 13:39:59.999935 0.00% [NOTICE] switch_loadable_module.c:223 Adding Codec G726-32 122 G.726 32k 8000hz 80ms 1ch 32000bps
2026-09-28 13:39:59.999936 0.00% [NOTICE] switch_loadable_module.c:223 Adding Codec G726-32 122 G.726 32k 8000hz 90ms 1ch 32000bps
2026-09-28 13:39:59.999938 0.00% [NOTICE] switch_loadable_module.c:223 Adding Codec G726-32 122 G.726 32k 8000hz 100ms 1ch 32000bps
2026-09-28 13:39:59.999940 0.00% [NOTICE] switch_loadable_module.c:223 Adding Codec G726-32 122 G.726 32k 8000hz 110ms 1ch 32000bps
2026-09-28 13:39:59.999941 0.00% [NOTICE] switch_loadable_module.c:223 Adding Codec G726-32 122 G.726 32k 8000hz 120ms 1ch 32000bps
2026-09-28 13:39:59.999959 0.00% [NOTICE] switch_loadable_module.c:223 Adding Codec AAL2-G726-40 121 G.726 40k (AAL2) 8000hz 10ms 1ch 40000bps
2026-09-28 13:39:59.999962 0.00% [NOTICE] switch_loadable_module.c:223 Adding Codec AAL2-G726-40 121 G.726 40k (AAL2) 8000hz 20ms 1ch 40000bps
2026-09-28 13:39:59.999964 0.00% [NOTICE] switch_loadable_module.c:223 Adding Codec AAL2-G726-40 121 G.726 40k (AAL2) 8000hz 30ms 1ch 40000bps
2026-09-28 13:39:59.999966 0.00% [NOTICE] switch_loadable_module.c:223 Adding Codec AAL2-G726-40 121 G.726 40k (AAL2) 8000hz 40ms 1ch 40000bps
2026-09-28 13:39:59.999967 0.00% [NOTICE] switch_loadable_module.c:223 Adding Codec AAL2-G726-40 121 G.726 40k (AAL2) 8000hz 50ms 1ch 40000bps
2026-09-28 13:39:59.999969 0.00% [NOTICE] switch_loadable_module.c:223 Adding Codec AAL2-G726-40 121 G.726 40k (AAL2) 8000hz 60ms 1ch 40000bps
2026-09-28 13:39:59.999971 0.00% [NOTICE] switch_loadable_module.c:223 Adding Codec AAL2-G726-40 121 G.726 40k (AAL2) 8000hz 70ms 1ch 40000bps
2026-09-28 13:39:59.999973 0.00% [NOTICE] switch_loadable_module.c:223 Adding Codec AAL2-G726-40 121 G.726 40k (AAL2) 8000hz 80ms 1ch 40000bps
2026-09-28 13:39:59.999974 0.00% [NOTICE] switch_loadable_module.c:223 Adding Codec AAL2-G726-40 121 G.726 40k (AAL2) 8000hz 90ms 1ch 40000bps
2026-09-28 13:39:59.999976 0.00% [NOTICE] switch_loadable_module.c:223 Adding Codec AAL2-G726-40 121 G.726 40k (AAL2) 8000hz 100ms 1ch 40000bps
2026-09-28 13:39:59.999977 0.00% [NOTICE] switch_loadable_module.c:223 Adding Codec AAL2-G726-40 121 G.726 40k (AAL2) 8000hz 110ms 1ch 40000bps
2026-09-28 13:39:59.999979 0.00% [NOTICE] switch_loadable_module.c:223 Adding Codec AAL2-G726-40 121 G.726 40k (AAL2) 8000hz 120ms 1ch 40000bps
2026-09-28 13:39:59.999995 0.00% [NOTICE] switch_loadable_module.c:223 Adding Codec G726-40 121 G.726 40k 8000hz 10ms 1ch 40000bps
2026-09-28 13:39:59.999997 0.00% [NOTICE] switch_loadable_module.c:223 Adding Codec G726-40 121 G.726 40k 8000hz 20ms 1ch 40000bps
2026-09-28 13:39:59.999999 0.00% [NOTICE] switch_loadable_module.c:223 Adding Codec G726-40 121 G.726 40k 8000hz 30ms 1ch 40000bps
2026-09-28 13:40:00.000001 0.00% [NOTICE] switch_loadable_module.c:223 Adding Codec G726-40 121 G.726 40k 8000hz 40ms 1ch 40000bps
2026-09-28 13:40:00.000002 0.00% [NOTICE] switch_loadable_module.c:223 Adding Codec G726-40 121 G.726 40k 8000hz 50ms 1ch 40000bps
2026-09-28 13:40:00.000004 0.00% [NOTICE] switch_loadable_module.c:223 Adding Codec G726-40 121 G.726 40k 8000hz 60ms 1ch 40000bps
2026-09-28 13:40:00.000006 0.00% [NOTICE] switch_loadable_module.c:223 Adding Codec G726-40 121 G.726 40k 8000hz 70ms 1ch 40000bps
2026-09-28 13:40:00.000015 0.00% [NOTICE] switch_loadable_module.c:223 Adding Codec G726-40 121 G.726 40k 8000hz 80ms 1ch 40000bps
2026-09-28 13:40:00.000017 0.00% [NOTICE] switch_loadable_module.c:223 Adding Codec G726-40 121 G.726 40k 8000hz 90ms 1ch 40000bps
2026-09-28 13:40:00.000019 0.00% [NOTICE] switch_loadable_module.c:223 Adding Codec G726-40 121 G.726 40k 8000hz 100ms 1ch 40000bps
2026-09-28 13:40:00.000020 0.00% [NOTICE] switch_loadable_module.c:223 Adding Codec G726-40 121 G.726 40k 8000hz 110ms 1ch 40000bps
2026-09-28 13:40:00.000022 0.00% [NOTICE] switch_loadable_module.c:223 Adding Codec G726-40 121 G.726 40k 8000hz 120ms 1ch 40000bps
2026-09-28 13:40:00.000038 0.00% [NOTICE] switch_loadable_module.c:223 Adding Codec G722 9 G.722 16000hz 10ms 1ch 64000bps
2026-09-28 13:40:00.000040 0.00% [NOTICE] switch_loadable_module.c:223 Adding Codec G722 9 G.722 16000hz 20ms 1ch 64000bps
2026-09-28 13:40:00.000042 0.00% [NOTICE] switch_loadable_module.c:223 Adding Codec G722 9 G.722 16000hz 30ms 1ch 64000bps
2026-09-28 13:40:00.000044 0.00% [NOTICE] switch_loadable_module.c:223 Adding Codec G722 9 G.722 16000hz 40ms 1ch 64000bps
2026-09-28 13:40:00.000045 0.00% [NOTICE] switch_loadable_module.c:223 Adding Codec G722 9 G.722 16000hz 50ms 1ch 64000bps
2026-09-28 13:40:00.000047 0.00% [NOTICE] switch_loadable_module.c:223 Adding Codec G722 9 G.722 16000hz 60ms 1ch 64000bps
2026-09-28 13:40:00.000055 0.00% [NOTICE] switch_loadable_module.c:223 Adding Codec GSM 3 GSM 8000hz 20ms 1ch 13200bps
2026-09-28 13:40:00.000057 0.00% [NOTICE] switch_loadable_module.c:223 Adding Codec GSM 3 GSM 8000hz 40ms 1ch 13200bps
2026-09-28 13:40:00.000059 0.00% [NOTICE] switch_loadable_module.c:223 Adding Codec GSM 3 GSM 8000hz 60ms 1ch 13200bps
2026-09-28 13:40:00.000099 0.00% [NOTICE] switch_loadable_module.c:223 Adding Codec GSM 3 GSM 8000hz 80ms 1ch 13200bps
2026-09-28 13:40:00.000104 0.00% [NOTICE] switch_loadable_module.c:223 Adding Codec GSM 3 GSM 8000hz 100ms 1ch 13200bps
2026-09-28 13:40:00.000112 0.00% [NOTICE] switch_loadable_module.c:223 Adding Codec GSM 3 GSM 8000hz 120ms 1ch 13200bps
2026-09-28 13:40:00.000140 0.00% [NOTICE] switch_loadable_module.c:223 Adding Codec LPC 7 LPC-10 8000hz 90ms 1ch 2400bps
2026-09-28 13:40:00.000149 0.00% [NOTICE] switch_loadable_module.c:329 Adding Application 't38_gateway'
2026-09-28 13:40:00.000167 0.00% [NOTICE] switch_loadable_module.c:329 Adding Application 'rxfax'
2026-09-28 13:40:00.000174 0.00% [NOTICE] switch_loadable_module.c:329 Adding Application 'txfax'
2026-09-28 13:40:00.000179 0.00% [NOTICE] switch_loadable_module.c:329 Adding Application 'stopfax'
2026-09-28 13:40:00.000185 0.00% [NOTICE] switch_loadable_module.c:329 Adding Application 'spandsp_stop_dtmf'
2026-09-28 13:40:00.000190 0.00% [NOTICE] switch_loadable_module.c:329 Adding Application 'spandsp_start_dtmf'
2026-09-28 13:40:00.000196 0.00% [NOTICE] switch_loadable_module.c:329 Adding Application 'spandsp_stop_inject_tdd'
2026-09-28 13:40:00.000201 0.00% [NOTICE] switch_loadable_module.c:329 Adding Application 'spandsp_inject_tdd'
2026-09-28 13:40:00.000243 0.00% [NOTICE] switch_loadable_module.c:329 Adding Application 'spandsp_stop_detect_tdd'
2026-09-28 13:40:00.000250 0.00% [NOTICE] switch_loadable_module.c:329 Adding Application 'spandsp_detect_tdd'
2026-09-28 13:40:00.000256 0.00% [NOTICE] switch_loadable_module.c:329 Adding Application 'spandsp_send_tdd'
2026-09-28 13:40:00.000262 0.00% [NOTICE] switch_loadable_module.c:329 Adding Application 'spandsp_start_fax_detect'
2026-09-28 13:40:00.000267 0.00% [NOTICE] switch_loadable_module.c:329 Adding Application 'spandsp_stop_fax_detect'
2026-09-28 13:40:00.000273 0.00% [NOTICE] switch_loadable_module.c:329 Adding Application 'spandsp_start_tone_detect'
2026-09-28 13:40:00.000278 0.00% [NOTICE] switch_loadable_module.c:329 Adding Application 'spandsp_stop_tone_detect'
2026-09-28 13:40:00.000284 0.00% [NOTICE] switch_loadable_module.c:389 Adding API Function 'spandsp_start_tone_detect'
2026-09-28 13:40:00.000290 0.00% [NOTICE] switch_loadable_module.c:389 Adding API Function 'spandsp_stop_tone_detect'
2026-09-28 13:40:00.000298 0.00% [NOTICE] switch_loadable_module.c:389 Adding API Function 'start_tdd_detect'
2026-09-28 13:40:00.000303 0.00% [NOTICE] switch_loadable_module.c:389 Adding API Function 'stop_tdd_detect'
2026-09-28 13:40:00.000310 0.00% [NOTICE] switch_loadable_module.c:389 Adding API Function 'uuid_send_tdd'
2026-09-28 13:40:00.000902 0.00% [CONSOLE] switch_loadable_module.c:1772 Successfully Loaded [mod_g723_1]
2026-09-28 13:40:00.000916 0.00% [NOTICE] switch_loadable_module.c:223 Adding Codec G723 4 G.723.1 6.3k 8000hz 120ms 1ch 6300bps
2026-09-28 13:40:00.000920 0.00% [NOTICE] switch_loadable_module.c:223 Adding Codec G723 4 G.723.1 6.3k 8000hz 90ms 1ch 6300bps
2026-09-28 13:40:00.000922 0.00% [NOTICE] switch_loadable_module.c:223 Adding Codec G723 4 G.723.1 6.3k 8000hz 60ms 1ch 6300bps
2026-09-28 13:40:00.000924 0.00% [NOTICE] switch_loadable_module.c:223 Adding Codec G723 4 G.723.1 6.3k 8000hz 30ms 1ch 6300bps
2026-09-28 13:40:00.001303 0.00% [CONSOLE] switch_loadable_module.c:1772 Successfully Loaded [mod_g729]
2026-09-28 13:40:00.001314 0.00% [NOTICE] switch_loadable_module.c:223 Adding Codec G729 18 G.729 8000hz 10ms 1ch 8000bps
2026-09-28 13:40:00.001318 0.00% [NOTICE] switch_loadable_module.c:223 Adding Codec G729 18 G.729 8000hz 20ms 1ch 8000bps
2026-09-28 13:40:00.001320 0.00% [NOTICE] switch_loadable_module.c:223 Adding Codec G729 18 G.729 8000hz 30ms 1ch 8000bps
2026-09-28 13:40:00.001322 0.00% [NOTICE] switch_loadable_module.c:223 Adding Codec G729 18 G.729 8000hz 40ms 1ch 8000bps
2026-09-28 13:40:00.001324 0.00% [NOTICE] switch_loadable_module.c:223 Adding Codec G729 18 G.729 8000hz 50ms 1ch 8000bps
2026-09-28 13:40:00.001325 0.00% [NOTICE] switch_loadable_module.c:223 Adding Codec G729 18 G.729 8000hz 60ms 1ch 8000bps
2026-09-28 13:40:00.001327 0.00% [NOTICE] switch_loadable_module.c:223 Adding Codec G729 18 G.729 8000hz 70ms 1ch 8000bps
2026-09-28 13:40:00.001329 0.00% [NOTICE] switch_loadable_module.c:223 Adding Codec G729 18 G.729 8000hz 80ms 1ch 8000bps
2026-09-28 13:40:00.001330 0.00% [NOTICE] switch_loadable_module.c:223 Adding Codec G729 18 G.729 8000hz 90ms 1ch 8000bps
2026-09-28 13:40:00.001348 0.00% [NOTICE] switch_loadable_module.c:223 Adding Codec G729 18 G.729 8000hz 100ms 1ch 8000bps
2026-09-28 13:40:00.001350 0.00% [NOTICE] switch_loadable_module.c:223 Adding Codec G729 18 G.729 8000hz 110ms 1ch 8000bps
2026-09-28 13:40:00.001352 0.00% [NOTICE] switch_loadable_module.c:223 Adding Codec G729 18 G.729 8000hz 120ms 1ch 8000bps
2026-09-28 13:40:00.001765 0.00% [CONSOLE] switch_loadable_module.c:1772 Successfully Loaded [mod_amr]
2026-09-28 13:40:00.001776 0.00% [NOTICE] switch_loadable_module.c:223 Adding Codec AMR 96 AMR / Octet Aligned 8000hz 20ms 1ch 12200bps
2026-09-28 13:40:00.001808 0.00% [NOTICE] switch_loadable_module.c:223 Adding Codec AMR 97 AMR / Bandwidth Efficient 8000hz 20ms 1ch 12200bps
2026-09-28 13:40:00.002173 0.00% [CONSOLE] switch_loadable_module.c:1772 Successfully Loaded [mod_b64]
2026-09-28 13:40:00.002186 0.00% [NOTICE] switch_loadable_module.c:223 Adding Codec b64 116 B64 (STANDARD) 32000hz 20ms 1ch 684800bps
2026-09-28 13:40:00.002189 0.00% [NOTICE] switch_loadable_module.c:223 Adding Codec b64 116 B64 (STANDARD) 16000hz 20ms 1ch 342400bps
2026-09-28 13:40:00.002192 0.00% [NOTICE] switch_loadable_module.c:223 Adding Codec b64 116 B64 (STANDARD) 8000hz 20ms 1ch 171200bps
2026-09-28 13:40:00.003585 0.00% [CONSOLE] switch_loadable_module.c:1772 Successfully Loaded [mod_opus]
2026-09-28 13:40:00.003595 0.00% [NOTICE] switch_loadable_module.c:229 Adding Codec opus 116 OPUS (STANDARD) 8000hz 40ms 2ch (VBR)
2026-09-28 13:40:00.003598 0.00% [NOTICE] switch_loadable_module.c:229 Adding Codec opus 116 OPUS (STANDARD) 8000hz 40ms 1ch (VBR)
2026-09-28 13:40:00.003600 0.00% [NOTICE] switch_loadable_module.c:229 Adding Codec opus 116 OPUS (STANDARD) 8000hz 120ms 1ch (VBR)
2026-09-28 13:40:00.003602 0.00% [NOTICE] switch_loadable_module.c:229 Adding Codec opus 116 OPUS (STANDARD) 8000hz 100ms 1ch (VBR)
2026-09-28 13:40:00.003604 0.00% [NOTICE] switch_loadable_module.c:229 Adding Codec opus 116 OPUS (STANDARD) 8000hz 80ms 1ch (VBR)
2026-09-28 13:40:00.003605 0.00% [NOTICE] switch_loadable_module.c:229 Adding Codec opus 116 OPUS (STANDARD) 8000hz 60ms 1ch (VBR)
2026-09-28 13:40:00.003607 0.00% [NOTICE] switch_loadable_module.c:229 Adding Codec opus 116 OPUS (STANDARD) 8000hz 20ms 2ch (VBR)
2026-09-28 13:40:00.003609 0.00% [NOTICE] switch_loadable_module.c:229 Adding Codec opus 116 OPUS (STANDARD) 8000hz 20ms 1ch (VBR)
2026-09-28 13:40:00.003610 0.00% [NOTICE] switch_loadable_module.c:229 Adding Codec opus 116 OPUS (STANDARD) 8000hz 10ms 2ch (VBR)
2026-09-28 13:40:00.003612 0.00% [NOTICE] switch_loadable_module.c:229 Adding Codec opus 116 OPUS (STANDARD) 8000hz 10ms 1ch (VBR)
2026-09-28 13:40:00.003613 0.00% [NOTICE] switch_loadable_module.c:229 Adding Codec opus 116 OPUS (STANDARD) 16000hz 40ms 2ch (VBR)
2026-09-28 13:40:00.003615 0.00% [NOTICE] switch_loadable_module.c:229 Adding Codec opus 116 OPUS (STANDARD) 16000hz 40ms 1ch (VBR)
2026-09-28 13:40:00.003617 0.00% [NOTICE] switch_loadable_module.c:229 Adding Codec opus 116 OPUS (STANDARD) 16000hz 60ms 1ch (VBR)
2026-09-28 13:40:00.003618 0.00% [NOTICE] switch_loadable_module.c:229 Adding Codec opus 116 OPUS (STANDARD) 16000hz 20ms 2ch (VBR)
2026-09-28 13:40:00.003623 0.00% [NOTICE] switch_loadable_module.c:229 Adding Codec opus 116 OPUS (STANDARD) 16000hz 20ms 1ch (VBR)
2026-09-28 13:40:00.003624 0.00% [NOTICE] switch_loadable_module.c:229 Adding Codec opus 116 OPUS (STANDARD) 16000hz 10ms 2ch (VBR)
2026-09-28 13:40:00.003626 0.00% [NOTICE] switch_loadable_module.c:229 Adding Codec opus 116 OPUS (STANDARD) 16000hz 10ms 1ch (VBR)
2026-09-28 13:40:00.003627 0.00% [NOTICE] switch_loadable_module.c:229 Adding Codec opus 116 OPUS (STANDARD) 48000hz 40ms 2ch (VBR)
2026-09-28 13:40:00.003652 0.00% [NOTICE] switch_loadable_module.c:229 Adding Codec opus 116 OPUS (STANDARD) 48000hz 40ms 1ch (VBR)
2026-09-28 13:40:00.003654 0.00% [NOTICE] switch_loadable_module.c:229 Adding Codec opus 116 OPUS (STANDARD) 48000hz 20ms 2ch (VBR)
2026-09-28 13:40:00.003656 0.00% [NOTICE] switch_loadable_module.c:229 Adding Codec opus 116 OPUS (STANDARD) 48000hz 20ms 1ch (VBR)
2026-09-28 13:40:00.003658 0.00% [NOTICE] switch_loadable_module.c:229 Adding Codec opus 116 OPUS (STANDARD) 48000hz 10ms 2ch (VBR)
2026-09-28 13:40:00.003659 0.00% [NOTICE] switch_loadable_module.c:229 Adding Codec opus 116 OPUS (STANDARD) 48000hz 10ms 1ch (VBR)
2026-09-28 13:40:00.003684 0.00% [NOTICE] switch_loadable_module.c:389 Adding API Function 'opus_debug'
2026-09-28 13:40:00.004544 0.00% [CRIT] switch_loadable_module.c:1754 Error Loading module /usr/lib/freeswitch/mod/mod_av.so
**Error loading shared library libavformat.so.62: No such file or directory (needed by /usr/lib/freeswitch/mod/mod_av.so)**
2026-09-28 13:40:00.011766 0.00% [INFO] mod_sndfile.c:498 
LibSndFile Version : libsndfile-1.2.2 Supported Formats
================================================================================
AIFF (Apple/SGI)  (extension "aiff")
AU (Sun/NeXT)  (extension "au")
AVR (Audio Visual Research)  (extension "avr")
CAF (Apple Core Audio File)  (extension "caf")
FLAC (Free Lossless Audio Codec)  (extension "flac")
HTK (HMM Tool Kit)  (extension "htk")
IFF (Amiga IFF/SVX8/SV16)  (extension "iff")
MAT4 (GNU Octave 2.0 / Matlab 4.2)  (extension "mat")
MAT5 (GNU Octave 2.1 / Matlab 5.0)  (extension "mat")
MPC (Akai MPC 2k)  (extension "mpc")
MPEG-1/2 Audio  (extension "m1a")
OGG (OGG Container format)  (extension "oga")
OGG (OGG Container format)  (extension "ogg")
PAF (Ensoniq PARIS)  (extension "paf")
PVF (Portable Voice Format)  (extension "pvf")
RAW (header-less)  (extension "raw")
RF64 (RIFF 64)  (extension "rf64")
SD2 (Sound Designer II)  (extension "sd2")
SDS (Midi Sample Dump Standard)  (extension "sds")
SF (Berkeley/IRCAM/CARL)  (extension "sf")
VOC (Creative Labs)  (extension "voc")
W64 (SoundFoundry WAVE 64)  (extension "w64")
WAV (Microsoft)  (extension "wav")
WAV (NIST Sphere)  (extension "wav")
WAVEX (Microsoft)  (extension "wav")
WVE (Psion Series 3)  (extension "wve")
XI (FastTracker 2)  (extension "xi")
================================================================================
2026-09-28 13:40:00.011832 0.00% [CONSOLE] switch_loadable_module.c:1772 Successfully Loaded [mod_sndfile]
2026-09-28 13:40:00.011846 0.00% [NOTICE] switch_loadable_module.c:389 Adding API Function 'sndfile_debug'
2026-09-28 13:40:00.011875 0.00% [NOTICE] switch_loadable_module.c:455 Adding File Format 'aiff'
2026-09-28 13:40:00.011888 0.00% [NOTICE] switch_loadable_module.c:455 Adding File Format 'au'
2026-09-28 13:40:00.011895 0.00% [NOTICE] switch_loadable_module.c:455 Adding File Format 'avr'
2026-09-28 13:40:00.011902 0.00% [NOTICE] switch_loadable_module.c:455 Adding File Format 'caf'
2026-09-28 13:40:00.011908 0.00% [NOTICE] switch_loadable_module.c:455 Adding File Format 'flac'
2026-09-28 13:40:00.011914 0.00% [NOTICE] switch_loadable_module.c:455 Adding File Format 'htk'
2026-09-28 13:40:00.011920 0.00% [NOTICE] switch_loadable_module.c:455 Adding File Format 'iff'
2026-09-28 13:40:00.011925 0.00% [NOTICE] switch_loadable_module.c:455 Adding File Format 'mat'
2026-09-28 13:40:00.011930 0.00% [NOTICE] switch_loadable_module.c:455 Adding File Format 'mpc'
2026-09-28 13:40:00.011938 0.00% [NOTICE] switch_loadable_module.c:455 Adding File Format 'm1a'
2026-09-28 13:40:00.011943 0.00% [NOTICE] switch_loadable_module.c:455 Adding File Format 'oga'
2026-09-28 13:40:00.011952 0.00% [NOTICE] switch_loadable_module.c:455 Adding File Format 'paf'
2026-09-28 13:40:00.011957 0.00% [NOTICE] switch_loadable_module.c:455 Adding File Format 'pvf'
2026-09-28 13:40:00.012014 0.00% [NOTICE] switch_loadable_module.c:455 Adding File Format 'raw'
2026-09-28 13:40:00.012024 0.00% [NOTICE] switch_loadable_module.c:455 Adding File Format 'rf64'
2026-09-28 13:40:00.012029 0.00% [NOTICE] switch_loadable_module.c:455 Adding File Format 'sd2'
2026-09-28 13:40:00.012103 0.00% [NOTICE] switch_loadable_module.c:455 Adding File Format 'sds'
2026-09-28 13:40:00.012116 0.00% [NOTICE] switch_loadable_module.c:455 Adding File Format 'sf'
2026-09-28 13:40:00.012129 0.00% [NOTICE] switch_loadable_module.c:455 Adding File Format 'voc'
2026-09-28 13:40:00.012144 0.00% [NOTICE] switch_loadable_module.c:455 Adding File Format 'w64'
2026-09-28 13:40:00.012154 0.00% [NOTICE] switch_loadable_module.c:455 Adding File Format 'wav'
2026-09-28 13:40:00.012164 0.00% [NOTICE] switch_loadable_module.c:455 Adding File Format 'wve'
2026-09-28 13:40:00.012175 0.00% [NOTICE] switch_loadable_module.c:455 Adding File Format 'xi'
2026-09-28 13:40:00.012186 0.00% [NOTICE] switch_loadable_module.c:455 Adding File Format 'r8'
2026-09-28 13:40:00.012198 0.00% [NOTICE] switch_loadable_module.c:455 Adding File Format 'r16'
2026-09-28 13:40:00.012209 0.00% [NOTICE] switch_loadable_module.c:455 Adding File Format 'r24'
2026-09-28 13:40:00.012221 0.00% [NOTICE] switch_loadable_module.c:455 Adding File Format 'r32'
2026-09-28 13:40:00.012233 0.00% [NOTICE] switch_loadable_module.c:455 Adding File Format 'gsm'
2026-09-28 13:40:00.012244 0.00% [NOTICE] switch_loadable_module.c:455 Adding File Format 'ul'
2026-09-28 13:40:00.012258 0.00% [NOTICE] switch_loadable_module.c:455 Adding File Format 'ulaw'
2026-09-28 13:40:00.012270 0.00% [NOTICE] switch_loadable_module.c:455 Adding File Format 'al'
2026-09-28 13:40:00.012279 0.00% [NOTICE] switch_loadable_module.c:455 Adding File Format 'alaw'
2026-09-28 13:40:00.012310 0.00% [NOTICE] switch_loadable_module.c:455 Adding File Format 'adpcm'
2026-09-28 13:40:00.012321 0.00% [NOTICE] switch_loadable_module.c:455 Adding File Format 'vox'
2026-09-28 13:40:00.012375 0.00% [NOTICE] switch_loadable_module.c:455 Adding File Format 'oga'
2026-09-28 13:40:00.012388 0.00% [NOTICE] switch_loadable_module.c:455 Adding File Format 'ogg'
2026-09-28 13:40:00.012916 0.00% [CONSOLE] switch_loadable_module.c:1772 Successfully Loaded [mod_native_file]
2026-09-28 13:40:00.012943 0.00% [NOTICE] switch_loadable_module.c:455 Adding File Format 'AAL2-G726-32'
2026-09-28 13:40:00.012971 0.00% [NOTICE] switch_loadable_module.c:455 Adding File Format 'DVI4'
2026-09-28 13:40:00.012979 0.00% [NOTICE] switch_loadable_module.c:455 Adding File Format 'PCMU'
2026-09-28 13:40:00.012985 0.00% [NOTICE] switch_loadable_module.c:455 Adding File Format 'G722'
2026-09-28 13:40:00.012991 0.00% [NOTICE] switch_loadable_module.c:455 Adding File Format 'AAL2-G726-24'
2026-09-28 13:40:00.013011 0.00% [NOTICE] switch_loadable_module.c:455 Adding File Format 'AAL2-G726-40'
2026-09-28 13:40:00.013018 0.00% [NOTICE] switch_loadable_module.c:455 Adding File Format 'L16'
2026-09-28 13:40:00.013093 0.00% [NOTICE] switch_loadable_module.c:455 Adding File Format 'G726-16'
2026-09-28 13:40:00.013130 0.00% [NOTICE] switch_loadable_module.c:455 Adding File Format 'PCMA'
2026-09-28 13:40:00.013143 0.00% [NOTICE] switch_loadable_module.c:455 Adding File Format 'G726-24'
2026-09-28 13:40:00.013158 0.00% [NOTICE] switch_loadable_module.c:455 Adding File Format 'G729'
2026-09-28 13:40:00.013169 0.00% [NOTICE] switch_loadable_module.c:455 Adding File Format 'AAL2-G726-16'
2026-09-28 13:40:00.013179 0.00% [NOTICE] switch_loadable_module.c:455 Adding File Format 'G726-32'
2026-09-28 13:40:00.013190 0.00% [NOTICE] switch_loadable_module.c:455 Adding File Format 'GSM'
2026-09-28 13:40:00.013203 0.00% [NOTICE] switch_loadable_module.c:455 Adding File Format 'G726-40'
2026-09-28 13:40:00.013216 0.00% [NOTICE] switch_loadable_module.c:455 Adding File Format 'G723'
2026-09-28 13:40:00.013245 0.00% [NOTICE] switch_loadable_module.c:455 Adding File Format 'LPC'
2026-09-28 13:40:00.013862 0.00% [CONSOLE] switch_loadable_module.c:1772 Successfully Loaded [mod_png]
2026-09-28 13:40:00.013874 0.00% [NOTICE] switch_loadable_module.c:389 Adding API Function 'uuid_write_png'
2026-09-28 13:40:00.013898 0.00% [NOTICE] switch_loadable_module.c:455 Adding File Format 'png'
2026-09-28 13:40:00.016149 0.00% [CONSOLE] switch_loadable_module.c:1772 Successfully Loaded [mod_local_stream]
2026-09-28 13:40:00.016172 0.00% [NOTICE] switch_loadable_module.c:389 Adding API Function 'local_stream'
2026-09-28 13:40:00.016263 0.00% [NOTICE] switch_loadable_module.c:455 Adding File Format 'local_stream'
2026-09-28 13:40:00.016754 0.00% [CONSOLE] switch_loadable_module.c:1772 Successfully Loaded [mod_tone_stream]
2026-09-28 13:40:00.016772 0.00% [NOTICE] switch_loadable_module.c:455 Adding File Format 'tone_stream'
2026-09-28 13:40:00.016807 0.00% [NOTICE] switch_loadable_module.c:455 Adding File Format 'silence_stream'
2026-09-28 13:40:00.019810 0.00% [DEBUG] switch_loadable_module.c:1706 Loading module with global namespace at request of module
2026-09-28 13:40:00.019894 0.00% [CONSOLE] switch_loadable_module.c:1772 Successfully Loaded [mod_lua]
2026-09-28 13:40:00.019918 0.00% [NOTICE] switch_loadable_module.c:273 Adding Dialplan 'LUA'
2026-09-28 13:40:00.019980 0.00% [NOTICE] switch_loadable_module.c:329 Adding Application 'lua'
2026-09-28 13:40:00.020003 0.00% [NOTICE] switch_loadable_module.c:359 Adding Chat Application 'lua'
2026-09-28 13:40:00.020023 0.00% [NOTICE] switch_loadable_module.c:389 Adding API Function 'luarun'
2026-09-28 13:40:00.020036 0.00% [NOTICE] switch_loadable_module.c:389 Adding API Function 'lua'
2026-09-28 13:40:00.020903 0.00% [CONSOLE] switch_loadable_module.c:1772 Successfully Loaded [mod_say_en]
2026-09-28 13:40:00.020923 0.00% [NOTICE] switch_loadable_module.c:651 Adding Say interface 'en'
2026-09-28 13:40:00.020988 0.00% [CONSOLE] switch_loadable_module.c:149 Starting runtime thread for mod_verto
2026-09-28 13:40:00.021143 0.00% [CONSOLE] switch_loadable_module.c:149 Starting runtime thread for mod_event_socket
2026-09-28 13:40:00.021263 0.00% [CONSOLE] switch_loadable_module.c:149 Starting runtime thread for CORE_SOFTTIMER_MODULE
2026-09-28 13:40:00.021575 0.00% [DEBUG] mod_event_socket.c:2979 Socket up listening on 0.0.0.0:8021
2026-09-28 13:40:00.021578 0.00% [DEBUG] switch_loadable_module.c:910 Chat Thread Started
2026-09-28 13:40:00.021818 100.00% [DEBUG] switch_loadable_module.c:910 Chat Thread Started
2026-09-28 13:40:00.021827 100.00% [INFO] switch_time.c:627 Clock synchronized to system time.
2026-09-28 13:40:00.022370 100.00% [NOTICE] switch_core.c:1482 Created ip list rfc6598.auto default (deny)
2026-09-28 13:40:00.022378 100.00% [NOTICE] switch_utils.c:665 Adding 100.64.0.0/10 (allow) [] to list rfc6598.auto
2026-09-28 13:40:00.022401 100.00% [NOTICE] switch_core.c:1488 Created ip list rfc1918.auto default (deny)
2026-09-28 13:40:00.022405 100.00% [NOTICE] switch_utils.c:665 Adding 10.0.0.0/8 (allow) [] to list rfc1918.auto
2026-09-28 13:40:00.022408 100.00% [NOTICE] switch_utils.c:665 Adding 172.16.0.0/12 (allow) [] to list rfc1918.auto
2026-09-28 13:40:00.022412 100.00% [NOTICE] switch_utils.c:665 Adding 192.168.0.0/16 (allow) [] to list rfc1918.auto
2026-09-28 13:40:00.022415 100.00% [NOTICE] switch_utils.c:665 Adding fe80::/10 (allow) [] to list rfc1918.auto
2026-09-28 13:40:00.022424 100.00% [NOTICE] switch_core.c:1497 Created ip list wan.auto default (allow)
2026-09-28 13:40:00.022427 100.00% [NOTICE] switch_utils.c:665 Adding 0.0.0.0/8 (deny) [] to list wan.auto
2026-09-28 13:40:00.022430 100.00% [NOTICE] switch_utils.c:665 Adding 10.0.0.0/8 (deny) [] to list wan.auto
2026-09-28 13:40:00.022433 100.00% [NOTICE] switch_utils.c:665 Adding 172.16.0.0/12 (deny) [] to list wan.auto
2026-09-28 13:40:00.022436 100.00% [NOTICE] switch_utils.c:665 Adding 192.168.0.0/16 (deny) [] to list wan.auto
2026-09-28 13:40:00.022439 100.00% [NOTICE] switch_utils.c:665 Adding 169.254.0.0/16 (deny) [] to list wan.auto
2026-09-28 13:40:00.022442 100.00% [NOTICE] switch_utils.c:665 Adding 100.64.0.0/10 (deny) [] to list wan.auto
2026-09-28 13:40:00.022445 100.00% [NOTICE] switch_utils.c:665 Adding fe80::/10 (deny) [] to list wan.auto
2026-09-28 13:40:00.022448 100.00% [NOTICE] switch_core.c:1509 Created ip list wan_v6.auto default (allow)
2026-09-28 13:40:00.022451 100.00% [NOTICE] switch_utils.c:665 Adding 0.0.0.0/0 (deny) [] to list wan_v6.auto
2026-09-28 13:40:00.022459 100.00% [NOTICE] switch_utils.c:665 Adding fe80::/10 (deny) [] to list wan_v6.auto
2026-09-28 13:40:00.022462 100.00% [NOTICE] switch_core.c:1517 Created ip list wan_v4.auto default (allow)
2026-09-28 13:40:00.022465 100.00% [NOTICE] switch_utils.c:665 Adding 0.0.0.0/8 (deny) [] to list wan_v4.auto
2026-09-28 13:40:00.022468 100.00% [NOTICE] switch_utils.c:665 Adding 10.0.0.0/8 (deny) [] to list wan_v4.auto
2026-09-28 13:40:00.022471 100.00% [NOTICE] switch_utils.c:665 Adding 172.16.0.0/12 (deny) [] to list wan_v4.auto
2026-09-28 13:40:00.022495 100.00% [NOTICE] switch_utils.c:665 Adding 192.168.0.0/16 (deny) [] to list wan_v4.auto
2026-09-28 13:40:00.022499 100.00% [NOTICE] switch_utils.c:665 Adding 169.254.0.0/16 (deny) [] to list wan_v4.auto
2026-09-28 13:40:00.022502 100.00% [NOTICE] switch_utils.c:665 Adding 100.64.0.0/10 (deny) [] to list wan_v4.auto
2026-09-28 13:40:00.022505 100.00% [NOTICE] switch_utils.c:665 Adding ::/0 (deny) [] to list wan_v4.auto
2026-09-28 13:40:00.022508 100.00% [NOTICE] switch_core.c:1530 Created ip list any_v6.auto default (allow)
2026-09-28 13:40:00.022510 100.00% [NOTICE] switch_utils.c:665 Adding 0.0.0.0/0 (deny) [] to list any_v6.auto
2026-09-28 13:40:00.022521 100.00% [NOTICE] switch_core.c:1537 Created ip list any_v4.auto default (allow)
2026-09-28 13:40:00.022523 100.00% [NOTICE] switch_utils.c:665 Adding ::/0 (deny) [] to list any_v4.auto
2026-09-28 13:40:00.022525 100.00% [NOTICE] switch_core.c:1544 Created ip list nat.auto default (deny)
2026-09-28 13:40:00.022528 100.00% [NOTICE] switch_core.c:1546 Adding 172.25.0.2/255.255.0.0 (deny) to list nat.auto
2026-09-28 13:40:00.022531 100.00% [NOTICE] switch_utils.c:665 Adding 10.0.0.0/8 (allow) [] to list nat.auto
2026-09-28 13:40:00.022534 100.00% [NOTICE] switch_utils.c:665 Adding 172.16.0.0/12 (allow) [] to list nat.auto
2026-09-28 13:40:00.022537 100.00% [NOTICE] switch_utils.c:665 Adding 192.168.0.0/16 (allow) [] to list nat.auto
2026-09-28 13:40:00.022539 100.00% [NOTICE] switch_utils.c:665 Adding 100.64.0.0/10 (allow) [] to list nat.auto
2026-09-28 13:40:00.022542 100.00% [NOTICE] switch_core.c:1556 Created ip list loopback.auto default (deny)
2026-09-28 13:40:00.022544 100.00% [NOTICE] switch_utils.c:665 Adding 127.0.0.0/8 (allow) [] to list loopback.auto
2026-09-28 13:40:00.022547 100.00% [NOTICE] switch_utils.c:665 Adding ::1/128 (allow) [] to list loopback.auto
2026-09-28 13:40:00.022560 100.00% [NOTICE] switch_core.c:1563 Created ip list localnet.auto default (deny)
2026-09-28 13:40:00.022563 100.00% [NOTICE] switch_core.c:1566 Adding 172.25.0.2/255.255.0.0 (allow) to list localnet.auto
2026-09-28 13:40:00.022572 100.00% [CONSOLE] switch_core.c:1593 Created ip list obd-dev-acl default (deny)
2026-09-28 13:40:00.022577 100.00% [NOTICE] switch_utils.c:665 Adding 127.0.0.1/32 (allow) [] to list obd-dev-acl
2026-09-28 13:40:00.022581 100.00% [NOTICE] switch_utils.c:665 Adding ::1/128 (allow) [] to list obd-dev-acl
2026-09-28 13:40:00.022585 100.00% [NOTICE] switch_utils.c:665 Adding 10.0.0.0/8 (allow) [] to list obd-dev-acl
2026-09-28 13:40:00.022589 100.00% [NOTICE] switch_utils.c:665 Adding 172.16.0.0/12 (allow) [] to list obd-dev-acl
2026-09-28 13:40:00.022593 100.00% [NOTICE] switch_utils.c:665 Adding 192.168.0.0/16 (allow) [] to list obd-dev-acl
2026-09-28 13:40:00.022596 100.00% [CONSOLE] switch_core.c:1593 Created ip list domains default (deny)
2026-09-28 13:40:00.022651 100.00% [NOTICE] switch_utils.c:665 Adding 192.0.2.0/24 (allow) [brian@172.25.0.2] to list domains
2026-09-28 13:40:00.022774 100.00% [CONSOLE] switch_core.c:2497 [m[33m[44m
.=============================================================.
|   _____              ______        _____ _____ ____ _   _   |
|  |  ___| __ ___  ___/ ___\ \      / /_ _|_   _/ ___| | | |  |
|  | |_ | '__/ _ \/ _ \___ \\ \ /\ / / | |  | || |   | |_| |  |
|  |  _|| | |  __/  __/___) |\ V  V /  | |  | || |___|  _  |  |
|  |_|  |_|  \___|\___|____/  \_/\_/  |___| |_| \____|_| |_|  |
|                                                             |
.=============================================================.
|   Anthony Minessale II, Michael Jerris, Brian West, Others  |
|   FreeSWITCH (http://www.freeswitch.org)                    |
|   Paypal Donations Appreciated: paypal@freeswitch.org       |
|   Brought to you by ClueCon http://www.cluecon.com/         |
.=============================================================.

.===============================================================.
|       _                                                       |
|   ___| |_   _  ___  ___ ___  _ __         ___ ___  _ __ ___   |
|  / __| | | | |/ _ \/ __/ _ \| '_ \       / __/ _ \| '_ ` _ \  |
| | (__| | |_| |  __/ (_| (_) | | | |  _  | (_| (_) | | | | | | |
|  \___|_|\__,_|\___|\___\___/|_| |_| (_)  \___\___/|_| |_| |_| |
|                                                               |
.===============================================================.
[m

2026-09-28 13:40:00.022780 100.00% [INFO] switch_core.c:2506 
FreeSWITCH Version 1.11.1-release~64bit ( 64bit)

FreeSWITCH Started
Max Sessions [1000]
Session Rate [30]
SQL [Enabled]
2026-09-28 13:40:00.022783 100.00% [CONSOLE] switch_core.c:2514 
[This app Best viewed at 160x60 or more..]
2026-09-28 13:40:30.001842 96.77% [NOTICE] sofia_reg.c:463 Registering platform-switch
2026-09-28 18:41:57.601873 85.83% [WARNING] switch_core_db.c:92 SQLite is BUSY, sane=299 [select command from aliases where alias='status (NULL)']
2026-09-28 18:41:57.566010 85.83% [WARNING] switch_core_db.c:92 SQLite is BUSY, sane=299 [BEGIN EXCLUSIVE]
2026-09-28 18:41:57.701905 85.83% [WARNING] switch_core_db.c:92 SQLite is BUSY, sane=298 [select command from aliases where alias='status (NULL)']
2026-09-29 00:43:08.961837 97.57% [WARNING] switch_core_db.c:92 SQLite is BUSY, sane=299 [select command from aliases where alias='status (NULL)']
2026-09-29 00:43:08.961837 97.57% [WARNING] switch_core_db.c:92 SQLite is BUSY, sane=299 [BEGIN EXCLUSIVE]
2026-09-29 00:43:09.081847 97.57% [WARNING] switch_core_db.c:92 SQLite is BUSY, sane=298 [BEGIN EXCLUSIVE]
2026-09-29 14:11:39.878403 0.00% [CONSOLE] switch_loadable_module.c:1772 Successfully Loaded [mod_logfile]
2026-09-29 14:11:39.892241 0.00% [CONSOLE] switch_loadable_module.c:1772 Successfully Loaded [mod_enum]
2026-09-29 14:11:39.892275 0.00% [NOTICE] switch_loadable_module.c:273 Adding Dialplan 'enum'
2026-09-29 14:11:39.892305 0.00% [NOTICE] switch_loadable_module.c:329 Adding Application 'enum'
2026-09-29 14:11:39.892315 0.00% [NOTICE] switch_loadable_module.c:389 Adding API Function 'enum'
2026-09-29 14:11:39.892322 0.00% [NOTICE] switch_loadable_module.c:389 Adding API Function 'enum_auto'
2026-09-29 14:11:39.893665 0.00% [DEBUG] mod_cdr_csv.c:368 Adding default template.
2026-09-29 14:11:39.893693 0.00% [DEBUG] mod_cdr_csv.c:415 Adding template sql.
2026-09-29 14:11:39.893714 0.00% [DEBUG] mod_cdr_csv.c:415 Adding template example.
2026-09-29 14:11:39.893718 0.00% [DEBUG] mod_cdr_csv.c:415 Adding template snom.
2026-09-29 14:11:39.893720 0.00% [DEBUG] mod_cdr_csv.c:415 Adding template linksys.
2026-09-29 14:11:39.893722 0.00% [DEBUG] mod_cdr_csv.c:415 Adding template asterisk.
2026-09-29 14:11:39.893724 0.00% [DEBUG] mod_cdr_csv.c:415 Adding template opencdrrate.
2026-09-29 14:11:39.894450 0.00% [CONSOLE] switch_loadable_module.c:1772 Successfully Loaded [mod_cdr_csv]
2026-09-29 14:11:39.894460 0.00% [NOTICE] switch_loadable_module.c:389 Adding API Function 'cdr_csv'
2026-09-29 14:11:39.902928 0.00% [CONSOLE] switch_loadable_module.c:1772 Successfully Loaded [mod_event_socket]
2026-09-29 14:11:39.902967 0.00% [NOTICE] switch_loadable_module.c:329 Adding Application 'socket'
2026-09-29 14:11:39.903008 0.00% [NOTICE] switch_loadable_module.c:389 Adding API Function 'event_sink'
2026-09-29 14:11:39.921521 0.00% [INFO] mod_sofia.c:6737 Starting initial message thread.
2026-09-29 14:11:39.928373 0.00% [DEBUG] sofia.c:4718 debug [0]
2026-09-29 14:11:39.928401 0.00% [DEBUG] sofia.c:4718 sip-trace [no]
2026-09-29 14:11:39.928411 0.00% [DEBUG] sofia.c:4718 sip-capture [no]
2026-09-29 14:11:39.928413 0.00% [DEBUG] sofia.c:4718 sip-port [5060]
2026-09-29 14:11:39.928419 0.00% [DEBUG] sofia.c:4718 listen-ip [0.0.0.0]
2026-09-29 14:11:39.928932 0.00% [DEBUG] sofia.c:4718 dialplan [XML]
2026-09-29 14:11:39.928944 0.00% [DEBUG] sofia.c:4718 context [obd-endpoint]
2026-09-29 14:11:39.928949 0.00% [DEBUG] sofia.c:4718 auth-calls [false]
2026-09-29 14:11:39.928953 0.00% [DEBUG] sofia.c:4718 auth-subscriptions [false]
2026-09-29 14:11:39.928957 0.00% [DEBUG] sofia.c:4718 challenge-realm [172.25.0.3]
2026-09-29 14:11:39.928960 0.00% [DEBUG] sofia.c:4718 inbound-codec-prefs [PCMU,PCMA]
2026-09-29 14:11:39.928964 0.00% [DEBUG] sofia.c:4718 outbound-codec-prefs [PCMU,PCMA]
2026-09-29 14:11:39.928968 0.00% [DEBUG] sofia.c:4718 rfc2833-pt [101]
2026-09-29 14:11:39.928970 0.00% [DEBUG] sofia.c:4718 liberal-dtmf [true]
2026-09-29 14:11:39.928972 0.00% [DEBUG] sofia.c:4718 dtmf-duration [2000]
2026-09-29 14:11:39.929016 0.00% [DEBUG] sofia.c:4718 inbound-codec-negotiation [generous]
2026-09-29 14:11:39.929021 0.00% [DEBUG] sofia.c:4718 rtp-timer-name [soft]
2026-09-29 14:11:39.929024 0.00% [DEBUG] sofia.c:4718 apply-inbound-acl [obd-dev-acl]
2026-09-29 14:11:39.929033 0.00% [INFO] sofia.c:6173 Setting nonce TTL to 60 seconds
2026-09-29 14:11:39.929035 0.00% [INFO] sofia.c:6178 Setting MAX Auth Validity to 0 Attempts
2026-09-29 14:11:39.929670 0.00% [NOTICE] sofia.c:6341 Started Profile obd-endpoint [sofia_reg_obd-endpoint]
2026-09-29 14:11:39.929856 0.00% [DEBUG] mod_sofia.c:6753 Waiting for profiles to start
2026-09-29 14:11:39.929865 0.00% [DEBUG] sofia.c:3153 Creating agent for obd-endpoint
2026-09-29 14:11:39.930191 0.00% [WARNING] sofia.c:2279 MSG Thread 0 Started
2026-09-29 14:11:39.953941 0.00% [DEBUG] sofia.c:3316 Created agent for obd-endpoint
2026-09-29 14:11:39.954032 0.00% [DEBUG] sofia.c:3366 Set params for obd-endpoint
2026-09-29 14:11:39.954073 0.00% [DEBUG] sofia.c:3413 Activated db for obd-endpoint
2026-09-29 14:11:39.965691 0.00% [INFO] switch_core_sqldb.c:1840 sofia:obd-endpoint Starting SQL thread.
2026-09-29 14:11:39.967290 0.00% [DEBUG] sofia.c:3451 Starting thread for obd-endpoint
2026-09-29 14:11:39.967413 0.00% [DEBUG] sofia.c:3043 Launching worker thread for obd-endpoint
2026-09-29 14:11:39.973457 0.00% [NOTICE] sofia_reg.c:3722 Added gateway 'platform-switch' to profile 'obd-endpoint'
2026-09-29 14:11:40.978128 0.00% [NOTICE] sofia_reg.c:463 Registering platform-switch
2026-09-29 14:11:41.075033 0.00% [ERR] sofia_reg.c:2661 platform-switch Failed Registration with status Service Unavailable [503]. failure #1
2026-09-29 14:11:41.430227 0.00% [CONSOLE] switch_loadable_module.c:1772 Successfully Loaded [mod_sofia]
2026-09-29 14:11:41.430269 0.00% [NOTICE] switch_loadable_module.c:172 Adding Endpoint 'sofia'
2026-09-29 14:11:41.430298 0.00% [NOTICE] switch_loadable_module.c:172 Adding Endpoint 'rtp'
2026-09-29 14:11:41.430306 0.00% [NOTICE] switch_loadable_module.c:329 Adding Application 'sofia_sla'
2026-09-29 14:11:41.430364 0.00% [NOTICE] switch_loadable_module.c:329 Adding Application 'sofia_stir_shaken_vs'
2026-09-29 14:11:41.430375 0.00% [NOTICE] switch_loadable_module.c:389 Adding API Function 'sofia'
2026-09-29 14:11:41.430454 0.00% [NOTICE] switch_loadable_module.c:389 Adding API Function 'sofia_gateway_data'
2026-09-29 14:11:41.430514 0.00% [NOTICE] switch_loadable_module.c:389 Adding API Function 'sofia_username_of'
2026-09-29 14:11:41.430529 0.00% [NOTICE] switch_loadable_module.c:389 Adding API Function 'sofia_contact'
2026-09-29 14:11:41.430536 0.00% [NOTICE] switch_loadable_module.c:389 Adding API Function 'sofia_count_reg'
2026-09-29 14:11:41.430542 0.00% [NOTICE] switch_loadable_module.c:389 Adding API Function 'sofia_dig'
2026-09-29 14:11:41.430548 0.00% [NOTICE] switch_loadable_module.c:389 Adding API Function 'sofia_presence_data'
2026-09-29 14:11:41.430554 0.00% [NOTICE] switch_loadable_module.c:419 Adding JSON API Function 'sofia.status'
2026-09-29 14:11:41.430566 0.00% [NOTICE] switch_loadable_module.c:419 Adding JSON API Function 'sofia.status.info'
2026-09-29 14:11:41.430574 0.00% [NOTICE] switch_loadable_module.c:621 Adding Chat interface 'sip'
2026-09-29 14:11:41.430581 0.00% [NOTICE] switch_loadable_module.c:683 Adding Management interface 'mod_sofia' OID[.1.3.6.1.4.1.27880.1001]
2026-09-29 14:11:41.431994 0.00% [CONSOLE] switch_loadable_module.c:1772 Successfully Loaded [mod_loopback]
2026-09-29 14:11:41.432005 0.00% [NOTICE] switch_loadable_module.c:172 Adding Endpoint 'loopback'
2026-09-29 14:11:41.432031 0.00% [NOTICE] switch_loadable_module.c:172 Adding Endpoint 'null'
2026-09-29 14:11:41.432039 0.00% [NOTICE] switch_loadable_module.c:329 Adding Application 'unloop'
2026-09-29 14:11:41.432854 0.00% [CONSOLE] switch_loadable_module.c:1772 Successfully Loaded [mod_rtc]
2026-09-29 14:11:41.432865 0.00% [NOTICE] switch_loadable_module.c:172 Adding Endpoint 'rtc'
2026-09-29 14:11:41.440759 0.00% [INFO] mod_verto.c:5331 Secure key and cert specified
2026-09-29 14:11:41.440786 0.00% [DEBUG] mod_verto.c:5445 default-v4 Bound to 172.25.0.3:8081
2026-09-29 14:11:41.440790 0.00% [DEBUG] mod_verto.c:5445 default-v4 Bound to 172.25.0.3:8082
2026-09-29 14:11:41.441064 0.00% [INFO] mod_verto.c:5331 Secure key and cert specified
2026-09-29 14:11:41.441073 0.00% [DEBUG] mod_verto.c:5445 default-v6 Bound to [::1]:8081
2026-09-29 14:11:41.441076 0.00% [DEBUG] mod_verto.c:5445 default-v6 Bound to [::1]:8082
2026-09-29 14:11:41.443389 0.00% [CONSOLE] switch_loadable_module.c:1772 Successfully Loaded [mod_verto]
2026-09-29 14:11:41.443410 0.00% [NOTICE] switch_loadable_module.c:172 Adding Endpoint 'verto.rtc'
2026-09-29 14:11:41.443434 0.00% [NOTICE] switch_loadable_module.c:389 Adding API Function 'verto'
2026-09-29 14:11:41.443443 0.00% [NOTICE] switch_loadable_module.c:389 Adding API Function 'verto_contact'
2026-09-29 14:11:41.443452 0.00% [NOTICE] switch_loadable_module.c:419 Adding JSON API Function 'store'
2026-09-29 14:11:41.443464 0.00% [NOTICE] switch_loadable_module.c:621 Adding Chat interface 'verto'
2026-09-29 14:11:41.443719 0.00% [INFO] mod_verto.c:5101 default-v4 MCAST Bound to 224.1.1.1:1337/1338
2026-09-29 14:11:41.445338 0.00% [CONSOLE] switch_loadable_module.c:1772 Successfully Loaded [mod_commands]
2026-09-29 14:11:41.445368 0.00% [NOTICE] switch_loadable_module.c:329 Adding Application 'msrp_recv_file'
2026-09-29 14:11:41.445394 0.00% [NOTICE] switch_loadable_module.c:329 Adding Application 'msrp_send_file'
2026-09-29 14:11:41.445407 0.00% [NOTICE] switch_loadable_module.c:389 Adding API Function 'bg_system'
2026-09-29 14:11:41.445415 0.00% [NOTICE] switch_loadable_module.c:389 Adding API Function 'system'
2026-09-29 14:11:41.445420 0.00% [NOTICE] switch_loadable_module.c:389 Adding API Function 'bg_spawn'
2026-09-29 14:11:41.445426 0.00% [NOTICE] switch_loadable_module.c:389 Adding API Function 'spawn'
2026-09-29 14:11:41.445433 0.00% [NOTICE] switch_loadable_module.c:389 Adding API Function 'spawn_stream'
2026-09-29 14:11:41.445439 0.00% [NOTICE] switch_loadable_module.c:389 Adding API Function 'acl'
2026-09-29 14:11:41.445446 0.00% [NOTICE] switch_loadable_module.c:389 Adding API Function 'alias'
2026-09-29 14:11:41.445455 0.00% [NOTICE] switch_loadable_module.c:389 Adding API Function 'coalesce'
2026-09-29 14:11:41.445460 0.00% [NOTICE] switch_loadable_module.c:389 Adding API Function 'banner'
2026-09-29 14:11:41.445467 0.00% [NOTICE] switch_loadable_module.c:389 Adding API Function 'bgapi'
2026-09-29 14:11:41.445472 0.00% [NOTICE] switch_loadable_module.c:389 Adding API Function 'break'
2026-09-29 14:11:41.445477 0.00% [NOTICE] switch_loadable_module.c:389 Adding API Function 'complete'
2026-09-29 14:11:41.445492 0.00% [NOTICE] switch_loadable_module.c:389 Adding API Function 'cond'
2026-09-29 14:11:41.445498 0.00% [NOTICE] switch_loadable_module.c:389 Adding API Function 'console_complete'
2026-09-29 14:11:41.445504 0.00% [NOTICE] switch_loadable_module.c:389 Adding API Function 'console_complete_xml'
2026-09-29 14:11:41.445510 0.00% [NOTICE] switch_loadable_module.c:389 Adding API Function 'create_uuid'
2026-09-29 14:11:41.445516 0.00% [NOTICE] switch_loadable_module.c:389 Adding API Function 'db_cache'
2026-09-29 14:11:41.445522 0.00% [NOTICE] switch_loadable_module.c:389 Adding API Function 'domain_data'
2026-09-29 14:11:41.445527 0.00% [NOTICE] switch_loadable_module.c:389 Adding API Function 'domain_exists'
2026-09-29 14:11:41.445533 0.00% [NOTICE] switch_loadable_module.c:389 Adding API Function 'echo'
2026-09-29 14:11:41.445539 0.00% [NOTICE] switch_loadable_module.c:389 Adding API Function 'event_channel_broadcast'
2026-09-29 14:11:41.445547 0.00% [NOTICE] switch_loadable_module.c:389 Adding API Function 'escape'
2026-09-29 14:11:41.445554 0.00% [NOTICE] switch_loadable_module.c:389 Adding API Function 'eval'
2026-09-29 14:11:41.445559 0.00% [NOTICE] switch_loadable_module.c:389 Adding API Function 'expand'
2026-09-29 14:11:41.445564 0.00% [NOTICE] switch_loadable_module.c:389 Adding API Function 'find_user_xml'
2026-09-29 14:11:41.445570 0.00% [NOTICE] switch_loadable_module.c:389 Adding API Function 'fsctl'
2026-09-29 14:11:41.445576 0.00% [NOTICE] switch_loadable_module.c:389 Adding API Function '...'
2026-09-29 14:11:41.445605 0.00% [NOTICE] switch_loadable_module.c:389 Adding API Function 'shutdown'
2026-09-29 14:11:41.445611 0.00% [NOTICE] switch_loadable_module.c:389 Adding API Function 'version'
2026-09-29 14:11:41.445616 0.00% [NOTICE] switch_loadable_module.c:389 Adding API Function 'global_getvar'
2026-09-29 14:11:41.445621 0.00% [NOTICE] switch_loadable_module.c:389 Adding API Function 'global_setvar'
2026-09-29 14:11:41.445659 0.00% [NOTICE] switch_loadable_module.c:389 Adding API Function 'group_call'
2026-09-29 14:11:41.445668 0.00% [NOTICE] switch_loadable_module.c:389 Adding API Function 'help'
2026-09-29 14:11:41.445673 0.00% [NOTICE] switch_loadable_module.c:389 Adding API Function 'host_lookup'
2026-09-29 14:11:41.445679 0.00% [NOTICE] switch_loadable_module.c:389 Adding API Function 'hostname'
2026-09-29 14:11:41.445685 0.00% [NOTICE] switch_loadable_module.c:389 Adding API Function 'interface_ip'
2026-09-29 14:11:41.445691 0.00% [NOTICE] switch_loadable_module.c:389 Adding API Function 'switchname'
2026-09-29 14:11:41.445697 0.00% [NOTICE] switch_loadable_module.c:389 Adding API Function 'gethost'
2026-09-29 14:11:41.445702 0.00% [NOTICE] switch_loadable_module.c:389 Adding API Function 'getenv'
2026-09-29 14:11:41.445708 0.00% [NOTICE] switch_loadable_module.c:389 Adding API Function 'hupall'
2026-09-29 14:11:41.445714 0.00% [NOTICE] switch_loadable_module.c:389 Adding API Function 'in_group'
2026-09-29 14:11:41.445727 0.00% [NOTICE] switch_loadable_module.c:389 Adding API Function 'is_lan_addr'
2026-09-29 14:11:41.445732 0.00% [NOTICE] switch_loadable_module.c:389 Adding API Function 'limit_usage'
2026-09-29 14:11:41.445737 0.00% [NOTICE] switch_loadable_module.c:389 Adding API Function 'limit_hash_usage'
2026-09-29 14:11:41.445743 0.00% [NOTICE] switch_loadable_module.c:389 Adding API Function 'limit_status'
2026-09-29 14:11:41.445748 0.00% [NOTICE] switch_loadable_module.c:389 Adding API Function 'limit_reset'
2026-09-29 14:11:41.445753 0.00% [NOTICE] switch_loadable_module.c:389 Adding API Function 'limit_interval_reset'
2026-09-29 14:11:41.445759 0.00% [NOTICE] switch_loadable_module.c:389 Adding API Function 'list_users'
2026-09-29 14:11:41.445774 0.00% [NOTICE] switch_loadable_module.c:389 Adding API Function 'load'
2026-09-29 14:11:41.445781 0.00% [NOTICE] switch_loadable_module.c:389 Adding API Function 'log'
2026-09-29 14:11:41.445827 0.00% [NOTICE] switch_loadable_module.c:389 Adding API Function 'md5'
2026-09-29 14:11:41.445835 0.00% [NOTICE] switch_loadable_module.c:389 Adding API Function 'module_exists'
2026-09-29 14:11:41.445841 0.00% [NOTICE] switch_loadable_module.c:389 Adding API Function 'msleep'
2026-09-29 14:11:41.445847 0.00% [NOTICE] switch_loadable_module.c:389 Adding API Function 'nat_map'
2026-09-29 14:11:41.445852 0.00% [NOTICE] switch_loadable_module.c:389 Adding API Function 'originate'
2026-09-29 14:11:41.445858 0.00% [NOTICE] switch_loadable_module.c:389 Adding API Function 'pause'
2026-09-29 14:11:41.445864 0.00% [NOTICE] switch_loadable_module.c:389 Adding API Function 'pool_stats'
2026-09-29 14:11:41.445870 0.00% [NOTICE] switch_loadable_module.c:389 Adding API Function 'quote_shell_arg'
2026-09-29 14:11:41.445875 0.00% [NOTICE] switch_loadable_module.c:389 Adding API Function 'regex'
2026-09-29 14:11:41.445881 0.00% [NOTICE] switch_loadable_module.c:389 Adding API Function 'reloadacl'
2026-09-29 14:11:41.445886 0.00% [NOTICE] switch_loadable_module.c:389 Adding API Function 'reload'
2026-09-29 14:11:41.445903 0.00% [NOTICE] switch_loadable_module.c:389 Adding API Function 'reloadxml'
2026-09-29 14:11:41.445913 0.00% [NOTICE] switch_loadable_module.c:389 Adding API Function 'reloadcert'
2026-09-29 14:11:41.445918 0.00% [NOTICE] switch_loadable_module.c:389 Adding API Function 'replace'
2026-09-29 14:11:41.445923 0.00% [NOTICE] switch_loadable_module.c:389 Adding API Function 'say_string'
2026-09-29 14:11:41.445929 0.00% [NOTICE] switch_loadable_module.c:389 Adding API Function 'sched_api'
2026-09-29 14:11:41.445934 0.00% [NOTICE] switch_loadable_module.c:389 Adding API Function 'sched_broadcast'
2026-09-29 14:11:41.445943 0.00% [NOTICE] switch_loadable_module.c:389 Adding API Function 'sched_del'
2026-09-29 14:11:41.445958 0.00% [NOTICE] switch_loadable_module.c:389 Adding API Function 'sched_hangup'
2026-09-29 14:11:41.445963 0.00% [NOTICE] switch_loadable_module.c:389 Adding API Function 'sched_transfer'
2026-09-29 14:11:41.445968 0.00% [NOTICE] switch_loadable_module.c:389 Adding API Function 'show'
2026-09-29 14:11:41.445979 0.00% [NOTICE] switch_loadable_module.c:389 Adding API Function 'sql_escape'
2026-09-29 14:11:41.445985 0.00% [NOTICE] switch_loadable_module.c:389 Adding API Function 'status'
2026-09-29 14:11:41.445990 0.00% [NOTICE] switch_loadable_module.c:389 Adding API Function 'strftime_tz'
2026-09-29 14:11:41.445997 0.00% [NOTICE] switch_loadable_module.c:389 Adding API Function 'stun'
2026-09-29 14:11:41.446045 0.00% [NOTICE] switch_loadable_module.c:389 Adding API Function 'time_test'
2026-09-29 14:11:41.446075 0.00% [NOTICE] switch_loadable_module.c:389 Adding API Function 'timer_test'
2026-09-29 14:11:41.446082 0.00% [NOTICE] switch_loadable_module.c:389 Adding API Function 'tone_detect'
2026-09-29 14:11:41.446090 0.00% [NOTICE] switch_loadable_module.c:389 Adding API Function 'unload'
2026-09-29 14:11:41.446102 0.00% [NOTICE] switch_loadable_module.c:389 Adding API Function 'unsched_api'
2026-09-29 14:11:41.446107 0.00% [NOTICE] switch_loadable_module.c:389 Adding API Function 'uptime'
2026-09-29 14:11:41.446112 0.00% [NOTICE] switch_loadable_module.c:389 Adding API Function 'reg_url'
2026-09-29 14:11:41.446119 0.00% [NOTICE] switch_loadable_module.c:389 Adding API Function 'url_decode'
2026-09-29 14:11:41.446143 0.00% [NOTICE] switch_loadable_module.c:389 Adding API Function 'url_encode'
2026-09-29 14:11:41.446150 0.00% [NOTICE] switch_loadable_module.c:389 Adding API Function 'toupper'
2026-09-29 14:11:41.446155 0.00% [NOTICE] switch_loadable_module.c:389 Adding API Function 'tolower'
2026-09-29 14:11:41.446161 0.00% [NOTICE] switch_loadable_module.c:389 Adding API Function 'user_data'
2026-09-29 14:11:41.446168 0.00% [NOTICE] switch_loadable_module.c:389 Adding API Function 'uuid_early_ok'
2026-09-29 14:11:41.446174 0.00% [NOTICE] switch_loadable_module.c:389 Adding API Function 'user_exists'
2026-09-29 14:11:41.446182 0.00% [NOTICE] switch_loadable_module.c:389 Adding API Function 'uuid_answer'
2026-09-29 14:11:41.446186 0.00% [NOTICE] switch_loadable_module.c:389 Adding API Function 'uuid_audio'
2026-09-29 14:11:41.446192 0.00% [NOTICE] switch_loadable_module.c:389 Adding API Function 'uuid_break'
2026-09-29 14:11:41.446238 0.00% [NOTICE] switch_loadable_module.c:389 Adding API Function 'uuid_bridge'
2026-09-29 14:11:41.446245 0.00% [NOTICE] switch_loadable_module.c:389 Adding API Function 'uuid_broadcast'
2026-09-29 14:11:41.446250 0.00% [NOTICE] switch_loadable_module.c:389 Adding API Function 'uuid_buglist'
2026-09-29 14:11:41.446256 0.00% [NOTICE] switch_loadable_module.c:389 Adding API Function 'uuid_chat'
2026-09-29 14:11:41.446262 0.00% [NOTICE] switch_loadable_module.c:389 Adding API Function 'uuid_send_text'
2026-09-29 14:11:41.446268 0.00% [NOTICE] switch_loadable_module.c:389 Adding API Function 'uuid_capture_text'
2026-09-29 14:11:41.446277 0.00% [NOTICE] switch_loadable_module.c:389 Adding API Function 'uuid_codec_debug'
2026-09-29 14:11:41.446283 0.00% [NOTICE] switch_loadable_module.c:389 Adding API Function 'uuid_codec_param'
2026-09-29 14:11:41.446289 0.00% [NOTICE] switch_loadable_module.c:389 Adding API Function 'uuid_debug_media'
2026-09-29 14:11:41.446297 0.00% [NOTICE] switch_loadable_module.c:389 Adding API Function 'uuid_deflect'
2026-09-29 14:11:41.446303 0.00% [NOTICE] switch_loadable_module.c:389 Adding API Function 'uuid_displace'
2026-09-29 14:11:41.446316 0.00% [NOTICE] switch_loadable_module.c:389 Adding API Function 'uuid_display'
2026-09-29 14:11:41.446322 0.00% [NOTICE] switch_loadable_module.c:389 Adding API Function 'uuid_media_params'
2026-09-29 14:11:41.446328 0.00% [NOTICE] switch_loadable_module.c:389 Adding API Function 'uuid_drop_dtmf'
2026-09-29 14:11:41.446335 0.00% [NOTICE] switch_loadable_module.c:389 Adding API Function 'uuid_dump'
2026-09-29 14:11:41.446341 0.00% [NOTICE] switch_loadable_module.c:389 Adding API Function 'uuid_exists'
2026-09-29 14:11:41.446349 0.00% [NOTICE] switch_loadable_module.c:389 Adding API Function 'uuid_fileman'
2026-09-29 14:11:41.446354 0.00% [NOTICE] switch_loadable_module.c:389 Adding API Function 'uuid_flush_dtmf'
2026-09-29 14:11:41.446360 0.00% [NOTICE] switch_loadable_module.c:389 Adding API Function 'uuid_getvar'
2026-09-29 14:11:41.446405 0.00% [NOTICE] switch_loadable_module.c:389 Adding API Function 'uuid_hold'
2026-09-29 14:11:41.446435 0.00% [NOTICE] switch_loadable_module.c:389 Adding API Function 'uuid_kill'
2026-09-29 14:11:41.446447 0.00% [NOTICE] switch_loadable_module.c:389 Adding API Function 'uuid_send_message'
2026-09-29 14:11:41.446453 0.00% [NOTICE] switch_loadable_module.c:389 Adding API Function 'uuid_send_info'
2026-09-29 14:11:41.446458 0.00% [NOTICE] switch_loadable_module.c:389 Adding API Function 'uuid_set_media_stats'
2026-09-29 14:11:41.446464 0.00% [NOTICE] switch_loadable_module.c:389 Adding API Function 'uuid_video_bitrate'
2026-09-29 14:11:41.446470 0.00% [NOTICE] switch_loadable_module.c:389 Adding API Function 'uuid_video_bandwidth'
2026-09-29 14:11:41.446477 0.00% [NOTICE] switch_loadable_module.c:389 Adding API Function 'uuid_video_refresh'
2026-09-29 14:11:41.446486 0.00% [NOTICE] switch_loadable_module.c:389 Adding API Function 'uuid_outgoing_answer'
2026-09-29 14:11:41.446491 0.00% [NOTICE] switch_loadable_module.c:389 Adding API Function 'uuid_limit'
2026-09-29 14:11:41.446498 0.00% [NOTICE] switch_loadable_module.c:389 Adding API Function 'uuid_limit_release'
2026-09-29 14:11:41.446504 0.00% [NOTICE] switch_loadable_module.c:389 Adding API Function 'uuid_loglevel'
2026-09-29 14:11:41.446512 0.00% [NOTICE] switch_loadable_module.c:389 Adding API Function 'uuid_media'
2026-09-29 14:11:41.446524 0.00% [NOTICE] switch_loadable_module.c:389 Adding API Function 'uuid_media_3p'
2026-09-29 14:11:41.446529 0.00% [NOTICE] switch_loadable_module.c:389 Adding API Function 'uuid_media_reneg'
2026-09-29 14:11:41.446535 0.00% [NOTICE] switch_loadable_module.c:389 Adding API Function 'uuid_park'
2026-09-29 14:11:41.446542 0.00% [NOTICE] switch_loadable_module.c:389 Adding API Function 'uuid_pause'
2026-09-29 14:11:41.446548 0.00% [NOTICE] switch_loadable_module.c:389 Adding API Function 'uuid_phone_event'
2026-09-29 14:11:41.446556 0.00% [NOTICE] switch_loadable_module.c:389 Adding API Function 'uuid_ring_ready'
2026-09-29 14:11:41.446575 0.00% [NOTICE] switch_loadable_module.c:389 Adding API Function 'uuid_pre_answer'
2026-09-29 14:11:41.446607 0.00% [NOTICE] switch_loadable_module.c:389 Adding API Function 'uuid_preprocess'
2026-09-29 14:11:41.446636 0.00% [NOTICE] switch_loadable_module.c:389 Adding API Function 'uuid_record'
2026-09-29 14:11:41.446652 0.00% [NOTICE] switch_loadable_module.c:389 Adding API Function 'uuid_recovery_refresh'
2026-09-29 14:11:41.446693 0.00% [NOTICE] switch_loadable_module.c:389 Adding API Function 'uuid_recv_dtmf'
2026-09-29 14:11:41.446705 0.00% [NOTICE] switch_loadable_module.c:389 Adding API Function 'uuid_redirect'
2026-09-29 14:11:41.446715 0.00% [NOTICE] switch_loadable_module.c:389 Adding API Function 'uuid_send_dtmf'
2026-09-29 14:11:41.446720 0.00% [NOTICE] switch_loadable_module.c:389 Adding API Function 'uuid_session_heartbeat'
2026-09-29 14:11:41.446726 0.00% [NOTICE] switch_loadable_module.c:389 Adding API Function 'uuid_setvar_multi'
2026-09-29 14:11:41.446753 0.00% [NOTICE] switch_loadable_module.c:389 Adding API Function 'uuid_setvar'
2026-09-29 14:11:41.446760 0.00% [NOTICE] switch_loadable_module.c:389 Adding API Function 'uuid_transfer'
2026-09-29 14:11:41.446765 0.00% [NOTICE] switch_loadable_module.c:389 Adding API Function 'uuid_dual_transfer'
2026-09-29 14:11:41.446772 0.00% [NOTICE] switch_loadable_module.c:389 Adding API Function 'uuid_simplify'
2026-09-29 14:11:41.446778 0.00% [NOTICE] switch_loadable_module.c:389 Adding API Function 'uuid_jitterbuffer'
2026-09-29 14:11:41.446783 0.00% [NOTICE] switch_loadable_module.c:389 Adding API Function 'uuid_zombie_exec'
2026-09-29 14:11:41.446788 0.00% [NOTICE] switch_loadable_module.c:389 Adding API Function 'uuid_xfer_zombie'
2026-09-29 14:11:41.446800 0.00% [NOTICE] switch_loadable_module.c:389 Adding API Function 'xml_flush_cache'
2026-09-29 14:11:41.446805 0.00% [NOTICE] switch_loadable_module.c:389 Adding API Function 'xml_locate'
2026-09-29 14:11:41.446813 0.00% [NOTICE] switch_loadable_module.c:389 Adding API Function 'xml_wrap'
2026-09-29 14:11:41.446819 0.00% [NOTICE] switch_loadable_module.c:389 Adding API Function 'file_exists'
2026-09-29 14:11:41.446824 0.00% [NOTICE] switch_loadable_module.c:389 Adding API Function 'getcputime'
2026-09-29 14:11:41.446830 0.00% [NOTICE] switch_loadable_module.c:389 Adding API Function 'json'
2026-09-29 14:11:41.446835 0.00% [NOTICE] switch_loadable_module.c:389 Adding API Function 'memory'
2026-09-29 14:11:41.446843 0.00% [NOTICE] switch_loadable_module.c:389 Adding API Function 'msrp'
2026-09-29 14:11:41.446848 0.00% [NOTICE] switch_loadable_module.c:389 Adding API Function 'uuid_msrp_send'
2026-09-29 14:11:41.446854 0.00% [NOTICE] switch_loadable_module.c:419 Adding JSON API Function 'mediaStats'
2026-09-29 14:11:41.446903 0.00% [NOTICE] switch_loadable_module.c:419 Adding JSON API Function 'status'
2026-09-29 14:11:41.446910 0.00% [NOTICE] switch_loadable_module.c:419 Adding JSON API Function 'fsapi'
2026-09-29 14:11:41.446915 0.00% [NOTICE] switch_loadable_module.c:419 Adding JSON API Function 'execute'
2026-09-29 14:11:41.446922 0.00% [NOTICE] switch_loadable_module.c:419 Adding JSON API Function 'channelData'
2026-09-29 14:11:41.449227 0.00% [CONSOLE] switch_loadable_module.c:1772 Successfully Loaded [mod_conference]
2026-09-29 14:11:41.449239 0.00% [NOTICE] switch_loadable_module.c:329 Adding Application 'conference'
2026-09-29 14:11:41.449247 0.00% [NOTICE] switch_loadable_module.c:329 Adding Application 'conference_set_auto_outcall'
2026-09-29 14:11:41.449252 0.00% [NOTICE] switch_loadable_module.c:389 Adding API Function 'conference'
2026-09-29 14:11:41.449263 0.00% [NOTICE] switch_loadable_module.c:621 Adding Chat interface 'conf'
2026-09-29 14:11:41.449372 0.00% [CONSOLE] sofia_presence.c:1621 Event Thread Started
2026-09-29 14:11:41.451080 0.00% [CONSOLE] switch_loadable_module.c:1772 Successfully Loaded [mod_db]
2026-09-29 14:11:41.451090 0.00% [NOTICE] switch_loadable_module.c:329 Adding Application 'db'
2026-09-29 14:11:41.451101 0.00% [NOTICE] switch_loadable_module.c:329 Adding Application 'group'
2026-09-29 14:11:41.451107 0.00% [NOTICE] switch_loadable_module.c:389 Adding API Function 'db'
2026-09-29 14:11:41.451113 0.00% [NOTICE] switch_loadable_module.c:389 Adding API Function 'group'
2026-09-29 14:11:41.451135 0.00% [NOTICE] switch_loadable_module.c:717 Adding Limit interface 'db'
2026-09-29 14:11:41.951456 0.00% [CONSOLE] switch_loadable_module.c:1772 Successfully Loaded [mod_dptools]
2026-09-29 14:11:41.951502 0.00% [NOTICE] switch_loadable_module.c:172 Adding Endpoint 'error'
2026-09-29 14:11:41.951540 0.00% [NOTICE] switch_loadable_module.c:172 Adding Endpoint 'group'
2026-09-29 14:11:41.951560 0.00% [NOTICE] switch_loadable_module.c:172 Adding Endpoint 'user'
2026-09-29 14:11:41.951568 0.00% [NOTICE] switch_loadable_module.c:172 Adding Endpoint 'pickup'
2026-09-29 14:11:41.951577 0.00% [NOTICE] switch_loadable_module.c:273 Adding Dialplan 'inline'
2026-09-29 14:11:41.951583 0.00% [NOTICE] switch_loadable_module.c:329 Adding Application 'blind_transfer_ack'
2026-09-29 14:11:41.951593 0.00% [NOTICE] switch_loadable_module.c:329 Adding Application 'bind_digit_action'
2026-09-29 14:11:41.951601 0.00% [NOTICE] switch_loadable_module.c:329 Adding Application 'capture'
2026-09-29 14:11:41.951608 0.00% [NOTICE] switch_loadable_module.c:329 Adding Application 'clear_digit_action'
2026-09-29 14:11:41.951614 0.00% [NOTICE] switch_loadable_module.c:329 Adding Application 'digit_action_set_realm'
2026-09-29 14:11:41.951622 0.00% [NOTICE] switch_loadable_module.c:329 Adding Application 'privacy'
2026-09-29 14:11:41.951628 0.00% [NOTICE] switch_loadable_module.c:329 Adding Application 'set_audio_level'
2026-09-29 14:11:41.951634 0.00% [NOTICE] switch_loadable_module.c:329 Adding Application 'set_mute'
2026-09-29 14:11:41.951639 0.00% [NOTICE] switch_loadable_module.c:329 Adding Application 'flush_dtmf'
2026-09-29 14:11:41.951645 0.00% [NOTICE] switch_loadable_module.c:329 Adding Application 'hold'
2026-09-29 14:11:41.951654 0.00% [NOTICE] switch_loadable_module.c:329 Adding Application 'unhold'
2026-09-29 14:11:41.951660 0.00% [NOTICE] switch_loadable_module.c:329 Adding Application 'mutex'
2026-09-29 14:11:41.951665 0.00% [NOTICE] switch_loadable_module.c:329 Adding Application 'page'
2026-09-29 14:11:41.951677 0.00% [NOTICE] switch_loadable_module.c:329 Adding Application 'transfer'
2026-09-29 14:11:41.951683 0.00% [NOTICE] switch_loadable_module.c:329 Adding Application 'check_acl'
2026-09-29 14:11:41.951688 0.00% [NOTICE] switch_loadable_module.c:329 Adding Application 'verbose_events'
2026-09-29 14:11:41.951693 0.00% [NOTICE] switch_loadable_module.c:329 Adding Application 'novideo'
2026-09-29 14:11:41.951699 0.00% [NOTICE] switch_loadable_module.c:329 Adding Application 'cng_plc'
2026-09-29 14:11:41.951704 0.00% [NOTICE] switch_loadable_module.c:329 Adding Application 'early_hangup'
2026-09-29 14:11:41.951709 0.00% [NOTICE] switch_loadable_module.c:329 Adding Application 'sleep'
2026-09-29 14:11:41.951716 0.00% [NOTICE] switch_loadable_module.c:329 Adding Application 'delay_echo'
2026-09-29 14:11:41.951724 0.00% [NOTICE] switch_loadable_module.c:329 Adding Application 'strftime'
2026-09-29 14:11:41.951730 0.00% [NOTICE] switch_loadable_module.c:329 Adding Application 'phrase'
2026-09-29 14:11:41.951736 0.00% [NOTICE] switch_loadable_module.c:329 Adding Application 'eval'
2026-09-29 14:11:41.951742 0.00% [NOTICE] switch_loadable_module.c:329 Adding Application 'set_media_stats'
2026-09-29 14:11:41.951750 0.00% [NOTICE] switch_loadable_module.c:329 Adding Application 'stop'
2026-09-29 14:11:41.951758 0.00% [NOTICE] switch_loadable_module.c:329 Adding Application 'set_zombie_exec'
2026-09-29 14:11:41.951763 0.00% [NOTICE] switch_loadable_module.c:329 Adding Application 'pre_answer'
2026-09-29 14:11:41.951769 0.00% [NOTICE] switch_loadable_module.c:329 Adding Application 'answer'
2026-09-29 14:11:41.951774 0.00% [NOTICE] switch_loadable_module.c:329 Adding Application 'wait_for_answer'
2026-09-29 14:11:41.951780 0.00% [NOTICE] switch_loadable_module.c:329 Adding Application 'wait_for_video_ready'
2026-09-29 14:11:41.951788 0.00% [NOTICE] switch_loadable_module.c:329 Adding Application 'hangup'
2026-09-29 14:11:41.951794 0.00% [NOTICE] switch_loadable_module.c:329 Adding Application 'set_name'
2026-09-29 14:11:41.951802 0.00% [NOTICE] switch_loadable_module.c:329 Adding Application 'presence'
2026-09-29 14:11:41.951807 0.00% [NOTICE] switch_loadable_module.c:329 Adding Application 'log'
2026-09-29 14:11:41.951812 0.00% [NOTICE] switch_loadable_module.c:329 Adding Application 'info'
2026-09-29 14:11:41.951819 0.00% [NOTICE] switch_loadable_module.c:329 Adding Application 'event'
2026-09-29 14:11:41.951825 0.00% [NOTICE] switch_loadable_module.c:329 Adding Application 'sound_test'
2026-09-29 14:11:41.951832 0.00% [NOTICE] switch_loadable_module.c:329 Adding Application 'export'
2026-09-29 14:11:41.951839 0.00% [NOTICE] switch_loadable_module.c:329 Adding Application 'bridge_export'
2026-09-29 14:11:41.951845 0.00% [NOTICE] switch_loadable_module.c:329 Adding Application 'set'
2026-09-29 14:11:41.951851 0.00% [NOTICE] switch_loadable_module.c:329 Adding Application 'multiset'
2026-09-29 14:11:41.951859 0.00% [NOTICE] switch_loadable_module.c:329 Adding Application 'push'
2026-09-29 14:11:41.951864 0.00% [NOTICE] switch_loadable_module.c:329 Adding Application 'unshift'
2026-09-29 14:11:41.951869 0.00% [NOTICE] switch_loadable_module.c:329 Adding Application 'set_global'
2026-09-29 14:11:41.951877 0.00% [NOTICE] switch_loadable_module.c:329 Adding Application 'set_profile_var'
2026-09-29 14:11:41.951883 0.00% [NOTICE] switch_loadable_module.c:329 Adding Application 'unset'
2026-09-29 14:11:41.951889 0.00% [NOTICE] switch_loadable_module.c:329 Adding Application 'multiunset'
2026-09-29 14:11:41.951897 0.00% [NOTICE] switch_loadable_module.c:329 Adding Application 'capture_text'
2026-09-29 14:11:41.951902 0.00% [NOTICE] switch_loadable_module.c:329 Adding Application 'acknowledge_call'
2026-09-29 14:11:41.951907 0.00% [NOTICE] switch_loadable_module.c:329 Adding Application 'ring_ready'
2026-09-29 14:11:41.951912 0.00% [NOTICE] switch_loadable_module.c:329 Adding Application 'remove_bugs'
2026-09-29 14:11:41.951917 0.00% [NOTICE] switch_loadable_module.c:329 Adding Application 'break'
2026-09-29 14:11:41.951923 0.00% [NOTICE] switch_loadable_module.c:329 Adding Application 'detect_speech'
2026-09-29 14:11:41.951941 0.00% [NOTICE] switch_loadable_module.c:329 Adding Application 'play_and_detect_speech'
2026-09-29 14:11:41.951949 0.00% [NOTICE] switch_loadable_module.c:329 Adding Application 'ivr'
2026-09-29 14:11:41.951955 0.00% [NOTICE] switch_loadable_module.c:329 Adding Application 'redirect'
2026-09-29 14:11:41.951962 0.00% [NOTICE] switch_loadable_module.c:329 Adding Application 'video_refresh'
2026-09-29 14:11:41.951967 0.00% [NOTICE] switch_loadable_module.c:329 Adding Application 'video_decode'
2026-09-29 14:11:41.951975 0.00% [NOTICE] switch_loadable_module.c:329 Adding Application 'send_info'
2026-09-29 14:11:41.951981 0.00% [NOTICE] switch_loadable_module.c:329 Adding Application 'jitterbuffer'
2026-09-29 14:11:41.951988 0.00% [NOTICE] switch_loadable_module.c:329 Adding Application 'send_display'
2026-09-29 14:11:41.951994 0.00% [NOTICE] switch_loadable_module.c:329 Adding Application 'respond'
2026-09-29 14:11:41.951999 0.00% [NOTICE] switch_loadable_module.c:329 Adding Application 'deflect'
2026-09-29 14:11:41.952007 0.00% [NOTICE] switch_loadable_module.c:329 Adding Application 'recovery_refresh'
2026-09-29 14:11:41.952102 0.00% [NOTICE] switch_loadable_module.c:329 Adding Application 'reuse_caller_profile'
2026-09-29 14:11:41.952108 0.00% [NOTICE] switch_loadable_module.c:329 Adding Application 'queue_dtmf'
2026-09-29 14:11:41.952114 0.00% [NOTICE] switch_loadable_module.c:329 Adding Application 'send_dtmf'
2026-09-29 14:11:41.952120 0.00% [NOTICE] switch_loadable_module.c:329 Adding Application 'sched_cancel'
2026-09-29 14:11:41.952124 0.00% [NOTICE] switch_loadable_module.c:329 Adding Application 'sched_hangup'
2026-09-29 14:11:41.952130 0.00% [NOTICE] switch_loadable_module.c:329 Adding Application 'sched_broadcast'
2026-09-29 14:11:41.952135 0.00% [NOTICE] switch_loadable_module.c:329 Adding Application 'sched_transfer'
2026-09-29 14:11:41.952143 0.00% [NOTICE] switch_loadable_module.c:329 Adding Application 'execute_extension'
2026-09-29 14:11:41.952149 0.00% [NOTICE] switch_loadable_module.c:329 Adding Application 'sched_heartbeat'
2026-09-29 14:11:41.952155 0.00% [NOTICE] switch_loadable_module.c:329 Adding Application 'enable_heartbeat'
2026-09-29 14:11:41.952161 0.00% [NOTICE] switch_loadable_module.c:329 Adding Application 'filter_codecs'
2026-09-29 14:11:41.952567 0.00% [NOTICE] switch_loadable_module.c:329 Adding Application 'enable_keepalive'
2026-09-29 14:11:41.952578 0.00% [NOTICE] switch_loadable_module.c:329 Adding Application 'media_reset'
2026-09-29 14:11:41.952585 0.00% [NOTICE] switch_loadable_module.c:329 Adding Application 'mkdir'
2026-09-29 14:11:41.952591 0.00% [NOTICE] switch_loadable_module.c:329 Adding Application 'rename'
2026-09-29 14:11:41.952597 0.00% [NOTICE] switch_loadable_module.c:329 Adding Application 'transfer_vars'
2026-09-29 14:11:41.952603 0.00% [NOTICE] switch_loadable_module.c:329 Adding Application 'soft_hold'
2026-09-29 14:11:41.952610 0.00% [NOTICE] switch_loadable_module.c:329 Adding Application 'bind_meta_app'
2026-09-29 14:11:41.952678 0.00% [NOTICE] switch_loadable_module.c:329 Adding Application 'unbind_meta_app'
2026-09-29 14:11:41.952690 0.00% [NOTICE] switch_loadable_module.c:329 Adding Application 'block_dtmf'
2026-09-29 14:11:41.952695 0.00% [NOTICE] switch_loadable_module.c:329 Adding Application 'unblock_dtmf'
2026-09-29 14:11:41.952784 0.00% [NOTICE] switch_loadable_module.c:329 Adding Application 'intercept'
2026-09-29 14:11:41.952791 0.00% [NOTICE] switch_loadable_module.c:329 Adding Application 'eavesdrop'
2026-09-29 14:11:41.952797 0.00% [NOTICE] switch_loadable_module.c:329 Adding Application 'native_eavesdrop'
2026-09-29 14:11:41.952804 0.00% [NOTICE] switch_loadable_module.c:329 Adding Application 'three_way'
2026-09-29 14:11:41.952810 0.00% [NOTICE] switch_loadable_module.c:329 Adding Application 'set_user'
2026-09-29 14:11:41.952815 0.00% [NOTICE] switch_loadable_module.c:329 Adding Application 'stop_dtmf'
2026-09-29 14:11:41.952820 0.00% [NOTICE] switch_loadable_module.c:329 Adding Application 'start_dtmf'
2026-09-29 14:11:41.952831 0.00% [NOTICE] switch_loadable_module.c:329 Adding Application 'stop_dtmf_generate'
2026-09-29 14:11:41.952845 0.00% [NOTICE] switch_loadable_module.c:329 Adding Application 'start_dtmf_generate'
2026-09-29 14:11:41.952913 0.00% [NOTICE] switch_loadable_module.c:329 Adding Application 'stop_tone_detect'
2026-09-29 14:11:41.952921 0.00% [NOTICE] switch_loadable_module.c:329 Adding Application 'fax_detect'
2026-09-29 14:11:41.952926 0.00% [NOTICE] switch_loadable_module.c:329 Adding Application 'tone_detect'
2026-09-29 14:11:41.952932 0.00% [NOTICE] switch_loadable_module.c:329 Adding Application 'echo'
2026-09-29 14:11:41.952937 0.00% [NOTICE] switch_loadable_module.c:329 Adding Application 'park'
2026-09-29 14:11:41.952943 0.00% [NOTICE] switch_loadable_module.c:329 Adding Application 'park_state'
2026-09-29 14:11:41.952948 0.00% [NOTICE] switch_loadable_module.c:329 Adding Application 'gentones'
2026-09-29 14:11:41.952953 0.00% [NOTICE] switch_loadable_module.c:329 Adding Application 'playback'
2026-09-29 14:11:41.952959 0.00% [NOTICE] switch_loadable_module.c:329 Adding Application 'broadcast'
2026-09-29 14:11:41.953211 0.00% [NOTICE] switch_loadable_module.c:329 Adding Application 'endless_playback'
2026-09-29 14:11:41.953220 0.00% [NOTICE] switch_loadable_module.c:329 Adding Application 'loop_playback'
2026-09-29 14:11:41.953227 0.00% [NOTICE] switch_loadable_module.c:329 Adding Application 'att_xfer'
2026-09-29 14:11:41.953235 0.00% [NOTICE] switch_loadable_module.c:329 Adding Application 'read'
2026-09-29 14:11:41.953242 0.00% [NOTICE] switch_loadable_module.c:329 Adding Application 'play_and_get_digits'
2026-09-29 14:11:41.953257 0.00% [NOTICE] switch_loadable_module.c:329 Adding Application 'stop_video_write_overlay'
2026-09-29 14:11:41.953266 0.00% [NOTICE] switch_loadable_module.c:329 Adding Application 'video_write_overlay'
2026-09-29 14:11:41.953273 0.00% [NOTICE] switch_loadable_module.c:329 Adding Application 'stop_record_session'
2026-09-29 14:11:41.953279 0.00% [NOTICE] switch_loadable_module.c:329 Adding Application 'record_session'
2026-09-29 14:11:41.953285 0.00% [NOTICE] switch_loadable_module.c:329 Adding Application 'record_session_mask'
2026-09-29 14:11:41.953364 0.00% [NOTICE] switch_loadable_module.c:329 Adding Application 'record_session_unmask'
2026-09-29 14:11:41.953371 0.00% [NOTICE] switch_loadable_module.c:329 Adding Application 'record_session_pause'
2026-09-29 14:11:41.953405 0.00% [NOTICE] switch_loadable_module.c:329 Adding Application 'record_session_resume'
2026-09-29 14:11:41.953415 0.00% [NOTICE] switch_loadable_module.c:329 Adding Application 'record'
2026-09-29 14:11:41.953420 0.00% [NOTICE] switch_loadable_module.c:329 Adding Application 'preprocess'
2026-09-29 14:11:41.953427 0.00% [NOTICE] switch_loadable_module.c:329 Adding Application 'stop_displace_session'
2026-09-29 14:11:41.953432 0.00% [NOTICE] switch_loadable_module.c:329 Adding Application 'displace_session'
2026-09-29 14:11:41.953438 0.00% [NOTICE] switch_loadable_module.c:329 Adding Application 'speak'
2026-09-29 14:11:41.953443 0.00% [NOTICE] switch_loadable_module.c:329 Adding Application 'clear_speech_cache'
2026-09-29 14:11:41.953492 0.00% [NOTICE] switch_loadable_module.c:329 Adding Application 'bridge'
2026-09-29 14:11:41.953498 0.00% [NOTICE] switch_loadable_module.c:329 Adding Application 'system'
2026-09-29 14:11:41.953503 0.00% [NOTICE] switch_loadable_module.c:329 Adding Application 'bgsystem'
2026-09-29 14:11:41.953508 0.00% [NOTICE] switch_loadable_module.c:329 Adding Application 'say'
2026-09-29 14:11:41.953514 0.00% [NOTICE] switch_loadable_module.c:329 Adding Application 'detect_audio'
2026-09-29 14:11:41.953518 0.00% [NOTICE] switch_loadable_module.c:329 Adding Application 'detect_silence'
2026-09-29 14:11:41.953524 0.00% [NOTICE] switch_loadable_module.c:329 Adding Application 'wait_for_silence'
2026-09-29 14:11:41.953531 0.00% [NOTICE] switch_loadable_module.c:329 Adding Application 'session_loglevel'
2026-09-29 14:11:41.953537 0.00% [NOTICE] switch_loadable_module.c:329 Adding Application 'limit'
2026-09-29 14:11:41.953542 0.00% [NOTICE] switch_loadable_module.c:329 Adding Application 'limit_hash'
2026-09-29 14:11:41.953549 0.00% [NOTICE] switch_loadable_module.c:329 Adding Application 'limit_execute'
2026-09-29 14:11:41.953555 0.00% [NOTICE] switch_loadable_module.c:329 Adding Application 'limit_hash_execute'
2026-09-29 14:11:41.953560 0.00% [NOTICE] switch_loadable_module.c:329 Adding Application 'pickup'
2026-09-29 14:11:41.953616 0.00% [NOTICE] switch_loadable_module.c:329 Adding Application 'deduplicate_dtmf'
2026-09-29 14:11:41.953624 0.00% [NOTICE] switch_loadable_module.c:329 Adding Application 'vad_test'
2026-09-29 14:11:41.953629 0.00% [NOTICE] switch_loadable_module.c:329 Adding Application 'debug_media'
2026-09-29 14:11:41.953634 0.00% [NOTICE] switch_loadable_module.c:389 Adding API Function 'strepoch'
2026-09-29 14:11:41.953641 0.00% [NOTICE] switch_loadable_module.c:389 Adding API Function 'page'
2026-09-29 14:11:41.953647 0.00% [NOTICE] switch_loadable_module.c:389 Adding API Function 'strmicroepoch'
2026-09-29 14:11:41.953653 0.00% [NOTICE] switch_loadable_module.c:389 Adding API Function 'chat'
2026-09-29 14:11:41.953658 0.00% [NOTICE] switch_loadable_module.c:389 Adding API Function 'strftime'
2026-09-29 14:11:41.953664 0.00% [NOTICE] switch_loadable_module.c:389 Adding API Function 'presence'
2026-09-29 14:11:41.953672 0.00% [NOTICE] switch_loadable_module.c:455 Adding File Format 'file_string'
2026-09-29 14:11:41.953744 0.00% [NOTICE] switch_loadable_module.c:455 Adding File Format 'file'
2026-09-29 14:11:41.953774 0.00% [NOTICE] switch_loadable_module.c:455 Adding File Format 'tts'
2026-09-29 14:11:41.953784 0.00% [NOTICE] switch_loadable_module.c:621 Adding Chat interface 'event'
2026-09-29 14:11:41.953794 0.00% [NOTICE] switch_loadable_module.c:621 Adding Chat interface 'api'
2026-09-29 14:11:41.960024 0.00% [CONSOLE] switch_loadable_module.c:1772 Successfully Loaded [mod_expr]
2026-09-29 14:11:41.960048 0.00% [NOTICE] switch_loadable_module.c:389 Adding API Function 'expr'
2026-09-29 14:11:41.979517 0.00% [WARNING] sofia_reg.c:520 platform-switch Failed Registration [503], setting retry to 30 seconds.
2026-09-29 14:11:41.980213 0.00% [INFO] switch_core_sqldb.c:1840 fifo Starting SQL thread.
2026-09-29 14:11:41.983713 0.00% [INFO] mod_fifo.c:4647 cool_fifo@172.25.0.3 configured
2026-09-29 14:11:41.983917 0.00% [CONSOLE] switch_loadable_module.c:1772 Successfully Loaded [mod_fifo]
2026-09-29 14:11:41.983931 0.00% [NOTICE] switch_loadable_module.c:329 Adding Application 'fifo'
2026-09-29 14:11:41.983959 0.00% [NOTICE] switch_loadable_module.c:329 Adding Application 'fifo_track_call'
2026-09-29 14:11:41.983970 0.00% [NOTICE] switch_loadable_module.c:389 Adding API Function 'fifo'
2026-09-29 14:11:41.984067 0.00% [NOTICE] switch_loadable_module.c:389 Adding API Function 'fifo_member'
2026-09-29 14:11:41.984077 0.00% [NOTICE] switch_loadable_module.c:389 Adding API Function 'fifo_add_outbound'
2026-09-29 14:11:41.984227 0.00% [NOTICE] switch_loadable_module.c:389 Adding API Function 'fifo_check_bridge'
2026-09-29 14:11:41.986686 0.00% [DEBUG] switch_scheduler.c:263 Added task 3 limit_hash_cleanup (mod_hash) to run at 1790692001
2026-09-29 14:11:41.986825 0.00% [CONSOLE] switch_loadable_module.c:1772 Successfully Loaded [mod_hash]
2026-09-29 14:11:41.986839 0.00% [NOTICE] switch_loadable_module.c:329 Adding Application 'hash'
2026-09-29 14:11:41.986850 0.00% [NOTICE] switch_loadable_module.c:389 Adding API Function 'hash'
2026-09-29 14:11:41.986915 0.00% [NOTICE] switch_loadable_module.c:389 Adding API Function 'hash_dump'
2026-09-29 14:11:41.986926 0.00% [NOTICE] switch_loadable_module.c:389 Adding API Function 'hash_remote'
2026-09-29 14:11:41.986933 0.00% [NOTICE] switch_loadable_module.c:717 Adding Limit interface 'hash'
2026-09-29 14:11:41.993477 0.00% [INFO] mod_voicemail.c:794 Added Profile default
2026-09-29 14:11:41.993533 0.00% [CONSOLE] switch_loadable_module.c:1772 Successfully Loaded [mod_voicemail]
2026-09-29 14:11:41.993549 0.00% [NOTICE] switch_loadable_module.c:329 Adding Application 'voicemail'
2026-09-29 14:11:41.993578 0.00% [NOTICE] switch_loadable_module.c:389 Adding API Function 'voicemail'
2026-09-29 14:11:41.993586 0.00% [NOTICE] switch_loadable_module.c:389 Adding API Function 'voicemail_inject'
2026-09-29 14:11:41.993592 0.00% [NOTICE] switch_loadable_module.c:389 Adding API Function 'vm_inject'
2026-09-29 14:11:41.993597 0.00% [NOTICE] switch_loadable_module.c:389 Adding API Function 'vm_boxcount'
2026-09-29 14:11:41.993642 0.00% [NOTICE] switch_loadable_module.c:389 Adding API Function 'vm_prefs'
2026-09-29 14:11:41.993650 0.00% [NOTICE] switch_loadable_module.c:389 Adding API Function 'vm_delete'
2026-09-29 14:11:41.993656 0.00% [NOTICE] switch_loadable_module.c:389 Adding API Function 'vm_read'
2026-09-29 14:11:41.993663 0.00% [NOTICE] switch_loadable_module.c:389 Adding API Function 'vm_list'
2026-09-29 14:11:41.993669 0.00% [NOTICE] switch_loadable_module.c:389 Adding API Function 'vm_fsdb_auth_login'
2026-09-29 14:11:41.993675 0.00% [NOTICE] switch_loadable_module.c:389 Adding API Function 'vm_fsdb_msg_count'
2026-09-29 14:11:41.993681 0.00% [NOTICE] switch_loadable_module.c:389 Adding API Function 'vm_fsdb_msg_list'
2026-09-29 14:11:41.993687 0.00% [NOTICE] switch_loadable_module.c:389 Adding API Function 'vm_fsdb_msg_get'
2026-09-29 14:11:41.993693 0.00% [NOTICE] switch_loadable_module.c:389 Adding API Function 'vm_fsdb_msg_delete'
2026-09-29 14:11:41.993699 0.00% [NOTICE] switch_loadable_module.c:389 Adding API Function 'vm_fsdb_msg_undelete'
2026-09-29 14:11:41.993705 0.00% [NOTICE] switch_loadable_module.c:389 Adding API Function 'vm_fsdb_msg_email'
2026-09-29 14:11:41.993754 0.00% [NOTICE] switch_loadable_module.c:389 Adding API Function 'vm_fsdb_msg_purge'
2026-09-29 14:11:41.993775 0.00% [NOTICE] switch_loadable_module.c:389 Adding API Function 'vm_fsdb_msg_save'
2026-09-29 14:11:41.993816 0.00% [NOTICE] switch_loadable_module.c:389 Adding API Function 'vm_fsdb_msg_forward'
2026-09-29 14:11:41.993825 0.00% [NOTICE] switch_loadable_module.c:389 Adding API Function 'vm_fsdb_pref_greeting_set'
2026-09-29 14:11:41.993831 0.00% [NOTICE] switch_loadable_module.c:389 Adding API Function 'vm_fsdb_pref_greeting_get'
2026-09-29 14:11:41.993838 0.00% [NOTICE] switch_loadable_module.c:389 Adding API Function 'vm_fsdb_pref_recname_set'
2026-09-29 14:11:41.993843 0.00% [NOTICE] switch_loadable_module.c:389 Adding API Function 'vm_fsdb_pref_password_set'
2026-09-29 14:11:41.995221 0.00% [CONSOLE] switch_loadable_module.c:1772 Successfully Loaded [mod_esf]
2026-09-29 14:11:41.995236 0.00% [NOTICE] switch_loadable_module.c:329 Adding Application 'esf_page_group'
2026-09-29 14:11:41.997155 0.00% [CONSOLE] switch_loadable_module.c:1772 Successfully Loaded [mod_fsv]
2026-09-29 14:11:41.997173 0.00% [NOTICE] switch_loadable_module.c:329 Adding Application 'play_fsv'
2026-09-29 14:11:41.997216 0.00% [NOTICE] switch_loadable_module.c:329 Adding Application 'record_fsv'
2026-09-29 14:11:41.997227 0.00% [NOTICE] switch_loadable_module.c:329 Adding Application 'play_yuv'
2026-09-29 14:11:41.997237 0.00% [NOTICE] switch_loadable_module.c:329 Adding Application 'decode_video'
2026-09-29 14:11:41.997245 0.00% [NOTICE] switch_loadable_module.c:455 Adding File Format 'fsv'
2026-09-29 14:11:41.998869 0.00% [CONSOLE] switch_loadable_module.c:1772 Successfully Loaded [mod_valet_parking]
2026-09-29 14:11:41.998894 0.00% [NOTICE] switch_loadable_module.c:329 Adding Application 'valet_park'
2026-09-29 14:11:41.998914 0.00% [NOTICE] switch_loadable_module.c:389 Adding API Function 'valet_info'
2026-09-29 14:11:42.000722 0.00% [NOTICE] mod_httapi.c:2171 Profile [default] JSON Function [http://www.freeswitch.org/api/index.cgi]
2026-09-29 14:11:42.000773 0.00% [CONSOLE] switch_loadable_module.c:1772 Successfully Loaded [mod_httapi]
2026-09-29 14:11:42.000783 0.00% [NOTICE] switch_loadable_module.c:329 Adding Application 'httapi'
2026-09-29 14:11:42.000807 0.00% [NOTICE] switch_loadable_module.c:389 Adding API Function 'httapi'
2026-09-29 14:11:42.000818 0.00% [NOTICE] switch_loadable_module.c:455 Adding File Format 'http'
2026-09-29 14:11:42.000825 0.00% [NOTICE] switch_loadable_module.c:455 Adding File Format 'https'
2026-09-29 14:11:42.002103 0.00% [CONSOLE] switch_loadable_module.c:1772 Successfully Loaded [mod_dialplan_xml]
2026-09-29 14:11:42.002131 0.00% [NOTICE] switch_loadable_module.c:273 Adding Dialplan 'XML'
2026-09-29 14:11:42.003121 0.00% [CONSOLE] switch_loadable_module.c:1772 Successfully Loaded [mod_dialplan_asterisk]
2026-09-29 14:11:42.003148 0.00% [NOTICE] switch_loadable_module.c:172 Adding Endpoint 'SIP'
2026-09-29 14:11:42.003180 0.00% [NOTICE] switch_loadable_module.c:172 Adding Endpoint 'IAX2'
2026-09-29 14:11:42.003188 0.00% [NOTICE] switch_loadable_module.c:273 Adding Dialplan 'asterisk'
2026-09-29 14:11:42.003194 0.00% [NOTICE] switch_loadable_module.c:329 Adding Application 'Dial'
2026-09-29 14:11:42.003201 0.00% [NOTICE] switch_loadable_module.c:329 Adding Application 'Goto'
2026-09-29 14:11:42.003207 0.00% [NOTICE] switch_loadable_module.c:329 Adding Application 'AvoidingDeadlock'
2026-09-29 14:11:42.008908 0.00% [DEBUG] mod_spandsp_fax.c:213 FAX timer thread started.
2026-09-29 14:11:42.032517 0.00% [DEBUG] mod_spandsp.c:894 mod_spandsp loaded, using spandsp library version [20120902 163333]
2026-09-29 14:11:42.032544 0.00% [CONSOLE] switch_loadable_module.c:1772 Successfully Loaded [mod_spandsp]
2026-09-29 14:11:42.032557 0.00% [NOTICE] switch_loadable_module.c:172 Adding Endpoint 'modem'
2026-09-29 14:11:42.032608 0.00% [NOTICE] switch_loadable_module.c:223 Adding Codec DVI4 6 ADPCM (IMA) 16000hz 10ms 1ch 64000bps
2026-09-29 14:11:42.032614 0.00% [NOTICE] switch_loadable_module.c:223 Adding Codec DVI4 6 ADPCM (IMA) 16000hz 20ms 1ch 64000bps
2026-09-29 14:11:42.032617 0.00% [NOTICE] switch_loadable_module.c:223 Adding Codec DVI4 6 ADPCM (IMA) 16000hz 30ms 1ch 64000bps
2026-09-29 14:11:42.032619 0.00% [NOTICE] switch_loadable_module.c:223 Adding Codec DVI4 6 ADPCM (IMA) 16000hz 40ms 1ch 64000bps
2026-09-29 14:11:42.032621 0.00% [NOTICE] switch_loadable_module.c:223 Adding Codec DVI4 6 ADPCM (IMA) 16000hz 50ms 1ch 64000bps
2026-09-29 14:11:42.032623 0.00% [NOTICE] switch_loadable_module.c:223 Adding Codec DVI4 6 ADPCM (IMA) 16000hz 60ms 1ch 64000bps
2026-09-29 14:11:42.032625 0.00% [NOTICE] switch_loadable_module.c:223 Adding Codec DVI4 5 ADPCM (IMA) 8000hz 10ms 1ch 32000bps
2026-09-29 14:11:42.032627 0.00% [NOTICE] switch_loadable_module.c:223 Adding Codec DVI4 5 ADPCM (IMA) 8000hz 20ms 1ch 32000bps
2026-09-29 14:11:42.032628 0.00% [NOTICE] switch_loadable_module.c:223 Adding Codec DVI4 5 ADPCM (IMA) 8000hz 30ms 1ch 32000bps
2026-09-29 14:11:42.032630 0.00% [NOTICE] switch_loadable_module.c:223 Adding Codec DVI4 5 ADPCM (IMA) 8000hz 40ms 1ch 32000bps
2026-09-29 14:11:42.032632 0.00% [NOTICE] switch_loadable_module.c:223 Adding Codec DVI4 5 ADPCM (IMA) 8000hz 50ms 1ch 32000bps
2026-09-29 14:11:42.032634 0.00% [NOTICE] switch_loadable_module.c:223 Adding Codec DVI4 5 ADPCM (IMA) 8000hz 60ms 1ch 32000bps
2026-09-29 14:11:42.032636 0.00% [NOTICE] switch_loadable_module.c:223 Adding Codec DVI4 5 ADPCM (IMA) 8000hz 70ms 1ch 32000bps
2026-09-29 14:11:42.032638 0.00% [NOTICE] switch_loadable_module.c:223 Adding Codec DVI4 5 ADPCM (IMA) 8000hz 80ms 1ch 32000bps
2026-09-29 14:11:42.032639 0.00% [NOTICE] switch_loadable_module.c:223 Adding Codec DVI4 5 ADPCM (IMA) 8000hz 90ms 1ch 32000bps
2026-09-29 14:11:42.032641 0.00% [NOTICE] switch_loadable_module.c:223 Adding Codec DVI4 5 ADPCM (IMA) 8000hz 100ms 1ch 32000bps
2026-09-29 14:11:42.032643 0.00% [NOTICE] switch_loadable_module.c:223 Adding Codec DVI4 5 ADPCM (IMA) 8000hz 110ms 1ch 32000bps
2026-09-29 14:11:42.032645 0.00% [NOTICE] switch_loadable_module.c:223 Adding Codec DVI4 5 ADPCM (IMA) 8000hz 120ms 1ch 32000bps
2026-09-29 14:11:42.032665 0.00% [NOTICE] switch_loadable_module.c:223 Adding Codec AAL2-G726-16 124 G.726 16k (AAL2) 8000hz 10ms 1ch 16000bps
2026-09-29 14:11:42.032677 0.00% [NOTICE] switch_loadable_module.c:223 Adding Codec AAL2-G726-16 124 G.726 16k (AAL2) 8000hz 20ms 1ch 16000bps
2026-09-29 14:11:42.032680 0.00% [NOTICE] switch_loadable_module.c:223 Adding Codec AAL2-G726-16 124 G.726 16k (AAL2) 8000hz 30ms 1ch 16000bps
2026-09-29 14:11:42.032682 0.00% [NOTICE] switch_loadable_module.c:223 Adding Codec AAL2-G726-16 124 G.726 16k (AAL2) 8000hz 40ms 1ch 16000bps
2026-09-29 14:11:42.032684 0.00% [NOTICE] switch_loadable_module.c:223 Adding Codec AAL2-G726-16 124 G.726 16k (AAL2) 8000hz 50ms 1ch 16000bps
2026-09-29 14:11:42.032685 0.00% [NOTICE] switch_loadable_module.c:223 Adding Codec AAL2-G726-16 124 G.726 16k (AAL2) 8000hz 60ms 1ch 16000bps
2026-09-29 14:11:42.032687 0.00% [NOTICE] switch_loadable_module.c:223 Adding Codec AAL2-G726-16 124 G.726 16k (AAL2) 8000hz 70ms 1ch 16000bps
2026-09-29 14:11:42.032689 0.00% [NOTICE] switch_loadable_module.c:223 Adding Codec AAL2-G726-16 124 G.726 16k (AAL2) 8000hz 80ms 1ch 16000bps
2026-09-29 14:11:42.032691 0.00% [NOTICE] switch_loadable_module.c:223 Adding Codec AAL2-G726-16 124 G.726 16k (AAL2) 8000hz 90ms 1ch 16000bps
2026-09-29 14:11:42.032693 0.00% [NOTICE] switch_loadable_module.c:223 Adding Codec AAL2-G726-16 124 G.726 16k (AAL2) 8000hz 100ms 1ch 16000bps
2026-09-29 14:11:42.032694 0.00% [NOTICE] switch_loadable_module.c:223 Adding Codec AAL2-G726-16 124 G.726 16k (AAL2) 8000hz 110ms 1ch 16000bps
2026-09-29 14:11:42.032696 0.00% [NOTICE] switch_loadable_module.c:223 Adding Codec AAL2-G726-16 124 G.726 16k (AAL2) 8000hz 120ms 1ch 16000bps
2026-09-29 14:11:42.032715 0.00% [NOTICE] switch_loadable_module.c:223 Adding Codec G726-16 124 G.726 16k 8000hz 10ms 1ch 16000bps
2026-09-29 14:11:42.032765 0.00% [NOTICE] switch_loadable_module.c:223 Adding Codec G726-16 124 G.726 16k 8000hz 20ms 1ch 16000bps
2026-09-29 14:11:42.032770 0.00% [NOTICE] switch_loadable_module.c:223 Adding Codec G726-16 124 G.726 16k 8000hz 30ms 1ch 16000bps
2026-09-29 14:11:42.032773 0.00% [NOTICE] switch_loadable_module.c:223 Adding Codec G726-16 124 G.726 16k 8000hz 40ms 1ch 16000bps
2026-09-29 14:11:42.032777 0.00% [NOTICE] switch_loadable_module.c:223 Adding Codec G726-16 124 G.726 16k 8000hz 50ms 1ch 16000bps
2026-09-29 14:11:42.032778 0.00% [NOTICE] switch_loadable_module.c:223 Adding Codec G726-16 124 G.726 16k 8000hz 60ms 1ch 16000bps
2026-09-29 14:11:42.032780 0.00% [NOTICE] switch_loadable_module.c:223 Adding Codec G726-16 124 G.726 16k 8000hz 70ms 1ch 16000bps
2026-09-29 14:11:42.032782 0.00% [NOTICE] switch_loadable_module.c:223 Adding Codec G726-16 124 G.726 16k 8000hz 80ms 1ch 16000bps
2026-09-29 14:11:42.032785 0.00% [NOTICE] switch_loadable_module.c:223 Adding Codec G726-16 124 G.726 16k 8000hz 90ms 1ch 16000bps
2026-09-29 14:11:42.032786 0.00% [NOTICE] switch_loadable_module.c:223 Adding Codec G726-16 124 G.726 16k 8000hz 100ms 1ch 16000bps
2026-09-29 14:11:42.032788 0.00% [NOTICE] switch_loadable_module.c:223 Adding Codec G726-16 124 G.726 16k 8000hz 110ms 1ch 16000bps
2026-09-29 14:11:42.032790 0.00% [NOTICE] switch_loadable_module.c:223 Adding Codec G726-16 124 G.726 16k 8000hz 120ms 1ch 16000bps
2026-09-29 14:11:42.032816 0.00% [NOTICE] switch_loadable_module.c:223 Adding Codec AAL2-G726-24 123 G.726 24k (AAL2) 8000hz 10ms 1ch 24000bps
2026-09-29 14:11:42.032821 0.00% [NOTICE] switch_loadable_module.c:223 Adding Codec AAL2-G726-24 123 G.726 24k (AAL2) 8000hz 20ms 1ch 24000bps
2026-09-29 14:11:42.032822 0.00% [NOTICE] switch_loadable_module.c:223 Adding Codec AAL2-G726-24 123 G.726 24k (AAL2) 8000hz 30ms 1ch 24000bps
2026-09-29 14:11:42.032824 0.00% [NOTICE] switch_loadable_module.c:223 Adding Codec AAL2-G726-24 123 G.726 24k (AAL2) 8000hz 40ms 1ch 24000bps
2026-09-29 14:11:42.032826 0.00% [NOTICE] switch_loadable_module.c:223 Adding Codec AAL2-G726-24 123 G.726 24k (AAL2) 8000hz 50ms 1ch 24000bps
2026-09-29 14:11:42.032828 0.00% [NOTICE] switch_loadable_module.c:223 Adding Codec AAL2-G726-24 123 G.726 24k (AAL2) 8000hz 60ms 1ch 24000bps
2026-09-29 14:11:42.032846 0.00% [NOTICE] switch_loadable_module.c:223 Adding Codec AAL2-G726-24 123 G.726 24k (AAL2) 8000hz 70ms 1ch 24000bps
2026-09-29 14:11:42.032849 0.00% [NOTICE] switch_loadable_module.c:223 Adding Codec AAL2-G726-24 123 G.726 24k (AAL2) 8000hz 80ms 1ch 24000bps
2026-09-29 14:11:42.032851 0.00% [NOTICE] switch_loadable_module.c:223 Adding Codec AAL2-G726-24 123 G.726 24k (AAL2) 8000hz 90ms 1ch 24000bps
2026-09-29 14:11:42.032853 0.00% [NOTICE] switch_loadable_module.c:223 Adding Codec AAL2-G726-24 123 G.726 24k (AAL2) 8000hz 100ms 1ch 24000bps
2026-09-29 14:11:42.032854 0.00% [NOTICE] switch_loadable_module.c:223 Adding Codec AAL2-G726-24 123 G.726 24k (AAL2) 8000hz 110ms 1ch 24000bps
2026-09-29 14:11:42.032856 0.00% [NOTICE] switch_loadable_module.c:223 Adding Codec AAL2-G726-24 123 G.726 24k (AAL2) 8000hz 120ms 1ch 24000bps
2026-09-29 14:11:42.032873 0.00% [NOTICE] switch_loadable_module.c:223 Adding Codec G726-24 123 G.726 24k 8000hz 10ms 1ch 24000bps
2026-09-29 14:11:42.032876 0.00% [NOTICE] switch_loadable_module.c:223 Adding Codec G726-24 123 G.726 24k 8000hz 20ms 1ch 24000bps
2026-09-29 14:11:42.032878 0.00% [NOTICE] switch_loadable_module.c:223 Adding Codec G726-24 123 G.726 24k 8000hz 30ms 1ch 24000bps
2026-09-29 14:11:42.032880 0.00% [NOTICE] switch_loadable_module.c:223 Adding Codec G726-24 123 G.726 24k 8000hz 40ms 1ch 24000bps
2026-09-29 14:11:42.032881 0.00% [NOTICE] switch_loadable_module.c:223 Adding Codec G726-24 123 G.726 24k 8000hz 50ms 1ch 24000bps
2026-09-29 14:11:42.032883 0.00% [NOTICE] switch_loadable_module.c:223 Adding Codec G726-24 123 G.726 24k 8000hz 60ms 1ch 24000bps
2026-09-29 14:11:42.032884 0.00% [NOTICE] switch_loadable_module.c:223 Adding Codec G726-24 123 G.726 24k 8000hz 70ms 1ch 24000bps
2026-09-29 14:11:42.032886 0.00% [NOTICE] switch_loadable_module.c:223 Adding Codec G726-24 123 G.726 24k 8000hz 80ms 1ch 24000bps
2026-09-29 14:11:42.032887 0.00% [NOTICE] switch_loadable_module.c:223 Adding Codec G726-24 123 G.726 24k 8000hz 90ms 1ch 24000bps
2026-09-29 14:11:42.032889 0.00% [NOTICE] switch_loadable_module.c:223 Adding Codec G726-24 123 G.726 24k 8000hz 100ms 1ch 24000bps
2026-09-29 14:11:42.032890 0.00% [NOTICE] switch_loadable_module.c:223 Adding Codec G726-24 123 G.726 24k 8000hz 110ms 1ch 24000bps
2026-09-29 14:11:42.032892 0.00% [NOTICE] switch_loadable_module.c:223 Adding Codec G726-24 123 G.726 24k 8000hz 120ms 1ch 24000bps
2026-09-29 14:11:42.032907 0.00% [NOTICE] switch_loadable_module.c:223 Adding Codec AAL2-G726-32 122 G.726 32k (AAL2) 8000hz 10ms 1ch 32000bps
2026-09-29 14:11:42.032910 0.00% [NOTICE] switch_loadable_module.c:223 Adding Codec AAL2-G726-32 122 G.726 32k (AAL2) 8000hz 20ms 1ch 32000bps
2026-09-29 14:11:42.032912 0.00% [NOTICE] switch_loadable_module.c:223 Adding Codec AAL2-G726-32 122 G.726 32k (AAL2) 8000hz 30ms 1ch 32000bps
2026-09-29 14:11:42.032913 0.00% [NOTICE] switch_loadable_module.c:223 Adding Codec AAL2-G726-32 122 G.726 32k (AAL2) 8000hz 40ms 1ch 32000bps
2026-09-29 14:11:42.032915 0.00% [NOTICE] switch_loadable_module.c:223 Adding Codec AAL2-G726-32 122 G.726 32k (AAL2) 8000hz 50ms 1ch 32000bps
2026-09-29 14:11:42.032917 0.00% [NOTICE] switch_loadable_module.c:223 Adding Codec AAL2-G726-32 122 G.726 32k (AAL2) 8000hz 60ms 1ch 32000bps
2026-09-29 14:11:42.032946 0.00% [NOTICE] switch_loadable_module.c:223 Adding Codec AAL2-G726-32 122 G.726 32k (AAL2) 8000hz 70ms 1ch 32000bps
2026-09-29 14:11:42.032950 0.00% [NOTICE] switch_loadable_module.c:223 Adding Codec AAL2-G726-32 122 G.726 32k (AAL2) 8000hz 80ms 1ch 32000bps
2026-09-29 14:11:42.032953 0.00% [NOTICE] switch_loadable_module.c:223 Adding Codec AAL2-G726-32 122 G.726 32k (AAL2) 8000hz 90ms 1ch 32000bps
2026-09-29 14:11:42.032956 0.00% [NOTICE] switch_loadable_module.c:223 Adding Codec AAL2-G726-32 122 G.726 32k (AAL2) 8000hz 100ms 1ch 32000bps
2026-09-29 14:11:42.032959 0.00% [NOTICE] switch_loadable_module.c:223 Adding Codec AAL2-G726-32 122 G.726 32k (AAL2) 8000hz 110ms 1ch 32000bps
2026-09-29 14:11:42.032961 0.00% [NOTICE] switch_loadable_module.c:223 Adding Codec AAL2-G726-32 122 G.726 32k (AAL2) 8000hz 120ms 1ch 32000bps
2026-09-29 14:11:42.032971 0.00% [NOTICE] switch_loadable_module.c:223 Adding Codec G726-32 122 G.726 32k 8000hz 10ms 1ch 32000bps
2026-09-29 14:11:42.032973 0.00% [NOTICE] switch_loadable_module.c:223 Adding Codec G726-32 122 G.726 32k 8000hz 20ms 1ch 32000bps
2026-09-29 14:11:42.032975 0.00% [NOTICE] switch_loadable_module.c:223 Adding Codec G726-32 122 G.726 32k 8000hz 30ms 1ch 32000bps
2026-09-29 14:11:42.032976 0.00% [NOTICE] switch_loadable_module.c:223 Adding Codec G726-32 122 G.726 32k 8000hz 40ms 1ch 32000bps
2026-09-29 14:11:42.032978 0.00% [NOTICE] switch_loadable_module.c:223 Adding Codec G726-32 122 G.726 32k 8000hz 50ms 1ch 32000bps
2026-09-29 14:11:42.032980 0.00% [NOTICE] switch_loadable_module.c:223 Adding Codec G726-32 122 G.726 32k 8000hz 60ms 1ch 32000bps
2026-09-29 14:11:42.033019 0.00% [NOTICE] switch_loadable_module.c:223 Adding Codec G726-32 122 G.726 32k 8000hz 70ms 1ch 32000bps
2026-09-29 14:11:42.033024 0.00% [NOTICE] switch_loadable_module.c:223 Adding Codec G726-32 122 G.726 32k 8000hz 80ms 1ch 32000bps
2026-09-29 14:11:42.033027 0.00% [NOTICE] switch_loadable_module.c:223 Adding Codec G726-32 122 G.726 32k 8000hz 90ms 1ch 32000bps
2026-09-29 14:11:42.033029 0.00% [NOTICE] switch_loadable_module.c:223 Adding Codec G726-32 122 G.726 32k 8000hz 100ms 1ch 32000bps
2026-09-29 14:11:42.033031 0.00% [NOTICE] switch_loadable_module.c:223 Adding Codec G726-32 122 G.726 32k 8000hz 110ms 1ch 32000bps
2026-09-29 14:11:42.033033 0.00% [NOTICE] switch_loadable_module.c:223 Adding Codec G726-32 122 G.726 32k 8000hz 120ms 1ch 32000bps
2026-09-29 14:11:42.033049 0.00% [NOTICE] switch_loadable_module.c:223 Adding Codec AAL2-G726-40 121 G.726 40k (AAL2) 8000hz 10ms 1ch 40000bps
2026-09-29 14:11:42.033052 0.00% [NOTICE] switch_loadable_module.c:223 Adding Codec AAL2-G726-40 121 G.726 40k (AAL2) 8000hz 20ms 1ch 40000bps
2026-09-29 14:11:42.033054 0.00% [NOTICE] switch_loadable_module.c:223 Adding Codec AAL2-G726-40 121 G.726 40k (AAL2) 8000hz 30ms 1ch 40000bps
2026-09-29 14:11:42.033056 0.00% [NOTICE] switch_loadable_module.c:223 Adding Codec AAL2-G726-40 121 G.726 40k (AAL2) 8000hz 40ms 1ch 40000bps
2026-09-29 14:11:42.033057 0.00% [NOTICE] switch_loadable_module.c:223 Adding Codec AAL2-G726-40 121 G.726 40k (AAL2) 8000hz 50ms 1ch 40000bps
2026-09-29 14:11:42.033059 0.00% [NOTICE] switch_loadable_module.c:223 Adding Codec AAL2-G726-40 121 G.726 40k (AAL2) 8000hz 60ms 1ch 40000bps
2026-09-29 14:11:42.033061 0.00% [NOTICE] switch_loadable_module.c:223 Adding Codec AAL2-G726-40 121 G.726 40k (AAL2) 8000hz 70ms 1ch 40000bps
2026-09-29 14:11:42.033063 0.00% [NOTICE] switch_loadable_module.c:223 Adding Codec AAL2-G726-40 121 G.726 40k (AAL2) 8000hz 80ms 1ch 40000bps
2026-09-29 14:11:42.033064 0.00% [NOTICE] switch_loadable_module.c:223 Adding Codec AAL2-G726-40 121 G.726 40k (AAL2) 8000hz 90ms 1ch 40000bps
2026-09-29 14:11:42.033067 0.00% [NOTICE] switch_loadable_module.c:223 Adding Codec AAL2-G726-40 121 G.726 40k (AAL2) 8000hz 100ms 1ch 40000bps
2026-09-29 14:11:42.033068 0.00% [NOTICE] switch_loadable_module.c:223 Adding Codec AAL2-G726-40 121 G.726 40k (AAL2) 8000hz 110ms 1ch 40000bps
2026-09-29 14:11:42.033070 0.00% [NOTICE] switch_loadable_module.c:223 Adding Codec AAL2-G726-40 121 G.726 40k (AAL2) 8000hz 120ms 1ch 40000bps
2026-09-29 14:11:42.033085 0.00% [NOTICE] switch_loadable_module.c:223 Adding Codec G726-40 121 G.726 40k 8000hz 10ms 1ch 40000bps
2026-09-29 14:11:42.033088 0.00% [NOTICE] switch_loadable_module.c:223 Adding Codec G726-40 121 G.726 40k 8000hz 20ms 1ch 40000bps
2026-09-29 14:11:42.033090 0.00% [NOTICE] switch_loadable_module.c:223 Adding Codec G726-40 121 G.726 40k 8000hz 30ms 1ch 40000bps
2026-09-29 14:11:42.033091 0.00% [NOTICE] switch_loadable_module.c:223 Adding Codec G726-40 121 G.726 40k 8000hz 40ms 1ch 40000bps
2026-09-29 14:11:42.033093 0.00% [NOTICE] switch_loadable_module.c:223 Adding Codec G726-40 121 G.726 40k 8000hz 50ms 1ch 40000bps
2026-09-29 14:11:42.033094 0.00% [NOTICE] switch_loadable_module.c:223 Adding Codec G726-40 121 G.726 40k 8000hz 60ms 1ch 40000bps
2026-09-29 14:11:42.033096 0.00% [NOTICE] switch_loadable_module.c:223 Adding Codec G726-40 121 G.726 40k 8000hz 70ms 1ch 40000bps
2026-09-29 14:11:42.033098 0.00% [NOTICE] switch_loadable_module.c:223 Adding Codec G726-40 121 G.726 40k 8000hz 80ms 1ch 40000bps
2026-09-29 14:11:42.033099 0.00% [NOTICE] switch_loadable_module.c:223 Adding Codec G726-40 121 G.726 40k 8000hz 90ms 1ch 40000bps
2026-09-29 14:11:42.033101 0.00% [NOTICE] switch_loadable_module.c:223 Adding Codec G726-40 121 G.726 40k 8000hz 100ms 1ch 40000bps
2026-09-29 14:11:42.033149 0.00% [NOTICE] switch_loadable_module.c:223 Adding Codec G726-40 121 G.726 40k 8000hz 110ms 1ch 40000bps
2026-09-29 14:11:42.033152 0.00% [NOTICE] switch_loadable_module.c:223 Adding Codec G726-40 121 G.726 40k 8000hz 120ms 1ch 40000bps
2026-09-29 14:11:42.033171 0.00% [NOTICE] switch_loadable_module.c:223 Adding Codec G722 9 G.722 16000hz 10ms 1ch 64000bps
2026-09-29 14:11:42.033174 0.00% [NOTICE] switch_loadable_module.c:223 Adding Codec G722 9 G.722 16000hz 20ms 1ch 64000bps
2026-09-29 14:11:42.033176 0.00% [NOTICE] switch_loadable_module.c:223 Adding Codec G722 9 G.722 16000hz 30ms 1ch 64000bps
2026-09-29 14:11:42.033178 0.00% [NOTICE] switch_loadable_module.c:223 Adding Codec G722 9 G.722 16000hz 40ms 1ch 64000bps
2026-09-29 14:11:42.033180 0.00% [NOTICE] switch_loadable_module.c:223 Adding Codec G722 9 G.722 16000hz 50ms 1ch 64000bps
2026-09-29 14:11:42.033181 0.00% [NOTICE] switch_loadable_module.c:223 Adding Codec G722 9 G.722 16000hz 60ms 1ch 64000bps
2026-09-29 14:11:42.033188 0.00% [NOTICE] switch_loadable_module.c:223 Adding Codec GSM 3 GSM 8000hz 20ms 1ch 13200bps
2026-09-29 14:11:42.033190 0.00% [NOTICE] switch_loadable_module.c:223 Adding Codec GSM 3 GSM 8000hz 40ms 1ch 13200bps
2026-09-29 14:11:42.033191 0.00% [NOTICE] switch_loadable_module.c:223 Adding Codec GSM 3 GSM 8000hz 60ms 1ch 13200bps
2026-09-29 14:11:42.033193 0.00% [NOTICE] switch_loadable_module.c:223 Adding Codec GSM 3 GSM 8000hz 80ms 1ch 13200bps
2026-09-29 14:11:42.033194 0.00% [NOTICE] switch_loadable_module.c:223 Adding Codec GSM 3 GSM 8000hz 100ms 1ch 13200bps
2026-09-29 14:11:42.033444 0.00% [NOTICE] switch_loadable_module.c:223 Adding Codec GSM 3 GSM 8000hz 120ms 1ch 13200bps
2026-09-29 14:11:42.033472 0.00% [NOTICE] switch_loadable_module.c:223 Adding Codec LPC 7 LPC-10 8000hz 90ms 1ch 2400bps
2026-09-29 14:11:42.033533 0.00% [NOTICE] switch_loadable_module.c:329 Adding Application 't38_gateway'
2026-09-29 14:11:42.033545 0.00% [NOTICE] switch_loadable_module.c:329 Adding Application 'rxfax'
2026-09-29 14:11:42.033585 0.00% [NOTICE] switch_loadable_module.c:329 Adding Application 'txfax'
2026-09-29 14:11:42.033595 0.00% [NOTICE] switch_loadable_module.c:329 Adding Application 'stopfax'
2026-09-29 14:11:42.033602 0.00% [NOTICE] switch_loadable_module.c:329 Adding Application 'spandsp_stop_dtmf'
2026-09-29 14:11:42.033628 0.00% [NOTICE] switch_loadable_module.c:329 Adding Application 'spandsp_start_dtmf'
2026-09-29 14:11:42.033635 0.00% [NOTICE] switch_loadable_module.c:329 Adding Application 'spandsp_stop_inject_tdd'
2026-09-29 14:11:42.033640 0.00% [NOTICE] switch_loadable_module.c:329 Adding Application 'spandsp_inject_tdd'
2026-09-29 14:11:42.033691 0.00% [NOTICE] switch_loadable_module.c:329 Adding Application 'spandsp_stop_detect_tdd'
2026-09-29 14:11:42.033761 0.00% [NOTICE] switch_loadable_module.c:329 Adding Application 'spandsp_detect_tdd'
2026-09-29 14:11:42.033768 0.00% [NOTICE] switch_loadable_module.c:329 Adding Application 'spandsp_send_tdd'
2026-09-29 14:11:42.033798 0.00% [NOTICE] switch_loadable_module.c:329 Adding Application 'spandsp_start_fax_detect'
2026-09-29 14:11:42.033804 0.00% [NOTICE] switch_loadable_module.c:329 Adding Application 'spandsp_stop_fax_detect'
2026-09-29 14:11:42.033826 0.00% [NOTICE] switch_loadable_module.c:329 Adding Application 'spandsp_start_tone_detect'
2026-09-29 14:11:42.033832 0.00% [NOTICE] switch_loadable_module.c:329 Adding Application 'spandsp_stop_tone_detect'
2026-09-29 14:11:42.033854 0.00% [NOTICE] switch_loadable_module.c:389 Adding API Function 'spandsp_start_tone_detect'
2026-09-29 14:11:42.033898 0.00% [NOTICE] switch_loadable_module.c:389 Adding API Function 'spandsp_stop_tone_detect'
2026-09-29 14:11:42.033910 0.00% [NOTICE] switch_loadable_module.c:389 Adding API Function 'start_tdd_detect'
2026-09-29 14:11:42.033917 0.00% [NOTICE] switch_loadable_module.c:389 Adding API Function 'stop_tdd_detect'
2026-09-29 14:11:42.033942 0.00% [NOTICE] switch_loadable_module.c:389 Adding API Function 'uuid_send_tdd'
2026-09-29 14:11:42.034636 0.00% [CONSOLE] switch_loadable_module.c:1772 Successfully Loaded [mod_g723_1]
2026-09-29 14:11:42.034648 0.00% [NOTICE] switch_loadable_module.c:223 Adding Codec G723 4 G.723.1 6.3k 8000hz 120ms 1ch 6300bps
2026-09-29 14:11:42.034651 0.00% [NOTICE] switch_loadable_module.c:223 Adding Codec G723 4 G.723.1 6.3k 8000hz 90ms 1ch 6300bps
2026-09-29 14:11:42.034654 0.00% [NOTICE] switch_loadable_module.c:223 Adding Codec G723 4 G.723.1 6.3k 8000hz 60ms 1ch 6300bps
2026-09-29 14:11:42.034655 0.00% [NOTICE] switch_loadable_module.c:223 Adding Codec G723 4 G.723.1 6.3k 8000hz 30ms 1ch 6300bps
2026-09-29 14:11:42.035238 0.00% [CONSOLE] switch_loadable_module.c:1772 Successfully Loaded [mod_g729]
2026-09-29 14:11:42.035249 0.00% [NOTICE] switch_loadable_module.c:223 Adding Codec G729 18 G.729 8000hz 10ms 1ch 8000bps
2026-09-29 14:11:42.035253 0.00% [NOTICE] switch_loadable_module.c:223 Adding Codec G729 18 G.729 8000hz 20ms 1ch 8000bps
2026-09-29 14:11:42.035256 0.00% [NOTICE] switch_loadable_module.c:223 Adding Codec G729 18 G.729 8000hz 30ms 1ch 8000bps
2026-09-29 14:11:42.035257 0.00% [NOTICE] switch_loadable_module.c:223 Adding Codec G729 18 G.729 8000hz 40ms 1ch 8000bps
2026-09-29 14:11:42.035259 0.00% [NOTICE] switch_loadable_module.c:223 Adding Codec G729 18 G.729 8000hz 50ms 1ch 8000bps
2026-09-29 14:11:42.035261 0.00% [NOTICE] switch_loadable_module.c:223 Adding Codec G729 18 G.729 8000hz 60ms 1ch 8000bps
2026-09-29 14:11:42.035262 0.00% [NOTICE] switch_loadable_module.c:223 Adding Codec G729 18 G.729 8000hz 70ms 1ch 8000bps
2026-09-29 14:11:42.035264 0.00% [NOTICE] switch_loadable_module.c:223 Adding Codec G729 18 G.729 8000hz 80ms 1ch 8000bps
2026-09-29 14:11:42.035265 0.00% [NOTICE] switch_loadable_module.c:223 Adding Codec G729 18 G.729 8000hz 90ms 1ch 8000bps
2026-09-29 14:11:42.035288 0.00% [NOTICE] switch_loadable_module.c:223 Adding Codec G729 18 G.729 8000hz 100ms 1ch 8000bps
2026-09-29 14:11:42.035291 0.00% [NOTICE] switch_loadable_module.c:223 Adding Codec G729 18 G.729 8000hz 110ms 1ch 8000bps
2026-09-29 14:11:42.035293 0.00% [NOTICE] switch_loadable_module.c:223 Adding Codec G729 18 G.729 8000hz 120ms 1ch 8000bps
2026-09-29 14:11:42.035884 0.00% [CONSOLE] switch_loadable_module.c:1772 Successfully Loaded [mod_amr]
2026-09-29 14:11:42.035894 0.00% [NOTICE] switch_loadable_module.c:223 Adding Codec AMR 96 AMR / Octet Aligned 8000hz 20ms 1ch 12200bps
2026-09-29 14:11:42.035919 0.00% [NOTICE] switch_loadable_module.c:223 Adding Codec AMR 97 AMR / Bandwidth Efficient 8000hz 20ms 1ch 12200bps
2026-09-29 14:11:42.036473 0.00% [CONSOLE] switch_loadable_module.c:1772 Successfully Loaded [mod_b64]
2026-09-29 14:11:42.036485 0.00% [NOTICE] switch_loadable_module.c:223 Adding Codec b64 116 B64 (STANDARD) 32000hz 20ms 1ch 684800bps
2026-09-29 14:11:42.036489 0.00% [NOTICE] switch_loadable_module.c:223 Adding Codec b64 116 B64 (STANDARD) 16000hz 20ms 1ch 342400bps
2026-09-29 14:11:42.036492 0.00% [NOTICE] switch_loadable_module.c:223 Adding Codec b64 116 B64 (STANDARD) 8000hz 20ms 1ch 171200bps
2026-09-29 14:11:42.039571 0.00% [CONSOLE] switch_loadable_module.c:1772 Successfully Loaded [mod_opus]
2026-09-29 14:11:42.039586 0.00% [NOTICE] switch_loadable_module.c:229 Adding Codec opus 116 OPUS (STANDARD) 8000hz 40ms 2ch (VBR)
2026-09-29 14:11:42.039589 0.00% [NOTICE] switch_loadable_module.c:229 Adding Codec opus 116 OPUS (STANDARD) 8000hz 40ms 1ch (VBR)
2026-09-29 14:11:42.039591 0.00% [NOTICE] switch_loadable_module.c:229 Adding Codec opus 116 OPUS (STANDARD) 8000hz 120ms 1ch (VBR)
2026-09-29 14:11:42.039593 0.00% [NOTICE] switch_loadable_module.c:229 Adding Codec opus 116 OPUS (STANDARD) 8000hz 100ms 1ch (VBR)
2026-09-29 14:11:42.039595 0.00% [NOTICE] switch_loadable_module.c:229 Adding Codec opus 116 OPUS (STANDARD) 8000hz 80ms 1ch (VBR)
2026-09-29 14:11:42.039596 0.00% [NOTICE] switch_loadable_module.c:229 Adding Codec opus 116 OPUS (STANDARD) 8000hz 60ms 1ch (VBR)
2026-09-29 14:11:42.039598 0.00% [NOTICE] switch_loadable_module.c:229 Adding Codec opus 116 OPUS (STANDARD) 8000hz 20ms 2ch (VBR)
2026-09-29 14:11:42.039600 0.00% [NOTICE] switch_loadable_module.c:229 Adding Codec opus 116 OPUS (STANDARD) 8000hz 20ms 1ch (VBR)
2026-09-29 14:11:42.039602 0.00% [NOTICE] switch_loadable_module.c:229 Adding Codec opus 116 OPUS (STANDARD) 8000hz 10ms 2ch (VBR)
2026-09-29 14:11:42.039604 0.00% [NOTICE] switch_loadable_module.c:229 Adding Codec opus 116 OPUS (STANDARD) 8000hz 10ms 1ch (VBR)
2026-09-29 14:11:42.039605 0.00% [NOTICE] switch_loadable_module.c:229 Adding Codec opus 116 OPUS (STANDARD) 16000hz 40ms 2ch (VBR)
2026-09-29 14:11:42.039607 0.00% [NOTICE] switch_loadable_module.c:229 Adding Codec opus 116 OPUS (STANDARD) 16000hz 40ms 1ch (VBR)
2026-09-29 14:11:42.039609 0.00% [NOTICE] switch_loadable_module.c:229 Adding Codec opus 116 OPUS (STANDARD) 16000hz 60ms 1ch (VBR)
2026-09-29 14:11:42.039610 0.00% [NOTICE] switch_loadable_module.c:229 Adding Codec opus 116 OPUS (STANDARD) 16000hz 20ms 2ch (VBR)
2026-09-29 14:11:42.039612 0.00% [NOTICE] switch_loadable_module.c:229 Adding Codec opus 116 OPUS (STANDARD) 16000hz 20ms 1ch (VBR)
2026-09-29 14:11:42.039614 0.00% [NOTICE] switch_loadable_module.c:229 Adding Codec opus 116 OPUS (STANDARD) 16000hz 10ms 2ch (VBR)
2026-09-29 14:11:42.039615 0.00% [NOTICE] switch_loadable_module.c:229 Adding Codec opus 116 OPUS (STANDARD) 16000hz 10ms 1ch (VBR)
2026-09-29 14:11:42.039617 0.00% [NOTICE] switch_loadable_module.c:229 Adding Codec opus 116 OPUS (STANDARD) 48000hz 40ms 2ch (VBR)
2026-09-29 14:11:42.039618 0.00% [NOTICE] switch_loadable_module.c:229 Adding Codec opus 116 OPUS (STANDARD) 48000hz 40ms 1ch (VBR)
2026-09-29 14:11:42.039620 0.00% [NOTICE] switch_loadable_module.c:229 Adding Codec opus 116 OPUS (STANDARD) 48000hz 20ms 2ch (VBR)
2026-09-29 14:11:42.039621 0.00% [NOTICE] switch_loadable_module.c:229 Adding Codec opus 116 OPUS (STANDARD) 48000hz 20ms 1ch (VBR)
2026-09-29 14:11:42.039623 0.00% [NOTICE] switch_loadable_module.c:229 Adding Codec opus 116 OPUS (STANDARD) 48000hz 10ms 2ch (VBR)
2026-09-29 14:11:42.039624 0.00% [NOTICE] switch_loadable_module.c:229 Adding Codec opus 116 OPUS (STANDARD) 48000hz 10ms 1ch (VBR)
2026-09-29 14:11:42.039650 0.00% [NOTICE] switch_loadable_module.c:389 Adding API Function 'opus_debug'
2026-09-29 14:11:42.041308 0.00% [CRIT] switch_loadable_module.c:1754 Error Loading module /usr/lib/freeswitch/mod/mod_av.so
**Error loading shared library libavformat.so.62: No such file or directory (needed by /usr/lib/freeswitch/mod/mod_av.so)**
2026-09-29 14:11:42.066015 0.00% [INFO] mod_sndfile.c:498 
LibSndFile Version : libsndfile-1.2.2 Supported Formats
================================================================================
AIFF (Apple/SGI)  (extension "aiff")
AU (Sun/NeXT)  (extension "au")
AVR (Audio Visual Research)  (extension "avr")
CAF (Apple Core Audio File)  (extension "caf")
FLAC (Free Lossless Audio Codec)  (extension "flac")
HTK (HMM Tool Kit)  (extension "htk")
IFF (Amiga IFF/SVX8/SV16)  (extension "iff")
MAT4 (GNU Octave 2.0 / Matlab 4.2)  (extension "mat")
MAT5 (GNU Octave 2.1 / Matlab 5.0)  (extension "mat")
MPC (Akai MPC 2k)  (extension "mpc")
MPEG-1/2 Audio  (extension "m1a")
OGG (OGG Container format)  (extension "oga")
OGG (OGG Container format)  (extension "ogg")
PAF (Ensoniq PARIS)  (extension "paf")
PVF (Portable Voice Format)  (extension "pvf")
RAW (header-less)  (extension "raw")
RF64 (RIFF 64)  (extension "rf64")
SD2 (Sound Designer II)  (extension "sd2")
SDS (Midi Sample Dump Standard)  (extension "sds")
SF (Berkeley/IRCAM/CARL)  (extension "sf")
VOC (Creative Labs)  (extension "voc")
W64 (SoundFoundry WAVE 64)  (extension "w64")
WAV (Microsoft)  (extension "wav")
WAV (NIST Sphere)  (extension "wav")
WAVEX (Microsoft)  (extension "wav")
WVE (Psion Series 3)  (extension "wve")
XI (FastTracker 2)  (extension "xi")
================================================================================
2026-09-29 14:11:42.066144 0.00% [CONSOLE] switch_loadable_module.c:1772 Successfully Loaded [mod_sndfile]
2026-09-29 14:11:42.066160 0.00% [NOTICE] switch_loadable_module.c:389 Adding API Function 'sndfile_debug'
2026-09-29 14:11:42.066193 0.00% [NOTICE] switch_loadable_module.c:455 Adding File Format 'aiff'
2026-09-29 14:11:42.066205 0.00% [NOTICE] switch_loadable_module.c:455 Adding File Format 'au'
2026-09-29 14:11:42.066212 0.00% [NOTICE] switch_loadable_module.c:455 Adding File Format 'avr'
2026-09-29 14:11:42.066220 0.00% [NOTICE] switch_loadable_module.c:455 Adding File Format 'caf'
2026-09-29 14:11:42.066227 0.00% [NOTICE] switch_loadable_module.c:455 Adding File Format 'flac'
2026-09-29 14:11:42.066235 0.00% [NOTICE] switch_loadable_module.c:455 Adding File Format 'htk'
2026-09-29 14:11:42.066241 0.00% [NOTICE] switch_loadable_module.c:455 Adding File Format 'iff'
2026-09-29 14:11:42.066248 0.00% [NOTICE] switch_loadable_module.c:455 Adding File Format 'mat'
2026-09-29 14:11:42.066255 0.00% [NOTICE] switch_loadable_module.c:455 Adding File Format 'mpc'
2026-09-29 14:11:42.066262 0.00% [NOTICE] switch_loadable_module.c:455 Adding File Format 'm1a'
2026-09-29 14:11:42.066270 0.00% [NOTICE] switch_loadable_module.c:455 Adding File Format 'oga'
2026-09-29 14:11:42.066276 0.00% [NOTICE] switch_loadable_module.c:455 Adding File Format 'paf'
2026-09-29 14:11:42.066283 0.00% [NOTICE] switch_loadable_module.c:455 Adding File Format 'pvf'
2026-09-29 14:11:42.066292 0.00% [NOTICE] switch_loadable_module.c:455 Adding File Format 'raw'
2026-09-29 14:11:42.066298 0.00% [NOTICE] switch_loadable_module.c:455 Adding File Format 'rf64'
2026-09-29 14:11:42.066305 0.00% [NOTICE] switch_loadable_module.c:455 Adding File Format 'sd2'
2026-09-29 14:11:42.066311 0.00% [NOTICE] switch_loadable_module.c:455 Adding File Format 'sds'
2026-09-29 14:11:42.066319 0.00% [NOTICE] switch_loadable_module.c:455 Adding File Format 'sf'
2026-09-29 14:11:42.066324 0.00% [NOTICE] switch_loadable_module.c:455 Adding File Format 'voc'
2026-09-29 14:11:42.066331 0.00% [NOTICE] switch_loadable_module.c:455 Adding File Format 'w64'
2026-09-29 14:11:42.066339 0.00% [NOTICE] switch_loadable_module.c:455 Adding File Format 'wav'
2026-09-29 14:11:42.066345 0.00% [NOTICE] switch_loadable_module.c:455 Adding File Format 'wve'
2026-09-29 14:11:42.066351 0.00% [NOTICE] switch_loadable_module.c:455 Adding File Format 'xi'
2026-09-29 14:11:42.066357 0.00% [NOTICE] switch_loadable_module.c:455 Adding File Format 'r8'
2026-09-29 14:11:42.066366 0.00% [NOTICE] switch_loadable_module.c:455 Adding File Format 'r16'
2026-09-29 14:11:42.066372 0.00% [NOTICE] switch_loadable_module.c:455 Adding File Format 'r24'
2026-09-29 14:11:42.066381 0.00% [NOTICE] switch_loadable_module.c:455 Adding File Format 'r32'
2026-09-29 14:11:42.066387 0.00% [NOTICE] switch_loadable_module.c:455 Adding File Format 'gsm'
2026-09-29 14:11:42.066392 0.00% [NOTICE] switch_loadable_module.c:455 Adding File Format 'ul'
2026-09-29 14:11:42.066399 0.00% [NOTICE] switch_loadable_module.c:455 Adding File Format 'ulaw'
2026-09-29 14:11:42.066487 0.00% [NOTICE] switch_loadable_module.c:455 Adding File Format 'al'
2026-09-29 14:11:42.066494 0.00% [NOTICE] switch_loadable_module.c:455 Adding File Format 'alaw'
2026-09-29 14:11:42.066500 0.00% [NOTICE] switch_loadable_module.c:455 Adding File Format 'adpcm'
2026-09-29 14:11:42.066507 0.00% [NOTICE] switch_loadable_module.c:455 Adding File Format 'vox'
2026-09-29 14:11:42.066514 0.00% [NOTICE] switch_loadable_module.c:455 Adding File Format 'oga'
2026-09-29 14:11:42.066520 0.00% [NOTICE] switch_loadable_module.c:455 Adding File Format 'ogg'
2026-09-29 14:11:42.070030 0.00% [CONSOLE] switch_loadable_module.c:1772 Successfully Loaded [mod_native_file]
2026-09-29 14:11:42.070071 0.00% [NOTICE] switch_loadable_module.c:455 Adding File Format 'AAL2-G726-32'
2026-09-29 14:11:42.070097 0.00% [NOTICE] switch_loadable_module.c:455 Adding File Format 'DVI4'
2026-09-29 14:11:42.070105 0.00% [NOTICE] switch_loadable_module.c:455 Adding File Format 'PCMU'
2026-09-29 14:11:42.070110 0.00% [NOTICE] switch_loadable_module.c:455 Adding File Format 'G722'
2026-09-29 14:11:42.070115 0.00% [NOTICE] switch_loadable_module.c:455 Adding File Format 'AAL2-G726-24'
2026-09-29 14:11:42.070123 0.00% [NOTICE] switch_loadable_module.c:455 Adding File Format 'AAL2-G726-40'
2026-09-29 14:11:42.070130 0.00% [NOTICE] switch_loadable_module.c:455 Adding File Format 'L16'
2026-09-29 14:11:42.070135 0.00% [NOTICE] switch_loadable_module.c:455 Adding File Format 'G726-16'
2026-09-29 14:11:42.070141 0.00% [NOTICE] switch_loadable_module.c:455 Adding File Format 'PCMA'
2026-09-29 14:11:42.070146 0.00% [NOTICE] switch_loadable_module.c:455 Adding File Format 'G726-24'
2026-09-29 14:11:42.070152 0.00% [NOTICE] switch_loadable_module.c:455 Adding File Format 'G729'
2026-09-29 14:11:42.070157 0.00% [NOTICE] switch_loadable_module.c:455 Adding File Format 'AAL2-G726-16'
2026-09-29 14:11:42.070162 0.00% [NOTICE] switch_loadable_module.c:455 Adding File Format 'G726-32'
2026-09-29 14:11:42.070168 0.00% [NOTICE] switch_loadable_module.c:455 Adding File Format 'GSM'
2026-09-29 14:11:42.070174 0.00% [NOTICE] switch_loadable_module.c:455 Adding File Format 'G726-40'
2026-09-29 14:11:42.070183 0.00% [NOTICE] switch_loadable_module.c:455 Adding File Format 'G723'
2026-09-29 14:11:42.070188 0.00% [NOTICE] switch_loadable_module.c:455 Adding File Format 'LPC'
2026-09-29 14:11:42.071808 0.00% [CONSOLE] switch_loadable_module.c:1772 Successfully Loaded [mod_png]
2026-09-29 14:11:42.071822 0.00% [NOTICE] switch_loadable_module.c:389 Adding API Function 'uuid_write_png'
2026-09-29 14:11:42.071854 0.00% [NOTICE] switch_loadable_module.c:455 Adding File Format 'png'
2026-09-29 14:11:42.077860 0.00% [CONSOLE] switch_loadable_module.c:1772 Successfully Loaded [mod_local_stream]
2026-09-29 14:11:42.078022 0.00% [NOTICE] switch_loadable_module.c:389 Adding API Function 'local_stream'
2026-09-29 14:11:42.078103 0.00% [NOTICE] switch_loadable_module.c:455 Adding File Format 'local_stream'
2026-09-29 14:11:42.079008 0.00% [CONSOLE] switch_loadable_module.c:1772 Successfully Loaded [mod_tone_stream]
2026-09-29 14:11:42.079025 0.00% [NOTICE] switch_loadable_module.c:455 Adding File Format 'tone_stream'
2026-09-29 14:11:42.079053 0.00% [NOTICE] switch_loadable_module.c:455 Adding File Format 'silence_stream'
2026-09-29 14:11:42.098770 0.00% [DEBUG] switch_loadable_module.c:1706 Loading module with global namespace at request of module
2026-09-29 14:11:42.098861 0.00% [CONSOLE] switch_loadable_module.c:1772 Successfully Loaded [mod_lua]
2026-09-29 14:11:42.098887 0.00% [NOTICE] switch_loadable_module.c:273 Adding Dialplan 'LUA'
2026-09-29 14:11:42.098927 0.00% [NOTICE] switch_loadable_module.c:329 Adding Application 'lua'
2026-09-29 14:11:42.098941 0.00% [NOTICE] switch_loadable_module.c:359 Adding Chat Application 'lua'
2026-09-29 14:11:42.098950 0.00% [NOTICE] switch_loadable_module.c:389 Adding API Function 'luarun'
2026-09-29 14:11:42.098960 0.00% [NOTICE] switch_loadable_module.c:389 Adding API Function 'lua'
2026-09-29 14:11:42.101486 0.00% [CONSOLE] switch_loadable_module.c:1772 Successfully Loaded [mod_say_en]
2026-09-29 14:11:42.101510 0.00% [NOTICE] switch_loadable_module.c:651 Adding Say interface 'en'
2026-09-29 14:11:42.101592 0.00% [CONSOLE] switch_loadable_module.c:149 Starting runtime thread for mod_verto
2026-09-29 14:11:42.102064 0.00% [CONSOLE] switch_loadable_module.c:149 Starting runtime thread for mod_event_socket
2026-09-29 14:11:42.102302 0.00% [CONSOLE] switch_loadable_module.c:149 Starting runtime thread for CORE_SOFTTIMER_MODULE
2026-09-29 14:11:42.102908 100.00% [INFO] switch_time.c:627 Clock synchronized to system time.
2026-09-29 14:11:42.102973 100.00% [DEBUG] mod_event_socket.c:2979 Socket up listening on 0.0.0.0:8021
2026-09-29 14:11:42.102801 100.00% [DEBUG] switch_loadable_module.c:910 Chat Thread Started
2026-09-29 14:11:42.103821 100.00% [DEBUG] switch_loadable_module.c:910 Chat Thread Started
2026-09-29 14:11:42.103966 100.00% [NOTICE] switch_core.c:1482 Created ip list rfc6598.auto default (deny)
2026-09-29 14:11:42.103972 100.00% [NOTICE] switch_utils.c:665 Adding 100.64.0.0/10 (allow) [] to list rfc6598.auto
2026-09-29 14:11:42.103975 100.00% [NOTICE] switch_core.c:1488 Created ip list rfc1918.auto default (deny)
2026-09-29 14:11:42.103977 100.00% [NOTICE] switch_utils.c:665 Adding 10.0.0.0/8 (allow) [] to list rfc1918.auto
2026-09-29 14:11:42.103979 100.00% [NOTICE] switch_utils.c:665 Adding 172.16.0.0/12 (allow) [] to list rfc1918.auto
2026-09-29 14:11:42.103981 100.00% [NOTICE] switch_utils.c:665 Adding 192.168.0.0/16 (allow) [] to list rfc1918.auto
2026-09-29 14:11:42.103983 100.00% [NOTICE] switch_utils.c:665 Adding fe80::/10 (allow) [] to list rfc1918.auto
2026-09-29 14:11:42.103985 100.00% [NOTICE] switch_core.c:1497 Created ip list wan.auto default (allow)
2026-09-29 14:11:42.103986 100.00% [NOTICE] switch_utils.c:665 Adding 0.0.0.0/8 (deny) [] to list wan.auto
2026-09-29 14:11:42.103988 100.00% [NOTICE] switch_utils.c:665 Adding 10.0.0.0/8 (deny) [] to list wan.auto
2026-09-29 14:11:42.103990 100.00% [NOTICE] switch_utils.c:665 Adding 172.16.0.0/12 (deny) [] to list wan.auto
2026-09-29 14:11:42.103992 100.00% [NOTICE] switch_utils.c:665 Adding 192.168.0.0/16 (deny) [] to list wan.auto
2026-09-29 14:11:42.103993 100.00% [NOTICE] switch_utils.c:665 Adding 169.254.0.0/16 (deny) [] to list wan.auto
2026-09-29 14:11:42.103995 100.00% [NOTICE] switch_utils.c:665 Adding 100.64.0.0/10 (deny) [] to list wan.auto
2026-09-29 14:11:42.104011 100.00% [NOTICE] switch_utils.c:665 Adding fe80::/10 (deny) [] to list wan.auto
2026-09-29 14:11:42.104014 100.00% [NOTICE] switch_core.c:1509 Created ip list wan_v6.auto default (allow)
2026-09-29 14:11:42.104016 100.00% [NOTICE] switch_utils.c:665 Adding 0.0.0.0/0 (deny) [] to list wan_v6.auto
2026-09-29 14:11:42.104018 100.00% [NOTICE] switch_utils.c:665 Adding fe80::/10 (deny) [] to list wan_v6.auto
2026-09-29 14:11:42.104019 100.00% [NOTICE] switch_core.c:1517 Created ip list wan_v4.auto default (allow)
2026-09-29 14:11:42.104021 100.00% [NOTICE] switch_utils.c:665 Adding 0.0.0.0/8 (deny) [] to list wan_v4.auto
2026-09-29 14:11:42.104022 100.00% [NOTICE] switch_utils.c:665 Adding 10.0.0.0/8 (deny) [] to list wan_v4.auto
2026-09-29 14:11:42.104024 100.00% [NOTICE] switch_utils.c:665 Adding 172.16.0.0/12 (deny) [] to list wan_v4.auto
2026-09-29 14:11:42.104025 100.00% [NOTICE] switch_utils.c:665 Adding 192.168.0.0/16 (deny) [] to list wan_v4.auto
2026-09-29 14:11:42.104027 100.00% [NOTICE] switch_utils.c:665 Adding 169.254.0.0/16 (deny) [] to list wan_v4.auto
2026-09-29 14:11:42.104028 100.00% [NOTICE] switch_utils.c:665 Adding 100.64.0.0/10 (deny) [] to list wan_v4.auto
2026-09-29 14:11:42.104030 100.00% [NOTICE] switch_utils.c:665 Adding ::/0 (deny) [] to list wan_v4.auto
2026-09-29 14:11:42.104033 100.00% [NOTICE] switch_core.c:1530 Created ip list any_v6.auto default (allow)
2026-09-29 14:11:42.104034 100.00% [NOTICE] switch_utils.c:665 Adding 0.0.0.0/0 (deny) [] to list any_v6.auto
2026-09-29 14:11:42.104036 100.00% [NOTICE] switch_core.c:1537 Created ip list any_v4.auto default (allow)
2026-09-29 14:11:42.104037 100.00% [NOTICE] switch_utils.c:665 Adding ::/0 (deny) [] to list any_v4.auto
2026-09-29 14:11:42.104039 100.00% [NOTICE] switch_core.c:1544 Created ip list nat.auto default (deny)
2026-09-29 14:11:42.104041 100.00% [NOTICE] switch_core.c:1546 Adding 172.25.0.3/255.255.0.0 (deny) to list nat.auto
2026-09-29 14:11:42.104043 100.00% [NOTICE] switch_utils.c:665 Adding 10.0.0.0/8 (allow) [] to list nat.auto
2026-09-29 14:11:42.104044 100.00% [NOTICE] switch_utils.c:665 Adding 172.16.0.0/12 (allow) [] to list nat.auto
2026-09-29 14:11:42.104046 100.00% [NOTICE] switch_utils.c:665 Adding 192.168.0.0/16 (allow) [] to list nat.auto
2026-09-29 14:11:42.104048 100.00% [NOTICE] switch_utils.c:665 Adding 100.64.0.0/10 (allow) [] to list nat.auto
2026-09-29 14:11:42.104050 100.00% [NOTICE] switch_core.c:1556 Created ip list loopback.auto default (deny)
2026-09-29 14:11:42.104051 100.00% [NOTICE] switch_utils.c:665 Adding 127.0.0.0/8 (allow) [] to list loopback.auto
2026-09-29 14:11:42.104053 100.00% [NOTICE] switch_utils.c:665 Adding ::1/128 (allow) [] to list loopback.auto
2026-09-29 14:11:42.104055 100.00% [NOTICE] switch_core.c:1563 Created ip list localnet.auto default (deny)
2026-09-29 14:11:42.104056 100.00% [NOTICE] switch_core.c:1566 Adding 172.25.0.3/255.255.0.0 (allow) to list localnet.auto
2026-09-29 14:11:42.104060 100.00% [CONSOLE] switch_core.c:1593 Created ip list obd-dev-acl default (deny)
2026-09-29 14:11:42.104063 100.00% [NOTICE] switch_utils.c:665 Adding 127.0.0.1/32 (allow) [] to list obd-dev-acl
2026-09-29 14:11:42.104065 100.00% [NOTICE] switch_utils.c:665 Adding ::1/128 (allow) [] to list obd-dev-acl
2026-09-29 14:11:42.104067 100.00% [NOTICE] switch_utils.c:665 Adding 10.0.0.0/8 (allow) [] to list obd-dev-acl
2026-09-29 14:11:42.104070 100.00% [NOTICE] switch_utils.c:665 Adding 172.16.0.0/12 (allow) [] to list obd-dev-acl
2026-09-29 14:11:42.104095 100.00% [NOTICE] switch_utils.c:665 Adding 192.168.0.0/16 (allow) [] to list obd-dev-acl
2026-09-29 14:11:42.104098 100.00% [CONSOLE] switch_core.c:1593 Created ip list domains default (deny)
2026-09-29 14:11:42.104118 100.00% [NOTICE] switch_utils.c:665 Adding 192.0.2.0/24 (allow) [brian@172.25.0.3] to list domains
2026-09-29 14:11:42.104183 100.00% [CONSOLE] switch_core.c:2497 [m[33m[44m
.=============================================================.
|   _____              ______        _____ _____ ____ _   _   |
|  |  ___| __ ___  ___/ ___\ \      / /_ _|_   _/ ___| | | |  |
|  | |_ | '__/ _ \/ _ \___ \\ \ /\ / / | |  | || |   | |_| |  |
|  |  _|| | |  __/  __/___) |\ V  V /  | |  | || |___|  _  |  |
|  |_|  |_|  \___|\___|____/  \_/\_/  |___| |_| \____|_| |_|  |
|                                                             |
.=============================================================.
|   Anthony Minessale II, Michael Jerris, Brian West, Others  |
|   FreeSWITCH (http://www.freeswitch.org)                    |
|   Paypal Donations Appreciated: paypal@freeswitch.org       |
|   Brought to you by ClueCon http://www.cluecon.com/         |
.=============================================================.

.===============================================================.
|       _                                                       |
|   ___| |_   _  ___  ___ ___  _ __         ___ ___  _ __ ___   |
|  / __| | | | |/ _ \/ __/ _ \| '_ \       / __/ _ \| '_ ` _ \  |
| | (__| | |_| |  __/ (_| (_) | | | |  _  | (_| (_) | | | | | | |
|  \___|_|\__,_|\___|\___\___/|_| |_| (_)  \___\___/|_| |_| |_| |
|                                                               |
.===============================================================.
[m

2026-09-29 14:11:42.104189 100.00% [INFO] switch_core.c:2506 
FreeSWITCH Version 1.11.1-release~64bit ( 64bit)

FreeSWITCH Started
Max Sessions [1000]
Session Rate [30]
SQL [Enabled]
2026-09-29 14:11:42.104192 100.00% [CONSOLE] switch_core.c:2514 
[This app Best viewed at 160x60 or more..]
2026-09-29 14:12:12.002747 95.07% [NOTICE] sofia_reg.c:463 Registering platform-switch
2026-09-30 10:40:31.310786 0.00% [CONSOLE] switch_loadable_module.c:1772 Successfully Loaded [mod_logfile]
2026-09-30 10:40:31.313319 0.00% [CONSOLE] switch_loadable_module.c:1772 Successfully Loaded [mod_enum]
2026-09-30 10:40:31.313342 0.00% [NOTICE] switch_loadable_module.c:273 Adding Dialplan 'enum'
2026-09-30 10:40:31.313362 0.00% [NOTICE] switch_loadable_module.c:329 Adding Application 'enum'
2026-09-30 10:40:31.313369 0.00% [NOTICE] switch_loadable_module.c:389 Adding API Function 'enum'
2026-09-30 10:40:31.313375 0.00% [NOTICE] switch_loadable_module.c:389 Adding API Function 'enum_auto'
2026-09-30 10:40:31.314201 0.00% [DEBUG] mod_cdr_csv.c:368 Adding default template.
2026-09-30 10:40:31.314208 0.00% [DEBUG] mod_cdr_csv.c:415 Adding template sql.
2026-09-30 10:40:31.314211 0.00% [DEBUG] mod_cdr_csv.c:415 Adding template example.
2026-09-30 10:40:31.314213 0.00% [DEBUG] mod_cdr_csv.c:415 Adding template snom.
2026-09-30 10:40:31.314215 0.00% [DEBUG] mod_cdr_csv.c:415 Adding template linksys.
2026-09-30 10:40:31.314216 0.00% [DEBUG] mod_cdr_csv.c:415 Adding template asterisk.
2026-09-30 10:40:31.314218 0.00% [DEBUG] mod_cdr_csv.c:415 Adding template opencdrrate.
2026-09-30 10:40:31.314941 0.00% [CONSOLE] switch_loadable_module.c:1772 Successfully Loaded [mod_cdr_csv]
2026-09-30 10:40:31.314950 0.00% [NOTICE] switch_loadable_module.c:389 Adding API Function 'cdr_csv'
2026-09-30 10:40:31.315798 0.00% [CONSOLE] switch_loadable_module.c:1772 Successfully Loaded [mod_event_socket]
2026-09-30 10:40:31.315821 0.00% [NOTICE] switch_loadable_module.c:329 Adding Application 'socket'
2026-09-30 10:40:31.315842 0.00% [NOTICE] switch_loadable_module.c:389 Adding API Function 'event_sink'
2026-09-30 10:40:31.319877 0.00% [INFO] mod_sofia.c:6737 Starting initial message thread.
2026-09-30 10:40:31.321601 0.00% [DEBUG] sofia.c:4718 debug [0]
2026-09-30 10:40:31.321617 0.00% [DEBUG] sofia.c:4718 sip-trace [no]
2026-09-30 10:40:31.321620 0.00% [DEBUG] sofia.c:4718 sip-capture [no]
2026-09-30 10:40:31.321622 0.00% [DEBUG] sofia.c:4718 sip-port [5060]
2026-09-30 10:40:31.321626 0.00% [DEBUG] sofia.c:4718 listen-ip [0.0.0.0]
2026-09-30 10:40:31.321993 0.00% [DEBUG] sofia.c:4718 dialplan [XML]
2026-09-30 10:40:31.322002 0.00% [DEBUG] sofia.c:4718 context [obd-endpoint]
2026-09-30 10:40:31.322006 0.00% [DEBUG] sofia.c:4718 auth-calls [false]
2026-09-30 10:40:31.322010 0.00% [DEBUG] sofia.c:4718 auth-subscriptions [false]
2026-09-30 10:40:31.322012 0.00% [DEBUG] sofia.c:4718 challenge-realm [172.25.0.3]
2026-09-30 10:40:31.322015 0.00% [DEBUG] sofia.c:4718 inbound-codec-prefs [PCMU,PCMA]
2026-09-30 10:40:31.322018 0.00% [DEBUG] sofia.c:4718 outbound-codec-prefs [PCMU,PCMA]
2026-09-30 10:40:31.322020 0.00% [DEBUG] sofia.c:4718 rfc2833-pt [101]
2026-09-30 10:40:31.322022 0.00% [DEBUG] sofia.c:4718 liberal-dtmf [true]
2026-09-30 10:40:31.322024 0.00% [DEBUG] sofia.c:4718 dtmf-duration [2000]
2026-09-30 10:40:31.322027 0.00% [DEBUG] sofia.c:4718 inbound-codec-negotiation [generous]
2026-09-30 10:40:31.322042 0.00% [DEBUG] sofia.c:4718 rtp-timer-name [soft]
2026-09-30 10:40:31.322044 0.00% [DEBUG] sofia.c:4718 apply-inbound-acl [obd-dev-acl]
2026-09-30 10:40:31.322051 0.00% [INFO] sofia.c:6173 Setting nonce TTL to 60 seconds
2026-09-30 10:40:31.322052 0.00% [INFO] sofia.c:6178 Setting MAX Auth Validity to 0 Attempts
2026-09-30 10:40:31.322190 0.00% [NOTICE] sofia.c:6341 Started Profile obd-endpoint [sofia_reg_obd-endpoint]
2026-09-30 10:40:31.322376 0.00% [DEBUG] mod_sofia.c:6753 Waiting for profiles to start
2026-09-30 10:40:31.322505 0.00% [DEBUG] sofia.c:3153 Creating agent for obd-endpoint
2026-09-30 10:40:31.323207 0.00% [WARNING] sofia.c:2279 MSG Thread 0 Started
2026-09-30 10:40:31.334987 0.00% [DEBUG] sofia.c:3316 Created agent for obd-endpoint
2026-09-30 10:40:31.335043 0.00% [DEBUG] sofia.c:3366 Set params for obd-endpoint
2026-09-30 10:40:31.335048 0.00% [DEBUG] sofia.c:3413 Activated db for obd-endpoint
2026-09-30 10:40:31.338980 0.00% [INFO] switch_core_sqldb.c:1840 sofia:obd-endpoint Starting SQL thread.
2026-09-30 10:40:31.340266 0.00% [DEBUG] sofia.c:3451 Starting thread for obd-endpoint
2026-09-30 10:40:31.340280 0.00% [DEBUG] sofia.c:3043 Launching worker thread for obd-endpoint
2026-09-30 10:40:31.341467 0.00% [NOTICE] sofia_reg.c:3722 Added gateway 'platform-switch' to profile 'obd-endpoint'
2026-09-30 10:40:32.347084 0.00% [NOTICE] sofia_reg.c:463 Registering platform-switch
2026-09-30 10:40:32.442838 0.00% [ERR] sofia_reg.c:2661 platform-switch Failed Registration with status Service Unavailable [503]. failure #1
2026-09-30 10:40:32.822640 0.00% [CONSOLE] switch_loadable_module.c:1772 Successfully Loaded [mod_sofia]
2026-09-30 10:40:32.822682 0.00% [NOTICE] switch_loadable_module.c:172 Adding Endpoint 'sofia'
2026-09-30 10:40:32.822724 0.00% [NOTICE] switch_loadable_module.c:172 Adding Endpoint 'rtp'
2026-09-30 10:40:32.822737 0.00% [NOTICE] switch_loadable_module.c:329 Adding Application 'sofia_sla'
2026-09-30 10:40:32.822746 0.00% [NOTICE] switch_loadable_module.c:329 Adding Application 'sofia_stir_shaken_vs'
2026-09-30 10:40:32.822760 0.00% [NOTICE] switch_loadable_module.c:389 Adding API Function 'sofia'
2026-09-30 10:40:32.822768 0.00% [NOTICE] switch_loadable_module.c:389 Adding API Function 'sofia_gateway_data'
2026-09-30 10:40:32.822823 0.00% [NOTICE] switch_loadable_module.c:389 Adding API Function 'sofia_username_of'
2026-09-30 10:40:32.822840 0.00% [NOTICE] switch_loadable_module.c:389 Adding API Function 'sofia_contact'
2026-09-30 10:40:32.822849 0.00% [NOTICE] switch_loadable_module.c:389 Adding API Function 'sofia_count_reg'
2026-09-30 10:40:32.822905 0.00% [NOTICE] switch_loadable_module.c:389 Adding API Function 'sofia_dig'
2026-09-30 10:40:32.822913 0.00% [NOTICE] switch_loadable_module.c:389 Adding API Function 'sofia_presence_data'
2026-09-30 10:40:32.822921 0.00% [NOTICE] switch_loadable_module.c:419 Adding JSON API Function 'sofia.status'
2026-09-30 10:40:32.822928 0.00% [NOTICE] switch_loadable_module.c:419 Adding JSON API Function 'sofia.status.info'
2026-09-30 10:40:32.822935 0.00% [NOTICE] switch_loadable_module.c:621 Adding Chat interface 'sip'
2026-09-30 10:40:32.822942 0.00% [NOTICE] switch_loadable_module.c:683 Adding Management interface 'mod_sofia' OID[.1.3.6.1.4.1.27880.1001]
2026-09-30 10:40:32.824166 0.00% [CONSOLE] switch_loadable_module.c:1772 Successfully Loaded [mod_loopback]
2026-09-30 10:40:32.824198 0.00% [NOTICE] switch_loadable_module.c:172 Adding Endpoint 'loopback'
2026-09-30 10:40:32.824237 0.00% [NOTICE] switch_loadable_module.c:172 Adding Endpoint 'null'
2026-09-30 10:40:32.824250 0.00% [NOTICE] switch_loadable_module.c:329 Adding Application 'unloop'
2026-09-30 10:40:32.824996 0.00% [CONSOLE] switch_loadable_module.c:1772 Successfully Loaded [mod_rtc]
2026-09-30 10:40:32.825009 0.00% [NOTICE] switch_loadable_module.c:172 Adding Endpoint 'rtc'
2026-09-30 10:40:32.828276 0.00% [INFO] mod_verto.c:5331 Secure key and cert specified
2026-09-30 10:40:32.828304 0.00% [DEBUG] mod_verto.c:5445 default-v4 Bound to 172.25.0.3:8081
2026-09-30 10:40:32.828308 0.00% [DEBUG] mod_verto.c:5445 default-v4 Bound to 172.25.0.3:8082
2026-09-30 10:40:32.828426 0.00% [INFO] mod_verto.c:5331 Secure key and cert specified
2026-09-30 10:40:32.828431 0.00% [DEBUG] mod_verto.c:5445 default-v6 Bound to [::1]:8081
2026-09-30 10:40:32.828433 0.00% [DEBUG] mod_verto.c:5445 default-v6 Bound to [::1]:8082
2026-09-30 10:40:32.830741 0.00% [CONSOLE] switch_loadable_module.c:1772 Successfully Loaded [mod_verto]
2026-09-30 10:40:32.830763 0.00% [NOTICE] switch_loadable_module.c:172 Adding Endpoint 'verto.rtc'
2026-09-30 10:40:32.830816 0.00% [NOTICE] switch_loadable_module.c:389 Adding API Function 'verto'
2026-09-30 10:40:32.830825 0.00% [NOTICE] switch_loadable_module.c:389 Adding API Function 'verto_contact'
2026-09-30 10:40:32.830830 0.00% [NOTICE] switch_loadable_module.c:419 Adding JSON API Function 'store'
2026-09-30 10:40:32.830836 0.00% [NOTICE] switch_loadable_module.c:621 Adding Chat interface 'verto'
2026-09-30 10:40:32.830879 0.00% [INFO] mod_verto.c:5101 default-v4 MCAST Bound to 224.1.1.1:1337/1338
2026-09-30 10:40:32.832583 0.00% [CONSOLE] switch_loadable_module.c:1772 Successfully Loaded [mod_commands]
2026-09-30 10:40:32.832610 0.00% [NOTICE] switch_loadable_module.c:329 Adding Application 'msrp_recv_file'
2026-09-30 10:40:32.832631 0.00% [NOTICE] switch_loadable_module.c:329 Adding Application 'msrp_send_file'
2026-09-30 10:40:32.832642 0.00% [NOTICE] switch_loadable_module.c:389 Adding API Function 'bg_system'
2026-09-30 10:40:32.832652 0.00% [NOTICE] switch_loadable_module.c:389 Adding API Function 'system'
2026-09-30 10:40:32.832661 0.00% [NOTICE] switch_loadable_module.c:389 Adding API Function 'bg_spawn'
2026-09-30 10:40:32.832667 0.00% [NOTICE] switch_loadable_module.c:389 Adding API Function 'spawn'
2026-09-30 10:40:32.832674 0.00% [NOTICE] switch_loadable_module.c:389 Adding API Function 'spawn_stream'
2026-09-30 10:40:32.832680 0.00% [NOTICE] switch_loadable_module.c:389 Adding API Function 'acl'
2026-09-30 10:40:32.832686 0.00% [NOTICE] switch_loadable_module.c:389 Adding API Function 'alias'
2026-09-30 10:40:32.832691 0.00% [NOTICE] switch_loadable_module.c:389 Adding API Function 'coalesce'
2026-09-30 10:40:32.832699 0.00% [NOTICE] switch_loadable_module.c:389 Adding API Function 'banner'
2026-09-30 10:40:32.832705 0.00% [NOTICE] switch_loadable_module.c:389 Adding API Function 'bgapi'
2026-09-30 10:40:32.832711 0.00% [NOTICE] switch_loadable_module.c:389 Adding API Function 'break'
2026-09-30 10:40:32.832716 0.00% [NOTICE] switch_loadable_module.c:389 Adding API Function 'complete'
2026-09-30 10:40:32.832752 0.00% [NOTICE] switch_loadable_module.c:389 Adding API Function 'cond'
2026-09-30 10:40:32.832757 0.00% [NOTICE] switch_loadable_module.c:389 Adding API Function 'console_complete'
2026-09-30 10:40:32.832763 0.00% [NOTICE] switch_loadable_module.c:389 Adding API Function 'console_complete_xml'
2026-09-30 10:40:32.832768 0.00% [NOTICE] switch_loadable_module.c:389 Adding API Function 'create_uuid'
2026-09-30 10:40:32.832774 0.00% [NOTICE] switch_loadable_module.c:389 Adding API Function 'db_cache'
2026-09-30 10:40:32.832780 0.00% [NOTICE] switch_loadable_module.c:389 Adding API Function 'domain_data'
2026-09-30 10:40:32.832785 0.00% [NOTICE] switch_loadable_module.c:389 Adding API Function 'domain_exists'
2026-09-30 10:40:32.832794 0.00% [NOTICE] switch_loadable_module.c:389 Adding API Function 'echo'
2026-09-30 10:40:32.832799 0.00% [NOTICE] switch_loadable_module.c:389 Adding API Function 'event_channel_broadcast'
2026-09-30 10:40:32.832806 0.00% [NOTICE] switch_loadable_module.c:389 Adding API Function 'escape'
2026-09-30 10:40:32.832820 0.00% [NOTICE] switch_loadable_module.c:389 Adding API Function 'eval'
2026-09-30 10:40:32.832828 0.00% [NOTICE] switch_loadable_module.c:389 Adding API Function 'expand'
2026-09-30 10:40:32.832833 0.00% [NOTICE] switch_loadable_module.c:389 Adding API Function 'find_user_xml'
2026-09-30 10:40:32.832839 0.00% [NOTICE] switch_loadable_module.c:389 Adding API Function 'fsctl'
2026-09-30 10:40:32.832844 0.00% [NOTICE] switch_loadable_module.c:389 Adding API Function '...'
2026-09-30 10:40:32.832849 0.00% [NOTICE] switch_loadable_module.c:389 Adding API Function 'shutdown'
2026-09-30 10:40:32.832909 0.00% [NOTICE] switch_loadable_module.c:389 Adding API Function 'version'
2026-09-30 10:40:32.832937 0.00% [NOTICE] switch_loadable_module.c:389 Adding API Function 'global_getvar'
2026-09-30 10:40:32.832944 0.00% [NOTICE] switch_loadable_module.c:389 Adding API Function 'global_setvar'
2026-09-30 10:40:32.832976 0.00% [NOTICE] switch_loadable_module.c:389 Adding API Function 'group_call'
2026-09-30 10:40:32.832982 0.00% [NOTICE] switch_loadable_module.c:389 Adding API Function 'help'
2026-09-30 10:40:32.832988 0.00% [NOTICE] switch_loadable_module.c:389 Adding API Function 'host_lookup'
2026-09-30 10:40:32.832994 0.00% [NOTICE] switch_loadable_module.c:389 Adding API Function 'hostname'
2026-09-30 10:40:32.832999 0.00% [NOTICE] switch_loadable_module.c:389 Adding API Function 'interface_ip'
2026-09-30 10:40:32.833006 0.00% [NOTICE] switch_loadable_module.c:389 Adding API Function 'switchname'
2026-09-30 10:40:32.833013 0.00% [NOTICE] switch_loadable_module.c:389 Adding API Function 'gethost'
2026-09-30 10:40:32.833018 0.00% [NOTICE] switch_loadable_module.c:389 Adding API Function 'getenv'
2026-09-30 10:40:32.833023 0.00% [NOTICE] switch_loadable_module.c:389 Adding API Function 'hupall'
2026-09-30 10:40:32.833028 0.00% [NOTICE] switch_loadable_module.c:389 Adding API Function 'in_group'
2026-09-30 10:40:32.833036 0.00% [NOTICE] switch_loadable_module.c:389 Adding API Function 'is_lan_addr'
2026-09-30 10:40:32.833041 0.00% [NOTICE] switch_loadable_module.c:389 Adding API Function 'limit_usage'
2026-09-30 10:40:32.833047 0.00% [NOTICE] switch_loadable_module.c:389 Adding API Function 'limit_hash_usage'
2026-09-30 10:40:32.833052 0.00% [NOTICE] switch_loadable_module.c:389 Adding API Function 'limit_status'
2026-09-30 10:40:32.833059 0.00% [NOTICE] switch_loadable_module.c:389 Adding API Function 'limit_reset'
2026-09-30 10:40:32.833064 0.00% [NOTICE] switch_loadable_module.c:389 Adding API Function 'limit_interval_reset'
2026-09-30 10:40:32.833070 0.00% [NOTICE] switch_loadable_module.c:389 Adding API Function 'list_users'
2026-09-30 10:40:32.833104 0.00% [NOTICE] switch_loadable_module.c:389 Adding API Function 'load'
2026-09-30 10:40:32.833111 0.00% [NOTICE] switch_loadable_module.c:389 Adding API Function 'log'
2026-09-30 10:40:32.833119 0.00% [NOTICE] switch_loadable_module.c:389 Adding API Function 'md5'
2026-09-30 10:40:32.833153 0.00% [NOTICE] switch_loadable_module.c:389 Adding API Function 'module_exists'
2026-09-30 10:40:32.833160 0.00% [NOTICE] switch_loadable_module.c:389 Adding API Function 'msleep'
2026-09-30 10:40:32.833166 0.00% [NOTICE] switch_loadable_module.c:389 Adding API Function 'nat_map'
2026-09-30 10:40:32.833175 0.00% [NOTICE] switch_loadable_module.c:389 Adding API Function 'originate'
2026-09-30 10:40:32.833180 0.00% [NOTICE] switch_loadable_module.c:389 Adding API Function 'pause'
2026-09-30 10:40:32.833186 0.00% [NOTICE] switch_loadable_module.c:389 Adding API Function 'pool_stats'
2026-09-30 10:40:32.833192 0.00% [NOTICE] switch_loadable_module.c:389 Adding API Function 'quote_shell_arg'
2026-09-30 10:40:32.833199 0.00% [NOTICE] switch_loadable_module.c:389 Adding API Function 'regex'
2026-09-30 10:40:32.833204 0.00% [NOTICE] switch_loadable_module.c:389 Adding API Function 'reloadacl'
2026-09-30 10:40:32.833210 0.00% [NOTICE] switch_loadable_module.c:389 Adding API Function 'reload'
2026-09-30 10:40:32.833215 0.00% [NOTICE] switch_loadable_module.c:389 Adding API Function 'reloadxml'
2026-09-30 10:40:32.833226 0.00% [NOTICE] switch_loadable_module.c:389 Adding API Function 'reloadcert'
2026-09-30 10:40:32.833231 0.00% [NOTICE] switch_loadable_module.c:389 Adding API Function 'replace'
2026-09-30 10:40:32.833236 0.00% [NOTICE] switch_loadable_module.c:389 Adding API Function 'say_string'
2026-09-30 10:40:32.833243 0.00% [NOTICE] switch_loadable_module.c:389 Adding API Function 'sched_api'
2026-09-30 10:40:32.833248 0.00% [NOTICE] switch_loadable_module.c:389 Adding API Function 'sched_broadcast'
2026-09-30 10:40:32.833254 0.00% [NOTICE] switch_loadable_module.c:389 Adding API Function 'sched_del'
2026-09-30 10:40:32.833261 0.00% [NOTICE] switch_loadable_module.c:389 Adding API Function 'sched_hangup'
2026-09-30 10:40:32.833267 0.00% [NOTICE] switch_loadable_module.c:389 Adding API Function 'sched_transfer'
2026-09-30 10:40:32.833273 0.00% [NOTICE] switch_loadable_module.c:389 Adding API Function 'show'
2026-09-30 10:40:32.833325 0.00% [NOTICE] switch_loadable_module.c:389 Adding API Function 'sql_escape'
2026-09-30 10:40:32.833337 0.00% [NOTICE] switch_loadable_module.c:389 Adding API Function 'status'
2026-09-30 10:40:32.833383 0.00% [NOTICE] switch_loadable_module.c:389 Adding API Function 'strftime_tz'
2026-09-30 10:40:32.833391 0.00% [NOTICE] switch_loadable_module.c:389 Adding API Function 'stun'
2026-09-30 10:40:32.833399 0.00% [NOTICE] switch_loadable_module.c:389 Adding API Function 'time_test'
2026-09-30 10:40:32.833405 0.00% [NOTICE] switch_loadable_module.c:389 Adding API Function 'timer_test'
2026-09-30 10:40:32.833411 0.00% [NOTICE] switch_loadable_module.c:389 Adding API Function 'tone_detect'
2026-09-30 10:40:32.833417 0.00% [NOTICE] switch_loadable_module.c:389 Adding API Function 'unload'
2026-09-30 10:40:32.833423 0.00% [NOTICE] switch_loadable_module.c:389 Adding API Function 'unsched_api'
2026-09-30 10:40:32.833430 0.00% [NOTICE] switch_loadable_module.c:389 Adding API Function 'uptime'
2026-09-30 10:40:32.833436 0.00% [NOTICE] switch_loadable_module.c:389 Adding API Function 'reg_url'
2026-09-30 10:40:32.833443 0.00% [NOTICE] switch_loadable_module.c:389 Adding API Function 'url_decode'
2026-09-30 10:40:32.833449 0.00% [NOTICE] switch_loadable_module.c:389 Adding API Function 'url_encode'
2026-09-30 10:40:32.833455 0.00% [NOTICE] switch_loadable_module.c:389 Adding API Function 'toupper'
2026-09-30 10:40:32.833460 0.00% [NOTICE] switch_loadable_module.c:389 Adding API Function 'tolower'
2026-09-30 10:40:32.833470 0.00% [NOTICE] switch_loadable_module.c:389 Adding API Function 'user_data'
2026-09-30 10:40:32.833476 0.00% [NOTICE] switch_loadable_module.c:389 Adding API Function 'uuid_early_ok'
2026-09-30 10:40:32.833483 0.00% [NOTICE] switch_loadable_module.c:389 Adding API Function 'user_exists'
2026-09-30 10:40:32.833489 0.00% [NOTICE] switch_loadable_module.c:389 Adding API Function 'uuid_answer'
2026-09-30 10:40:32.833508 0.00% [NOTICE] switch_loadable_module.c:389 Adding API Function 'uuid_audio'
2026-09-30 10:40:32.833515 0.00% [NOTICE] switch_loadable_module.c:389 Adding API Function 'uuid_break'
2026-09-30 10:40:32.833522 0.00% [NOTICE] switch_loadable_module.c:389 Adding API Function 'uuid_bridge'
2026-09-30 10:40:32.833528 0.00% [NOTICE] switch_loadable_module.c:389 Adding API Function 'uuid_broadcast'
2026-09-30 10:40:32.833585 0.00% [NOTICE] switch_loadable_module.c:389 Adding API Function 'uuid_buglist'
2026-09-30 10:40:32.833593 0.00% [NOTICE] switch_loadable_module.c:389 Adding API Function 'uuid_chat'
2026-09-30 10:40:32.833599 0.00% [NOTICE] switch_loadable_module.c:389 Adding API Function 'uuid_send_text'
2026-09-30 10:40:32.833605 0.00% [NOTICE] switch_loadable_module.c:389 Adding API Function 'uuid_capture_text'
2026-09-30 10:40:32.833611 0.00% [NOTICE] switch_loadable_module.c:389 Adding API Function 'uuid_codec_debug'
2026-09-30 10:40:32.833616 0.00% [NOTICE] switch_loadable_module.c:389 Adding API Function 'uuid_codec_param'
2026-09-30 10:40:32.833623 0.00% [NOTICE] switch_loadable_module.c:389 Adding API Function 'uuid_debug_media'
2026-09-30 10:40:32.833630 0.00% [NOTICE] switch_loadable_module.c:389 Adding API Function 'uuid_deflect'
2026-09-30 10:40:32.833635 0.00% [NOTICE] switch_loadable_module.c:389 Adding API Function 'uuid_displace'
2026-09-30 10:40:32.833641 0.00% [NOTICE] switch_loadable_module.c:389 Adding API Function 'uuid_display'
2026-09-30 10:40:32.833647 0.00% [NOTICE] switch_loadable_module.c:389 Adding API Function 'uuid_media_params'
2026-09-30 10:40:32.833666 0.00% [NOTICE] switch_loadable_module.c:389 Adding API Function 'uuid_drop_dtmf'
2026-09-30 10:40:32.833673 0.00% [NOTICE] switch_loadable_module.c:389 Adding API Function 'uuid_dump'
2026-09-30 10:40:32.833680 0.00% [NOTICE] switch_loadable_module.c:389 Adding API Function 'uuid_exists'
2026-09-30 10:40:32.833688 0.00% [NOTICE] switch_loadable_module.c:389 Adding API Function 'uuid_fileman'
2026-09-30 10:40:32.833693 0.00% [NOTICE] switch_loadable_module.c:389 Adding API Function 'uuid_flush_dtmf'
2026-09-30 10:40:32.833699 0.00% [NOTICE] switch_loadable_module.c:389 Adding API Function 'uuid_getvar'
2026-09-30 10:40:32.833707 0.00% [NOTICE] switch_loadable_module.c:389 Adding API Function 'uuid_hold'
2026-09-30 10:40:32.833732 0.00% [NOTICE] switch_loadable_module.c:389 Adding API Function 'uuid_kill'
2026-09-30 10:40:32.833746 0.00% [NOTICE] switch_loadable_module.c:389 Adding API Function 'uuid_send_message'
2026-09-30 10:40:32.833785 0.00% [NOTICE] switch_loadable_module.c:389 Adding API Function 'uuid_send_info'
2026-09-30 10:40:32.833792 0.00% [NOTICE] switch_loadable_module.c:389 Adding API Function 'uuid_set_media_stats'
2026-09-30 10:40:32.833798 0.00% [NOTICE] switch_loadable_module.c:389 Adding API Function 'uuid_video_bitrate'
2026-09-30 10:40:32.833804 0.00% [NOTICE] switch_loadable_module.c:389 Adding API Function 'uuid_video_bandwidth'
2026-09-30 10:40:32.833811 0.00% [NOTICE] switch_loadable_module.c:389 Adding API Function 'uuid_video_refresh'
2026-09-30 10:40:32.833816 0.00% [NOTICE] switch_loadable_module.c:389 Adding API Function 'uuid_outgoing_answer'
2026-09-30 10:40:32.833824 0.00% [NOTICE] switch_loadable_module.c:389 Adding API Function 'uuid_limit'
2026-09-30 10:40:32.833829 0.00% [NOTICE] switch_loadable_module.c:389 Adding API Function 'uuid_limit_release'
2026-09-30 10:40:32.833835 0.00% [NOTICE] switch_loadable_module.c:389 Adding API Function 'uuid_loglevel'
2026-09-30 10:40:32.833843 0.00% [NOTICE] switch_loadable_module.c:389 Adding API Function 'uuid_media'
2026-09-30 10:40:32.833848 0.00% [NOTICE] switch_loadable_module.c:389 Adding API Function 'uuid_media_3p'
2026-09-30 10:40:32.833854 0.00% [NOTICE] switch_loadable_module.c:389 Adding API Function 'uuid_media_reneg'
2026-09-30 10:40:32.833873 0.00% [NOTICE] switch_loadable_module.c:389 Adding API Function 'uuid_park'
2026-09-30 10:40:32.833879 0.00% [NOTICE] switch_loadable_module.c:389 Adding API Function 'uuid_pause'
2026-09-30 10:40:32.833885 0.00% [NOTICE] switch_loadable_module.c:389 Adding API Function 'uuid_phone_event'
2026-09-30 10:40:32.833891 0.00% [NOTICE] switch_loadable_module.c:389 Adding API Function 'uuid_ring_ready'
2026-09-30 10:40:32.833896 0.00% [NOTICE] switch_loadable_module.c:389 Adding API Function 'uuid_pre_answer'
2026-09-30 10:40:32.833933 0.00% [NOTICE] switch_loadable_module.c:389 Adding API Function 'uuid_preprocess'
2026-09-30 10:40:32.833938 0.00% [NOTICE] switch_loadable_module.c:389 Adding API Function 'uuid_record'
2026-09-30 10:40:32.833947 0.00% [NOTICE] switch_loadable_module.c:389 Adding API Function 'uuid_recovery_refresh'
2026-09-30 10:40:32.833952 0.00% [NOTICE] switch_loadable_module.c:389 Adding API Function 'uuid_recv_dtmf'
2026-09-30 10:40:32.833957 0.00% [NOTICE] switch_loadable_module.c:389 Adding API Function 'uuid_redirect'
2026-09-30 10:40:32.834003 0.00% [NOTICE] switch_loadable_module.c:389 Adding API Function 'uuid_send_dtmf'
2026-09-30 10:40:32.834009 0.00% [NOTICE] switch_loadable_module.c:389 Adding API Function 'uuid_session_heartbeat'
2026-09-30 10:40:32.834014 0.00% [NOTICE] switch_loadable_module.c:389 Adding API Function 'uuid_setvar_multi'
2026-09-30 10:40:32.834019 0.00% [NOTICE] switch_loadable_module.c:389 Adding API Function 'uuid_setvar'
2026-09-30 10:40:32.834025 0.00% [NOTICE] switch_loadable_module.c:389 Adding API Function 'uuid_transfer'
2026-09-30 10:40:32.834030 0.00% [NOTICE] switch_loadable_module.c:389 Adding API Function 'uuid_dual_transfer'
2026-09-30 10:40:32.834036 0.00% [NOTICE] switch_loadable_module.c:389 Adding API Function 'uuid_simplify'
2026-09-30 10:40:32.834041 0.00% [NOTICE] switch_loadable_module.c:389 Adding API Function 'uuid_jitterbuffer'
2026-09-30 10:40:32.834047 0.00% [NOTICE] switch_loadable_module.c:389 Adding API Function 'uuid_zombie_exec'
2026-09-30 10:40:32.834052 0.00% [NOTICE] switch_loadable_module.c:389 Adding API Function 'uuid_xfer_zombie'
2026-09-30 10:40:32.834057 0.00% [NOTICE] switch_loadable_module.c:389 Adding API Function 'xml_flush_cache'
2026-09-30 10:40:32.834062 0.00% [NOTICE] switch_loadable_module.c:389 Adding API Function 'xml_locate'
2026-09-30 10:40:32.834068 0.00% [NOTICE] switch_loadable_module.c:389 Adding API Function 'xml_wrap'
2026-09-30 10:40:32.834076 0.00% [NOTICE] switch_loadable_module.c:389 Adding API Function 'file_exists'
2026-09-30 10:40:32.834082 0.00% [NOTICE] switch_loadable_module.c:389 Adding API Function 'getcputime'
2026-09-30 10:40:32.834086 0.00% [NOTICE] switch_loadable_module.c:389 Adding API Function 'json'
2026-09-30 10:40:32.834092 0.00% [NOTICE] switch_loadable_module.c:389 Adding API Function 'memory'
2026-09-30 10:40:32.834098 0.00% [NOTICE] switch_loadable_module.c:389 Adding API Function 'msrp'
2026-09-30 10:40:32.834104 0.00% [NOTICE] switch_loadable_module.c:389 Adding API Function 'uuid_msrp_send'
2026-09-30 10:40:32.834111 0.00% [NOTICE] switch_loadable_module.c:419 Adding JSON API Function 'mediaStats'
2026-09-30 10:40:32.834117 0.00% [NOTICE] switch_loadable_module.c:419 Adding JSON API Function 'status'
2026-09-30 10:40:32.834145 0.00% [NOTICE] switch_loadable_module.c:419 Adding JSON API Function 'fsapi'
2026-09-30 10:40:32.834152 0.00% [NOTICE] switch_loadable_module.c:419 Adding JSON API Function 'execute'
2026-09-30 10:40:32.834158 0.00% [NOTICE] switch_loadable_module.c:419 Adding JSON API Function 'channelData'
2026-09-30 10:40:32.835898 0.00% [CONSOLE] switch_loadable_module.c:1772 Successfully Loaded [mod_conference]
2026-09-30 10:40:32.835908 0.00% [NOTICE] switch_loadable_module.c:329 Adding Application 'conference'
2026-09-30 10:40:32.835915 0.00% [NOTICE] switch_loadable_module.c:329 Adding Application 'conference_set_auto_outcall'
2026-09-30 10:40:32.835920 0.00% [NOTICE] switch_loadable_module.c:389 Adding API Function 'conference'
2026-09-30 10:40:32.835926 0.00% [NOTICE] switch_loadable_module.c:621 Adding Chat interface 'conf'
2026-09-30 10:40:32.836042 0.00% [CONSOLE] sofia_presence.c:1621 Event Thread Started
2026-09-30 10:40:32.837895 0.00% [CONSOLE] switch_loadable_module.c:1772 Successfully Loaded [mod_db]
2026-09-30 10:40:32.837904 0.00% [NOTICE] switch_loadable_module.c:329 Adding Application 'db'
2026-09-30 10:40:32.837913 0.00% [NOTICE] switch_loadable_module.c:329 Adding Application 'group'
2026-09-30 10:40:32.837922 0.00% [NOTICE] switch_loadable_module.c:389 Adding API Function 'db'
2026-09-30 10:40:32.837927 0.00% [NOTICE] switch_loadable_module.c:389 Adding API Function 'group'
2026-09-30 10:40:32.837935 0.00% [NOTICE] switch_loadable_module.c:717 Adding Limit interface 'db'
2026-09-30 10:40:33.336829 0.00% [CONSOLE] switch_loadable_module.c:1772 Successfully Loaded [mod_dptools]
2026-09-30 10:40:33.336871 0.00% [NOTICE] switch_loadable_module.c:172 Adding Endpoint 'error'
2026-09-30 10:40:33.336901 0.00% [NOTICE] switch_loadable_module.c:172 Adding Endpoint 'group'
2026-09-30 10:40:33.336911 0.00% [NOTICE] switch_loadable_module.c:172 Adding Endpoint 'user'
2026-09-30 10:40:33.336919 0.00% [NOTICE] switch_loadable_module.c:172 Adding Endpoint 'pickup'
2026-09-30 10:40:33.336925 0.00% [NOTICE] switch_loadable_module.c:273 Adding Dialplan 'inline'
2026-09-30 10:40:33.336931 0.00% [NOTICE] switch_loadable_module.c:329 Adding Application 'blind_transfer_ack'
2026-09-30 10:40:33.336939 0.00% [NOTICE] switch_loadable_module.c:329 Adding Application 'bind_digit_action'
2026-09-30 10:40:33.336947 0.00% [NOTICE] switch_loadable_module.c:329 Adding Application 'capture'
2026-09-30 10:40:33.336954 0.00% [NOTICE] switch_loadable_module.c:329 Adding Application 'clear_digit_action'
2026-09-30 10:40:33.336962 0.00% [NOTICE] switch_loadable_module.c:329 Adding Application 'digit_action_set_realm'
2026-09-30 10:40:33.336969 0.00% [NOTICE] switch_loadable_module.c:329 Adding Application 'privacy'
2026-09-30 10:40:33.336982 0.00% [NOTICE] switch_loadable_module.c:329 Adding Application 'set_audio_level'
2026-09-30 10:40:33.336995 0.00% [NOTICE] switch_loadable_module.c:329 Adding Application 'set_mute'
2026-09-30 10:40:33.337005 0.00% [NOTICE] switch_loadable_module.c:329 Adding Application 'flush_dtmf'
2026-09-30 10:40:33.337011 0.00% [NOTICE] switch_loadable_module.c:329 Adding Application 'hold'
2026-09-30 10:40:33.337023 0.00% [NOTICE] switch_loadable_module.c:329 Adding Application 'unhold'
2026-09-30 10:40:33.337037 0.00% [NOTICE] switch_loadable_module.c:329 Adding Application 'mutex'
2026-09-30 10:40:33.337044 0.00% [NOTICE] switch_loadable_module.c:329 Adding Application 'page'
2026-09-30 10:40:33.337051 0.00% [NOTICE] switch_loadable_module.c:329 Adding Application 'transfer'
2026-09-30 10:40:33.337059 0.00% [NOTICE] switch_loadable_module.c:329 Adding Application 'check_acl'
2026-09-30 10:40:33.337068 0.00% [NOTICE] switch_loadable_module.c:329 Adding Application 'verbose_events'
2026-09-30 10:40:33.337076 0.00% [NOTICE] switch_loadable_module.c:329 Adding Application 'novideo'
2026-09-30 10:40:33.337083 0.00% [NOTICE] switch_loadable_module.c:329 Adding Application 'cng_plc'
2026-09-30 10:40:33.337090 0.00% [NOTICE] switch_loadable_module.c:329 Adding Application 'early_hangup'
2026-09-30 10:40:33.337097 0.00% [NOTICE] switch_loadable_module.c:329 Adding Application 'sleep'
2026-09-30 10:40:33.337106 0.00% [NOTICE] switch_loadable_module.c:329 Adding Application 'delay_echo'
2026-09-30 10:40:33.337112 0.00% [NOTICE] switch_loadable_module.c:329 Adding Application 'strftime'
2026-09-30 10:40:33.337120 0.00% [NOTICE] switch_loadable_module.c:329 Adding Application 'phrase'
2026-09-30 10:40:33.337128 0.00% [NOTICE] switch_loadable_module.c:329 Adding Application 'eval'
2026-09-30 10:40:33.337161 0.00% [NOTICE] switch_loadable_module.c:329 Adding Application 'set_media_stats'
2026-09-30 10:40:33.337170 0.00% [NOTICE] switch_loadable_module.c:329 Adding Application 'stop'
2026-09-30 10:40:33.337177 0.00% [NOTICE] switch_loadable_module.c:329 Adding Application 'set_zombie_exec'
2026-09-30 10:40:33.337184 0.00% [NOTICE] switch_loadable_module.c:329 Adding Application 'pre_answer'
2026-09-30 10:40:33.337195 0.00% [NOTICE] switch_loadable_module.c:329 Adding Application 'answer'
2026-09-30 10:40:33.337201 0.00% [NOTICE] switch_loadable_module.c:329 Adding Application 'wait_for_answer'
2026-09-30 10:40:33.337208 0.00% [NOTICE] switch_loadable_module.c:329 Adding Application 'wait_for_video_ready'
2026-09-30 10:40:33.337221 0.00% [NOTICE] switch_loadable_module.c:329 Adding Application 'hangup'
2026-09-30 10:40:33.337242 0.00% [NOTICE] switch_loadable_module.c:329 Adding Application 'set_name'
2026-09-30 10:40:33.337253 0.00% [NOTICE] switch_loadable_module.c:329 Adding Application 'presence'
2026-09-30 10:40:33.337259 0.00% [NOTICE] switch_loadable_module.c:329 Adding Application 'log'
2026-09-30 10:40:33.337266 0.00% [NOTICE] switch_loadable_module.c:329 Adding Application 'info'
2026-09-30 10:40:33.337273 0.00% [NOTICE] switch_loadable_module.c:329 Adding Application 'event'
2026-09-30 10:40:33.337280 0.00% [NOTICE] switch_loadable_module.c:329 Adding Application 'sound_test'
2026-09-30 10:40:33.337287 0.00% [NOTICE] switch_loadable_module.c:329 Adding Application 'export'
2026-09-30 10:40:33.337301 0.00% [NOTICE] switch_loadable_module.c:329 Adding Application 'bridge_export'
2026-09-30 10:40:33.337309 0.00% [NOTICE] switch_loadable_module.c:329 Adding Application 'set'
2026-09-30 10:40:33.337317 0.00% [NOTICE] switch_loadable_module.c:329 Adding Application 'multiset'
2026-09-30 10:40:33.337324 0.00% [NOTICE] switch_loadable_module.c:329 Adding Application 'push'
2026-09-30 10:40:33.337331 0.00% [NOTICE] switch_loadable_module.c:329 Adding Application 'unshift'
2026-09-30 10:40:33.337338 0.00% [NOTICE] switch_loadable_module.c:329 Adding Application 'set_global'
2026-09-30 10:40:33.337347 0.00% [NOTICE] switch_loadable_module.c:329 Adding Application 'set_profile_var'
2026-09-30 10:40:33.337356 0.00% [NOTICE] switch_loadable_module.c:329 Adding Application 'unset'
2026-09-30 10:40:33.337366 0.00% [NOTICE] switch_loadable_module.c:329 Adding Application 'multiunset'
2026-09-30 10:40:33.337394 0.00% [NOTICE] switch_loadable_module.c:329 Adding Application 'capture_text'
2026-09-30 10:40:33.337400 0.00% [NOTICE] switch_loadable_module.c:329 Adding Application 'acknowledge_call'
2026-09-30 10:40:33.337407 0.00% [NOTICE] switch_loadable_module.c:329 Adding Application 'ring_ready'
2026-09-30 10:40:33.337415 0.00% [NOTICE] switch_loadable_module.c:329 Adding Application 'remove_bugs'
2026-09-30 10:40:33.337422 0.00% [NOTICE] switch_loadable_module.c:329 Adding Application 'break'
2026-09-30 10:40:33.337435 0.00% [NOTICE] switch_loadable_module.c:329 Adding Application 'detect_speech'
2026-09-30 10:40:33.337444 0.00% [NOTICE] switch_loadable_module.c:329 Adding Application 'play_and_detect_speech'
2026-09-30 10:40:33.337465 0.00% [NOTICE] switch_loadable_module.c:329 Adding Application 'ivr'
2026-09-30 10:40:33.337472 0.00% [NOTICE] switch_loadable_module.c:329 Adding Application 'redirect'
2026-09-30 10:40:33.337478 0.00% [NOTICE] switch_loadable_module.c:329 Adding Application 'video_refresh'
2026-09-30 10:40:33.337485 0.00% [NOTICE] switch_loadable_module.c:329 Adding Application 'video_decode'
2026-09-30 10:40:33.337492 0.00% [NOTICE] switch_loadable_module.c:329 Adding Application 'send_info'
2026-09-30 10:40:33.337499 0.00% [NOTICE] switch_loadable_module.c:329 Adding Application 'jitterbuffer'
2026-09-30 10:40:33.337506 0.00% [NOTICE] switch_loadable_module.c:329 Adding Application 'send_display'
2026-09-30 10:40:33.337513 0.00% [NOTICE] switch_loadable_module.c:329 Adding Application 'respond'
2026-09-30 10:40:33.337524 0.00% [NOTICE] switch_loadable_module.c:329 Adding Application 'deflect'
2026-09-30 10:40:33.337530 0.00% [NOTICE] switch_loadable_module.c:329 Adding Application 'recovery_refresh'
2026-09-30 10:40:33.337536 0.00% [NOTICE] switch_loadable_module.c:329 Adding Application 'reuse_caller_profile'
2026-09-30 10:40:33.337637 0.00% [NOTICE] switch_loadable_module.c:329 Adding Application 'queue_dtmf'
2026-09-30 10:40:33.337645 0.00% [NOTICE] switch_loadable_module.c:329 Adding Application 'send_dtmf'
2026-09-30 10:40:33.337651 0.00% [NOTICE] switch_loadable_module.c:329 Adding Application 'sched_cancel'
2026-09-30 10:40:33.337657 0.00% [NOTICE] switch_loadable_module.c:329 Adding Application 'sched_hangup'
2026-09-30 10:40:33.337663 0.00% [NOTICE] switch_loadable_module.c:329 Adding Application 'sched_broadcast'
2026-09-30 10:40:33.337669 0.00% [NOTICE] switch_loadable_module.c:329 Adding Application 'sched_transfer'
2026-09-30 10:40:33.337676 0.00% [NOTICE] switch_loadable_module.c:329 Adding Application 'execute_extension'
2026-09-30 10:40:33.337687 0.00% [NOTICE] switch_loadable_module.c:329 Adding Application 'sched_heartbeat'
2026-09-30 10:40:33.337711 0.00% [NOTICE] switch_loadable_module.c:329 Adding Application 'enable_heartbeat'
2026-09-30 10:40:33.337718 0.00% [NOTICE] switch_loadable_module.c:329 Adding Application 'filter_codecs'
2026-09-30 10:40:33.337724 0.00% [NOTICE] switch_loadable_module.c:329 Adding Application 'enable_keepalive'
2026-09-30 10:40:33.337730 0.00% [NOTICE] switch_loadable_module.c:329 Adding Application 'media_reset'
2026-09-30 10:40:33.337740 0.00% [NOTICE] switch_loadable_module.c:329 Adding Application 'mkdir'
2026-09-30 10:40:33.337747 0.00% [NOTICE] switch_loadable_module.c:329 Adding Application 'rename'
2026-09-30 10:40:33.337756 0.00% [NOTICE] switch_loadable_module.c:329 Adding Application 'transfer_vars'
2026-09-30 10:40:33.337767 0.00% [NOTICE] switch_loadable_module.c:329 Adding Application 'soft_hold'
2026-09-30 10:40:33.337774 0.00% [NOTICE] switch_loadable_module.c:329 Adding Application 'bind_meta_app'
2026-09-30 10:40:33.337781 0.00% [NOTICE] switch_loadable_module.c:329 Adding Application 'unbind_meta_app'
2026-09-30 10:40:33.337790 0.00% [NOTICE] switch_loadable_module.c:329 Adding Application 'block_dtmf'
2026-09-30 10:40:33.337798 0.00% [NOTICE] switch_loadable_module.c:329 Adding Application 'unblock_dtmf'
2026-09-30 10:40:33.337807 0.00% [NOTICE] switch_loadable_module.c:329 Adding Application 'intercept'
2026-09-30 10:40:33.337855 0.00% [NOTICE] switch_loadable_module.c:329 Adding Application 'eavesdrop'
2026-09-30 10:40:33.337865 0.00% [NOTICE] switch_loadable_module.c:329 Adding Application 'native_eavesdrop'
2026-09-30 10:40:33.337872 0.00% [NOTICE] switch_loadable_module.c:329 Adding Application 'three_way'
2026-09-30 10:40:33.337881 0.00% [NOTICE] switch_loadable_module.c:329 Adding Application 'set_user'
2026-09-30 10:40:33.337887 0.00% [NOTICE] switch_loadable_module.c:329 Adding Application 'stop_dtmf'
2026-09-30 10:40:33.337892 0.00% [NOTICE] switch_loadable_module.c:329 Adding Application 'start_dtmf'
2026-09-30 10:40:33.337898 0.00% [NOTICE] switch_loadable_module.c:329 Adding Application 'stop_dtmf_generate'
2026-09-30 10:40:33.337904 0.00% [NOTICE] switch_loadable_module.c:329 Adding Application 'start_dtmf_generate'
2026-09-30 10:40:33.337910 0.00% [NOTICE] switch_loadable_module.c:329 Adding Application 'stop_tone_detect'
2026-09-30 10:40:33.337918 0.00% [NOTICE] switch_loadable_module.c:329 Adding Application 'fax_detect'
2026-09-30 10:40:33.337936 0.00% [NOTICE] switch_loadable_module.c:329 Adding Application 'tone_detect'
2026-09-30 10:40:33.337942 0.00% [NOTICE] switch_loadable_module.c:329 Adding Application 'echo'
2026-09-30 10:40:33.337947 0.00% [NOTICE] switch_loadable_module.c:329 Adding Application 'park'
2026-09-30 10:40:33.337953 0.00% [NOTICE] switch_loadable_module.c:329 Adding Application 'park_state'
2026-09-30 10:40:33.337959 0.00% [NOTICE] switch_loadable_module.c:329 Adding Application 'gentones'
2026-09-30 10:40:33.337977 0.00% [NOTICE] switch_loadable_module.c:329 Adding Application 'playback'
2026-09-30 10:40:33.337983 0.00% [NOTICE] switch_loadable_module.c:329 Adding Application 'broadcast'
2026-09-30 10:40:33.338072 0.00% [NOTICE] switch_loadable_module.c:329 Adding Application 'endless_playback'
2026-09-30 10:40:33.338092 0.00% [NOTICE] switch_loadable_module.c:329 Adding Application 'loop_playback'
2026-09-30 10:40:33.338104 0.00% [NOTICE] switch_loadable_module.c:329 Adding Application 'att_xfer'
2026-09-30 10:40:33.338116 0.00% [NOTICE] switch_loadable_module.c:329 Adding Application 'read'
2026-09-30 10:40:33.338127 0.00% [NOTICE] switch_loadable_module.c:329 Adding Application 'play_and_get_digits'
2026-09-30 10:40:33.338140 0.00% [NOTICE] switch_loadable_module.c:329 Adding Application 'stop_video_write_overlay'
2026-09-30 10:40:33.338147 0.00% [NOTICE] switch_loadable_module.c:329 Adding Application 'video_write_overlay'
2026-09-30 10:40:33.338154 0.00% [NOTICE] switch_loadable_module.c:329 Adding Application 'stop_record_session'
2026-09-30 10:40:33.338162 0.00% [NOTICE] switch_loadable_module.c:329 Adding Application 'record_session'
2026-09-30 10:40:33.338170 0.00% [NOTICE] switch_loadable_module.c:329 Adding Application 'record_session_mask'
2026-09-30 10:40:33.338180 0.00% [NOTICE] switch_loadable_module.c:329 Adding Application 'record_session_unmask'
2026-09-30 10:40:33.338191 0.00% [NOTICE] switch_loadable_module.c:329 Adding Application 'record_session_pause'
2026-09-30 10:40:33.338250 0.00% [NOTICE] switch_loadable_module.c:329 Adding Application 'record_session_resume'
2026-09-30 10:40:33.338272 0.00% [NOTICE] switch_loadable_module.c:329 Adding Application 'record'
2026-09-30 10:40:33.338281 0.00% [NOTICE] switch_loadable_module.c:329 Adding Application 'preprocess'
2026-09-30 10:40:33.338289 0.00% [NOTICE] switch_loadable_module.c:329 Adding Application 'stop_displace_session'
2026-09-30 10:40:33.338300 0.00% [NOTICE] switch_loadable_module.c:329 Adding Application 'displace_session'
2026-09-30 10:40:33.338309 0.00% [NOTICE] switch_loadable_module.c:329 Adding Application 'speak'
2026-09-30 10:40:33.338323 0.00% [NOTICE] switch_loadable_module.c:329 Adding Application 'clear_speech_cache'
2026-09-30 10:40:33.338331 0.00% [NOTICE] switch_loadable_module.c:329 Adding Application 'bridge'
2026-09-30 10:40:33.338410 0.00% [NOTICE] switch_loadable_module.c:329 Adding Application 'system'
2026-09-30 10:40:33.338425 0.00% [NOTICE] switch_loadable_module.c:329 Adding Application 'bgsystem'
2026-09-30 10:40:33.338431 0.00% [NOTICE] switch_loadable_module.c:329 Adding Application 'say'
2026-09-30 10:40:33.338439 0.00% [NOTICE] switch_loadable_module.c:329 Adding Application 'detect_audio'
2026-09-30 10:40:33.338446 0.00% [NOTICE] switch_loadable_module.c:329 Adding Application 'detect_silence'
2026-09-30 10:40:33.338453 0.00% [NOTICE] switch_loadable_module.c:329 Adding Application 'wait_for_silence'
2026-09-30 10:40:33.338459 0.00% [NOTICE] switch_loadable_module.c:329 Adding Application 'session_loglevel'
2026-09-30 10:40:33.338471 0.00% [NOTICE] switch_loadable_module.c:329 Adding Application 'limit'
2026-09-30 10:40:33.338512 0.00% [NOTICE] switch_loadable_module.c:329 Adding Application 'limit_hash'
2026-09-30 10:40:33.338520 0.00% [NOTICE] switch_loadable_module.c:329 Adding Application 'limit_execute'
2026-09-30 10:40:33.338529 0.00% [NOTICE] switch_loadable_module.c:329 Adding Application 'limit_hash_execute'
2026-09-30 10:40:33.338535 0.00% [NOTICE] switch_loadable_module.c:329 Adding Application 'pickup'
2026-09-30 10:40:33.338541 0.00% [NOTICE] switch_loadable_module.c:329 Adding Application 'deduplicate_dtmf'
2026-09-30 10:40:33.338548 0.00% [NOTICE] switch_loadable_module.c:329 Adding Application 'vad_test'
2026-09-30 10:40:33.338571 0.00% [NOTICE] switch_loadable_module.c:329 Adding Application 'debug_media'
2026-09-30 10:40:33.338580 0.00% [NOTICE] switch_loadable_module.c:389 Adding API Function 'strepoch'
2026-09-30 10:40:33.338587 0.00% [NOTICE] switch_loadable_module.c:389 Adding API Function 'page'
2026-09-30 10:40:33.338594 0.00% [NOTICE] switch_loadable_module.c:389 Adding API Function 'strmicroepoch'
2026-09-30 10:40:33.338600 0.00% [NOTICE] switch_loadable_module.c:389 Adding API Function 'chat'
2026-09-30 10:40:33.338606 0.00% [NOTICE] switch_loadable_module.c:389 Adding API Function 'strftime'
2026-09-30 10:40:33.338613 0.00% [NOTICE] switch_loadable_module.c:389 Adding API Function 'presence'
2026-09-30 10:40:33.338622 0.00% [NOTICE] switch_loadable_module.c:455 Adding File Format 'file_string'
2026-09-30 10:40:33.338628 0.00% [NOTICE] switch_loadable_module.c:455 Adding File Format 'file'
2026-09-30 10:40:33.338634 0.00% [NOTICE] switch_loadable_module.c:455 Adding File Format 'tts'
2026-09-30 10:40:33.338670 0.00% [NOTICE] switch_loadable_module.c:621 Adding Chat interface 'event'
2026-09-30 10:40:33.338678 0.00% [NOTICE] switch_loadable_module.c:621 Adding Chat interface 'api'
2026-09-30 10:40:33.339651 0.00% [CONSOLE] switch_loadable_module.c:1772 Successfully Loaded [mod_expr]
2026-09-30 10:40:33.339664 0.00% [NOTICE] switch_loadable_module.c:389 Adding API Function 'expr'
2026-09-30 10:40:33.342846 0.00% [INFO] switch_core_sqldb.c:1840 fifo Starting SQL thread.
2026-09-30 10:40:33.345028 0.00% [INFO] mod_fifo.c:4647 cool_fifo@172.25.0.3 configured
2026-09-30 10:40:33.345146 0.00% [CONSOLE] switch_loadable_module.c:1772 Successfully Loaded [mod_fifo]
2026-09-30 10:40:33.345157 0.00% [NOTICE] switch_loadable_module.c:329 Adding Application 'fifo'
2026-09-30 10:40:33.345182 0.00% [NOTICE] switch_loadable_module.c:329 Adding Application 'fifo_track_call'
2026-09-30 10:40:33.345206 0.00% [NOTICE] switch_loadable_module.c:389 Adding API Function 'fifo'
2026-09-30 10:40:33.345215 0.00% [NOTICE] switch_loadable_module.c:389 Adding API Function 'fifo_member'
2026-09-30 10:40:33.345287 0.00% [NOTICE] switch_loadable_module.c:389 Adding API Function 'fifo_add_outbound'
2026-09-30 10:40:33.345356 0.00% [NOTICE] switch_loadable_module.c:389 Adding API Function 'fifo_check_bridge'
2026-09-30 10:40:33.346271 0.00% [DEBUG] switch_scheduler.c:263 Added task 3 limit_hash_cleanup (mod_hash) to run at 1790765733
2026-09-30 10:40:33.346350 0.00% [CONSOLE] switch_loadable_module.c:1772 Successfully Loaded [mod_hash]
2026-09-30 10:40:33.346360 0.00% [NOTICE] switch_loadable_module.c:329 Adding Application 'hash'
2026-09-30 10:40:33.346374 0.00% [NOTICE] switch_loadable_module.c:389 Adding API Function 'hash'
2026-09-30 10:40:33.346383 0.00% [NOTICE] switch_loadable_module.c:389 Adding API Function 'hash_dump'
2026-09-30 10:40:33.346392 0.00% [NOTICE] switch_loadable_module.c:389 Adding API Function 'hash_remote'
2026-09-30 10:40:33.346400 0.00% [NOTICE] switch_loadable_module.c:717 Adding Limit interface 'hash'
2026-09-30 10:40:33.349187 0.00% [WARNING] sofia_reg.c:520 platform-switch Failed Registration [503], setting retry to 30 seconds.
2026-09-30 10:40:33.350991 0.00% [INFO] mod_voicemail.c:794 Added Profile default
2026-09-30 10:40:33.351012 0.00% [CONSOLE] switch_loadable_module.c:1772 Successfully Loaded [mod_voicemail]
2026-09-30 10:40:33.351021 0.00% [NOTICE] switch_loadable_module.c:329 Adding Application 'voicemail'
2026-09-30 10:40:33.351051 0.00% [NOTICE] switch_loadable_module.c:389 Adding API Function 'voicemail'
2026-09-30 10:40:33.351060 0.00% [NOTICE] switch_loadable_module.c:389 Adding API Function 'voicemail_inject'
2026-09-30 10:40:33.351067 0.00% [NOTICE] switch_loadable_module.c:389 Adding API Function 'vm_inject'
2026-09-30 10:40:33.351075 0.00% [NOTICE] switch_loadable_module.c:389 Adding API Function 'vm_boxcount'
2026-09-30 10:40:33.351082 0.00% [NOTICE] switch_loadable_module.c:389 Adding API Function 'vm_prefs'
2026-09-30 10:40:33.351089 0.00% [NOTICE] switch_loadable_module.c:389 Adding API Function 'vm_delete'
2026-09-30 10:40:33.351097 0.00% [NOTICE] switch_loadable_module.c:389 Adding API Function 'vm_read'
2026-09-30 10:40:33.351103 0.00% [NOTICE] switch_loadable_module.c:389 Adding API Function 'vm_list'
2026-09-30 10:40:33.351110 0.00% [NOTICE] switch_loadable_module.c:389 Adding API Function 'vm_fsdb_auth_login'
2026-09-30 10:40:33.351117 0.00% [NOTICE] switch_loadable_module.c:389 Adding API Function 'vm_fsdb_msg_count'
2026-09-30 10:40:33.351124 0.00% [NOTICE] switch_loadable_module.c:389 Adding API Function 'vm_fsdb_msg_list'
2026-09-30 10:40:33.351131 0.00% [NOTICE] switch_loadable_module.c:389 Adding API Function 'vm_fsdb_msg_get'
2026-09-30 10:40:33.351141 0.00% [NOTICE] switch_loadable_module.c:389 Adding API Function 'vm_fsdb_msg_delete'
2026-09-30 10:40:33.351181 0.00% [NOTICE] switch_loadable_module.c:389 Adding API Function 'vm_fsdb_msg_undelete'
2026-09-30 10:40:33.351188 0.00% [NOTICE] switch_loadable_module.c:389 Adding API Function 'vm_fsdb_msg_email'
2026-09-30 10:40:33.351195 0.00% [NOTICE] switch_loadable_module.c:389 Adding API Function 'vm_fsdb_msg_purge'
2026-09-30 10:40:33.351201 0.00% [NOTICE] switch_loadable_module.c:389 Adding API Function 'vm_fsdb_msg_save'
2026-09-30 10:40:33.351212 0.00% [NOTICE] switch_loadable_module.c:389 Adding API Function 'vm_fsdb_msg_forward'
2026-09-30 10:40:33.351219 0.00% [NOTICE] switch_loadable_module.c:389 Adding API Function 'vm_fsdb_pref_greeting_set'
2026-09-30 10:40:33.351226 0.00% [NOTICE] switch_loadable_module.c:389 Adding API Function 'vm_fsdb_pref_greeting_get'
2026-09-30 10:40:33.351232 0.00% [NOTICE] switch_loadable_module.c:389 Adding API Function 'vm_fsdb_pref_recname_set'
2026-09-30 10:40:33.351238 0.00% [NOTICE] switch_loadable_module.c:389 Adding API Function 'vm_fsdb_pref_password_set'
2026-09-30 10:40:33.351995 0.00% [CONSOLE] switch_loadable_module.c:1772 Successfully Loaded [mod_esf]
2026-09-30 10:40:33.352006 0.00% [NOTICE] switch_loadable_module.c:329 Adding Application 'esf_page_group'
2026-09-30 10:40:33.352798 0.00% [CONSOLE] switch_loadable_module.c:1772 Successfully Loaded [mod_fsv]
2026-09-30 10:40:33.352809 0.00% [NOTICE] switch_loadable_module.c:329 Adding Application 'play_fsv'
2026-09-30 10:40:33.352842 0.00% [NOTICE] switch_loadable_module.c:329 Adding Application 'record_fsv'
2026-09-30 10:40:33.352852 0.00% [NOTICE] switch_loadable_module.c:329 Adding Application 'play_yuv'
2026-09-30 10:40:33.352860 0.00% [NOTICE] switch_loadable_module.c:329 Adding Application 'decode_video'
2026-09-30 10:40:33.352868 0.00% [NOTICE] switch_loadable_module.c:455 Adding File Format 'fsv'
2026-09-30 10:40:33.353816 0.00% [CONSOLE] switch_loadable_module.c:1772 Successfully Loaded [mod_valet_parking]
2026-09-30 10:40:33.353827 0.00% [NOTICE] switch_loadable_module.c:329 Adding Application 'valet_park'
2026-09-30 10:40:33.353856 0.00% [NOTICE] switch_loadable_module.c:389 Adding API Function 'valet_info'
2026-09-30 10:40:33.355304 0.00% [NOTICE] mod_httapi.c:2171 Profile [default] JSON Function [http://www.freeswitch.org/api/index.cgi]
2026-09-30 10:40:33.355321 0.00% [CONSOLE] switch_loadable_module.c:1772 Successfully Loaded [mod_httapi]
2026-09-30 10:40:33.355330 0.00% [NOTICE] switch_loadable_module.c:329 Adding Application 'httapi'
2026-09-30 10:40:33.355355 0.00% [NOTICE] switch_loadable_module.c:389 Adding API Function 'httapi'
2026-09-30 10:40:33.355364 0.00% [NOTICE] switch_loadable_module.c:455 Adding File Format 'http'
2026-09-30 10:40:33.355414 0.00% [NOTICE] switch_loadable_module.c:455 Adding File Format 'https'
2026-09-30 10:40:33.356146 0.00% [CONSOLE] switch_loadable_module.c:1772 Successfully Loaded [mod_dialplan_xml]
2026-09-30 10:40:33.356157 0.00% [NOTICE] switch_loadable_module.c:273 Adding Dialplan 'XML'
2026-09-30 10:40:33.357000 0.00% [CONSOLE] switch_loadable_module.c:1772 Successfully Loaded [mod_dialplan_asterisk]
2026-09-30 10:40:33.357011 0.00% [NOTICE] switch_loadable_module.c:172 Adding Endpoint 'SIP'
2026-09-30 10:40:33.357035 0.00% [NOTICE] switch_loadable_module.c:172 Adding Endpoint 'IAX2'
2026-09-30 10:40:33.357042 0.00% [NOTICE] switch_loadable_module.c:273 Adding Dialplan 'asterisk'
2026-09-30 10:40:33.357048 0.00% [NOTICE] switch_loadable_module.c:329 Adding Application 'Dial'
2026-09-30 10:40:33.357063 0.00% [NOTICE] switch_loadable_module.c:329 Adding Application 'Goto'
2026-09-30 10:40:33.357070 0.00% [NOTICE] switch_loadable_module.c:329 Adding Application 'AvoidingDeadlock'
2026-09-30 10:40:33.359843 0.00% [DEBUG] mod_spandsp_fax.c:213 FAX timer thread started.
2026-09-30 10:40:33.382169 0.00% [DEBUG] mod_spandsp.c:894 mod_spandsp loaded, using spandsp library version [20120902 163333]
2026-09-30 10:40:33.382200 0.00% [CONSOLE] switch_loadable_module.c:1772 Successfully Loaded [mod_spandsp]
2026-09-30 10:40:33.382213 0.00% [NOTICE] switch_loadable_module.c:172 Adding Endpoint 'modem'
2026-09-30 10:40:33.382240 0.00% [NOTICE] switch_loadable_module.c:223 Adding Codec DVI4 6 ADPCM (IMA) 16000hz 10ms 1ch 64000bps
2026-09-30 10:40:33.382245 0.00% [NOTICE] switch_loadable_module.c:223 Adding Codec DVI4 6 ADPCM (IMA) 16000hz 20ms 1ch 64000bps
2026-09-30 10:40:33.382248 0.00% [NOTICE] switch_loadable_module.c:223 Adding Codec DVI4 6 ADPCM (IMA) 16000hz 30ms 1ch 64000bps
2026-09-30 10:40:33.382250 0.00% [NOTICE] switch_loadable_module.c:223 Adding Codec DVI4 6 ADPCM (IMA) 16000hz 40ms 1ch 64000bps
2026-09-30 10:40:33.382252 0.00% [NOTICE] switch_loadable_module.c:223 Adding Codec DVI4 6 ADPCM (IMA) 16000hz 50ms 1ch 64000bps
2026-09-30 10:40:33.382255 0.00% [NOTICE] switch_loadable_module.c:223 Adding Codec DVI4 6 ADPCM (IMA) 16000hz 60ms 1ch 64000bps
2026-09-30 10:40:33.382257 0.00% [NOTICE] switch_loadable_module.c:223 Adding Codec DVI4 5 ADPCM (IMA) 8000hz 10ms 1ch 32000bps
2026-09-30 10:40:33.382259 0.00% [NOTICE] switch_loadable_module.c:223 Adding Codec DVI4 5 ADPCM (IMA) 8000hz 20ms 1ch 32000bps
2026-09-30 10:40:33.382261 0.00% [NOTICE] switch_loadable_module.c:223 Adding Codec DVI4 5 ADPCM (IMA) 8000hz 30ms 1ch 32000bps
2026-09-30 10:40:33.382262 0.00% [NOTICE] switch_loadable_module.c:223 Adding Codec DVI4 5 ADPCM (IMA) 8000hz 40ms 1ch 32000bps
2026-09-30 10:40:33.382264 0.00% [NOTICE] switch_loadable_module.c:223 Adding Codec DVI4 5 ADPCM (IMA) 8000hz 50ms 1ch 32000bps
2026-09-30 10:40:33.382267 0.00% [NOTICE] switch_loadable_module.c:223 Adding Codec DVI4 5 ADPCM (IMA) 8000hz 60ms 1ch 32000bps
2026-09-30 10:40:33.382269 0.00% [NOTICE] switch_loadable_module.c:223 Adding Codec DVI4 5 ADPCM (IMA) 8000hz 70ms 1ch 32000bps
2026-09-30 10:40:33.382271 0.00% [NOTICE] switch_loadable_module.c:223 Adding Codec DVI4 5 ADPCM (IMA) 8000hz 80ms 1ch 32000bps
2026-09-30 10:40:33.382273 0.00% [NOTICE] switch_loadable_module.c:223 Adding Codec DVI4 5 ADPCM (IMA) 8000hz 90ms 1ch 32000bps
2026-09-30 10:40:33.382275 0.00% [NOTICE] switch_loadable_module.c:223 Adding Codec DVI4 5 ADPCM (IMA) 8000hz 100ms 1ch 32000bps
2026-09-30 10:40:33.382277 0.00% [NOTICE] switch_loadable_module.c:223 Adding Codec DVI4 5 ADPCM (IMA) 8000hz 110ms 1ch 32000bps
2026-09-30 10:40:33.382279 0.00% [NOTICE] switch_loadable_module.c:223 Adding Codec DVI4 5 ADPCM (IMA) 8000hz 120ms 1ch 32000bps
2026-09-30 10:40:33.382301 0.00% [NOTICE] switch_loadable_module.c:223 Adding Codec AAL2-G726-16 124 G.726 16k (AAL2) 8000hz 10ms 1ch 16000bps
2026-09-30 10:40:33.382305 0.00% [NOTICE] switch_loadable_module.c:223 Adding Codec AAL2-G726-16 124 G.726 16k (AAL2) 8000hz 20ms 1ch 16000bps
2026-09-30 10:40:33.382308 0.00% [NOTICE] switch_loadable_module.c:223 Adding Codec AAL2-G726-16 124 G.726 16k (AAL2) 8000hz 30ms 1ch 16000bps
2026-09-30 10:40:33.382310 0.00% [NOTICE] switch_loadable_module.c:223 Adding Codec AAL2-G726-16 124 G.726 16k (AAL2) 8000hz 40ms 1ch 16000bps
2026-09-30 10:40:33.382312 0.00% [NOTICE] switch_loadable_module.c:223 Adding Codec AAL2-G726-16 124 G.726 16k (AAL2) 8000hz 50ms 1ch 16000bps
2026-09-30 10:40:33.382314 0.00% [NOTICE] switch_loadable_module.c:223 Adding Codec AAL2-G726-16 124 G.726 16k (AAL2) 8000hz 60ms 1ch 16000bps
2026-09-30 10:40:33.382316 0.00% [NOTICE] switch_loadable_module.c:223 Adding Codec AAL2-G726-16 124 G.726 16k (AAL2) 8000hz 70ms 1ch 16000bps
2026-09-30 10:40:33.382318 0.00% [NOTICE] switch_loadable_module.c:223 Adding Codec AAL2-G726-16 124 G.726 16k (AAL2) 8000hz 80ms 1ch 16000bps
2026-09-30 10:40:33.382320 0.00% [NOTICE] switch_loadable_module.c:223 Adding Codec AAL2-G726-16 124 G.726 16k (AAL2) 8000hz 90ms 1ch 16000bps
2026-09-30 10:40:33.382322 0.00% [NOTICE] switch_loadable_module.c:223 Adding Codec AAL2-G726-16 124 G.726 16k (AAL2) 8000hz 100ms 1ch 16000bps
2026-09-30 10:40:33.382324 0.00% [NOTICE] switch_loadable_module.c:223 Adding Codec AAL2-G726-16 124 G.726 16k (AAL2) 8000hz 110ms 1ch 16000bps
2026-09-30 10:40:33.382326 0.00% [NOTICE] switch_loadable_module.c:223 Adding Codec AAL2-G726-16 124 G.726 16k (AAL2) 8000hz 120ms 1ch 16000bps
2026-09-30 10:40:33.382345 0.00% [NOTICE] switch_loadable_module.c:223 Adding Codec G726-16 124 G.726 16k 8000hz 10ms 1ch 16000bps
2026-09-30 10:40:33.382360 0.00% [NOTICE] switch_loadable_module.c:223 Adding Codec G726-16 124 G.726 16k 8000hz 20ms 1ch 16000bps
2026-09-30 10:40:33.382363 0.00% [NOTICE] switch_loadable_module.c:223 Adding Codec G726-16 124 G.726 16k 8000hz 30ms 1ch 16000bps
2026-09-30 10:40:33.382365 0.00% [NOTICE] switch_loadable_module.c:223 Adding Codec G726-16 124 G.726 16k 8000hz 40ms 1ch 16000bps
2026-09-30 10:40:33.382367 0.00% [NOTICE] switch_loadable_module.c:223 Adding Codec G726-16 124 G.726 16k 8000hz 50ms 1ch 16000bps
2026-09-30 10:40:33.382369 0.00% [NOTICE] switch_loadable_module.c:223 Adding Codec G726-16 124 G.726 16k 8000hz 60ms 1ch 16000bps
2026-09-30 10:40:33.382371 0.00% [NOTICE] switch_loadable_module.c:223 Adding Codec G726-16 124 G.726 16k 8000hz 70ms 1ch 16000bps
2026-09-30 10:40:33.382373 0.00% [NOTICE] switch_loadable_module.c:223 Adding Codec G726-16 124 G.726 16k 8000hz 80ms 1ch 16000bps
2026-09-30 10:40:33.382375 0.00% [NOTICE] switch_loadable_module.c:223 Adding Codec G726-16 124 G.726 16k 8000hz 90ms 1ch 16000bps
2026-09-30 10:40:33.382377 0.00% [NOTICE] switch_loadable_module.c:223 Adding Codec G726-16 124 G.726 16k 8000hz 100ms 1ch 16000bps
2026-09-30 10:40:33.382378 0.00% [NOTICE] switch_loadable_module.c:223 Adding Codec G726-16 124 G.726 16k 8000hz 110ms 1ch 16000bps
2026-09-30 10:40:33.382380 0.00% [NOTICE] switch_loadable_module.c:223 Adding Codec G726-16 124 G.726 16k 8000hz 120ms 1ch 16000bps
2026-09-30 10:40:33.382400 0.00% [NOTICE] switch_loadable_module.c:223 Adding Codec AAL2-G726-24 123 G.726 24k (AAL2) 8000hz 10ms 1ch 24000bps
2026-09-30 10:40:33.382404 0.00% [NOTICE] switch_loadable_module.c:223 Adding Codec AAL2-G726-24 123 G.726 24k (AAL2) 8000hz 20ms 1ch 24000bps
2026-09-30 10:40:33.382406 0.00% [NOTICE] switch_loadable_module.c:223 Adding Codec AAL2-G726-24 123 G.726 24k (AAL2) 8000hz 30ms 1ch 24000bps
2026-09-30 10:40:33.382408 0.00% [NOTICE] switch_loadable_module.c:223 Adding Codec AAL2-G726-24 123 G.726 24k (AAL2) 8000hz 40ms 1ch 24000bps
2026-09-30 10:40:33.382410 0.00% [NOTICE] switch_loadable_module.c:223 Adding Codec AAL2-G726-24 123 G.726 24k (AAL2) 8000hz 50ms 1ch 24000bps
2026-09-30 10:40:33.382412 0.00% [NOTICE] switch_loadable_module.c:223 Adding Codec AAL2-G726-24 123 G.726 24k (AAL2) 8000hz 60ms 1ch 24000bps
2026-09-30 10:40:33.382419 0.00% [NOTICE] switch_loadable_module.c:223 Adding Codec AAL2-G726-24 123 G.726 24k (AAL2) 8000hz 70ms 1ch 24000bps
2026-09-30 10:40:33.382421 0.00% [NOTICE] switch_loadable_module.c:223 Adding Codec AAL2-G726-24 123 G.726 24k (AAL2) 8000hz 80ms 1ch 24000bps
2026-09-30 10:40:33.382423 0.00% [NOTICE] switch_loadable_module.c:223 Adding Codec AAL2-G726-24 123 G.726 24k (AAL2) 8000hz 90ms 1ch 24000bps
2026-09-30 10:40:33.382425 0.00% [NOTICE] switch_loadable_module.c:223 Adding Codec AAL2-G726-24 123 G.726 24k (AAL2) 8000hz 100ms 1ch 24000bps
2026-09-30 10:40:33.382427 0.00% [NOTICE] switch_loadable_module.c:223 Adding Codec AAL2-G726-24 123 G.726 24k (AAL2) 8000hz 110ms 1ch 24000bps
2026-09-30 10:40:33.382429 0.00% [NOTICE] switch_loadable_module.c:223 Adding Codec AAL2-G726-24 123 G.726 24k (AAL2) 8000hz 120ms 1ch 24000bps
2026-09-30 10:40:33.382447 0.00% [NOTICE] switch_loadable_module.c:223 Adding Codec G726-24 123 G.726 24k 8000hz 10ms 1ch 24000bps
2026-09-30 10:40:33.382451 0.00% [NOTICE] switch_loadable_module.c:223 Adding Codec G726-24 123 G.726 24k 8000hz 20ms 1ch 24000bps
2026-09-30 10:40:33.382453 0.00% [NOTICE] switch_loadable_module.c:223 Adding Codec G726-24 123 G.726 24k 8000hz 30ms 1ch 24000bps
2026-09-30 10:40:33.382455 0.00% [NOTICE] switch_loadable_module.c:223 Adding Codec G726-24 123 G.726 24k 8000hz 40ms 1ch 24000bps
2026-09-30 10:40:33.382457 0.00% [NOTICE] switch_loadable_module.c:223 Adding Codec G726-24 123 G.726 24k 8000hz 50ms 1ch 24000bps
2026-09-30 10:40:33.382459 0.00% [NOTICE] switch_loadable_module.c:223 Adding Codec G726-24 123 G.726 24k 8000hz 60ms 1ch 24000bps
2026-09-30 10:40:33.382461 0.00% [NOTICE] switch_loadable_module.c:223 Adding Codec G726-24 123 G.726 24k 8000hz 70ms 1ch 24000bps
2026-09-30 10:40:33.382463 0.00% [NOTICE] switch_loadable_module.c:223 Adding Codec G726-24 123 G.726 24k 8000hz 80ms 1ch 24000bps
2026-09-30 10:40:33.382465 0.00% [NOTICE] switch_loadable_module.c:223 Adding Codec G726-24 123 G.726 24k 8000hz 90ms 1ch 24000bps
2026-09-30 10:40:33.382468 0.00% [NOTICE] switch_loadable_module.c:223 Adding Codec G726-24 123 G.726 24k 8000hz 100ms 1ch 24000bps
2026-09-30 10:40:33.382470 0.00% [NOTICE] switch_loadable_module.c:223 Adding Codec G726-24 123 G.726 24k 8000hz 110ms 1ch 24000bps
2026-09-30 10:40:33.382473 0.00% [NOTICE] switch_loadable_module.c:223 Adding Codec G726-24 123 G.726 24k 8000hz 120ms 1ch 24000bps
2026-09-30 10:40:33.382512 0.00% [NOTICE] switch_loadable_module.c:223 Adding Codec AAL2-G726-32 122 G.726 32k (AAL2) 8000hz 10ms 1ch 32000bps
2026-09-30 10:40:33.382517 0.00% [NOTICE] switch_loadable_module.c:223 Adding Codec AAL2-G726-32 122 G.726 32k (AAL2) 8000hz 20ms 1ch 32000bps
2026-09-30 10:40:33.382519 0.00% [NOTICE] switch_loadable_module.c:223 Adding Codec AAL2-G726-32 122 G.726 32k (AAL2) 8000hz 30ms 1ch 32000bps
2026-09-30 10:40:33.382521 0.00% [NOTICE] switch_loadable_module.c:223 Adding Codec AAL2-G726-32 122 G.726 32k (AAL2) 8000hz 40ms 1ch 32000bps
2026-09-30 10:40:33.382523 0.00% [NOTICE] switch_loadable_module.c:223 Adding Codec AAL2-G726-32 122 G.726 32k (AAL2) 8000hz 50ms 1ch 32000bps
2026-09-30 10:40:33.382525 0.00% [NOTICE] switch_loadable_module.c:223 Adding Codec AAL2-G726-32 122 G.726 32k (AAL2) 8000hz 60ms 1ch 32000bps
2026-09-30 10:40:33.382533 0.00% [NOTICE] switch_loadable_module.c:223 Adding Codec AAL2-G726-32 122 G.726 32k (AAL2) 8000hz 70ms 1ch 32000bps
2026-09-30 10:40:33.382535 0.00% [NOTICE] switch_loadable_module.c:223 Adding Codec AAL2-G726-32 122 G.726 32k (AAL2) 8000hz 80ms 1ch 32000bps
2026-09-30 10:40:33.382537 0.00% [NOTICE] switch_loadable_module.c:223 Adding Codec AAL2-G726-32 122 G.726 32k (AAL2) 8000hz 90ms 1ch 32000bps
2026-09-30 10:40:33.382539 0.00% [NOTICE] switch_loadable_module.c:223 Adding Codec AAL2-G726-32 122 G.726 32k (AAL2) 8000hz 100ms 1ch 32000bps
2026-09-30 10:40:33.382541 0.00% [NOTICE] switch_loadable_module.c:223 Adding Codec AAL2-G726-32 122 G.726 32k (AAL2) 8000hz 110ms 1ch 32000bps
2026-09-30 10:40:33.382542 0.00% [NOTICE] switch_loadable_module.c:223 Adding Codec AAL2-G726-32 122 G.726 32k (AAL2) 8000hz 120ms 1ch 32000bps
2026-09-30 10:40:33.382561 0.00% [NOTICE] switch_loadable_module.c:223 Adding Codec G726-32 122 G.726 32k 8000hz 10ms 1ch 32000bps
2026-09-30 10:40:33.382564 0.00% [NOTICE] switch_loadable_module.c:223 Adding Codec G726-32 122 G.726 32k 8000hz 20ms 1ch 32000bps
2026-09-30 10:40:33.382566 0.00% [NOTICE] switch_loadable_module.c:223 Adding Codec G726-32 122 G.726 32k 8000hz 30ms 1ch 32000bps
2026-09-30 10:40:33.382568 0.00% [NOTICE] switch_loadable_module.c:223 Adding Codec G726-32 122 G.726 32k 8000hz 40ms 1ch 32000bps
2026-09-30 10:40:33.382570 0.00% [NOTICE] switch_loadable_module.c:223 Adding Codec G726-32 122 G.726 32k 8000hz 50ms 1ch 32000bps
2026-09-30 10:40:33.382573 0.00% [NOTICE] switch_loadable_module.c:223 Adding Codec G726-32 122 G.726 32k 8000hz 60ms 1ch 32000bps
2026-09-30 10:40:33.382602 0.00% [NOTICE] switch_loadable_module.c:223 Adding Codec G726-32 122 G.726 32k 8000hz 70ms 1ch 32000bps
2026-09-30 10:40:33.382607 0.00% [NOTICE] switch_loadable_module.c:223 Adding Codec G726-32 122 G.726 32k 8000hz 80ms 1ch 32000bps
2026-09-30 10:40:33.382611 0.00% [NOTICE] switch_loadable_module.c:223 Adding Codec G726-32 122 G.726 32k 8000hz 90ms 1ch 32000bps
2026-09-30 10:40:33.382613 0.00% [NOTICE] switch_loadable_module.c:223 Adding Codec G726-32 122 G.726 32k 8000hz 100ms 1ch 32000bps
2026-09-30 10:40:33.382615 0.00% [NOTICE] switch_loadable_module.c:223 Adding Codec G726-32 122 G.726 32k 8000hz 110ms 1ch 32000bps
2026-09-30 10:40:33.382617 0.00% [NOTICE] switch_loadable_module.c:223 Adding Codec G726-32 122 G.726 32k 8000hz 120ms 1ch 32000bps
2026-09-30 10:40:33.382632 0.00% [NOTICE] switch_loadable_module.c:223 Adding Codec AAL2-G726-40 121 G.726 40k (AAL2) 8000hz 10ms 1ch 40000bps
2026-09-30 10:40:33.382635 0.00% [NOTICE] switch_loadable_module.c:223 Adding Codec AAL2-G726-40 121 G.726 40k (AAL2) 8000hz 20ms 1ch 40000bps
2026-09-30 10:40:33.382637 0.00% [NOTICE] switch_loadable_module.c:223 Adding Codec AAL2-G726-40 121 G.726 40k (AAL2) 8000hz 30ms 1ch 40000bps
2026-09-30 10:40:33.382638 0.00% [NOTICE] switch_loadable_module.c:223 Adding Codec AAL2-G726-40 121 G.726 40k (AAL2) 8000hz 40ms 1ch 40000bps
2026-09-30 10:40:33.382640 0.00% [NOTICE] switch_loadable_module.c:223 Adding Codec AAL2-G726-40 121 G.726 40k (AAL2) 8000hz 50ms 1ch 40000bps
2026-09-30 10:40:33.382641 0.00% [NOTICE] switch_loadable_module.c:223 Adding Codec AAL2-G726-40 121 G.726 40k (AAL2) 8000hz 60ms 1ch 40000bps
2026-09-30 10:40:33.382643 0.00% [NOTICE] switch_loadable_module.c:223 Adding Codec AAL2-G726-40 121 G.726 40k (AAL2) 8000hz 70ms 1ch 40000bps
2026-09-30 10:40:33.382645 0.00% [NOTICE] switch_loadable_module.c:223 Adding Codec AAL2-G726-40 121 G.726 40k (AAL2) 8000hz 80ms 1ch 40000bps
2026-09-30 10:40:33.382646 0.00% [NOTICE] switch_loadable_module.c:223 Adding Codec AAL2-G726-40 121 G.726 40k (AAL2) 8000hz 90ms 1ch 40000bps
2026-09-30 10:40:33.382648 0.00% [NOTICE] switch_loadable_module.c:223 Adding Codec AAL2-G726-40 121 G.726 40k (AAL2) 8000hz 100ms 1ch 40000bps
2026-09-30 10:40:33.382649 0.00% [NOTICE] switch_loadable_module.c:223 Adding Codec AAL2-G726-40 121 G.726 40k (AAL2) 8000hz 110ms 1ch 40000bps
2026-09-30 10:40:33.382651 0.00% [NOTICE] switch_loadable_module.c:223 Adding Codec AAL2-G726-40 121 G.726 40k (AAL2) 8000hz 120ms 1ch 40000bps
2026-09-30 10:40:33.382665 0.00% [NOTICE] switch_loadable_module.c:223 Adding Codec G726-40 121 G.726 40k 8000hz 10ms 1ch 40000bps
2026-09-30 10:40:33.382668 0.00% [NOTICE] switch_loadable_module.c:223 Adding Codec G726-40 121 G.726 40k 8000hz 20ms 1ch 40000bps
2026-09-30 10:40:33.382670 0.00% [NOTICE] switch_loadable_module.c:223 Adding Codec G726-40 121 G.726 40k 8000hz 30ms 1ch 40000bps
2026-09-30 10:40:33.382671 0.00% [NOTICE] switch_loadable_module.c:223 Adding Codec G726-40 121 G.726 40k 8000hz 40ms 1ch 40000bps
2026-09-30 10:40:33.382673 0.00% [NOTICE] switch_loadable_module.c:223 Adding Codec G726-40 121 G.726 40k 8000hz 50ms 1ch 40000bps
2026-09-30 10:40:33.382674 0.00% [NOTICE] switch_loadable_module.c:223 Adding Codec G726-40 121 G.726 40k 8000hz 60ms 1ch 40000bps
2026-09-30 10:40:33.382676 0.00% [NOTICE] switch_loadable_module.c:223 Adding Codec G726-40 121 G.726 40k 8000hz 70ms 1ch 40000bps
2026-09-30 10:40:33.382677 0.00% [NOTICE] switch_loadable_module.c:223 Adding Codec G726-40 121 G.726 40k 8000hz 80ms 1ch 40000bps
2026-09-30 10:40:33.382679 0.00% [NOTICE] switch_loadable_module.c:223 Adding Codec G726-40 121 G.726 40k 8000hz 90ms 1ch 40000bps
2026-09-30 10:40:33.382680 0.00% [NOTICE] switch_loadable_module.c:223 Adding Codec G726-40 121 G.726 40k 8000hz 100ms 1ch 40000bps
2026-09-30 10:40:33.382682 0.00% [NOTICE] switch_loadable_module.c:223 Adding Codec G726-40 121 G.726 40k 8000hz 110ms 1ch 40000bps
2026-09-30 10:40:33.382687 0.00% [NOTICE] switch_loadable_module.c:223 Adding Codec G726-40 121 G.726 40k 8000hz 120ms 1ch 40000bps
2026-09-30 10:40:33.382702 0.00% [NOTICE] switch_loadable_module.c:223 Adding Codec G722 9 G.722 16000hz 10ms 1ch 64000bps
2026-09-30 10:40:33.382704 0.00% [NOTICE] switch_loadable_module.c:223 Adding Codec G722 9 G.722 16000hz 20ms 1ch 64000bps
2026-09-30 10:40:33.382706 0.00% [NOTICE] switch_loadable_module.c:223 Adding Codec G722 9 G.722 16000hz 30ms 1ch 64000bps
2026-09-30 10:40:33.382708 0.00% [NOTICE] switch_loadable_module.c:223 Adding Codec G722 9 G.722 16000hz 40ms 1ch 64000bps
2026-09-30 10:40:33.382709 0.00% [NOTICE] switch_loadable_module.c:223 Adding Codec G722 9 G.722 16000hz 50ms 1ch 64000bps
2026-09-30 10:40:33.382711 0.00% [NOTICE] switch_loadable_module.c:223 Adding Codec G722 9 G.722 16000hz 60ms 1ch 64000bps
2026-09-30 10:40:33.382716 0.00% [NOTICE] switch_loadable_module.c:223 Adding Codec GSM 3 GSM 8000hz 20ms 1ch 13200bps
2026-09-30 10:40:33.382718 0.00% [NOTICE] switch_loadable_module.c:223 Adding Codec GSM 3 GSM 8000hz 40ms 1ch 13200bps
2026-09-30 10:40:33.382720 0.00% [NOTICE] switch_loadable_module.c:223 Adding Codec GSM 3 GSM 8000hz 60ms 1ch 13200bps
2026-09-30 10:40:33.382721 0.00% [NOTICE] switch_loadable_module.c:223 Adding Codec GSM 3 GSM 8000hz 80ms 1ch 13200bps
2026-09-30 10:40:33.382770 0.00% [NOTICE] switch_loadable_module.c:223 Adding Codec GSM 3 GSM 8000hz 100ms 1ch 13200bps
2026-09-30 10:40:33.382773 0.00% [NOTICE] switch_loadable_module.c:223 Adding Codec GSM 3 GSM 8000hz 120ms 1ch 13200bps
2026-09-30 10:40:33.382790 0.00% [NOTICE] switch_loadable_module.c:223 Adding Codec LPC 7 LPC-10 8000hz 90ms 1ch 2400bps
2026-09-30 10:40:33.382840 0.00% [NOTICE] switch_loadable_module.c:329 Adding Application 't38_gateway'
2026-09-30 10:40:33.382848 0.00% [NOTICE] switch_loadable_module.c:329 Adding Application 'rxfax'
2026-09-30 10:40:33.382854 0.00% [NOTICE] switch_loadable_module.c:329 Adding Application 'txfax'
2026-09-30 10:40:33.382860 0.00% [NOTICE] switch_loadable_module.c:329 Adding Application 'stopfax'
2026-09-30 10:40:33.382867 0.00% [NOTICE] switch_loadable_module.c:329 Adding Application 'spandsp_stop_dtmf'
2026-09-30 10:40:33.382884 0.00% [NOTICE] switch_loadable_module.c:329 Adding Application 'spandsp_start_dtmf'
2026-09-30 10:40:33.382890 0.00% [NOTICE] switch_loadable_module.c:329 Adding Application 'spandsp_stop_inject_tdd'
2026-09-30 10:40:33.382898 0.00% [NOTICE] switch_loadable_module.c:329 Adding Application 'spandsp_inject_tdd'
2026-09-30 10:40:33.382904 0.00% [NOTICE] switch_loadable_module.c:329 Adding Application 'spandsp_stop_detect_tdd'
2026-09-30 10:40:33.382909 0.00% [NOTICE] switch_loadable_module.c:329 Adding Application 'spandsp_detect_tdd'
2026-09-30 10:40:33.382915 0.00% [NOTICE] switch_loadable_module.c:329 Adding Application 'spandsp_send_tdd'
2026-09-30 10:40:33.382922 0.00% [NOTICE] switch_loadable_module.c:329 Adding Application 'spandsp_start_fax_detect'
2026-09-30 10:40:33.382928 0.00% [NOTICE] switch_loadable_module.c:329 Adding Application 'spandsp_stop_fax_detect'
2026-09-30 10:40:33.382933 0.00% [NOTICE] switch_loadable_module.c:329 Adding Application 'spandsp_start_tone_detect'
2026-09-30 10:40:33.382938 0.00% [NOTICE] switch_loadable_module.c:329 Adding Application 'spandsp_stop_tone_detect'
2026-09-30 10:40:33.382943 0.00% [NOTICE] switch_loadable_module.c:389 Adding API Function 'spandsp_start_tone_detect'
2026-09-30 10:40:33.382948 0.00% [NOTICE] switch_loadable_module.c:389 Adding API Function 'spandsp_stop_tone_detect'
2026-09-30 10:40:33.382953 0.00% [NOTICE] switch_loadable_module.c:389 Adding API Function 'start_tdd_detect'
2026-09-30 10:40:33.382958 0.00% [NOTICE] switch_loadable_module.c:389 Adding API Function 'stop_tdd_detect'
2026-09-30 10:40:33.382965 0.00% [NOTICE] switch_loadable_module.c:389 Adding API Function 'uuid_send_tdd'
2026-09-30 10:40:33.383594 0.00% [CONSOLE] switch_loadable_module.c:1772 Successfully Loaded [mod_g723_1]
2026-09-30 10:40:33.383605 0.00% [NOTICE] switch_loadable_module.c:223 Adding Codec G723 4 G.723.1 6.3k 8000hz 120ms 1ch 6300bps
2026-09-30 10:40:33.383609 0.00% [NOTICE] switch_loadable_module.c:223 Adding Codec G723 4 G.723.1 6.3k 8000hz 90ms 1ch 6300bps
2026-09-30 10:40:33.383611 0.00% [NOTICE] switch_loadable_module.c:223 Adding Codec G723 4 G.723.1 6.3k 8000hz 60ms 1ch 6300bps
2026-09-30 10:40:33.383612 0.00% [NOTICE] switch_loadable_module.c:223 Adding Codec G723 4 G.723.1 6.3k 8000hz 30ms 1ch 6300bps
2026-09-30 10:40:33.384266 0.00% [CONSOLE] switch_loadable_module.c:1772 Successfully Loaded [mod_g729]
2026-09-30 10:40:33.384277 0.00% [NOTICE] switch_loadable_module.c:223 Adding Codec G729 18 G.729 8000hz 10ms 1ch 8000bps
2026-09-30 10:40:33.384281 0.00% [NOTICE] switch_loadable_module.c:223 Adding Codec G729 18 G.729 8000hz 20ms 1ch 8000bps
2026-09-30 10:40:33.384283 0.00% [NOTICE] switch_loadable_module.c:223 Adding Codec G729 18 G.729 8000hz 30ms 1ch 8000bps
2026-09-30 10:40:33.384285 0.00% [NOTICE] switch_loadable_module.c:223 Adding Codec G729 18 G.729 8000hz 40ms 1ch 8000bps
2026-09-30 10:40:33.384286 0.00% [NOTICE] switch_loadable_module.c:223 Adding Codec G729 18 G.729 8000hz 50ms 1ch 8000bps
2026-09-30 10:40:33.384288 0.00% [NOTICE] switch_loadable_module.c:223 Adding Codec G729 18 G.729 8000hz 60ms 1ch 8000bps
2026-09-30 10:40:33.384289 0.00% [NOTICE] switch_loadable_module.c:223 Adding Codec G729 18 G.729 8000hz 70ms 1ch 8000bps
2026-09-30 10:40:33.384291 0.00% [NOTICE] switch_loadable_module.c:223 Adding Codec G729 18 G.729 8000hz 80ms 1ch 8000bps
2026-09-30 10:40:33.384292 0.00% [NOTICE] switch_loadable_module.c:223 Adding Codec G729 18 G.729 8000hz 90ms 1ch 8000bps
2026-09-30 10:40:33.384301 0.00% [NOTICE] switch_loadable_module.c:223 Adding Codec G729 18 G.729 8000hz 100ms 1ch 8000bps
2026-09-30 10:40:33.384303 0.00% [NOTICE] switch_loadable_module.c:223 Adding Codec G729 18 G.729 8000hz 110ms 1ch 8000bps
2026-09-30 10:40:33.384305 0.00% [NOTICE] switch_loadable_module.c:223 Adding Codec G729 18 G.729 8000hz 120ms 1ch 8000bps
2026-09-30 10:40:33.384683 0.00% [CONSOLE] switch_loadable_module.c:1772 Successfully Loaded [mod_amr]
2026-09-30 10:40:33.384693 0.00% [NOTICE] switch_loadable_module.c:223 Adding Codec AMR 96 AMR / Octet Aligned 8000hz 20ms 1ch 12200bps
2026-09-30 10:40:33.384719 0.00% [NOTICE] switch_loadable_module.c:223 Adding Codec AMR 97 AMR / Bandwidth Efficient 8000hz 20ms 1ch 12200bps
2026-09-30 10:40:33.385017 0.00% [CONSOLE] switch_loadable_module.c:1772 Successfully Loaded [mod_b64]
2026-09-30 10:40:33.385029 0.00% [NOTICE] switch_loadable_module.c:223 Adding Codec b64 116 B64 (STANDARD) 32000hz 20ms 1ch 684800bps
2026-09-30 10:40:33.385033 0.00% [NOTICE] switch_loadable_module.c:223 Adding Codec b64 116 B64 (STANDARD) 16000hz 20ms 1ch 342400bps
2026-09-30 10:40:33.385035 0.00% [NOTICE] switch_loadable_module.c:223 Adding Codec b64 116 B64 (STANDARD) 8000hz 20ms 1ch 171200bps
2026-09-30 10:40:33.386685 0.00% [CONSOLE] switch_loadable_module.c:1772 Successfully Loaded [mod_opus]
2026-09-30 10:40:33.386694 0.00% [NOTICE] switch_loadable_module.c:229 Adding Codec opus 116 OPUS (STANDARD) 8000hz 40ms 2ch (VBR)
2026-09-30 10:40:33.386697 0.00% [NOTICE] switch_loadable_module.c:229 Adding Codec opus 116 OPUS (STANDARD) 8000hz 40ms 1ch (VBR)
2026-09-30 10:40:33.386699 0.00% [NOTICE] switch_loadable_module.c:229 Adding Codec opus 116 OPUS (STANDARD) 8000hz 120ms 1ch (VBR)
2026-09-30 10:40:33.386701 0.00% [NOTICE] switch_loadable_module.c:229 Adding Codec opus 116 OPUS (STANDARD) 8000hz 100ms 1ch (VBR)
2026-09-30 10:40:33.386703 0.00% [NOTICE] switch_loadable_module.c:229 Adding Codec opus 116 OPUS (STANDARD) 8000hz 80ms 1ch (VBR)
2026-09-30 10:40:33.386704 0.00% [NOTICE] switch_loadable_module.c:229 Adding Codec opus 116 OPUS (STANDARD) 8000hz 60ms 1ch (VBR)
2026-09-30 10:40:33.386706 0.00% [NOTICE] switch_loadable_module.c:229 Adding Codec opus 116 OPUS (STANDARD) 8000hz 20ms 2ch (VBR)
2026-09-30 10:40:33.386707 0.00% [NOTICE] switch_loadable_module.c:229 Adding Codec opus 116 OPUS (STANDARD) 8000hz 20ms 1ch (VBR)
2026-09-30 10:40:33.386708 0.00% [NOTICE] switch_loadable_module.c:229 Adding Codec opus 116 OPUS (STANDARD) 8000hz 10ms 2ch (VBR)
2026-09-30 10:40:33.386710 0.00% [NOTICE] switch_loadable_module.c:229 Adding Codec opus 116 OPUS (STANDARD) 8000hz 10ms 1ch (VBR)
2026-09-30 10:40:33.386711 0.00% [NOTICE] switch_loadable_module.c:229 Adding Codec opus 116 OPUS (STANDARD) 16000hz 40ms 2ch (VBR)
2026-09-30 10:40:33.386713 0.00% [NOTICE] switch_loadable_module.c:229 Adding Codec opus 116 OPUS (STANDARD) 16000hz 40ms 1ch (VBR)
2026-09-30 10:40:33.386715 0.00% [NOTICE] switch_loadable_module.c:229 Adding Codec opus 116 OPUS (STANDARD) 16000hz 60ms 1ch (VBR)
2026-09-30 10:40:33.386716 0.00% [NOTICE] switch_loadable_module.c:229 Adding Codec opus 116 OPUS (STANDARD) 16000hz 20ms 2ch (VBR)
2026-09-30 10:40:33.386717 0.00% [NOTICE] switch_loadable_module.c:229 Adding Codec opus 116 OPUS (STANDARD) 16000hz 20ms 1ch (VBR)
2026-09-30 10:40:33.386719 0.00% [NOTICE] switch_loadable_module.c:229 Adding Codec opus 116 OPUS (STANDARD) 16000hz 10ms 2ch (VBR)
2026-09-30 10:40:33.386720 0.00% [NOTICE] switch_loadable_module.c:229 Adding Codec opus 116 OPUS (STANDARD) 16000hz 10ms 1ch (VBR)
2026-09-30 10:40:33.386722 0.00% [NOTICE] switch_loadable_module.c:229 Adding Codec opus 116 OPUS (STANDARD) 48000hz 40ms 2ch (VBR)
2026-09-30 10:40:33.386723 0.00% [NOTICE] switch_loadable_module.c:229 Adding Codec opus 116 OPUS (STANDARD) 48000hz 40ms 1ch (VBR)
2026-09-30 10:40:33.386724 0.00% [NOTICE] switch_loadable_module.c:229 Adding Codec opus 116 OPUS (STANDARD) 48000hz 20ms 2ch (VBR)
2026-09-30 10:40:33.386744 0.00% [NOTICE] switch_loadable_module.c:229 Adding Codec opus 116 OPUS (STANDARD) 48000hz 20ms 1ch (VBR)
2026-09-30 10:40:33.386795 0.00% [NOTICE] switch_loadable_module.c:229 Adding Codec opus 116 OPUS (STANDARD) 48000hz 10ms 2ch (VBR)
2026-09-30 10:40:33.386798 0.00% [NOTICE] switch_loadable_module.c:229 Adding Codec opus 116 OPUS (STANDARD) 48000hz 10ms 1ch (VBR)
2026-09-30 10:40:33.386821 0.00% [NOTICE] switch_loadable_module.c:389 Adding API Function 'opus_debug'
2026-09-30 10:40:33.387686 0.00% [CRIT] switch_loadable_module.c:1754 Error Loading module /usr/lib/freeswitch/mod/mod_av.so
**Error loading shared library libavformat.so.62: No such file or directory (needed by /usr/lib/freeswitch/mod/mod_av.so)**
2026-09-30 10:40:33.395845 0.00% [INFO] mod_sndfile.c:498 
LibSndFile Version : libsndfile-1.2.2 Supported Formats
================================================================================
AIFF (Apple/SGI)  (extension "aiff")
AU (Sun/NeXT)  (extension "au")
AVR (Audio Visual Research)  (extension "avr")
CAF (Apple Core Audio File)  (extension "caf")
FLAC (Free Lossless Audio Codec)  (extension "flac")
HTK (HMM Tool Kit)  (extension "htk")
IFF (Amiga IFF/SVX8/SV16)  (extension "iff")
MAT4 (GNU Octave 2.0 / Matlab 4.2)  (extension "mat")
MAT5 (GNU Octave 2.1 / Matlab 5.0)  (extension "mat")
MPC (Akai MPC 2k)  (extension "mpc")
MPEG-1/2 Audio  (extension "m1a")
OGG (OGG Container format)  (extension "oga")
OGG (OGG Container format)  (extension "ogg")
PAF (Ensoniq PARIS)  (extension "paf")
PVF (Portable Voice Format)  (extension "pvf")
RAW (header-less)  (extension "raw")
RF64 (RIFF 64)  (extension "rf64")
SD2 (Sound Designer II)  (extension "sd2")
SDS (Midi Sample Dump Standard)  (extension "sds")
SF (Berkeley/IRCAM/CARL)  (extension "sf")
VOC (Creative Labs)  (extension "voc")
W64 (SoundFoundry WAVE 64)  (extension "w64")
WAV (Microsoft)  (extension "wav")
WAV (NIST Sphere)  (extension "wav")
WAVEX (Microsoft)  (extension "wav")
WVE (Psion Series 3)  (extension "wve")
XI (FastTracker 2)  (extension "xi")
================================================================================
2026-09-30 10:40:33.395919 0.00% [CONSOLE] switch_loadable_module.c:1772 Successfully Loaded [mod_sndfile]
2026-09-30 10:40:33.395935 0.00% [NOTICE] switch_loadable_module.c:389 Adding API Function 'sndfile_debug'
2026-09-30 10:40:33.395965 0.00% [NOTICE] switch_loadable_module.c:455 Adding File Format 'aiff'
2026-09-30 10:40:33.395976 0.00% [NOTICE] switch_loadable_module.c:455 Adding File Format 'au'
2026-09-30 10:40:33.396011 0.00% [NOTICE] switch_loadable_module.c:455 Adding File Format 'avr'
2026-09-30 10:40:33.396019 0.00% [NOTICE] switch_loadable_module.c:455 Adding File Format 'caf'
2026-09-30 10:40:33.396026 0.00% [NOTICE] switch_loadable_module.c:455 Adding File Format 'flac'
2026-09-30 10:40:33.396033 0.00% [NOTICE] switch_loadable_module.c:455 Adding File Format 'htk'
2026-09-30 10:40:33.396040 0.00% [NOTICE] switch_loadable_module.c:455 Adding File Format 'iff'
2026-09-30 10:40:33.396049 0.00% [NOTICE] switch_loadable_module.c:455 Adding File Format 'mat'
2026-09-30 10:40:33.396056 0.00% [NOTICE] switch_loadable_module.c:455 Adding File Format 'mpc'
2026-09-30 10:40:33.396066 0.00% [NOTICE] switch_loadable_module.c:455 Adding File Format 'm1a'
2026-09-30 10:40:33.396072 0.00% [NOTICE] switch_loadable_module.c:455 Adding File Format 'oga'
2026-09-30 10:40:33.396079 0.00% [NOTICE] switch_loadable_module.c:455 Adding File Format 'paf'
2026-09-30 10:40:33.396090 0.00% [NOTICE] switch_loadable_module.c:455 Adding File Format 'pvf'
2026-09-30 10:40:33.396155 0.00% [NOTICE] switch_loadable_module.c:455 Adding File Format 'raw'
2026-09-30 10:40:33.396165 0.00% [NOTICE] switch_loadable_module.c:455 Adding File Format 'rf64'
2026-09-30 10:40:33.396171 0.00% [NOTICE] switch_loadable_module.c:455 Adding File Format 'sd2'
2026-09-30 10:40:33.396177 0.00% [NOTICE] switch_loadable_module.c:455 Adding File Format 'sds'
2026-09-30 10:40:33.396184 0.00% [NOTICE] switch_loadable_module.c:455 Adding File Format 'sf'
2026-09-30 10:40:33.396214 0.00% [NOTICE] switch_loadable_module.c:455 Adding File Format 'voc'
2026-09-30 10:40:33.396221 0.00% [NOTICE] switch_loadable_module.c:455 Adding File Format 'w64'
2026-09-30 10:40:33.396227 0.00% [NOTICE] switch_loadable_module.c:455 Adding File Format 'wav'
2026-09-30 10:40:33.396233 0.00% [NOTICE] switch_loadable_module.c:455 Adding File Format 'wve'
2026-09-30 10:40:33.396238 0.00% [NOTICE] switch_loadable_module.c:455 Adding File Format 'xi'
2026-09-30 10:40:33.396243 0.00% [NOTICE] switch_loadable_module.c:455 Adding File Format 'r8'
2026-09-30 10:40:33.396248 0.00% [NOTICE] switch_loadable_module.c:455 Adding File Format 'r16'
2026-09-30 10:40:33.396253 0.00% [NOTICE] switch_loadable_module.c:455 Adding File Format 'r24'
2026-09-30 10:40:33.396258 0.00% [NOTICE] switch_loadable_module.c:455 Adding File Format 'r32'
2026-09-30 10:40:33.396263 0.00% [NOTICE] switch_loadable_module.c:455 Adding File Format 'gsm'
2026-09-30 10:40:33.396268 0.00% [NOTICE] switch_loadable_module.c:455 Adding File Format 'ul'
2026-09-30 10:40:33.396273 0.00% [NOTICE] switch_loadable_module.c:455 Adding File Format 'ulaw'
2026-09-30 10:40:33.396280 0.00% [NOTICE] switch_loadable_module.c:455 Adding File Format 'al'
2026-09-30 10:40:33.396287 0.00% [NOTICE] switch_loadable_module.c:455 Adding File Format 'alaw'
2026-09-30 10:40:33.396292 0.00% [NOTICE] switch_loadable_module.c:455 Adding File Format 'adpcm'
2026-09-30 10:40:33.396339 0.00% [NOTICE] switch_loadable_module.c:455 Adding File Format 'vox'
2026-09-30 10:40:33.396367 0.00% [NOTICE] switch_loadable_module.c:455 Adding File Format 'oga'
2026-09-30 10:40:33.396375 0.00% [NOTICE] switch_loadable_module.c:455 Adding File Format 'ogg'
2026-09-30 10:40:33.396825 0.00% [CONSOLE] switch_loadable_module.c:1772 Successfully Loaded [mod_native_file]
2026-09-30 10:40:33.396875 0.00% [NOTICE] switch_loadable_module.c:455 Adding File Format 'AAL2-G726-32'
2026-09-30 10:40:33.396899 0.00% [NOTICE] switch_loadable_module.c:455 Adding File Format 'DVI4'
2026-09-30 10:40:33.396907 0.00% [NOTICE] switch_loadable_module.c:455 Adding File Format 'PCMU'
2026-09-30 10:40:33.396918 0.00% [NOTICE] switch_loadable_module.c:455 Adding File Format 'G722'
2026-09-30 10:40:33.396924 0.00% [NOTICE] switch_loadable_module.c:455 Adding File Format 'AAL2-G726-24'
2026-09-30 10:40:33.396929 0.00% [NOTICE] switch_loadable_module.c:455 Adding File Format 'AAL2-G726-40'
2026-09-30 10:40:33.396935 0.00% [NOTICE] switch_loadable_module.c:455 Adding File Format 'L16'
2026-09-30 10:40:33.396943 0.00% [NOTICE] switch_loadable_module.c:455 Adding File Format 'G726-16'
2026-09-30 10:40:33.396949 0.00% [NOTICE] switch_loadable_module.c:455 Adding File Format 'PCMA'
2026-09-30 10:40:33.396954 0.00% [NOTICE] switch_loadable_module.c:455 Adding File Format 'G726-24'
2026-09-30 10:40:33.396983 0.00% [NOTICE] switch_loadable_module.c:455 Adding File Format 'G729'
2026-09-30 10:40:33.396989 0.00% [NOTICE] switch_loadable_module.c:455 Adding File Format 'AAL2-G726-16'
2026-09-30 10:40:33.396996 0.00% [NOTICE] switch_loadable_module.c:455 Adding File Format 'G726-32'
2026-09-30 10:40:33.397001 0.00% [NOTICE] switch_loadable_module.c:455 Adding File Format 'GSM'
2026-09-30 10:40:33.397007 0.00% [NOTICE] switch_loadable_module.c:455 Adding File Format 'G726-40'
2026-09-30 10:40:33.397014 0.00% [NOTICE] switch_loadable_module.c:455 Adding File Format 'G723'
2026-09-30 10:40:33.397019 0.00% [NOTICE] switch_loadable_module.c:455 Adding File Format 'LPC'
2026-09-30 10:40:33.397653 0.00% [CONSOLE] switch_loadable_module.c:1772 Successfully Loaded [mod_png]
2026-09-30 10:40:33.397662 0.00% [NOTICE] switch_loadable_module.c:389 Adding API Function 'uuid_write_png'
2026-09-30 10:40:33.397684 0.00% [NOTICE] switch_loadable_module.c:455 Adding File Format 'png'
2026-09-30 10:40:33.399281 0.00% [CONSOLE] switch_loadable_module.c:1772 Successfully Loaded [mod_local_stream]
2026-09-30 10:40:33.399294 0.00% [NOTICE] switch_loadable_module.c:389 Adding API Function 'local_stream'
2026-09-30 10:40:33.399323 0.00% [NOTICE] switch_loadable_module.c:455 Adding File Format 'local_stream'
2026-09-30 10:40:33.399751 0.00% [CONSOLE] switch_loadable_module.c:1772 Successfully Loaded [mod_tone_stream]
2026-09-30 10:40:33.399762 0.00% [NOTICE] switch_loadable_module.c:455 Adding File Format 'tone_stream'
2026-09-30 10:40:33.399787 0.00% [NOTICE] switch_loadable_module.c:455 Adding File Format 'silence_stream'
2026-09-30 10:40:33.402961 0.00% [DEBUG] switch_loadable_module.c:1706 Loading module with global namespace at request of module
2026-09-30 10:40:33.402995 0.00% [CONSOLE] switch_loadable_module.c:1772 Successfully Loaded [mod_lua]
2026-09-30 10:40:33.403004 0.00% [NOTICE] switch_loadable_module.c:273 Adding Dialplan 'LUA'
2026-09-30 10:40:33.403028 0.00% [NOTICE] switch_loadable_module.c:329 Adding Application 'lua'
2026-09-30 10:40:33.403037 0.00% [NOTICE] switch_loadable_module.c:359 Adding Chat Application 'lua'
2026-09-30 10:40:33.403044 0.00% [NOTICE] switch_loadable_module.c:389 Adding API Function 'luarun'
2026-09-30 10:40:33.403051 0.00% [NOTICE] switch_loadable_module.c:389 Adding API Function 'lua'
2026-09-30 10:40:33.403882 0.00% [CONSOLE] switch_loadable_module.c:1772 Successfully Loaded [mod_say_en]
2026-09-30 10:40:33.403893 0.00% [NOTICE] switch_loadable_module.c:651 Adding Say interface 'en'
2026-09-30 10:40:33.403925 0.00% [CONSOLE] switch_loadable_module.c:149 Starting runtime thread for mod_verto
2026-09-30 10:40:33.404031 0.00% [CONSOLE] switch_loadable_module.c:149 Starting runtime thread for mod_event_socket
2026-09-30 10:40:33.404117 0.00% [CONSOLE] switch_loadable_module.c:149 Starting runtime thread for CORE_SOFTTIMER_MODULE
2026-09-30 10:40:33.404316 100.00% [DEBUG] mod_event_socket.c:2979 Socket up listening on 0.0.0.0:8021
2026-09-30 10:40:33.404362 100.00% [INFO] switch_time.c:627 Clock synchronized to system time.
2026-09-30 10:40:33.404465 100.00% [DEBUG] switch_loadable_module.c:910 Chat Thread Started
2026-09-30 10:40:33.404662 100.00% [DEBUG] switch_loadable_module.c:910 Chat Thread Started
2026-09-30 10:40:33.404777 100.00% [NOTICE] switch_core.c:1482 Created ip list rfc6598.auto default (deny)
2026-09-30 10:40:33.404783 100.00% [NOTICE] switch_utils.c:665 Adding 100.64.0.0/10 (allow) [] to list rfc6598.auto
2026-09-30 10:40:33.404786 100.00% [NOTICE] switch_core.c:1488 Created ip list rfc1918.auto default (deny)
2026-09-30 10:40:33.404788 100.00% [NOTICE] switch_utils.c:665 Adding 10.0.0.0/8 (allow) [] to list rfc1918.auto
2026-09-30 10:40:33.404790 100.00% [NOTICE] switch_utils.c:665 Adding 172.16.0.0/12 (allow) [] to list rfc1918.auto
2026-09-30 10:40:33.404791 100.00% [NOTICE] switch_utils.c:665 Adding 192.168.0.0/16 (allow) [] to list rfc1918.auto
2026-09-30 10:40:33.404793 100.00% [NOTICE] switch_utils.c:665 Adding fe80::/10 (allow) [] to list rfc1918.auto
2026-09-30 10:40:33.404808 100.00% [NOTICE] switch_core.c:1497 Created ip list wan.auto default (allow)
2026-09-30 10:40:33.404810 100.00% [NOTICE] switch_utils.c:665 Adding 0.0.0.0/8 (deny) [] to list wan.auto
2026-09-30 10:40:33.404812 100.00% [NOTICE] switch_utils.c:665 Adding 10.0.0.0/8 (deny) [] to list wan.auto
2026-09-30 10:40:33.404814 100.00% [NOTICE] switch_utils.c:665 Adding 172.16.0.0/12 (deny) [] to list wan.auto
2026-09-30 10:40:33.404815 100.00% [NOTICE] switch_utils.c:665 Adding 192.168.0.0/16 (deny) [] to list wan.auto
2026-09-30 10:40:33.404817 100.00% [NOTICE] switch_utils.c:665 Adding 169.254.0.0/16 (deny) [] to list wan.auto
2026-09-30 10:40:33.404818 100.00% [NOTICE] switch_utils.c:665 Adding 100.64.0.0/10 (deny) [] to list wan.auto
2026-09-30 10:40:33.404820 100.00% [NOTICE] switch_utils.c:665 Adding fe80::/10 (deny) [] to list wan.auto
2026-09-30 10:40:33.404821 100.00% [NOTICE] switch_core.c:1509 Created ip list wan_v6.auto default (allow)
2026-09-30 10:40:33.404822 100.00% [NOTICE] switch_utils.c:665 Adding 0.0.0.0/0 (deny) [] to list wan_v6.auto
2026-09-30 10:40:33.404827 100.00% [NOTICE] switch_utils.c:665 Adding fe80::/10 (deny) [] to list wan_v6.auto
2026-09-30 10:40:33.404828 100.00% [NOTICE] switch_core.c:1517 Created ip list wan_v4.auto default (allow)
2026-09-30 10:40:33.404829 100.00% [NOTICE] switch_utils.c:665 Adding 0.0.0.0/8 (deny) [] to list wan_v4.auto
2026-09-30 10:40:33.404831 100.00% [NOTICE] switch_utils.c:665 Adding 10.0.0.0/8 (deny) [] to list wan_v4.auto
2026-09-30 10:40:33.404832 100.00% [NOTICE] switch_utils.c:665 Adding 172.16.0.0/12 (deny) [] to list wan_v4.auto
2026-09-30 10:40:33.404834 100.00% [NOTICE] switch_utils.c:665 Adding 192.168.0.0/16 (deny) [] to list wan_v4.auto
2026-09-30 10:40:33.404835 100.00% [NOTICE] switch_utils.c:665 Adding 169.254.0.0/16 (deny) [] to list wan_v4.auto
2026-09-30 10:40:33.404839 100.00% [NOTICE] switch_utils.c:665 Adding 100.64.0.0/10 (deny) [] to list wan_v4.auto
2026-09-30 10:40:33.404841 100.00% [NOTICE] switch_utils.c:665 Adding ::/0 (deny) [] to list wan_v4.auto
2026-09-30 10:40:33.404843 100.00% [NOTICE] switch_core.c:1530 Created ip list any_v6.auto default (allow)
2026-09-30 10:40:33.404845 100.00% [NOTICE] switch_utils.c:665 Adding 0.0.0.0/0 (deny) [] to list any_v6.auto
2026-09-30 10:40:33.404846 100.00% [NOTICE] switch_core.c:1537 Created ip list any_v4.auto default (allow)
2026-09-30 10:40:33.404847 100.00% [NOTICE] switch_utils.c:665 Adding ::/0 (deny) [] to list any_v4.auto
2026-09-30 10:40:33.404849 100.00% [NOTICE] switch_core.c:1544 Created ip list nat.auto default (deny)
2026-09-30 10:40:33.404850 100.00% [NOTICE] switch_core.c:1546 Adding 172.25.0.3/255.255.0.0 (deny) to list nat.auto
2026-09-30 10:40:33.404852 100.00% [NOTICE] switch_utils.c:665 Adding 10.0.0.0/8 (allow) [] to list nat.auto
2026-09-30 10:40:33.404853 100.00% [NOTICE] switch_utils.c:665 Adding 172.16.0.0/12 (allow) [] to list nat.auto
2026-09-30 10:40:33.404855 100.00% [NOTICE] switch_utils.c:665 Adding 192.168.0.0/16 (allow) [] to list nat.auto
2026-09-30 10:40:33.404857 100.00% [NOTICE] switch_utils.c:665 Adding 100.64.0.0/10 (allow) [] to list nat.auto
2026-09-30 10:40:33.404858 100.00% [NOTICE] switch_core.c:1556 Created ip list loopback.auto default (deny)
2026-09-30 10:40:33.404859 100.00% [NOTICE] switch_utils.c:665 Adding 127.0.0.0/8 (allow) [] to list loopback.auto
2026-09-30 10:40:33.404861 100.00% [NOTICE] switch_utils.c:665 Adding ::1/128 (allow) [] to list loopback.auto
2026-09-30 10:40:33.404863 100.00% [NOTICE] switch_core.c:1563 Created ip list localnet.auto default (deny)
2026-09-30 10:40:33.404869 100.00% [NOTICE] switch_core.c:1566 Adding 172.25.0.3/255.255.0.0 (allow) to list localnet.auto
2026-09-30 10:40:33.404872 100.00% [CONSOLE] switch_core.c:1593 Created ip list obd-dev-acl default (deny)
2026-09-30 10:40:33.404875 100.00% [NOTICE] switch_utils.c:665 Adding 127.0.0.1/32 (allow) [] to list obd-dev-acl
2026-09-30 10:40:33.404877 100.00% [NOTICE] switch_utils.c:665 Adding ::1/128 (allow) [] to list obd-dev-acl
2026-09-30 10:40:33.404879 100.00% [NOTICE] switch_utils.c:665 Adding 10.0.0.0/8 (allow) [] to list obd-dev-acl
2026-09-30 10:40:33.404880 100.00% [NOTICE] switch_utils.c:665 Adding 172.16.0.0/12 (allow) [] to list obd-dev-acl
2026-09-30 10:40:33.404882 100.00% [NOTICE] switch_utils.c:665 Adding 192.168.0.0/16 (allow) [] to list obd-dev-acl
2026-09-30 10:40:33.404884 100.00% [CONSOLE] switch_core.c:1593 Created ip list domains default (deny)
2026-09-30 10:40:33.404900 100.00% [NOTICE] switch_utils.c:665 Adding 192.0.2.0/24 (allow) [brian@172.25.0.3] to list domains
2026-09-30 10:40:33.404943 100.00% [CONSOLE] switch_core.c:2497 [m[33m[44m
.=============================================================.
|   _____              ______        _____ _____ ____ _   _   |
|  |  ___| __ ___  ___/ ___\ \      / /_ _|_   _/ ___| | | |  |
|  | |_ | '__/ _ \/ _ \___ \\ \ /\ / / | |  | || |   | |_| |  |
|  |  _|| | |  __/  __/___) |\ V  V /  | |  | || |___|  _  |  |
|  |_|  |_|  \___|\___|____/  \_/\_/  |___| |_| \____|_| |_|  |
|                                                             |
.=============================================================.
|   Anthony Minessale II, Michael Jerris, Brian West, Others  |
|   FreeSWITCH (http://www.freeswitch.org)                    |
|   Paypal Donations Appreciated: paypal@freeswitch.org       |
|   Brought to you by ClueCon http://www.cluecon.com/         |
.=============================================================.

.===============================================================.
|       _                                                       |
|   ___| |_   _  ___  ___ ___  _ __         ___ ___  _ __ ___   |
|  / __| | | | |/ _ \/ __/ _ \| '_ \       / __/ _ \| '_ ` _ \  |
| | (__| | |_| |  __/ (_| (_) | | | |  _  | (_| (_) | | | | | | |
|  \___|_|\__,_|\___|\___\___/|_| |_| (_)  \___\___/|_| |_| |_| |
|                                                               |
.===============================================================.
[m

2026-09-30 10:40:33.404948 100.00% [INFO] switch_core.c:2506 
FreeSWITCH Version 1.11.1-release~64bit ( 64bit)

FreeSWITCH Started
Max Sessions [1000]
Session Rate [30]
SQL [Enabled]
2026-09-30 10:40:33.404951 100.00% [CONSOLE] switch_core.c:2514 
[This app Best viewed at 160x60 or more..]
2026-09-30 10:41:04.384342 97.27% [NOTICE] sofia_reg.c:463 Registering platform-switch
2026-09-30 12:35:31.644453 94.37% [WARNING] switch_core_db.c:92 SQLite is BUSY, sane=299 [BEGIN EXCLUSIVE]
2026-10-01 15:01:42.641807 0.00% [CONSOLE] switch_loadable_module.c:1772 Successfully Loaded [mod_logfile]
2026-10-01 15:01:42.645287 0.00% [CONSOLE] switch_loadable_module.c:1772 Successfully Loaded [mod_enum]
2026-10-01 15:01:42.645390 0.00% [NOTICE] switch_loadable_module.c:273 Adding Dialplan 'enum'
2026-10-01 15:01:42.645468 0.00% [NOTICE] switch_loadable_module.c:329 Adding Application 'enum'
2026-10-01 15:01:42.645500 0.00% [NOTICE] switch_loadable_module.c:389 Adding API Function 'enum'
2026-10-01 15:01:42.645530 0.00% [NOTICE] switch_loadable_module.c:389 Adding API Function 'enum_auto'
2026-10-01 15:01:42.647404 0.00% [DEBUG] mod_cdr_csv.c:368 Adding default template.
2026-10-01 15:01:42.647424 0.00% [DEBUG] mod_cdr_csv.c:415 Adding template sql.
2026-10-01 15:01:42.647430 0.00% [DEBUG] mod_cdr_csv.c:415 Adding template example.
2026-10-01 15:01:42.647435 0.00% [DEBUG] mod_cdr_csv.c:415 Adding template snom.
2026-10-01 15:01:42.647439 0.00% [DEBUG] mod_cdr_csv.c:415 Adding template linksys.
2026-10-01 15:01:42.647443 0.00% [DEBUG] mod_cdr_csv.c:415 Adding template asterisk.
2026-10-01 15:01:42.647446 0.00% [DEBUG] mod_cdr_csv.c:415 Adding template opencdrrate.
2026-10-01 15:01:42.649104 0.00% [CONSOLE] switch_loadable_module.c:1772 Successfully Loaded [mod_cdr_csv]
2026-10-01 15:01:42.649134 0.00% [NOTICE] switch_loadable_module.c:389 Adding API Function 'cdr_csv'
2026-10-01 15:01:42.651288 0.00% [CONSOLE] switch_loadable_module.c:1772 Successfully Loaded [mod_event_socket]
2026-10-01 15:01:42.651326 0.00% [NOTICE] switch_loadable_module.c:329 Adding Application 'socket'
2026-10-01 15:01:42.651404 0.00% [NOTICE] switch_loadable_module.c:389 Adding API Function 'event_sink'
2026-10-01 15:01:42.658320 0.00% [INFO] mod_sofia.c:6737 Starting initial message thread.
2026-10-01 15:01:42.661299 0.00% [DEBUG] sofia.c:4718 debug [0]
2026-10-01 15:01:42.661348 0.00% [DEBUG] sofia.c:4718 sip-trace [no]
2026-10-01 15:01:42.661356 0.00% [DEBUG] sofia.c:4718 sip-capture [no]
2026-10-01 15:01:42.661360 0.00% [DEBUG] sofia.c:4718 sip-port [5060]
2026-10-01 15:01:42.661369 0.00% [DEBUG] sofia.c:4718 listen-ip [0.0.0.0]
2026-10-01 15:01:42.662071 0.00% [DEBUG] sofia.c:4718 dialplan [XML]
2026-10-01 15:01:42.662095 0.00% [DEBUG] sofia.c:4718 context [obd-endpoint]
2026-10-01 15:01:42.662107 0.00% [DEBUG] sofia.c:4718 auth-calls [false]
2026-10-01 15:01:42.662117 0.00% [DEBUG] sofia.c:4718 auth-subscriptions [false]
2026-10-01 15:01:42.662128 0.00% [DEBUG] sofia.c:4718 challenge-realm [172.25.0.3]
2026-10-01 15:01:42.662139 0.00% [DEBUG] sofia.c:4718 inbound-codec-prefs [PCMU,PCMA]
2026-10-01 15:01:42.662150 0.00% [DEBUG] sofia.c:4718 outbound-codec-prefs [PCMU,PCMA]
2026-10-01 15:01:42.662161 0.00% [DEBUG] sofia.c:4718 rfc2833-pt [101]
2026-10-01 15:01:42.662168 0.00% [DEBUG] sofia.c:4718 liberal-dtmf [true]
2026-10-01 15:01:42.662174 0.00% [DEBUG] sofia.c:4718 dtmf-duration [2000]
2026-10-01 15:01:42.662185 0.00% [DEBUG] sofia.c:4718 inbound-codec-negotiation [generous]
2026-10-01 15:01:42.662266 0.00% [DEBUG] sofia.c:4718 rtp-timer-name [soft]
2026-10-01 15:01:42.662302 0.00% [DEBUG] sofia.c:4718 apply-inbound-acl [obd-dev-acl]
2026-10-01 15:01:42.662323 0.00% [INFO] sofia.c:6173 Setting nonce TTL to 60 seconds
2026-10-01 15:01:42.662328 0.00% [INFO] sofia.c:6178 Setting MAX Auth Validity to 0 Attempts
2026-10-01 15:01:42.662593 0.00% [NOTICE] sofia.c:6341 Started Profile obd-endpoint [sofia_reg_obd-endpoint]
2026-10-01 15:01:42.662730 0.00% [DEBUG] sofia.c:3153 Creating agent for obd-endpoint
2026-10-01 15:01:42.663067 0.00% [DEBUG] mod_sofia.c:6753 Waiting for profiles to start
2026-10-01 15:01:42.663468 0.00% [WARNING] sofia.c:2279 MSG Thread 0 Started
2026-10-01 15:01:42.690020 0.00% [DEBUG] sofia.c:3316 Created agent for obd-endpoint
2026-10-01 15:01:42.690245 0.00% [DEBUG] sofia.c:3366 Set params for obd-endpoint
2026-10-01 15:01:42.690258 0.00% [DEBUG] sofia.c:3413 Activated db for obd-endpoint
2026-10-01 15:01:42.697011 0.00% [INFO] switch_core_sqldb.c:1840 sofia:obd-endpoint Starting SQL thread.
2026-10-01 15:01:42.698597 0.00% [DEBUG] sofia.c:3451 Starting thread for obd-endpoint
2026-10-01 15:01:42.698638 0.00% [DEBUG] sofia.c:3043 Launching worker thread for obd-endpoint
2026-10-01 15:01:42.701522 0.00% [NOTICE] sofia_reg.c:3722 Added gateway 'platform-switch' to profile 'obd-endpoint'
2026-10-01 15:01:43.707818 0.00% [NOTICE] sofia_reg.c:463 Registering platform-switch
2026-10-01 15:01:43.802483 0.00% [ERR] sofia_reg.c:2661 platform-switch Failed Registration with status Service Unavailable [503]. failure #1
2026-10-01 15:01:44.165005 0.00% [CONSOLE] switch_loadable_module.c:1772 Successfully Loaded [mod_sofia]
2026-10-01 15:01:44.165093 0.00% [NOTICE] switch_loadable_module.c:172 Adding Endpoint 'sofia'
2026-10-01 15:01:44.165168 0.00% [NOTICE] switch_loadable_module.c:172 Adding Endpoint 'rtp'
2026-10-01 15:01:44.165197 0.00% [NOTICE] switch_loadable_module.c:329 Adding Application 'sofia_sla'
2026-10-01 15:01:44.165229 0.00% [NOTICE] switch_loadable_module.c:329 Adding Application 'sofia_stir_shaken_vs'
2026-10-01 15:01:44.165251 0.00% [NOTICE] switch_loadable_module.c:389 Adding API Function 'sofia'
2026-10-01 15:01:44.165362 0.00% [NOTICE] switch_loadable_module.c:389 Adding API Function 'sofia_gateway_data'
2026-10-01 15:01:44.165389 0.00% [NOTICE] switch_loadable_module.c:389 Adding API Function 'sofia_username_of'
2026-10-01 15:01:44.165492 0.00% [NOTICE] switch_loadable_module.c:389 Adding API Function 'sofia_contact'
2026-10-01 15:01:44.165517 0.00% [NOTICE] switch_loadable_module.c:389 Adding API Function 'sofia_count_reg'
2026-10-01 15:01:44.165540 0.00% [NOTICE] switch_loadable_module.c:389 Adding API Function 'sofia_dig'
2026-10-01 15:01:44.165559 0.00% [NOTICE] switch_loadable_module.c:389 Adding API Function 'sofia_presence_data'
2026-10-01 15:01:44.165578 0.00% [NOTICE] switch_loadable_module.c:419 Adding JSON API Function 'sofia.status'
2026-10-01 15:01:44.165598 0.00% [NOTICE] switch_loadable_module.c:419 Adding JSON API Function 'sofia.status.info'
2026-10-01 15:01:44.165845 0.00% [NOTICE] switch_loadable_module.c:621 Adding Chat interface 'sip'
2026-10-01 15:01:44.165884 0.00% [NOTICE] switch_loadable_module.c:683 Adding Management interface 'mod_sofia' OID[.1.3.6.1.4.1.27880.1001]
2026-10-01 15:01:44.167365 0.00% [CONSOLE] switch_loadable_module.c:1772 Successfully Loaded [mod_loopback]
2026-10-01 15:01:44.167546 0.00% [NOTICE] switch_loadable_module.c:172 Adding Endpoint 'loopback'
2026-10-01 15:01:44.167614 0.00% [NOTICE] switch_loadable_module.c:172 Adding Endpoint 'null'
2026-10-01 15:01:44.167641 0.00% [NOTICE] switch_loadable_module.c:329 Adding Application 'unloop'
2026-10-01 15:01:44.169425 0.00% [CONSOLE] switch_loadable_module.c:1772 Successfully Loaded [mod_rtc]
2026-10-01 15:01:44.169490 0.00% [NOTICE] switch_loadable_module.c:172 Adding Endpoint 'rtc'
2026-10-01 15:01:44.176972 0.00% [INFO] mod_verto.c:5331 Secure key and cert specified
2026-10-01 15:01:44.177050 0.00% [DEBUG] mod_verto.c:5445 default-v4 Bound to 172.25.0.3:8081
2026-10-01 15:01:44.177062 0.00% [DEBUG] mod_verto.c:5445 default-v4 Bound to 172.25.0.3:8082
2026-10-01 15:01:44.177570 0.00% [INFO] mod_verto.c:5331 Secure key and cert specified
2026-10-01 15:01:44.177586 0.00% [DEBUG] mod_verto.c:5445 default-v6 Bound to [::1]:8081
2026-10-01 15:01:44.177593 0.00% [DEBUG] mod_verto.c:5445 default-v6 Bound to [::1]:8082
2026-10-01 15:01:44.183642 0.00% [CONSOLE] switch_loadable_module.c:1772 Successfully Loaded [mod_verto]
2026-10-01 15:01:44.183709 0.00% [NOTICE] switch_loadable_module.c:172 Adding Endpoint 'verto.rtc'
2026-10-01 15:01:44.183858 0.00% [NOTICE] switch_loadable_module.c:389 Adding API Function 'verto'
2026-10-01 15:01:44.183960 0.00% [NOTICE] switch_loadable_module.c:389 Adding API Function 'verto_contact'
2026-10-01 15:01:44.183994 0.00% [NOTICE] switch_loadable_module.c:419 Adding JSON API Function 'store'
2026-10-01 15:01:44.184016 0.00% [NOTICE] switch_loadable_module.c:621 Adding Chat interface 'verto'
2026-10-01 15:01:44.184034 0.00% [INFO] mod_verto.c:5101 default-v4 MCAST Bound to 224.1.1.1:1337/1338
2026-10-01 15:01:44.188404 0.00% [CONSOLE] switch_loadable_module.c:1772 Successfully Loaded [mod_commands]
2026-10-01 15:01:44.188473 0.00% [NOTICE] switch_loadable_module.c:329 Adding Application 'msrp_recv_file'
2026-10-01 15:01:44.188543 0.00% [NOTICE] switch_loadable_module.c:329 Adding Application 'msrp_send_file'
2026-10-01 15:01:44.188578 0.00% [NOTICE] switch_loadable_module.c:389 Adding API Function 'bg_system'
2026-10-01 15:01:44.188599 0.00% [NOTICE] switch_loadable_module.c:389 Adding API Function 'system'
2026-10-01 15:01:44.188621 0.00% [NOTICE] switch_loadable_module.c:389 Adding API Function 'bg_spawn'
2026-10-01 15:01:44.188645 0.00% [NOTICE] switch_loadable_module.c:389 Adding API Function 'spawn'
2026-10-01 15:01:44.188664 0.00% [NOTICE] switch_loadable_module.c:389 Adding API Function 'spawn_stream'
2026-10-01 15:01:44.188691 0.00% [NOTICE] switch_loadable_module.c:389 Adding API Function 'acl'
2026-10-01 15:01:44.188783 0.00% [NOTICE] switch_loadable_module.c:389 Adding API Function 'alias'
2026-10-01 15:01:44.188799 0.00% [NOTICE] switch_loadable_module.c:389 Adding API Function 'coalesce'
2026-10-01 15:01:44.188820 0.00% [NOTICE] switch_loadable_module.c:389 Adding API Function 'banner'
2026-10-01 15:01:44.188833 0.00% [NOTICE] switch_loadable_module.c:389 Adding API Function 'bgapi'
2026-10-01 15:01:44.188844 0.00% [NOTICE] switch_loadable_module.c:389 Adding API Function 'break'
2026-10-01 15:01:44.188855 0.00% [NOTICE] switch_loadable_module.c:389 Adding API Function 'complete'
2026-10-01 15:01:44.188872 0.00% [NOTICE] switch_loadable_module.c:389 Adding API Function 'cond'
2026-10-01 15:01:44.188890 0.00% [NOTICE] switch_loadable_module.c:389 Adding API Function 'console_complete'
2026-10-01 15:01:44.189054 0.00% [NOTICE] switch_loadable_module.c:389 Adding API Function 'console_complete_xml'
2026-10-01 15:01:44.189088 0.00% [NOTICE] switch_loadable_module.c:389 Adding API Function 'create_uuid'
2026-10-01 15:01:44.189111 0.00% [NOTICE] switch_loadable_module.c:389 Adding API Function 'db_cache'
2026-10-01 15:01:44.189128 0.00% [NOTICE] switch_loadable_module.c:389 Adding API Function 'domain_data'
2026-10-01 15:01:44.189146 0.00% [NOTICE] switch_loadable_module.c:389 Adding API Function 'domain_exists'
2026-10-01 15:01:44.189164 0.00% [NOTICE] switch_loadable_module.c:389 Adding API Function 'echo'
2026-10-01 15:01:44.189182 0.00% [NOTICE] switch_loadable_module.c:389 Adding API Function 'event_channel_broadcast'
2026-10-01 15:01:44.189205 0.00% [NOTICE] switch_loadable_module.c:389 Adding API Function 'escape'
2026-10-01 15:01:44.189232 0.00% [NOTICE] switch_loadable_module.c:389 Adding API Function 'eval'
2026-10-01 15:01:44.189252 0.00% [NOTICE] switch_loadable_module.c:389 Adding API Function 'expand'
2026-10-01 15:01:44.189281 0.00% [NOTICE] switch_loadable_module.c:389 Adding API Function 'find_user_xml'
2026-10-01 15:01:44.189353 0.00% [NOTICE] switch_loadable_module.c:389 Adding API Function 'fsctl'
2026-10-01 15:01:44.189367 0.00% [NOTICE] switch_loadable_module.c:389 Adding API Function '...'
2026-10-01 15:01:44.189398 0.00% [NOTICE] switch_loadable_module.c:389 Adding API Function 'shutdown'
2026-10-01 15:01:44.189432 0.00% [NOTICE] switch_loadable_module.c:389 Adding API Function 'version'
2026-10-01 15:01:44.189453 0.00% [NOTICE] switch_loadable_module.c:389 Adding API Function 'global_getvar'
2026-10-01 15:01:44.189476 0.00% [NOTICE] switch_loadable_module.c:389 Adding API Function 'global_setvar'
2026-10-01 15:01:44.189499 0.00% [NOTICE] switch_loadable_module.c:389 Adding API Function 'group_call'
2026-10-01 15:01:44.189710 0.00% [NOTICE] switch_loadable_module.c:389 Adding API Function 'help'
2026-10-01 15:01:44.189743 0.00% [NOTICE] switch_loadable_module.c:389 Adding API Function 'host_lookup'
2026-10-01 15:01:44.189763 0.00% [NOTICE] switch_loadable_module.c:389 Adding API Function 'hostname'
2026-10-01 15:01:44.189786 0.00% [NOTICE] switch_loadable_module.c:389 Adding API Function 'interface_ip'
2026-10-01 15:01:44.189933 0.00% [NOTICE] switch_loadable_module.c:389 Adding API Function 'switchname'
2026-10-01 15:01:44.189983 0.00% [NOTICE] switch_loadable_module.c:389 Adding API Function 'gethost'
2026-10-01 15:01:44.190015 0.00% [NOTICE] switch_loadable_module.c:389 Adding API Function 'getenv'
2026-10-01 15:01:44.190052 0.00% [NOTICE] switch_loadable_module.c:389 Adding API Function 'hupall'
2026-10-01 15:01:44.190087 0.00% [NOTICE] switch_loadable_module.c:389 Adding API Function 'in_group'
2026-10-01 15:01:44.190116 0.00% [NOTICE] switch_loadable_module.c:389 Adding API Function 'is_lan_addr'
2026-10-01 15:01:44.190143 0.00% [NOTICE] switch_loadable_module.c:389 Adding API Function 'limit_usage'
2026-10-01 15:01:44.190169 0.00% [NOTICE] switch_loadable_module.c:389 Adding API Function 'limit_hash_usage'
2026-10-01 15:01:44.190271 0.00% [NOTICE] switch_loadable_module.c:389 Adding API Function 'limit_status'
2026-10-01 15:01:44.190304 0.00% [NOTICE] switch_loadable_module.c:389 Adding API Function 'limit_reset'
2026-10-01 15:01:44.190325 0.00% [NOTICE] switch_loadable_module.c:389 Adding API Function 'limit_interval_reset'
2026-10-01 15:01:44.190342 0.00% [NOTICE] switch_loadable_module.c:389 Adding API Function 'list_users'
2026-10-01 15:01:44.190371 0.00% [NOTICE] switch_loadable_module.c:389 Adding API Function 'load'
2026-10-01 15:01:44.190393 0.00% [NOTICE] switch_loadable_module.c:389 Adding API Function 'log'
2026-10-01 15:01:44.190423 0.00% [NOTICE] switch_loadable_module.c:389 Adding API Function 'md5'
2026-10-01 15:01:44.190450 0.00% [NOTICE] switch_loadable_module.c:389 Adding API Function 'module_exists'
2026-10-01 15:01:44.190624 0.00% [NOTICE] switch_loadable_module.c:389 Adding API Function 'msleep'
2026-10-01 15:01:44.190646 0.00% [NOTICE] switch_loadable_module.c:389 Adding API Function 'nat_map'
2026-10-01 15:01:44.190669 0.00% [NOTICE] switch_loadable_module.c:389 Adding API Function 'originate'
2026-10-01 15:01:44.190696 0.00% [NOTICE] switch_loadable_module.c:389 Adding API Function 'pause'
2026-10-01 15:01:44.190720 0.00% [NOTICE] switch_loadable_module.c:389 Adding API Function 'pool_stats'
2026-10-01 15:01:44.190744 0.00% [NOTICE] switch_loadable_module.c:389 Adding API Function 'quote_shell_arg'
2026-10-01 15:01:44.190767 0.00% [NOTICE] switch_loadable_module.c:389 Adding API Function 'regex'
2026-10-01 15:01:44.190853 0.00% [NOTICE] switch_loadable_module.c:389 Adding API Function 'reloadacl'
2026-10-01 15:01:44.190881 0.00% [NOTICE] switch_loadable_module.c:389 Adding API Function 'reload'
2026-10-01 15:01:44.190902 0.00% [NOTICE] switch_loadable_module.c:389 Adding API Function 'reloadxml'
2026-10-01 15:01:44.190932 0.00% [NOTICE] switch_loadable_module.c:389 Adding API Function 'reloadcert'
2026-10-01 15:01:44.190945 0.00% [NOTICE] switch_loadable_module.c:389 Adding API Function 'replace'
2026-10-01 15:01:44.190956 0.00% [NOTICE] switch_loadable_module.c:389 Adding API Function 'say_string'
2026-10-01 15:01:44.190966 0.00% [NOTICE] switch_loadable_module.c:389 Adding API Function 'sched_api'
2026-10-01 15:01:44.190977 0.00% [NOTICE] switch_loadable_module.c:389 Adding API Function 'sched_broadcast'
2026-10-01 15:01:44.190987 0.00% [NOTICE] switch_loadable_module.c:389 Adding API Function 'sched_del'
2026-10-01 15:01:44.190997 0.00% [NOTICE] switch_loadable_module.c:389 Adding API Function 'sched_hangup'
2026-10-01 15:01:44.191008 0.00% [NOTICE] switch_loadable_module.c:389 Adding API Function 'sched_transfer'
2026-10-01 15:01:44.191018 0.00% [NOTICE] switch_loadable_module.c:389 Adding API Function 'show'
2026-10-01 15:01:44.191029 0.00% [NOTICE] switch_loadable_module.c:389 Adding API Function 'sql_escape'
2026-10-01 15:01:44.191043 0.00% [NOTICE] switch_loadable_module.c:389 Adding API Function 'status'
2026-10-01 15:01:44.191065 0.00% [NOTICE] switch_loadable_module.c:389 Adding API Function 'strftime_tz'
2026-10-01 15:01:44.191085 0.00% [NOTICE] switch_loadable_module.c:389 Adding API Function 'stun'
2026-10-01 15:01:44.191251 0.00% [NOTICE] switch_loadable_module.c:389 Adding API Function 'time_test'
2026-10-01 15:01:44.191282 0.00% [NOTICE] switch_loadable_module.c:389 Adding API Function 'timer_test'
2026-10-01 15:01:44.191303 0.00% [NOTICE] switch_loadable_module.c:389 Adding API Function 'tone_detect'
2026-10-01 15:01:44.191325 0.00% [NOTICE] switch_loadable_module.c:389 Adding API Function 'unload'
2026-10-01 15:01:44.191467 0.00% [NOTICE] switch_loadable_module.c:389 Adding API Function 'unsched_api'
2026-10-01 15:01:44.191590 0.00% [NOTICE] switch_loadable_module.c:389 Adding API Function 'uptime'
2026-10-01 15:01:44.191615 0.00% [NOTICE] switch_loadable_module.c:389 Adding API Function 'reg_url'
2026-10-01 15:01:44.191639 0.00% [NOTICE] switch_loadable_module.c:389 Adding API Function 'url_decode'
2026-10-01 15:01:44.191658 0.00% [NOTICE] switch_loadable_module.c:389 Adding API Function 'url_encode'
2026-10-01 15:01:44.191682 0.00% [NOTICE] switch_loadable_module.c:389 Adding API Function 'toupper'
2026-10-01 15:01:44.191706 0.00% [NOTICE] switch_loadable_module.c:389 Adding API Function 'tolower'
2026-10-01 15:01:44.191730 0.00% [NOTICE] switch_loadable_module.c:389 Adding API Function 'user_data'
2026-10-01 15:01:44.191753 0.00% [NOTICE] switch_loadable_module.c:389 Adding API Function 'uuid_early_ok'
2026-10-01 15:01:44.191792 0.00% [NOTICE] switch_loadable_module.c:389 Adding API Function 'user_exists'
2026-10-01 15:01:44.191816 0.00% [NOTICE] switch_loadable_module.c:389 Adding API Function 'uuid_answer'
2026-10-01 15:01:44.191856 0.00% [NOTICE] switch_loadable_module.c:389 Adding API Function 'uuid_audio'
2026-10-01 15:01:44.191876 0.00% [NOTICE] switch_loadable_module.c:389 Adding API Function 'uuid_break'
2026-10-01 15:01:44.191888 0.00% [NOTICE] switch_loadable_module.c:389 Adding API Function 'uuid_bridge'
2026-10-01 15:01:44.191900 0.00% [NOTICE] switch_loadable_module.c:389 Adding API Function 'uuid_broadcast'
2026-10-01 15:01:44.191944 0.00% [NOTICE] switch_loadable_module.c:389 Adding API Function 'uuid_buglist'
2026-10-01 15:01:44.191969 0.00% [NOTICE] switch_loadable_module.c:389 Adding API Function 'uuid_chat'
2026-10-01 15:01:44.191991 0.00% [NOTICE] switch_loadable_module.c:389 Adding API Function 'uuid_send_text'
2026-10-01 15:01:44.192024 0.00% [NOTICE] switch_loadable_module.c:389 Adding API Function 'uuid_capture_text'
2026-10-01 15:01:44.192050 0.00% [NOTICE] switch_loadable_module.c:389 Adding API Function 'uuid_codec_debug'
2026-10-01 15:01:44.192075 0.00% [NOTICE] switch_loadable_module.c:389 Adding API Function 'uuid_codec_param'
2026-10-01 15:01:44.192161 0.00% [NOTICE] switch_loadable_module.c:389 Adding API Function 'uuid_debug_media'
2026-10-01 15:01:44.192186 0.00% [NOTICE] switch_loadable_module.c:389 Adding API Function 'uuid_deflect'
2026-10-01 15:01:44.192209 0.00% [NOTICE] switch_loadable_module.c:389 Adding API Function 'uuid_displace'
2026-10-01 15:01:44.192234 0.00% [NOTICE] switch_loadable_module.c:389 Adding API Function 'uuid_display'
2026-10-01 15:01:44.192273 0.00% [NOTICE] switch_loadable_module.c:389 Adding API Function 'uuid_media_params'
2026-10-01 15:01:44.192289 0.00% [NOTICE] switch_loadable_module.c:389 Adding API Function 'uuid_drop_dtmf'
2026-10-01 15:01:44.192314 0.00% [NOTICE] switch_loadable_module.c:389 Adding API Function 'uuid_dump'
2026-10-01 15:01:44.192336 0.00% [NOTICE] switch_loadable_module.c:389 Adding API Function 'uuid_exists'
2026-10-01 15:01:44.192374 0.00% [NOTICE] switch_loadable_module.c:389 Adding API Function 'uuid_fileman'
2026-10-01 15:01:44.192398 0.00% [NOTICE] switch_loadable_module.c:389 Adding API Function 'uuid_flush_dtmf'
2026-10-01 15:01:44.192420 0.00% [NOTICE] switch_loadable_module.c:389 Adding API Function 'uuid_getvar'
2026-10-01 15:01:44.192451 0.00% [NOTICE] switch_loadable_module.c:389 Adding API Function 'uuid_hold'
2026-10-01 15:01:44.192566 0.00% [NOTICE] switch_loadable_module.c:389 Adding API Function 'uuid_kill'
2026-10-01 15:01:44.192611 0.00% [NOTICE] switch_loadable_module.c:389 Adding API Function 'uuid_send_message'
2026-10-01 15:01:44.192636 0.00% [NOTICE] switch_loadable_module.c:389 Adding API Function 'uuid_send_info'
2026-10-01 15:01:44.192664 0.00% [NOTICE] switch_loadable_module.c:389 Adding API Function 'uuid_set_media_stats'
2026-10-01 15:01:44.192689 0.00% [NOTICE] switch_loadable_module.c:389 Adding API Function 'uuid_video_bitrate'
2026-10-01 15:01:44.192713 0.00% [NOTICE] switch_loadable_module.c:389 Adding API Function 'uuid_video_bandwidth'
2026-10-01 15:01:44.192734 0.00% [NOTICE] switch_loadable_module.c:389 Adding API Function 'uuid_video_refresh'
2026-10-01 15:01:44.192900 0.00% [NOTICE] switch_loadable_module.c:389 Adding API Function 'uuid_outgoing_answer'
2026-10-01 15:01:44.192927 0.00% [NOTICE] switch_loadable_module.c:389 Adding API Function 'uuid_limit'
2026-10-01 15:01:44.193067 0.00% [NOTICE] switch_loadable_module.c:389 Adding API Function 'uuid_limit_release'
2026-10-01 15:01:44.193092 0.00% [NOTICE] switch_loadable_module.c:389 Adding API Function 'uuid_loglevel'
2026-10-01 15:01:44.193114 0.00% [NOTICE] switch_loadable_module.c:389 Adding API Function 'uuid_media'
2026-10-01 15:01:44.193137 0.00% [NOTICE] switch_loadable_module.c:389 Adding API Function 'uuid_media_3p'
2026-10-01 15:01:44.193157 0.00% [NOTICE] switch_loadable_module.c:389 Adding API Function 'uuid_media_reneg'
2026-10-01 15:01:44.193179 0.00% [NOTICE] switch_loadable_module.c:389 Adding API Function 'uuid_park'
2026-10-01 15:01:44.193199 0.00% [NOTICE] switch_loadable_module.c:389 Adding API Function 'uuid_pause'
2026-10-01 15:01:44.193220 0.00% [NOTICE] switch_loadable_module.c:389 Adding API Function 'uuid_phone_event'
2026-10-01 15:01:44.193243 0.00% [NOTICE] switch_loadable_module.c:389 Adding API Function 'uuid_ring_ready'
2026-10-01 15:01:44.193264 0.00% [NOTICE] switch_loadable_module.c:389 Adding API Function 'uuid_pre_answer'
2026-10-01 15:01:44.193353 0.00% [NOTICE] switch_loadable_module.c:389 Adding API Function 'uuid_preprocess'
2026-10-01 15:01:44.193376 0.00% [NOTICE] switch_loadable_module.c:389 Adding API Function 'uuid_record'
2026-10-01 15:01:44.193401 0.00% [NOTICE] switch_loadable_module.c:389 Adding API Function 'uuid_recovery_refresh'
2026-10-01 15:01:44.193422 0.00% [NOTICE] switch_loadable_module.c:389 Adding API Function 'uuid_recv_dtmf'
2026-10-01 15:01:44.193445 0.00% [NOTICE] switch_loadable_module.c:389 Adding API Function 'uuid_redirect'
2026-10-01 15:01:44.193468 0.00% [NOTICE] switch_loadable_module.c:389 Adding API Function 'uuid_send_dtmf'
2026-10-01 15:01:44.193488 0.00% [NOTICE] switch_loadable_module.c:389 Adding API Function 'uuid_session_heartbeat'
2026-10-01 15:01:44.193511 0.00% [NOTICE] switch_loadable_module.c:389 Adding API Function 'uuid_setvar_multi'
2026-10-01 15:01:44.193531 0.00% [NOTICE] switch_loadable_module.c:389 Adding API Function 'uuid_setvar'
2026-10-01 15:01:44.193551 0.00% [NOTICE] switch_loadable_module.c:389 Adding API Function 'uuid_transfer'
2026-10-01 15:01:44.193645 0.00% [NOTICE] switch_loadable_module.c:389 Adding API Function 'uuid_dual_transfer'
2026-10-01 15:01:44.193667 0.00% [NOTICE] switch_loadable_module.c:389 Adding API Function 'uuid_simplify'
2026-10-01 15:01:44.193693 0.00% [NOTICE] switch_loadable_module.c:389 Adding API Function 'uuid_jitterbuffer'
2026-10-01 15:01:44.193714 0.00% [NOTICE] switch_loadable_module.c:389 Adding API Function 'uuid_zombie_exec'
2026-10-01 15:01:44.193736 0.00% [NOTICE] switch_loadable_module.c:389 Adding API Function 'uuid_xfer_zombie'
2026-10-01 15:01:44.193756 0.00% [NOTICE] switch_loadable_module.c:389 Adding API Function 'xml_flush_cache'
2026-10-01 15:01:44.193792 0.00% [NOTICE] switch_loadable_module.c:389 Adding API Function 'xml_locate'
2026-10-01 15:01:44.193812 0.00% [NOTICE] switch_loadable_module.c:389 Adding API Function 'xml_wrap'
2026-10-01 15:01:44.193833 0.00% [NOTICE] switch_loadable_module.c:389 Adding API Function 'file_exists'
2026-10-01 15:01:44.193859 0.00% [NOTICE] switch_loadable_module.c:389 Adding API Function 'getcputime'
2026-10-01 15:01:44.193879 0.00% [NOTICE] switch_loadable_module.c:389 Adding API Function 'json'
2026-10-01 15:01:44.193899 0.00% [NOTICE] switch_loadable_module.c:389 Adding API Function 'memory'
2026-10-01 15:01:44.193919 0.00% [NOTICE] switch_loadable_module.c:389 Adding API Function 'msrp'
2026-10-01 15:01:44.193939 0.00% [NOTICE] switch_loadable_module.c:389 Adding API Function 'uuid_msrp_send'
2026-10-01 15:01:44.193965 0.00% [NOTICE] switch_loadable_module.c:419 Adding JSON API Function 'mediaStats'
2026-10-01 15:01:44.193989 0.00% [NOTICE] switch_loadable_module.c:419 Adding JSON API Function 'status'
2026-10-01 15:01:44.194011 0.00% [NOTICE] switch_loadable_module.c:419 Adding JSON API Function 'fsapi'
2026-10-01 15:01:44.194031 0.00% [NOTICE] switch_loadable_module.c:419 Adding JSON API Function 'execute'
2026-10-01 15:01:44.194054 0.00% [NOTICE] switch_loadable_module.c:419 Adding JSON API Function 'channelData'
2026-10-01 15:01:44.198637 0.00% [CONSOLE] switch_loadable_module.c:1772 Successfully Loaded [mod_conference]
2026-10-01 15:01:44.198661 0.00% [NOTICE] switch_loadable_module.c:329 Adding Application 'conference'
2026-10-01 15:01:44.198683 0.00% [NOTICE] switch_loadable_module.c:329 Adding Application 'conference_set_auto_outcall'
2026-10-01 15:01:44.198696 0.00% [NOTICE] switch_loadable_module.c:389 Adding API Function 'conference'
2026-10-01 15:01:44.198709 0.00% [NOTICE] switch_loadable_module.c:621 Adding Chat interface 'conf'
2026-10-01 15:01:44.199032 0.00% [CONSOLE] sofia_presence.c:1621 Event Thread Started
2026-10-01 15:01:44.203769 0.00% [CONSOLE] switch_loadable_module.c:1772 Successfully Loaded [mod_db]
2026-10-01 15:01:44.203793 0.00% [NOTICE] switch_loadable_module.c:329 Adding Application 'db'
2026-10-01 15:01:44.203816 0.00% [NOTICE] switch_loadable_module.c:329 Adding Application 'group'
2026-10-01 15:01:44.203836 0.00% [NOTICE] switch_loadable_module.c:389 Adding API Function 'db'
2026-10-01 15:01:44.203859 0.00% [NOTICE] switch_loadable_module.c:389 Adding API Function 'group'
2026-10-01 15:01:44.204010 0.00% [NOTICE] switch_loadable_module.c:717 Adding Limit interface 'db'
2026-10-01 15:01:44.700021 0.00% [CONSOLE] switch_loadable_module.c:1772 Successfully Loaded [mod_dptools]
2026-10-01 15:01:44.700123 0.00% [NOTICE] switch_loadable_module.c:172 Adding Endpoint 'error'
2026-10-01 15:01:44.700207 0.00% [NOTICE] switch_loadable_module.c:172 Adding Endpoint 'group'
2026-10-01 15:01:44.700283 0.00% [NOTICE] switch_loadable_module.c:172 Adding Endpoint 'user'
2026-10-01 15:01:44.700307 0.00% [NOTICE] switch_loadable_module.c:172 Adding Endpoint 'pickup'
2026-10-01 15:01:44.700362 0.00% [NOTICE] switch_loadable_module.c:273 Adding Dialplan 'inline'
2026-10-01 15:01:44.700387 0.00% [NOTICE] switch_loadable_module.c:329 Adding Application 'blind_transfer_ack'
2026-10-01 15:01:44.700416 0.00% [NOTICE] switch_loadable_module.c:329 Adding Application 'bind_digit_action'
2026-10-01 15:01:44.700443 0.00% [NOTICE] switch_loadable_module.c:329 Adding Application 'capture'
2026-10-01 15:01:44.700524 0.00% [NOTICE] switch_loadable_module.c:329 Adding Application 'clear_digit_action'
2026-10-01 15:01:44.700546 0.00% [NOTICE] switch_loadable_module.c:329 Adding Application 'digit_action_set_realm'
2026-10-01 15:01:44.700566 0.00% [NOTICE] switch_loadable_module.c:329 Adding Application 'privacy'
2026-10-01 15:01:44.700589 0.00% [NOTICE] switch_loadable_module.c:329 Adding Application 'set_audio_level'
2026-10-01 15:01:44.700638 0.00% [NOTICE] switch_loadable_module.c:329 Adding Application 'set_mute'
2026-10-01 15:01:44.700662 0.00% [NOTICE] switch_loadable_module.c:329 Adding Application 'flush_dtmf'
2026-10-01 15:01:44.700682 0.00% [NOTICE] switch_loadable_module.c:329 Adding Application 'hold'
2026-10-01 15:01:44.700703 0.00% [NOTICE] switch_loadable_module.c:329 Adding Application 'unhold'
2026-10-01 15:01:44.700725 0.00% [NOTICE] switch_loadable_module.c:329 Adding Application 'mutex'
2026-10-01 15:01:44.700776 0.00% [NOTICE] switch_loadable_module.c:329 Adding Application 'page'
2026-10-01 15:01:44.700799 0.00% [NOTICE] switch_loadable_module.c:329 Adding Application 'transfer'
2026-10-01 15:01:44.700820 0.00% [NOTICE] switch_loadable_module.c:329 Adding Application 'check_acl'
2026-10-01 15:01:44.700840 0.00% [NOTICE] switch_loadable_module.c:329 Adding Application 'verbose_events'
2026-10-01 15:01:44.700860 0.00% [NOTICE] switch_loadable_module.c:329 Adding Application 'novideo'
2026-10-01 15:01:44.700885 0.00% [NOTICE] switch_loadable_module.c:329 Adding Application 'cng_plc'
2026-10-01 15:01:44.700904 0.00% [NOTICE] switch_loadable_module.c:329 Adding Application 'early_hangup'
2026-10-01 15:01:44.700928 0.00% [NOTICE] switch_loadable_module.c:329 Adding Application 'sleep'
2026-10-01 15:01:44.700953 0.00% [NOTICE] switch_loadable_module.c:329 Adding Application 'delay_echo'
2026-10-01 15:01:44.701005 0.00% [NOTICE] switch_loadable_module.c:329 Adding Application 'strftime'
2026-10-01 15:01:44.701019 0.00% [NOTICE] switch_loadable_module.c:329 Adding Application 'phrase'
2026-10-01 15:01:44.701030 0.00% [NOTICE] switch_loadable_module.c:329 Adding Application 'eval'
2026-10-01 15:01:44.701048 0.00% [NOTICE] switch_loadable_module.c:329 Adding Application 'set_media_stats'
2026-10-01 15:01:44.701076 0.00% [NOTICE] switch_loadable_module.c:329 Adding Application 'stop'
2026-10-01 15:01:44.701088 0.00% [NOTICE] switch_loadable_module.c:329 Adding Application 'set_zombie_exec'
2026-10-01 15:01:44.701100 0.00% [NOTICE] switch_loadable_module.c:329 Adding Application 'pre_answer'
2026-10-01 15:01:44.701111 0.00% [NOTICE] switch_loadable_module.c:329 Adding Application 'answer'
2026-10-01 15:01:44.701122 0.00% [NOTICE] switch_loadable_module.c:329 Adding Application 'wait_for_answer'
2026-10-01 15:01:44.701134 0.00% [NOTICE] switch_loadable_module.c:329 Adding Application 'wait_for_video_ready'
2026-10-01 15:01:44.701148 0.00% [NOTICE] switch_loadable_module.c:329 Adding Application 'hangup'
2026-10-01 15:01:44.701221 0.00% [NOTICE] switch_loadable_module.c:329 Adding Application 'set_name'
2026-10-01 15:01:44.701341 0.00% [NOTICE] switch_loadable_module.c:329 Adding Application 'presence'
2026-10-01 15:01:44.701382 0.00% [NOTICE] switch_loadable_module.c:329 Adding Application 'log'
2026-10-01 15:01:44.701406 0.00% [NOTICE] switch_loadable_module.c:329 Adding Application 'info'
2026-10-01 15:01:44.701429 0.00% [NOTICE] switch_loadable_module.c:329 Adding Application 'event'
2026-10-01 15:01:44.701457 0.00% [NOTICE] switch_loadable_module.c:329 Adding Application 'sound_test'
2026-10-01 15:01:44.701478 0.00% [NOTICE] switch_loadable_module.c:329 Adding Application 'export'
2026-10-01 15:01:44.701499 0.00% [NOTICE] switch_loadable_module.c:329 Adding Application 'bridge_export'
2026-10-01 15:01:44.701523 0.00% [NOTICE] switch_loadable_module.c:329 Adding Application 'set'
2026-10-01 15:01:44.701541 0.00% [NOTICE] switch_loadable_module.c:329 Adding Application 'multiset'
2026-10-01 15:01:44.701560 0.00% [NOTICE] switch_loadable_module.c:329 Adding Application 'push'
2026-10-01 15:01:44.701594 0.00% [NOTICE] switch_loadable_module.c:329 Adding Application 'unshift'
2026-10-01 15:01:44.701617 0.00% [NOTICE] switch_loadable_module.c:329 Adding Application 'set_global'
2026-10-01 15:01:44.701645 0.00% [NOTICE] switch_loadable_module.c:329 Adding Application 'set_profile_var'
2026-10-01 15:01:44.701666 0.00% [NOTICE] switch_loadable_module.c:329 Adding Application 'unset'
2026-10-01 15:01:44.701688 0.00% [NOTICE] switch_loadable_module.c:329 Adding Application 'multiunset'
2026-10-01 15:01:44.701709 0.00% [NOTICE] switch_loadable_module.c:329 Adding Application 'capture_text'
2026-10-01 15:01:44.701729 0.00% [NOTICE] switch_loadable_module.c:329 Adding Application 'acknowledge_call'
2026-10-01 15:01:44.701746 0.00% [NOTICE] switch_loadable_module.c:329 Adding Application 'ring_ready'
2026-10-01 15:01:44.701838 0.00% [NOTICE] switch_loadable_module.c:329 Adding Application 'remove_bugs'
2026-10-01 15:01:44.701860 0.00% [NOTICE] switch_loadable_module.c:329 Adding Application 'break'
2026-10-01 15:01:44.701876 0.00% [NOTICE] switch_loadable_module.c:329 Adding Application 'detect_speech'
2026-10-01 15:01:44.701898 0.00% [NOTICE] switch_loadable_module.c:329 Adding Application 'play_and_detect_speech'
2026-10-01 15:01:44.701918 0.00% [NOTICE] switch_loadable_module.c:329 Adding Application 'ivr'
2026-10-01 15:01:44.701943 0.00% [NOTICE] switch_loadable_module.c:329 Adding Application 'redirect'
2026-10-01 15:01:44.701960 0.00% [NOTICE] switch_loadable_module.c:329 Adding Application 'video_refresh'
2026-10-01 15:01:44.701977 0.00% [NOTICE] switch_loadable_module.c:329 Adding Application 'video_decode'
2026-10-01 15:01:44.701998 0.00% [NOTICE] switch_loadable_module.c:329 Adding Application 'send_info'
2026-10-01 15:01:44.702020 0.00% [NOTICE] switch_loadable_module.c:329 Adding Application 'jitterbuffer'
2026-10-01 15:01:44.702072 0.00% [NOTICE] switch_loadable_module.c:329 Adding Application 'send_display'
2026-10-01 15:01:44.702095 0.00% [NOTICE] switch_loadable_module.c:329 Adding Application 'respond'
2026-10-01 15:01:44.702115 0.00% [NOTICE] switch_loadable_module.c:329 Adding Application 'deflect'
2026-10-01 15:01:44.702174 0.00% [NOTICE] switch_loadable_module.c:329 Adding Application 'recovery_refresh'
2026-10-01 15:01:44.702247 0.00% [NOTICE] switch_loadable_module.c:329 Adding Application 'reuse_caller_profile'
2026-10-01 15:01:44.702310 0.00% [NOTICE] switch_loadable_module.c:329 Adding Application 'queue_dtmf'
2026-10-01 15:01:44.702502 0.00% [NOTICE] switch_loadable_module.c:329 Adding Application 'send_dtmf'
2026-10-01 15:01:44.702533 0.00% [NOTICE] switch_loadable_module.c:329 Adding Application 'sched_cancel'
2026-10-01 15:01:44.702561 0.00% [NOTICE] switch_loadable_module.c:329 Adding Application 'sched_hangup'
2026-10-01 15:01:44.702591 0.00% [NOTICE] switch_loadable_module.c:329 Adding Application 'sched_broadcast'
2026-10-01 15:01:44.702612 0.00% [NOTICE] switch_loadable_module.c:329 Adding Application 'sched_transfer'
2026-10-01 15:01:44.702634 0.00% [NOTICE] switch_loadable_module.c:329 Adding Application 'execute_extension'
2026-10-01 15:01:44.702656 0.00% [NOTICE] switch_loadable_module.c:329 Adding Application 'sched_heartbeat'
2026-10-01 15:01:44.702680 0.00% [NOTICE] switch_loadable_module.c:329 Adding Application 'enable_heartbeat'
2026-10-01 15:01:44.702706 0.00% [NOTICE] switch_loadable_module.c:329 Adding Application 'filter_codecs'
2026-10-01 15:01:44.702726 0.00% [NOTICE] switch_loadable_module.c:329 Adding Application 'enable_keepalive'
2026-10-01 15:01:44.702748 0.00% [NOTICE] switch_loadable_module.c:329 Adding Application 'media_reset'
2026-10-01 15:01:44.702776 0.00% [NOTICE] switch_loadable_module.c:329 Adding Application 'mkdir'
2026-10-01 15:01:44.702807 0.00% [NOTICE] switch_loadable_module.c:329 Adding Application 'rename'
2026-10-01 15:01:44.702828 0.00% [NOTICE] switch_loadable_module.c:329 Adding Application 'transfer_vars'
2026-10-01 15:01:44.702849 0.00% [NOTICE] switch_loadable_module.c:329 Adding Application 'soft_hold'
2026-10-01 15:01:44.702871 0.00% [NOTICE] switch_loadable_module.c:329 Adding Application 'bind_meta_app'
2026-10-01 15:01:44.702897 0.00% [NOTICE] switch_loadable_module.c:329 Adding Application 'unbind_meta_app'
2026-10-01 15:01:44.702918 0.00% [NOTICE] switch_loadable_module.c:329 Adding Application 'block_dtmf'
2026-10-01 15:01:44.702938 0.00% [NOTICE] switch_loadable_module.c:329 Adding Application 'unblock_dtmf'
2026-10-01 15:01:44.702960 0.00% [NOTICE] switch_loadable_module.c:329 Adding Application 'intercept'
2026-10-01 15:01:44.702980 0.00% [NOTICE] switch_loadable_module.c:329 Adding Application 'eavesdrop'
2026-10-01 15:01:44.703168 0.00% [NOTICE] switch_loadable_module.c:329 Adding Application 'native_eavesdrop'
2026-10-01 15:01:44.703239 0.00% [NOTICE] switch_loadable_module.c:329 Adding Application 'three_way'
2026-10-01 15:01:44.703262 0.00% [NOTICE] switch_loadable_module.c:329 Adding Application 'set_user'
2026-10-01 15:01:44.703282 0.00% [NOTICE] switch_loadable_module.c:329 Adding Application 'stop_dtmf'
2026-10-01 15:01:44.703304 0.00% [NOTICE] switch_loadable_module.c:329 Adding Application 'start_dtmf'
2026-10-01 15:01:44.703353 0.00% [NOTICE] switch_loadable_module.c:329 Adding Application 'stop_dtmf_generate'
2026-10-01 15:01:44.703376 0.00% [NOTICE] switch_loadable_module.c:329 Adding Application 'start_dtmf_generate'
2026-10-01 15:01:44.703422 0.00% [NOTICE] switch_loadable_module.c:329 Adding Application 'stop_tone_detect'
2026-10-01 15:01:44.703444 0.00% [NOTICE] switch_loadable_module.c:329 Adding Application 'fax_detect'
2026-10-01 15:01:44.703490 0.00% [NOTICE] switch_loadable_module.c:329 Adding Application 'tone_detect'
2026-10-01 15:01:44.703582 0.00% [NOTICE] switch_loadable_module.c:329 Adding Application 'echo'
2026-10-01 15:01:44.703625 0.00% [NOTICE] switch_loadable_module.c:329 Adding Application 'park'
2026-10-01 15:01:44.703644 0.00% [NOTICE] switch_loadable_module.c:329 Adding Application 'park_state'
2026-10-01 15:01:44.703676 0.00% [NOTICE] switch_loadable_module.c:329 Adding Application 'gentones'
2026-10-01 15:01:44.703698 0.00% [NOTICE] switch_loadable_module.c:329 Adding Application 'playback'
2026-10-01 15:01:44.703726 0.00% [NOTICE] switch_loadable_module.c:329 Adding Application 'broadcast'
2026-10-01 15:01:44.703745 0.00% [NOTICE] switch_loadable_module.c:329 Adding Application 'endless_playback'
2026-10-01 15:01:44.703770 0.00% [NOTICE] switch_loadable_module.c:329 Adding Application 'loop_playback'
2026-10-01 15:01:44.703918 0.00% [NOTICE] switch_loadable_module.c:329 Adding Application 'att_xfer'
2026-10-01 15:01:44.703945 0.00% [NOTICE] switch_loadable_module.c:329 Adding Application 'read'
2026-10-01 15:01:44.703961 0.00% [NOTICE] switch_loadable_module.c:329 Adding Application 'play_and_get_digits'
2026-10-01 15:01:44.703978 0.00% [NOTICE] switch_loadable_module.c:329 Adding Application 'stop_video_write_overlay'
2026-10-01 15:01:44.703992 0.00% [NOTICE] switch_loadable_module.c:329 Adding Application 'video_write_overlay'
2026-10-01 15:01:44.704005 0.00% [NOTICE] switch_loadable_module.c:329 Adding Application 'stop_record_session'
2026-10-01 15:01:44.704016 0.00% [NOTICE] switch_loadable_module.c:329 Adding Application 'record_session'
2026-10-01 15:01:44.704027 0.00% [NOTICE] switch_loadable_module.c:329 Adding Application 'record_session_mask'
2026-10-01 15:01:44.704037 0.00% [NOTICE] switch_loadable_module.c:329 Adding Application 'record_session_unmask'
2026-10-01 15:01:44.704048 0.00% [NOTICE] switch_loadable_module.c:329 Adding Application 'record_session_pause'
2026-10-01 15:01:44.704125 0.00% [NOTICE] switch_loadable_module.c:329 Adding Application 'record_session_resume'
2026-10-01 15:01:44.704170 0.00% [NOTICE] switch_loadable_module.c:329 Adding Application 'record'
2026-10-01 15:01:44.704191 0.00% [NOTICE] switch_loadable_module.c:329 Adding Application 'preprocess'
2026-10-01 15:01:44.704210 0.00% [NOTICE] switch_loadable_module.c:329 Adding Application 'stop_displace_session'
2026-10-01 15:01:44.704267 0.00% [NOTICE] switch_loadable_module.c:329 Adding Application 'displace_session'
2026-10-01 15:01:44.704288 0.00% [NOTICE] switch_loadable_module.c:329 Adding Application 'speak'
2026-10-01 15:01:44.704307 0.00% [NOTICE] switch_loadable_module.c:329 Adding Application 'clear_speech_cache'
2026-10-01 15:01:44.704328 0.00% [NOTICE] switch_loadable_module.c:329 Adding Application 'bridge'
2026-10-01 15:01:44.704347 0.00% [NOTICE] switch_loadable_module.c:329 Adding Application 'system'
2026-10-01 15:01:44.704365 0.00% [NOTICE] switch_loadable_module.c:329 Adding Application 'bgsystem'
2026-10-01 15:01:44.704384 0.00% [NOTICE] switch_loadable_module.c:329 Adding Application 'say'
2026-10-01 15:01:44.704437 0.00% [NOTICE] switch_loadable_module.c:329 Adding Application 'detect_audio'
2026-10-01 15:01:44.704458 0.00% [NOTICE] switch_loadable_module.c:329 Adding Application 'detect_silence'
2026-10-01 15:01:44.704477 0.00% [NOTICE] switch_loadable_module.c:329 Adding Application 'wait_for_silence'
2026-10-01 15:01:44.704495 0.00% [NOTICE] switch_loadable_module.c:329 Adding Application 'session_loglevel'
2026-10-01 15:01:44.704521 0.00% [NOTICE] switch_loadable_module.c:329 Adding Application 'limit'
2026-10-01 15:01:44.704540 0.00% [NOTICE] switch_loadable_module.c:329 Adding Application 'limit_hash'
2026-10-01 15:01:44.704567 0.00% [NOTICE] switch_loadable_module.c:329 Adding Application 'limit_execute'
2026-10-01 15:01:44.704588 0.00% [NOTICE] switch_loadable_module.c:329 Adding Application 'limit_hash_execute'
2026-10-01 15:01:44.704606 0.00% [NOTICE] switch_loadable_module.c:329 Adding Application 'pickup'
2026-10-01 15:01:44.704632 0.00% [NOTICE] switch_loadable_module.c:329 Adding Application 'deduplicate_dtmf'
2026-10-01 15:01:44.704651 0.00% [NOTICE] switch_loadable_module.c:329 Adding Application 'vad_test'
2026-10-01 15:01:44.704669 0.00% [NOTICE] switch_loadable_module.c:329 Adding Application 'debug_media'
2026-10-01 15:01:44.704689 0.00% [NOTICE] switch_loadable_module.c:389 Adding API Function 'strepoch'
2026-10-01 15:01:44.704708 0.00% [NOTICE] switch_loadable_module.c:389 Adding API Function 'page'
2026-10-01 15:01:44.704750 0.00% [NOTICE] switch_loadable_module.c:389 Adding API Function 'strmicroepoch'
2026-10-01 15:01:44.704768 0.00% [NOTICE] switch_loadable_module.c:389 Adding API Function 'chat'
2026-10-01 15:01:44.704786 0.00% [NOTICE] switch_loadable_module.c:389 Adding API Function 'strftime'
2026-10-01 15:01:44.704805 0.00% [NOTICE] switch_loadable_module.c:389 Adding API Function 'presence'
2026-10-01 15:01:44.704831 0.00% [NOTICE] switch_loadable_module.c:455 Adding File Format 'file_string'
2026-10-01 15:01:44.704853 0.00% [NOTICE] switch_loadable_module.c:455 Adding File Format 'file'
2026-10-01 15:01:44.704878 0.00% [NOTICE] switch_loadable_module.c:455 Adding File Format 'tts'
2026-10-01 15:01:44.704897 0.00% [NOTICE] switch_loadable_module.c:621 Adding Chat interface 'event'
2026-10-01 15:01:44.704923 0.00% [NOTICE] switch_loadable_module.c:621 Adding Chat interface 'api'
2026-10-01 15:01:44.706415 0.00% [CONSOLE] switch_loadable_module.c:1772 Successfully Loaded [mod_expr]
2026-10-01 15:01:44.706454 0.00% [NOTICE] switch_loadable_module.c:389 Adding API Function 'expr'
2026-10-01 15:01:44.713255 0.00% [INFO] switch_core_sqldb.c:1840 fifo Starting SQL thread.
2026-10-01 15:01:44.715229 0.00% [WARNING] sofia_reg.c:520 platform-switch Failed Registration [503], setting retry to 30 seconds.
2026-10-01 15:01:44.717615 0.00% [INFO] mod_fifo.c:4647 cool_fifo@172.25.0.3 configured
2026-10-01 15:01:44.718027 0.00% [CONSOLE] switch_loadable_module.c:1772 Successfully Loaded [mod_fifo]
2026-10-01 15:01:44.718138 0.00% [NOTICE] switch_loadable_module.c:329 Adding Application 'fifo'
2026-10-01 15:01:44.718336 0.00% [NOTICE] switch_loadable_module.c:329 Adding Application 'fifo_track_call'
2026-10-01 15:01:44.718465 0.00% [NOTICE] switch_loadable_module.c:389 Adding API Function 'fifo'
2026-10-01 15:01:44.718562 0.00% [NOTICE] switch_loadable_module.c:389 Adding API Function 'fifo_member'
2026-10-01 15:01:44.718656 0.00% [NOTICE] switch_loadable_module.c:389 Adding API Function 'fifo_add_outbound'
2026-10-01 15:01:44.718682 0.00% [NOTICE] switch_loadable_module.c:389 Adding API Function 'fifo_check_bridge'
2026-10-01 15:01:44.720849 0.00% [DEBUG] switch_scheduler.c:263 Added task 3 limit_hash_cleanup (mod_hash) to run at 1790867804
2026-10-01 15:01:44.721002 0.00% [CONSOLE] switch_loadable_module.c:1772 Successfully Loaded [mod_hash]
2026-10-01 15:01:44.721025 0.00% [NOTICE] switch_loadable_module.c:329 Adding Application 'hash'
2026-10-01 15:01:44.721052 0.00% [NOTICE] switch_loadable_module.c:389 Adding API Function 'hash'
2026-10-01 15:01:44.721077 0.00% [NOTICE] switch_loadable_module.c:389 Adding API Function 'hash_dump'
2026-10-01 15:01:44.721099 0.00% [NOTICE] switch_loadable_module.c:389 Adding API Function 'hash_remote'
2026-10-01 15:01:44.721121 0.00% [NOTICE] switch_loadable_module.c:717 Adding Limit interface 'hash'
2026-10-01 15:01:44.730444 0.00% [INFO] mod_voicemail.c:794 Added Profile default
2026-10-01 15:01:44.730492 0.00% [CONSOLE] switch_loadable_module.c:1772 Successfully Loaded [mod_voicemail]
2026-10-01 15:01:44.730515 0.00% [NOTICE] switch_loadable_module.c:329 Adding Application 'voicemail'
2026-10-01 15:01:44.730584 0.00% [NOTICE] switch_loadable_module.c:389 Adding API Function 'voicemail'
2026-10-01 15:01:44.730603 0.00% [NOTICE] switch_loadable_module.c:389 Adding API Function 'voicemail_inject'
2026-10-01 15:01:44.730616 0.00% [NOTICE] switch_loadable_module.c:389 Adding API Function 'vm_inject'
2026-10-01 15:01:44.730629 0.00% [NOTICE] switch_loadable_module.c:389 Adding API Function 'vm_boxcount'
2026-10-01 15:01:44.730642 0.00% [NOTICE] switch_loadable_module.c:389 Adding API Function 'vm_prefs'
2026-10-01 15:01:44.730656 0.00% [NOTICE] switch_loadable_module.c:389 Adding API Function 'vm_delete'
2026-10-01 15:01:44.730670 0.00% [NOTICE] switch_loadable_module.c:389 Adding API Function 'vm_read'
2026-10-01 15:01:44.730683 0.00% [NOTICE] switch_loadable_module.c:389 Adding API Function 'vm_list'
2026-10-01 15:01:44.730695 0.00% [NOTICE] switch_loadable_module.c:389 Adding API Function 'vm_fsdb_auth_login'
2026-10-01 15:01:44.730708 0.00% [NOTICE] switch_loadable_module.c:389 Adding API Function 'vm_fsdb_msg_count'
2026-10-01 15:01:44.730722 0.00% [NOTICE] switch_loadable_module.c:389 Adding API Function 'vm_fsdb_msg_list'
2026-10-01 15:01:44.730823 0.00% [NOTICE] switch_loadable_module.c:389 Adding API Function 'vm_fsdb_msg_get'
2026-10-01 15:01:44.730837 0.00% [NOTICE] switch_loadable_module.c:389 Adding API Function 'vm_fsdb_msg_delete'
2026-10-01 15:01:44.730849 0.00% [NOTICE] switch_loadable_module.c:389 Adding API Function 'vm_fsdb_msg_undelete'
2026-10-01 15:01:44.730863 0.00% [NOTICE] switch_loadable_module.c:389 Adding API Function 'vm_fsdb_msg_email'
2026-10-01 15:01:44.730875 0.00% [NOTICE] switch_loadable_module.c:389 Adding API Function 'vm_fsdb_msg_purge'
2026-10-01 15:01:44.730888 0.00% [NOTICE] switch_loadable_module.c:389 Adding API Function 'vm_fsdb_msg_save'
2026-10-01 15:01:44.730900 0.00% [NOTICE] switch_loadable_module.c:389 Adding API Function 'vm_fsdb_msg_forward'
2026-10-01 15:01:44.730913 0.00% [NOTICE] switch_loadable_module.c:389 Adding API Function 'vm_fsdb_pref_greeting_set'
2026-10-01 15:01:44.730932 0.00% [NOTICE] switch_loadable_module.c:389 Adding API Function 'vm_fsdb_pref_greeting_get'
2026-10-01 15:01:44.730945 0.00% [NOTICE] switch_loadable_module.c:389 Adding API Function 'vm_fsdb_pref_recname_set'
2026-10-01 15:01:44.730980 0.00% [NOTICE] switch_loadable_module.c:389 Adding API Function 'vm_fsdb_pref_password_set'
2026-10-01 15:01:44.732527 0.00% [CONSOLE] switch_loadable_module.c:1772 Successfully Loaded [mod_esf]
2026-10-01 15:01:44.732554 0.00% [NOTICE] switch_loadable_module.c:329 Adding Application 'esf_page_group'
2026-10-01 15:01:44.734122 0.00% [CONSOLE] switch_loadable_module.c:1772 Successfully Loaded [mod_fsv]
2026-10-01 15:01:44.734149 0.00% [NOTICE] switch_loadable_module.c:329 Adding Application 'play_fsv'
2026-10-01 15:01:44.734253 0.00% [NOTICE] switch_loadable_module.c:329 Adding Application 'record_fsv'
2026-10-01 15:01:44.734284 0.00% [NOTICE] switch_loadable_module.c:329 Adding Application 'play_yuv'
2026-10-01 15:01:44.734311 0.00% [NOTICE] switch_loadable_module.c:329 Adding Application 'decode_video'
2026-10-01 15:01:44.734351 0.00% [NOTICE] switch_loadable_module.c:455 Adding File Format 'fsv'
2026-10-01 15:01:44.735645 0.00% [CONSOLE] switch_loadable_module.c:1772 Successfully Loaded [mod_valet_parking]
2026-10-01 15:01:44.735676 0.00% [NOTICE] switch_loadable_module.c:329 Adding Application 'valet_park'
2026-10-01 15:01:44.735759 0.00% [NOTICE] switch_loadable_module.c:389 Adding API Function 'valet_info'
2026-10-01 15:01:44.737541 0.00% [NOTICE] mod_httapi.c:2171 Profile [default] JSON Function [http://www.freeswitch.org/api/index.cgi]
2026-10-01 15:01:44.737598 0.00% [CONSOLE] switch_loadable_module.c:1772 Successfully Loaded [mod_httapi]
2026-10-01 15:01:44.737618 0.00% [NOTICE] switch_loadable_module.c:329 Adding Application 'httapi'
2026-10-01 15:01:44.737696 0.00% [NOTICE] switch_loadable_module.c:389 Adding API Function 'httapi'
2026-10-01 15:01:44.737716 0.00% [NOTICE] switch_loadable_module.c:455 Adding File Format 'http'
2026-10-01 15:01:44.737915 0.00% [NOTICE] switch_loadable_module.c:455 Adding File Format 'https'
2026-10-01 15:01:44.739235 0.00% [CONSOLE] switch_loadable_module.c:1772 Successfully Loaded [mod_dialplan_xml]
2026-10-01 15:01:44.739266 0.00% [NOTICE] switch_loadable_module.c:273 Adding Dialplan 'XML'
2026-10-01 15:01:44.740896 0.00% [CONSOLE] switch_loadable_module.c:1772 Successfully Loaded [mod_dialplan_asterisk]
2026-10-01 15:01:44.740928 0.00% [NOTICE] switch_loadable_module.c:172 Adding Endpoint 'SIP'
2026-10-01 15:01:44.740972 0.00% [NOTICE] switch_loadable_module.c:172 Adding Endpoint 'IAX2'
2026-10-01 15:01:44.740997 0.00% [NOTICE] switch_loadable_module.c:273 Adding Dialplan 'asterisk'
2026-10-01 15:01:44.741020 0.00% [NOTICE] switch_loadable_module.c:329 Adding Application 'Dial'
2026-10-01 15:01:44.741044 0.00% [NOTICE] switch_loadable_module.c:329 Adding Application 'Goto'
2026-10-01 15:01:44.741154 0.00% [NOTICE] switch_loadable_module.c:329 Adding Application 'AvoidingDeadlock'
2026-10-01 15:01:44.745601 0.00% [DEBUG] mod_spandsp_fax.c:213 FAX timer thread started.
2026-10-01 15:01:44.767977 0.00% [DEBUG] mod_spandsp.c:894 mod_spandsp loaded, using spandsp library version [20120902 163333]
2026-10-01 15:01:44.768012 0.00% [CONSOLE] switch_loadable_module.c:1772 Successfully Loaded [mod_spandsp]
2026-10-01 15:01:44.768043 0.00% [NOTICE] switch_loadable_module.c:172 Adding Endpoint 'modem'
2026-10-01 15:01:44.768180 0.00% [NOTICE] switch_loadable_module.c:223 Adding Codec DVI4 6 ADPCM (IMA) 16000hz 10ms 1ch 64000bps
2026-10-01 15:01:44.768195 0.00% [NOTICE] switch_loadable_module.c:223 Adding Codec DVI4 6 ADPCM (IMA) 16000hz 20ms 1ch 64000bps
2026-10-01 15:01:44.768204 0.00% [NOTICE] switch_loadable_module.c:223 Adding Codec DVI4 6 ADPCM (IMA) 16000hz 30ms 1ch 64000bps
2026-10-01 15:01:44.768211 0.00% [NOTICE] switch_loadable_module.c:223 Adding Codec DVI4 6 ADPCM (IMA) 16000hz 40ms 1ch 64000bps
2026-10-01 15:01:44.768219 0.00% [NOTICE] switch_loadable_module.c:223 Adding Codec DVI4 6 ADPCM (IMA) 16000hz 50ms 1ch 64000bps
2026-10-01 15:01:44.768226 0.00% [NOTICE] switch_loadable_module.c:223 Adding Codec DVI4 6 ADPCM (IMA) 16000hz 60ms 1ch 64000bps
2026-10-01 15:01:44.768237 0.00% [NOTICE] switch_loadable_module.c:223 Adding Codec DVI4 5 ADPCM (IMA) 8000hz 10ms 1ch 32000bps
2026-10-01 15:01:44.768246 0.00% [NOTICE] switch_loadable_module.c:223 Adding Codec DVI4 5 ADPCM (IMA) 8000hz 20ms 1ch 32000bps
2026-10-01 15:01:44.768253 0.00% [NOTICE] switch_loadable_module.c:223 Adding Codec DVI4 5 ADPCM (IMA) 8000hz 30ms 1ch 32000bps
2026-10-01 15:01:44.768261 0.00% [NOTICE] switch_loadable_module.c:223 Adding Codec DVI4 5 ADPCM (IMA) 8000hz 40ms 1ch 32000bps
2026-10-01 15:01:44.768268 0.00% [NOTICE] switch_loadable_module.c:223 Adding Codec DVI4 5 ADPCM (IMA) 8000hz 50ms 1ch 32000bps
2026-10-01 15:01:44.768275 0.00% [NOTICE] switch_loadable_module.c:223 Adding Codec DVI4 5 ADPCM (IMA) 8000hz 60ms 1ch 32000bps
2026-10-01 15:01:44.768283 0.00% [NOTICE] switch_loadable_module.c:223 Adding Codec DVI4 5 ADPCM (IMA) 8000hz 70ms 1ch 32000bps
2026-10-01 15:01:44.768290 0.00% [NOTICE] switch_loadable_module.c:223 Adding Codec DVI4 5 ADPCM (IMA) 8000hz 80ms 1ch 32000bps
2026-10-01 15:01:44.768297 0.00% [NOTICE] switch_loadable_module.c:223 Adding Codec DVI4 5 ADPCM (IMA) 8000hz 90ms 1ch 32000bps
2026-10-01 15:01:44.768304 0.00% [NOTICE] switch_loadable_module.c:223 Adding Codec DVI4 5 ADPCM (IMA) 8000hz 100ms 1ch 32000bps
2026-10-01 15:01:44.768367 0.00% [NOTICE] switch_loadable_module.c:223 Adding Codec DVI4 5 ADPCM (IMA) 8000hz 110ms 1ch 32000bps
2026-10-01 15:01:44.768376 0.00% [NOTICE] switch_loadable_module.c:223 Adding Codec DVI4 5 ADPCM (IMA) 8000hz 120ms 1ch 32000bps
2026-10-01 15:01:44.768443 0.00% [NOTICE] switch_loadable_module.c:223 Adding Codec AAL2-G726-16 124 G.726 16k (AAL2) 8000hz 10ms 1ch 16000bps
2026-10-01 15:01:44.768454 0.00% [NOTICE] switch_loadable_module.c:223 Adding Codec AAL2-G726-16 124 G.726 16k (AAL2) 8000hz 20ms 1ch 16000bps
2026-10-01 15:01:44.768512 0.00% [NOTICE] switch_loadable_module.c:223 Adding Codec AAL2-G726-16 124 G.726 16k (AAL2) 8000hz 30ms 1ch 16000bps
2026-10-01 15:01:44.768520 0.00% [NOTICE] switch_loadable_module.c:223 Adding Codec AAL2-G726-16 124 G.726 16k (AAL2) 8000hz 40ms 1ch 16000bps
2026-10-01 15:01:44.768527 0.00% [NOTICE] switch_loadable_module.c:223 Adding Codec AAL2-G726-16 124 G.726 16k (AAL2) 8000hz 50ms 1ch 16000bps
2026-10-01 15:01:44.768535 0.00% [NOTICE] switch_loadable_module.c:223 Adding Codec AAL2-G726-16 124 G.726 16k (AAL2) 8000hz 60ms 1ch 16000bps
2026-10-01 15:01:44.768551 0.00% [NOTICE] switch_loadable_module.c:223 Adding Codec AAL2-G726-16 124 G.726 16k (AAL2) 8000hz 70ms 1ch 16000bps
2026-10-01 15:01:44.768559 0.00% [NOTICE] switch_loadable_module.c:223 Adding Codec AAL2-G726-16 124 G.726 16k (AAL2) 8000hz 80ms 1ch 16000bps
2026-10-01 15:01:44.768570 0.00% [NOTICE] switch_loadable_module.c:223 Adding Codec AAL2-G726-16 124 G.726 16k (AAL2) 8000hz 90ms 1ch 16000bps
2026-10-01 15:01:44.768580 0.00% [NOTICE] switch_loadable_module.c:223 Adding Codec AAL2-G726-16 124 G.726 16k (AAL2) 8000hz 100ms 1ch 16000bps
2026-10-01 15:01:44.768588 0.00% [NOTICE] switch_loadable_module.c:223 Adding Codec AAL2-G726-16 124 G.726 16k (AAL2) 8000hz 110ms 1ch 16000bps
2026-10-01 15:01:44.768596 0.00% [NOTICE] switch_loadable_module.c:223 Adding Codec AAL2-G726-16 124 G.726 16k (AAL2) 8000hz 120ms 1ch 16000bps
2026-10-01 15:01:44.768660 0.00% [NOTICE] switch_loadable_module.c:223 Adding Codec G726-16 124 G.726 16k 8000hz 10ms 1ch 16000bps
2026-10-01 15:01:44.768672 0.00% [NOTICE] switch_loadable_module.c:223 Adding Codec G726-16 124 G.726 16k 8000hz 20ms 1ch 16000bps
2026-10-01 15:01:44.768680 0.00% [NOTICE] switch_loadable_module.c:223 Adding Codec G726-16 124 G.726 16k 8000hz 30ms 1ch 16000bps
2026-10-01 15:01:44.768688 0.00% [NOTICE] switch_loadable_module.c:223 Adding Codec G726-16 124 G.726 16k 8000hz 40ms 1ch 16000bps
2026-10-01 15:01:44.768695 0.00% [NOTICE] switch_loadable_module.c:223 Adding Codec G726-16 124 G.726 16k 8000hz 50ms 1ch 16000bps
2026-10-01 15:01:44.768702 0.00% [NOTICE] switch_loadable_module.c:223 Adding Codec G726-16 124 G.726 16k 8000hz 60ms 1ch 16000bps
2026-10-01 15:01:44.768709 0.00% [NOTICE] switch_loadable_module.c:223 Adding Codec G726-16 124 G.726 16k 8000hz 70ms 1ch 16000bps
2026-10-01 15:01:44.768716 0.00% [NOTICE] switch_loadable_module.c:223 Adding Codec G726-16 124 G.726 16k 8000hz 80ms 1ch 16000bps
2026-10-01 15:01:44.768723 0.00% [NOTICE] switch_loadable_module.c:223 Adding Codec G726-16 124 G.726 16k 8000hz 90ms 1ch 16000bps
2026-10-01 15:01:44.768730 0.00% [NOTICE] switch_loadable_module.c:223 Adding Codec G726-16 124 G.726 16k 8000hz 100ms 1ch 16000bps
2026-10-01 15:01:44.768737 0.00% [NOTICE] switch_loadable_module.c:223 Adding Codec G726-16 124 G.726 16k 8000hz 110ms 1ch 16000bps
2026-10-01 15:01:44.768744 0.00% [NOTICE] switch_loadable_module.c:223 Adding Codec G726-16 124 G.726 16k 8000hz 120ms 1ch 16000bps
2026-10-01 15:01:44.768800 0.00% [NOTICE] switch_loadable_module.c:223 Adding Codec AAL2-G726-24 123 G.726 24k (AAL2) 8000hz 10ms 1ch 24000bps
2026-10-01 15:01:44.768812 0.00% [NOTICE] switch_loadable_module.c:223 Adding Codec AAL2-G726-24 123 G.726 24k (AAL2) 8000hz 20ms 1ch 24000bps
2026-10-01 15:01:44.768821 0.00% [NOTICE] switch_loadable_module.c:223 Adding Codec AAL2-G726-24 123 G.726 24k (AAL2) 8000hz 30ms 1ch 24000bps
2026-10-01 15:01:44.768829 0.00% [NOTICE] switch_loadable_module.c:223 Adding Codec AAL2-G726-24 123 G.726 24k (AAL2) 8000hz 40ms 1ch 24000bps
2026-10-01 15:01:44.768836 0.00% [NOTICE] switch_loadable_module.c:223 Adding Codec AAL2-G726-24 123 G.726 24k (AAL2) 8000hz 50ms 1ch 24000bps
2026-10-01 15:01:44.768843 0.00% [NOTICE] switch_loadable_module.c:223 Adding Codec AAL2-G726-24 123 G.726 24k (AAL2) 8000hz 60ms 1ch 24000bps
2026-10-01 15:01:44.768864 0.00% [NOTICE] switch_loadable_module.c:223 Adding Codec AAL2-G726-24 123 G.726 24k (AAL2) 8000hz 70ms 1ch 24000bps
2026-10-01 15:01:44.768871 0.00% [NOTICE] switch_loadable_module.c:223 Adding Codec AAL2-G726-24 123 G.726 24k (AAL2) 8000hz 80ms 1ch 24000bps
2026-10-01 15:01:44.768879 0.00% [NOTICE] switch_loadable_module.c:223 Adding Codec AAL2-G726-24 123 G.726 24k (AAL2) 8000hz 90ms 1ch 24000bps
2026-10-01 15:01:44.768893 0.00% [NOTICE] switch_loadable_module.c:223 Adding Codec AAL2-G726-24 123 G.726 24k (AAL2) 8000hz 100ms 1ch 24000bps
2026-10-01 15:01:44.768900 0.00% [NOTICE] switch_loadable_module.c:223 Adding Codec AAL2-G726-24 123 G.726 24k (AAL2) 8000hz 110ms 1ch 24000bps
2026-10-01 15:01:44.768907 0.00% [NOTICE] switch_loadable_module.c:223 Adding Codec AAL2-G726-24 123 G.726 24k (AAL2) 8000hz 120ms 1ch 24000bps
2026-10-01 15:01:44.768965 0.00% [NOTICE] switch_loadable_module.c:223 Adding Codec G726-24 123 G.726 24k 8000hz 10ms 1ch 24000bps
2026-10-01 15:01:44.768974 0.00% [NOTICE] switch_loadable_module.c:223 Adding Codec G726-24 123 G.726 24k 8000hz 20ms 1ch 24000bps
2026-10-01 15:01:44.768982 0.00% [NOTICE] switch_loadable_module.c:223 Adding Codec G726-24 123 G.726 24k 8000hz 30ms 1ch 24000bps
2026-10-01 15:01:44.768989 0.00% [NOTICE] switch_loadable_module.c:223 Adding Codec G726-24 123 G.726 24k 8000hz 40ms 1ch 24000bps
2026-10-01 15:01:44.768996 0.00% [NOTICE] switch_loadable_module.c:223 Adding Codec G726-24 123 G.726 24k 8000hz 50ms 1ch 24000bps
2026-10-01 15:01:44.769003 0.00% [NOTICE] switch_loadable_module.c:223 Adding Codec G726-24 123 G.726 24k 8000hz 60ms 1ch 24000bps
2026-10-01 15:01:44.769011 0.00% [NOTICE] switch_loadable_module.c:223 Adding Codec G726-24 123 G.726 24k 8000hz 70ms 1ch 24000bps
2026-10-01 15:01:44.769018 0.00% [NOTICE] switch_loadable_module.c:223 Adding Codec G726-24 123 G.726 24k 8000hz 80ms 1ch 24000bps
2026-10-01 15:01:44.769026 0.00% [NOTICE] switch_loadable_module.c:223 Adding Codec G726-24 123 G.726 24k 8000hz 90ms 1ch 24000bps
2026-10-01 15:01:44.769033 0.00% [NOTICE] switch_loadable_module.c:223 Adding Codec G726-24 123 G.726 24k 8000hz 100ms 1ch 24000bps
2026-10-01 15:01:44.769040 0.00% [NOTICE] switch_loadable_module.c:223 Adding Codec G726-24 123 G.726 24k 8000hz 110ms 1ch 24000bps
2026-10-01 15:01:44.769047 0.00% [NOTICE] switch_loadable_module.c:223 Adding Codec G726-24 123 G.726 24k 8000hz 120ms 1ch 24000bps
2026-10-01 15:01:44.769135 0.00% [NOTICE] switch_loadable_module.c:223 Adding Codec AAL2-G726-32 122 G.726 32k (AAL2) 8000hz 10ms 1ch 32000bps
2026-10-01 15:01:44.769146 0.00% [NOTICE] switch_loadable_module.c:223 Adding Codec AAL2-G726-32 122 G.726 32k (AAL2) 8000hz 20ms 1ch 32000bps
2026-10-01 15:01:44.769153 0.00% [NOTICE] switch_loadable_module.c:223 Adding Codec AAL2-G726-32 122 G.726 32k (AAL2) 8000hz 30ms 1ch 32000bps
2026-10-01 15:01:44.769160 0.00% [NOTICE] switch_loadable_module.c:223 Adding Codec AAL2-G726-32 122 G.726 32k (AAL2) 8000hz 40ms 1ch 32000bps
2026-10-01 15:01:44.769167 0.00% [NOTICE] switch_loadable_module.c:223 Adding Codec AAL2-G726-32 122 G.726 32k (AAL2) 8000hz 50ms 1ch 32000bps
2026-10-01 15:01:44.769174 0.00% [NOTICE] switch_loadable_module.c:223 Adding Codec AAL2-G726-32 122 G.726 32k (AAL2) 8000hz 60ms 1ch 32000bps
2026-10-01 15:01:44.769181 0.00% [NOTICE] switch_loadable_module.c:223 Adding Codec AAL2-G726-32 122 G.726 32k (AAL2) 8000hz 70ms 1ch 32000bps
2026-10-01 15:01:44.769188 0.00% [NOTICE] switch_loadable_module.c:223 Adding Codec AAL2-G726-32 122 G.726 32k (AAL2) 8000hz 80ms 1ch 32000bps
2026-10-01 15:01:44.769194 0.00% [NOTICE] switch_loadable_module.c:223 Adding Codec AAL2-G726-32 122 G.726 32k (AAL2) 8000hz 90ms 1ch 32000bps
2026-10-01 15:01:44.769201 0.00% [NOTICE] switch_loadable_module.c:223 Adding Codec AAL2-G726-32 122 G.726 32k (AAL2) 8000hz 100ms 1ch 32000bps
2026-10-01 15:01:44.769208 0.00% [NOTICE] switch_loadable_module.c:223 Adding Codec AAL2-G726-32 122 G.726 32k (AAL2) 8000hz 110ms 1ch 32000bps
2026-10-01 15:01:44.769215 0.00% [NOTICE] switch_loadable_module.c:223 Adding Codec AAL2-G726-32 122 G.726 32k (AAL2) 8000hz 120ms 1ch 32000bps
2026-10-01 15:01:44.769283 0.00% [NOTICE] switch_loadable_module.c:223 Adding Codec G726-32 122 G.726 32k 8000hz 10ms 1ch 32000bps
2026-10-01 15:01:44.769292 0.00% [NOTICE] switch_loadable_module.c:223 Adding Codec G726-32 122 G.726 32k 8000hz 20ms 1ch 32000bps
2026-10-01 15:01:44.769318 0.00% [NOTICE] switch_loadable_module.c:223 Adding Codec G726-32 122 G.726 32k 8000hz 30ms 1ch 32000bps
2026-10-01 15:01:44.769326 0.00% [NOTICE] switch_loadable_module.c:223 Adding Codec G726-32 122 G.726 32k 8000hz 40ms 1ch 32000bps
2026-10-01 15:01:44.769358 0.00% [NOTICE] switch_loadable_module.c:223 Adding Codec G726-32 122 G.726 32k 8000hz 50ms 1ch 32000bps
2026-10-01 15:01:44.769366 0.00% [NOTICE] switch_loadable_module.c:223 Adding Codec G726-32 122 G.726 32k 8000hz 60ms 1ch 32000bps
2026-10-01 15:01:44.769374 0.00% [NOTICE] switch_loadable_module.c:223 Adding Codec G726-32 122 G.726 32k 8000hz 70ms 1ch 32000bps
2026-10-01 15:01:44.769381 0.00% [NOTICE] switch_loadable_module.c:223 Adding Codec G726-32 122 G.726 32k 8000hz 80ms 1ch 32000bps
2026-10-01 15:01:44.769388 0.00% [NOTICE] switch_loadable_module.c:223 Adding Codec G726-32 122 G.726 32k 8000hz 90ms 1ch 32000bps
2026-10-01 15:01:44.769396 0.00% [NOTICE] switch_loadable_module.c:223 Adding Codec G726-32 122 G.726 32k 8000hz 100ms 1ch 32000bps
2026-10-01 15:01:44.769406 0.00% [NOTICE] switch_loadable_module.c:223 Adding Codec G726-32 122 G.726 32k 8000hz 110ms 1ch 32000bps
2026-10-01 15:01:44.769415 0.00% [NOTICE] switch_loadable_module.c:223 Adding Codec G726-32 122 G.726 32k 8000hz 120ms 1ch 32000bps
2026-10-01 15:01:44.769475 0.00% [NOTICE] switch_loadable_module.c:223 Adding Codec AAL2-G726-40 121 G.726 40k (AAL2) 8000hz 10ms 1ch 40000bps
2026-10-01 15:01:44.769486 0.00% [NOTICE] switch_loadable_module.c:223 Adding Codec AAL2-G726-40 121 G.726 40k (AAL2) 8000hz 20ms 1ch 40000bps
2026-10-01 15:01:44.769493 0.00% [NOTICE] switch_loadable_module.c:223 Adding Codec AAL2-G726-40 121 G.726 40k (AAL2) 8000hz 30ms 1ch 40000bps
2026-10-01 15:01:44.769500 0.00% [NOTICE] switch_loadable_module.c:223 Adding Codec AAL2-G726-40 121 G.726 40k (AAL2) 8000hz 40ms 1ch 40000bps
2026-10-01 15:01:44.769507 0.00% [NOTICE] switch_loadable_module.c:223 Adding Codec AAL2-G726-40 121 G.726 40k (AAL2) 8000hz 50ms 1ch 40000bps
2026-10-01 15:01:44.769561 0.00% [NOTICE] switch_loadable_module.c:223 Adding Codec AAL2-G726-40 121 G.726 40k (AAL2) 8000hz 60ms 1ch 40000bps
2026-10-01 15:01:44.769574 0.00% [NOTICE] switch_loadable_module.c:223 Adding Codec AAL2-G726-40 121 G.726 40k (AAL2) 8000hz 70ms 1ch 40000bps
2026-10-01 15:01:44.769583 0.00% [NOTICE] switch_loadable_module.c:223 Adding Codec AAL2-G726-40 121 G.726 40k (AAL2) 8000hz 80ms 1ch 40000bps
2026-10-01 15:01:44.769592 0.00% [NOTICE] switch_loadable_module.c:223 Adding Codec AAL2-G726-40 121 G.726 40k (AAL2) 8000hz 90ms 1ch 40000bps
2026-10-01 15:01:44.769602 0.00% [NOTICE] switch_loadable_module.c:223 Adding Codec AAL2-G726-40 121 G.726 40k (AAL2) 8000hz 100ms 1ch 40000bps
2026-10-01 15:01:44.769610 0.00% [NOTICE] switch_loadable_module.c:223 Adding Codec AAL2-G726-40 121 G.726 40k (AAL2) 8000hz 110ms 1ch 40000bps
2026-10-01 15:01:44.769619 0.00% [NOTICE] switch_loadable_module.c:223 Adding Codec AAL2-G726-40 121 G.726 40k (AAL2) 8000hz 120ms 1ch 40000bps
2026-10-01 15:01:44.769683 0.00% [NOTICE] switch_loadable_module.c:223 Adding Codec G726-40 121 G.726 40k 8000hz 10ms 1ch 40000bps
2026-10-01 15:01:44.769693 0.00% [NOTICE] switch_loadable_module.c:223 Adding Codec G726-40 121 G.726 40k 8000hz 20ms 1ch 40000bps
2026-10-01 15:01:44.769703 0.00% [NOTICE] switch_loadable_module.c:223 Adding Codec G726-40 121 G.726 40k 8000hz 30ms 1ch 40000bps
2026-10-01 15:01:44.769712 0.00% [NOTICE] switch_loadable_module.c:223 Adding Codec G726-40 121 G.726 40k 8000hz 40ms 1ch 40000bps
2026-10-01 15:01:44.769720 0.00% [NOTICE] switch_loadable_module.c:223 Adding Codec G726-40 121 G.726 40k 8000hz 50ms 1ch 40000bps
2026-10-01 15:01:44.769729 0.00% [NOTICE] switch_loadable_module.c:223 Adding Codec G726-40 121 G.726 40k 8000hz 60ms 1ch 40000bps
2026-10-01 15:01:44.769737 0.00% [NOTICE] switch_loadable_module.c:223 Adding Codec G726-40 121 G.726 40k 8000hz 70ms 1ch 40000bps
2026-10-01 15:01:44.769745 0.00% [NOTICE] switch_loadable_module.c:223 Adding Codec G726-40 121 G.726 40k 8000hz 80ms 1ch 40000bps
2026-10-01 15:01:44.769753 0.00% [NOTICE] switch_loadable_module.c:223 Adding Codec G726-40 121 G.726 40k 8000hz 90ms 1ch 40000bps
2026-10-01 15:01:44.769760 0.00% [NOTICE] switch_loadable_module.c:223 Adding Codec G726-40 121 G.726 40k 8000hz 100ms 1ch 40000bps
2026-10-01 15:01:44.769781 0.00% [NOTICE] switch_loadable_module.c:223 Adding Codec G726-40 121 G.726 40k 8000hz 110ms 1ch 40000bps
2026-10-01 15:01:44.769789 0.00% [NOTICE] switch_loadable_module.c:223 Adding Codec G726-40 121 G.726 40k 8000hz 120ms 1ch 40000bps
2026-10-01 15:01:44.769872 0.00% [NOTICE] switch_loadable_module.c:223 Adding Codec G722 9 G.722 16000hz 10ms 1ch 64000bps
2026-10-01 15:01:44.769882 0.00% [NOTICE] switch_loadable_module.c:223 Adding Codec G722 9 G.722 16000hz 20ms 1ch 64000bps
2026-10-01 15:01:44.769890 0.00% [NOTICE] switch_loadable_module.c:223 Adding Codec G722 9 G.722 16000hz 30ms 1ch 64000bps
2026-10-01 15:01:44.769897 0.00% [NOTICE] switch_loadable_module.c:223 Adding Codec G722 9 G.722 16000hz 40ms 1ch 64000bps
2026-10-01 15:01:44.769904 0.00% [NOTICE] switch_loadable_module.c:223 Adding Codec G722 9 G.722 16000hz 50ms 1ch 64000bps
2026-10-01 15:01:44.769912 0.00% [NOTICE] switch_loadable_module.c:223 Adding Codec G722 9 G.722 16000hz 60ms 1ch 64000bps
2026-10-01 15:01:44.769969 0.00% [NOTICE] switch_loadable_module.c:223 Adding Codec GSM 3 GSM 8000hz 20ms 1ch 13200bps
2026-10-01 15:01:44.769989 0.00% [NOTICE] switch_loadable_module.c:223 Adding Codec GSM 3 GSM 8000hz 40ms 1ch 13200bps
2026-10-01 15:01:44.769998 0.00% [NOTICE] switch_loadable_module.c:223 Adding Codec GSM 3 GSM 8000hz 60ms 1ch 13200bps
2026-10-01 15:01:44.770005 0.00% [NOTICE] switch_loadable_module.c:223 Adding Codec GSM 3 GSM 8000hz 80ms 1ch 13200bps
2026-10-01 15:01:44.770013 0.00% [NOTICE] switch_loadable_module.c:223 Adding Codec GSM 3 GSM 8000hz 100ms 1ch 13200bps
2026-10-01 15:01:44.770352 0.00% [NOTICE] switch_loadable_module.c:223 Adding Codec GSM 3 GSM 8000hz 120ms 1ch 13200bps
2026-10-01 15:01:44.770434 0.00% [NOTICE] switch_loadable_module.c:223 Adding Codec LPC 7 LPC-10 8000hz 90ms 1ch 2400bps
2026-10-01 15:01:44.770520 0.00% [NOTICE] switch_loadable_module.c:329 Adding Application 't38_gateway'
2026-10-01 15:01:44.770545 0.00% [NOTICE] switch_loadable_module.c:329 Adding Application 'rxfax'
2026-10-01 15:01:44.770576 0.00% [NOTICE] switch_loadable_module.c:329 Adding Application 'txfax'
2026-10-01 15:01:44.770598 0.00% [NOTICE] switch_loadable_module.c:329 Adding Application 'stopfax'
2026-10-01 15:01:44.770627 0.00% [NOTICE] switch_loadable_module.c:329 Adding Application 'spandsp_stop_dtmf'
2026-10-01 15:01:44.770650 0.00% [NOTICE] switch_loadable_module.c:329 Adding Application 'spandsp_start_dtmf'
2026-10-01 15:01:44.770672 0.00% [NOTICE] switch_loadable_module.c:329 Adding Application 'spandsp_stop_inject_tdd'
2026-10-01 15:01:44.770697 0.00% [NOTICE] switch_loadable_module.c:329 Adding Application 'spandsp_inject_tdd'
2026-10-01 15:01:44.770719 0.00% [NOTICE] switch_loadable_module.c:329 Adding Application 'spandsp_stop_detect_tdd'
2026-10-01 15:01:44.770747 0.00% [NOTICE] switch_loadable_module.c:329 Adding Application 'spandsp_detect_tdd'
2026-10-01 15:01:44.770770 0.00% [NOTICE] switch_loadable_module.c:329 Adding Application 'spandsp_send_tdd'
2026-10-01 15:01:44.770809 0.00% [NOTICE] switch_loadable_module.c:329 Adding Application 'spandsp_start_fax_detect'
2026-10-01 15:01:44.770840 0.00% [NOTICE] switch_loadable_module.c:329 Adding Application 'spandsp_stop_fax_detect'
2026-10-01 15:01:44.770865 0.00% [NOTICE] switch_loadable_module.c:329 Adding Application 'spandsp_start_tone_detect'
2026-10-01 15:01:44.770922 0.00% [NOTICE] switch_loadable_module.c:329 Adding Application 'spandsp_stop_tone_detect'
2026-10-01 15:01:44.770937 0.00% [NOTICE] switch_loadable_module.c:389 Adding API Function 'spandsp_start_tone_detect'
2026-10-01 15:01:44.770951 0.00% [NOTICE] switch_loadable_module.c:389 Adding API Function 'spandsp_stop_tone_detect'
2026-10-01 15:01:44.770976 0.00% [NOTICE] switch_loadable_module.c:389 Adding API Function 'start_tdd_detect'
2026-10-01 15:01:44.771064 0.00% [NOTICE] switch_loadable_module.c:389 Adding API Function 'stop_tdd_detect'
2026-10-01 15:01:44.771090 0.00% [NOTICE] switch_loadable_module.c:389 Adding API Function 'uuid_send_tdd'
2026-10-01 15:01:44.772203 0.00% [CONSOLE] switch_loadable_module.c:1772 Successfully Loaded [mod_g723_1]
2026-10-01 15:01:44.772242 0.00% [NOTICE] switch_loadable_module.c:223 Adding Codec G723 4 G.723.1 6.3k 8000hz 120ms 1ch 6300bps
2026-10-01 15:01:44.772252 0.00% [NOTICE] switch_loadable_module.c:223 Adding Codec G723 4 G.723.1 6.3k 8000hz 90ms 1ch 6300bps
2026-10-01 15:01:44.772265 0.00% [NOTICE] switch_loadable_module.c:223 Adding Codec G723 4 G.723.1 6.3k 8000hz 60ms 1ch 6300bps
2026-10-01 15:01:44.772269 0.00% [NOTICE] switch_loadable_module.c:223 Adding Codec G723 4 G.723.1 6.3k 8000hz 30ms 1ch 6300bps
2026-10-01 15:01:44.773184 0.00% [CONSOLE] switch_loadable_module.c:1772 Successfully Loaded [mod_g729]
2026-10-01 15:01:44.773215 0.00% [NOTICE] switch_loadable_module.c:223 Adding Codec G729 18 G.729 8000hz 10ms 1ch 8000bps
2026-10-01 15:01:44.773231 0.00% [NOTICE] switch_loadable_module.c:223 Adding Codec G729 18 G.729 8000hz 20ms 1ch 8000bps
2026-10-01 15:01:44.773239 0.00% [NOTICE] switch_loadable_module.c:223 Adding Codec G729 18 G.729 8000hz 30ms 1ch 8000bps
2026-10-01 15:01:44.773244 0.00% [NOTICE] switch_loadable_module.c:223 Adding Codec G729 18 G.729 8000hz 40ms 1ch 8000bps
2026-10-01 15:01:44.773249 0.00% [NOTICE] switch_loadable_module.c:223 Adding Codec G729 18 G.729 8000hz 50ms 1ch 8000bps
2026-10-01 15:01:44.773254 0.00% [NOTICE] switch_loadable_module.c:223 Adding Codec G729 18 G.729 8000hz 60ms 1ch 8000bps
2026-10-01 15:01:44.773259 0.00% [NOTICE] switch_loadable_module.c:223 Adding Codec G729 18 G.729 8000hz 70ms 1ch 8000bps
2026-10-01 15:01:44.773263 0.00% [NOTICE] switch_loadable_module.c:223 Adding Codec G729 18 G.729 8000hz 80ms 1ch 8000bps
2026-10-01 15:01:44.773268 0.00% [NOTICE] switch_loadable_module.c:223 Adding Codec G729 18 G.729 8000hz 90ms 1ch 8000bps
2026-10-01 15:01:44.773272 0.00% [NOTICE] switch_loadable_module.c:223 Adding Codec G729 18 G.729 8000hz 100ms 1ch 8000bps
2026-10-01 15:01:44.773277 0.00% [NOTICE] switch_loadable_module.c:223 Adding Codec G729 18 G.729 8000hz 110ms 1ch 8000bps
2026-10-01 15:01:44.773281 0.00% [NOTICE] switch_loadable_module.c:223 Adding Codec G729 18 G.729 8000hz 120ms 1ch 8000bps
2026-10-01 15:01:44.774517 0.00% [CONSOLE] switch_loadable_module.c:1772 Successfully Loaded [mod_amr]
2026-10-01 15:01:44.774551 0.00% [NOTICE] switch_loadable_module.c:223 Adding Codec AMR 96 AMR / Octet Aligned 8000hz 20ms 1ch 12200bps
2026-10-01 15:01:44.774654 0.00% [NOTICE] switch_loadable_module.c:223 Adding Codec AMR 97 AMR / Bandwidth Efficient 8000hz 20ms 1ch 12200bps
2026-10-01 15:01:44.775694 0.00% [CONSOLE] switch_loadable_module.c:1772 Successfully Loaded [mod_b64]
2026-10-01 15:01:44.775762 0.00% [NOTICE] switch_loadable_module.c:223 Adding Codec b64 116 B64 (STANDARD) 32000hz 20ms 1ch 684800bps
2026-10-01 15:01:44.775785 0.00% [NOTICE] switch_loadable_module.c:223 Adding Codec b64 116 B64 (STANDARD) 16000hz 20ms 1ch 342400bps
2026-10-01 15:01:44.775790 0.00% [NOTICE] switch_loadable_module.c:223 Adding Codec b64 116 B64 (STANDARD) 8000hz 20ms 1ch 171200bps
2026-10-01 15:01:44.779017 0.00% [CONSOLE] switch_loadable_module.c:1772 Successfully Loaded [mod_opus]
2026-10-01 15:01:44.779043 0.00% [NOTICE] switch_loadable_module.c:229 Adding Codec opus 116 OPUS (STANDARD) 8000hz 40ms 2ch (VBR)
2026-10-01 15:01:44.779051 0.00% [NOTICE] switch_loadable_module.c:229 Adding Codec opus 116 OPUS (STANDARD) 8000hz 40ms 1ch (VBR)
2026-10-01 15:01:44.779056 0.00% [NOTICE] switch_loadable_module.c:229 Adding Codec opus 116 OPUS (STANDARD) 8000hz 120ms 1ch (VBR)
2026-10-01 15:01:44.779060 0.00% [NOTICE] switch_loadable_module.c:229 Adding Codec opus 116 OPUS (STANDARD) 8000hz 100ms 1ch (VBR)
2026-10-01 15:01:44.779063 0.00% [NOTICE] switch_loadable_module.c:229 Adding Codec opus 116 OPUS (STANDARD) 8000hz 80ms 1ch (VBR)
2026-10-01 15:01:44.779067 0.00% [NOTICE] switch_loadable_module.c:229 Adding Codec opus 116 OPUS (STANDARD) 8000hz 60ms 1ch (VBR)
2026-10-01 15:01:44.779070 0.00% [NOTICE] switch_loadable_module.c:229 Adding Codec opus 116 OPUS (STANDARD) 8000hz 20ms 2ch (VBR)
2026-10-01 15:01:44.779073 0.00% [NOTICE] switch_loadable_module.c:229 Adding Codec opus 116 OPUS (STANDARD) 8000hz 20ms 1ch (VBR)
2026-10-01 15:01:44.779076 0.00% [NOTICE] switch_loadable_module.c:229 Adding Codec opus 116 OPUS (STANDARD) 8000hz 10ms 2ch (VBR)
2026-10-01 15:01:44.779080 0.00% [NOTICE] switch_loadable_module.c:229 Adding Codec opus 116 OPUS (STANDARD) 8000hz 10ms 1ch (VBR)
2026-10-01 15:01:44.779083 0.00% [NOTICE] switch_loadable_module.c:229 Adding Codec opus 116 OPUS (STANDARD) 16000hz 40ms 2ch (VBR)
2026-10-01 15:01:44.779087 0.00% [NOTICE] switch_loadable_module.c:229 Adding Codec opus 116 OPUS (STANDARD) 16000hz 40ms 1ch (VBR)
2026-10-01 15:01:44.779114 0.00% [NOTICE] switch_loadable_module.c:229 Adding Codec opus 116 OPUS (STANDARD) 16000hz 60ms 1ch (VBR)
2026-10-01 15:01:44.779118 0.00% [NOTICE] switch_loadable_module.c:229 Adding Codec opus 116 OPUS (STANDARD) 16000hz 20ms 2ch (VBR)
2026-10-01 15:01:44.779122 0.00% [NOTICE] switch_loadable_module.c:229 Adding Codec opus 116 OPUS (STANDARD) 16000hz 20ms 1ch (VBR)
2026-10-01 15:01:44.779125 0.00% [NOTICE] switch_loadable_module.c:229 Adding Codec opus 116 OPUS (STANDARD) 16000hz 10ms 2ch (VBR)
2026-10-01 15:01:44.779128 0.00% [NOTICE] switch_loadable_module.c:229 Adding Codec opus 116 OPUS (STANDARD) 16000hz 10ms 1ch (VBR)
2026-10-01 15:01:44.779132 0.00% [NOTICE] switch_loadable_module.c:229 Adding Codec opus 116 OPUS (STANDARD) 48000hz 40ms 2ch (VBR)
2026-10-01 15:01:44.779135 0.00% [NOTICE] switch_loadable_module.c:229 Adding Codec opus 116 OPUS (STANDARD) 48000hz 40ms 1ch (VBR)
2026-10-01 15:01:44.779139 0.00% [NOTICE] switch_loadable_module.c:229 Adding Codec opus 116 OPUS (STANDARD) 48000hz 20ms 2ch (VBR)
2026-10-01 15:01:44.779142 0.00% [NOTICE] switch_loadable_module.c:229 Adding Codec opus 116 OPUS (STANDARD) 48000hz 20ms 1ch (VBR)
2026-10-01 15:01:44.779145 0.00% [NOTICE] switch_loadable_module.c:229 Adding Codec opus 116 OPUS (STANDARD) 48000hz 10ms 2ch (VBR)
2026-10-01 15:01:44.779149 0.00% [NOTICE] switch_loadable_module.c:229 Adding Codec opus 116 OPUS (STANDARD) 48000hz 10ms 1ch (VBR)
2026-10-01 15:01:44.779211 0.00% [NOTICE] switch_loadable_module.c:389 Adding API Function 'opus_debug'
2026-10-01 15:01:44.780637 0.00% [CRIT] switch_loadable_module.c:1754 Error Loading module /usr/lib/freeswitch/mod/mod_av.so
**Error loading shared library libavformat.so.62: No such file or directory (needed by /usr/lib/freeswitch/mod/mod_av.so)**
2026-10-01 15:01:44.796705 0.00% [INFO] mod_sndfile.c:498 
LibSndFile Version : libsndfile-1.2.2 Supported Formats
================================================================================
AIFF (Apple/SGI)  (extension "aiff")
AU (Sun/NeXT)  (extension "au")
AVR (Audio Visual Research)  (extension "avr")
CAF (Apple Core Audio File)  (extension "caf")
FLAC (Free Lossless Audio Codec)  (extension "flac")
HTK (HMM Tool Kit)  (extension "htk")
IFF (Amiga IFF/SVX8/SV16)  (extension "iff")
MAT4 (GNU Octave 2.0 / Matlab 4.2)  (extension "mat")
MAT5 (GNU Octave 2.1 / Matlab 5.0)  (extension "mat")
MPC (Akai MPC 2k)  (extension "mpc")
MPEG-1/2 Audio  (extension "m1a")
OGG (OGG Container format)  (extension "oga")
OGG (OGG Container format)  (extension "ogg")
PAF (Ensoniq PARIS)  (extension "paf")
PVF (Portable Voice Format)  (extension "pvf")
RAW (header-less)  (extension "raw")
RF64 (RIFF 64)  (extension "rf64")
SD2 (Sound Designer II)  (extension "sd2")
SDS (Midi Sample Dump Standard)  (extension "sds")
SF (Berkeley/IRCAM/CARL)  (extension "sf")
VOC (Creative Labs)  (extension "voc")
W64 (SoundFoundry WAVE 64)  (extension "w64")
WAV (Microsoft)  (extension "wav")
WAV (NIST Sphere)  (extension "wav")
WAVEX (Microsoft)  (extension "wav")
WVE (Psion Series 3)  (extension "wve")
XI (FastTracker 2)  (extension "xi")
================================================================================
2026-10-01 15:01:44.796850 0.00% [CONSOLE] switch_loadable_module.c:1772 Successfully Loaded [mod_sndfile]
2026-10-01 15:01:44.796875 0.00% [NOTICE] switch_loadable_module.c:389 Adding API Function 'sndfile_debug'
2026-10-01 15:01:44.796947 0.00% [NOTICE] switch_loadable_module.c:455 Adding File Format 'aiff'
2026-10-01 15:01:44.796967 0.00% [NOTICE] switch_loadable_module.c:455 Adding File Format 'au'
2026-10-01 15:01:44.796983 0.00% [NOTICE] switch_loadable_module.c:455 Adding File Format 'avr'
2026-10-01 15:01:44.797007 0.00% [NOTICE] switch_loadable_module.c:455 Adding File Format 'caf'
2026-10-01 15:01:44.797026 0.00% [NOTICE] switch_loadable_module.c:455 Adding File Format 'flac'
2026-10-01 15:01:44.797038 0.00% [NOTICE] switch_loadable_module.c:455 Adding File Format 'htk'
2026-10-01 15:01:44.797051 0.00% [NOTICE] switch_loadable_module.c:455 Adding File Format 'iff'
2026-10-01 15:01:44.797063 0.00% [NOTICE] switch_loadable_module.c:455 Adding File Format 'mat'
2026-10-01 15:01:44.797080 0.00% [NOTICE] switch_loadable_module.c:455 Adding File Format 'mpc'
2026-10-01 15:01:44.797092 0.00% [NOTICE] switch_loadable_module.c:455 Adding File Format 'm1a'
2026-10-01 15:01:44.797106 0.00% [NOTICE] switch_loadable_module.c:455 Adding File Format 'oga'
2026-10-01 15:01:44.797124 0.00% [NOTICE] switch_loadable_module.c:455 Adding File Format 'paf'
2026-10-01 15:01:44.797135 0.00% [NOTICE] switch_loadable_module.c:455 Adding File Format 'pvf'
2026-10-01 15:01:44.797295 0.00% [NOTICE] switch_loadable_module.c:455 Adding File Format 'raw'
2026-10-01 15:01:44.797332 0.00% [NOTICE] switch_loadable_module.c:455 Adding File Format 'rf64'
2026-10-01 15:01:44.797358 0.00% [NOTICE] switch_loadable_module.c:455 Adding File Format 'sd2'
2026-10-01 15:01:44.797378 0.00% [NOTICE] switch_loadable_module.c:455 Adding File Format 'sds'
2026-10-01 15:01:44.797431 0.00% [NOTICE] switch_loadable_module.c:455 Adding File Format 'sf'
2026-10-01 15:01:44.797453 0.00% [NOTICE] switch_loadable_module.c:455 Adding File Format 'voc'
2026-10-01 15:01:44.797502 0.00% [NOTICE] switch_loadable_module.c:455 Adding File Format 'w64'
2026-10-01 15:01:44.797630 0.00% [NOTICE] switch_loadable_module.c:455 Adding File Format 'wav'
2026-10-01 15:01:44.797649 0.00% [NOTICE] switch_loadable_module.c:455 Adding File Format 'wve'
2026-10-01 15:01:44.797686 0.00% [NOTICE] switch_loadable_module.c:455 Adding File Format 'xi'
2026-10-01 15:01:44.797710 0.00% [NOTICE] switch_loadable_module.c:455 Adding File Format 'r8'
2026-10-01 15:01:44.797842 0.00% [NOTICE] switch_loadable_module.c:455 Adding File Format 'r16'
2026-10-01 15:01:44.797899 0.00% [NOTICE] switch_loadable_module.c:455 Adding File Format 'r24'
2026-10-01 15:01:44.797916 0.00% [NOTICE] switch_loadable_module.c:455 Adding File Format 'r32'
2026-10-01 15:01:44.797929 0.00% [NOTICE] switch_loadable_module.c:455 Adding File Format 'gsm'
2026-10-01 15:01:44.797941 0.00% [NOTICE] switch_loadable_module.c:455 Adding File Format 'ul'
2026-10-01 15:01:44.797975 0.00% [NOTICE] switch_loadable_module.c:455 Adding File Format 'ulaw'
2026-10-01 15:01:44.797997 0.00% [NOTICE] switch_loadable_module.c:455 Adding File Format 'al'
2026-10-01 15:01:44.798010 0.00% [NOTICE] switch_loadable_module.c:455 Adding File Format 'alaw'
2026-10-01 15:01:44.798036 0.00% [NOTICE] switch_loadable_module.c:455 Adding File Format 'adpcm'
2026-10-01 15:01:44.798058 0.00% [NOTICE] switch_loadable_module.c:455 Adding File Format 'vox'
2026-10-01 15:01:44.798227 0.00% [NOTICE] switch_loadable_module.c:455 Adding File Format 'oga'
2026-10-01 15:01:44.798280 0.00% [NOTICE] switch_loadable_module.c:455 Adding File Format 'ogg'
2026-10-01 15:01:44.799078 0.00% [CONSOLE] switch_loadable_module.c:1772 Successfully Loaded [mod_native_file]
2026-10-01 15:01:44.799324 0.00% [NOTICE] switch_loadable_module.c:455 Adding File Format 'AAL2-G726-32'
2026-10-01 15:01:44.799408 0.00% [NOTICE] switch_loadable_module.c:455 Adding File Format 'DVI4'
2026-10-01 15:01:44.799437 0.00% [NOTICE] switch_loadable_module.c:455 Adding File Format 'PCMU'
2026-10-01 15:01:44.799501 0.00% [NOTICE] switch_loadable_module.c:455 Adding File Format 'G722'
2026-10-01 15:01:44.799524 0.00% [NOTICE] switch_loadable_module.c:455 Adding File Format 'AAL2-G726-24'
2026-10-01 15:01:44.799549 0.00% [NOTICE] switch_loadable_module.c:455 Adding File Format 'AAL2-G726-40'
2026-10-01 15:01:44.799561 0.00% [NOTICE] switch_loadable_module.c:455 Adding File Format 'L16'
2026-10-01 15:01:44.799579 0.00% [NOTICE] switch_loadable_module.c:455 Adding File Format 'G726-16'
2026-10-01 15:01:44.799611 0.00% [NOTICE] switch_loadable_module.c:455 Adding File Format 'PCMA'
2026-10-01 15:01:44.799625 0.00% [NOTICE] switch_loadable_module.c:455 Adding File Format 'G726-24'
2026-10-01 15:01:44.799638 0.00% [NOTICE] switch_loadable_module.c:455 Adding File Format 'G729'
2026-10-01 15:01:44.799651 0.00% [NOTICE] switch_loadable_module.c:455 Adding File Format 'AAL2-G726-16'
2026-10-01 15:01:44.799776 0.00% [NOTICE] switch_loadable_module.c:455 Adding File Format 'G726-32'
2026-10-01 15:01:44.799789 0.00% [NOTICE] switch_loadable_module.c:455 Adding File Format 'GSM'
2026-10-01 15:01:44.799803 0.00% [NOTICE] switch_loadable_module.c:455 Adding File Format 'G726-40'
2026-10-01 15:01:44.799816 0.00% [NOTICE] switch_loadable_module.c:455 Adding File Format 'G723'
2026-10-01 15:01:44.799828 0.00% [NOTICE] switch_loadable_module.c:455 Adding File Format 'LPC'
2026-10-01 15:01:44.801162 0.00% [CONSOLE] switch_loadable_module.c:1772 Successfully Loaded [mod_png]
2026-10-01 15:01:44.801189 0.00% [NOTICE] switch_loadable_module.c:389 Adding API Function 'uuid_write_png'
2026-10-01 15:01:44.801259 0.00% [NOTICE] switch_loadable_module.c:455 Adding File Format 'png'
2026-10-01 15:01:44.805647 0.00% [CONSOLE] switch_loadable_module.c:1772 Successfully Loaded [mod_local_stream]
2026-10-01 15:01:44.805688 0.00% [NOTICE] switch_loadable_module.c:389 Adding API Function 'local_stream'
2026-10-01 15:01:44.805768 0.00% [NOTICE] switch_loadable_module.c:455 Adding File Format 'local_stream'
2026-10-01 15:01:44.807122 0.00% [CONSOLE] switch_loadable_module.c:1772 Successfully Loaded [mod_tone_stream]
2026-10-01 15:01:44.807162 0.00% [NOTICE] switch_loadable_module.c:455 Adding File Format 'tone_stream'
2026-10-01 15:01:44.807283 0.00% [NOTICE] switch_loadable_module.c:455 Adding File Format 'silence_stream'
2026-10-01 15:01:44.812122 0.00% [DEBUG] switch_loadable_module.c:1706 Loading module with global namespace at request of module
2026-10-01 15:01:44.812177 0.00% [CONSOLE] switch_loadable_module.c:1772 Successfully Loaded [mod_lua]
2026-10-01 15:01:44.812202 0.00% [NOTICE] switch_loadable_module.c:273 Adding Dialplan 'LUA'
2026-10-01 15:01:44.812288 0.00% [NOTICE] switch_loadable_module.c:329 Adding Application 'lua'
2026-10-01 15:01:44.812324 0.00% [NOTICE] switch_loadable_module.c:359 Adding Chat Application 'lua'
2026-10-01 15:01:44.812342 0.00% [NOTICE] switch_loadable_module.c:389 Adding API Function 'luarun'
2026-10-01 15:01:44.812359 0.00% [NOTICE] switch_loadable_module.c:389 Adding API Function 'lua'
2026-10-01 15:01:44.813660 0.00% [CONSOLE] switch_loadable_module.c:1772 Successfully Loaded [mod_say_en]
2026-10-01 15:01:44.813698 0.00% [NOTICE] switch_loadable_module.c:651 Adding Say interface 'en'
2026-10-01 15:01:44.813815 0.00% [CONSOLE] switch_loadable_module.c:149 Starting runtime thread for mod_verto
2026-10-01 15:01:44.814117 0.00% [CONSOLE] switch_loadable_module.c:149 Starting runtime thread for mod_event_socket
2026-10-01 15:01:44.814458 0.00% [CONSOLE] switch_loadable_module.c:149 Starting runtime thread for CORE_SOFTTIMER_MODULE
2026-10-01 15:01:44.814907 0.00% [DEBUG] mod_event_socket.c:2979 Socket up listening on 0.0.0.0:8021
2026-10-01 15:01:44.815182 100.00% [DEBUG] switch_loadable_module.c:910 Chat Thread Started
2026-10-01 15:01:44.815253 100.00% [INFO] switch_time.c:627 Clock synchronized to system time.
2026-10-01 15:01:44.815607 100.00% [DEBUG] switch_loadable_module.c:910 Chat Thread Started
2026-10-01 15:01:44.816041 100.00% [NOTICE] switch_core.c:1482 Created ip list rfc6598.auto default (deny)
2026-10-01 15:01:44.816057 100.00% [NOTICE] switch_utils.c:665 Adding 100.64.0.0/10 (allow) [] to list rfc6598.auto
2026-10-01 15:01:44.816070 100.00% [NOTICE] switch_core.c:1488 Created ip list rfc1918.auto default (deny)
2026-10-01 15:01:44.816078 100.00% [NOTICE] switch_utils.c:665 Adding 10.0.0.0/8 (allow) [] to list rfc1918.auto
2026-10-01 15:01:44.816086 100.00% [NOTICE] switch_utils.c:665 Adding 172.16.0.0/12 (allow) [] to list rfc1918.auto
2026-10-01 15:01:44.816096 100.00% [NOTICE] switch_utils.c:665 Adding 192.168.0.0/16 (allow) [] to list rfc1918.auto
2026-10-01 15:01:44.816107 100.00% [NOTICE] switch_utils.c:665 Adding fe80::/10 (allow) [] to list rfc1918.auto
2026-10-01 15:01:44.816116 100.00% [NOTICE] switch_core.c:1497 Created ip list wan.auto default (allow)
2026-10-01 15:01:44.816120 100.00% [NOTICE] switch_utils.c:665 Adding 0.0.0.0/8 (deny) [] to list wan.auto
2026-10-01 15:01:44.816133 100.00% [NOTICE] switch_utils.c:665 Adding 10.0.0.0/8 (deny) [] to list wan.auto
2026-10-01 15:01:44.816137 100.00% [NOTICE] switch_utils.c:665 Adding 172.16.0.0/12 (deny) [] to list wan.auto
2026-10-01 15:01:44.816141 100.00% [NOTICE] switch_utils.c:665 Adding 192.168.0.0/16 (deny) [] to list wan.auto
2026-10-01 15:01:44.816145 100.00% [NOTICE] switch_utils.c:665 Adding 169.254.0.0/16 (deny) [] to list wan.auto
2026-10-01 15:01:44.816149 100.00% [NOTICE] switch_utils.c:665 Adding 100.64.0.0/10 (deny) [] to list wan.auto
2026-10-01 15:01:44.816152 100.00% [NOTICE] switch_utils.c:665 Adding fe80::/10 (deny) [] to list wan.auto
2026-10-01 15:01:44.816163 100.00% [NOTICE] switch_core.c:1509 Created ip list wan_v6.auto default (allow)
2026-10-01 15:01:44.816171 100.00% [NOTICE] switch_utils.c:665 Adding 0.0.0.0/0 (deny) [] to list wan_v6.auto
2026-10-01 15:01:44.816179 100.00% [NOTICE] switch_utils.c:665 Adding fe80::/10 (deny) [] to list wan_v6.auto
2026-10-01 15:01:44.816186 100.00% [NOTICE] switch_core.c:1517 Created ip list wan_v4.auto default (allow)
2026-10-01 15:01:44.816193 100.00% [NOTICE] switch_utils.c:665 Adding 0.0.0.0/8 (deny) [] to list wan_v4.auto
2026-10-01 15:01:44.816201 100.00% [NOTICE] switch_utils.c:665 Adding 10.0.0.0/8 (deny) [] to list wan_v4.auto
2026-10-01 15:01:44.816207 100.00% [NOTICE] switch_utils.c:665 Adding 172.16.0.0/12 (deny) [] to list wan_v4.auto
2026-10-01 15:01:44.816211 100.00% [NOTICE] switch_utils.c:665 Adding 192.168.0.0/16 (deny) [] to list wan_v4.auto
2026-10-01 15:01:44.816214 100.00% [NOTICE] switch_utils.c:665 Adding 169.254.0.0/16 (deny) [] to list wan_v4.auto
2026-10-01 15:01:44.816251 100.00% [NOTICE] switch_utils.c:665 Adding 100.64.0.0/10 (deny) [] to list wan_v4.auto
2026-10-01 15:01:44.816338 100.00% [NOTICE] switch_utils.c:665 Adding ::/0 (deny) [] to list wan_v4.auto
2026-10-01 15:01:44.816350 100.00% [NOTICE] switch_core.c:1530 Created ip list any_v6.auto default (allow)
2026-10-01 15:01:44.816354 100.00% [NOTICE] switch_utils.c:665 Adding 0.0.0.0/0 (deny) [] to list any_v6.auto
2026-10-01 15:01:44.816358 100.00% [NOTICE] switch_core.c:1537 Created ip list any_v4.auto default (allow)
2026-10-01 15:01:44.816363 100.00% [NOTICE] switch_utils.c:665 Adding ::/0 (deny) [] to list any_v4.auto
2026-10-01 15:01:44.816370 100.00% [NOTICE] switch_core.c:1544 Created ip list nat.auto default (deny)
2026-10-01 15:01:44.816377 100.00% [NOTICE] switch_core.c:1546 Adding 172.25.0.3/255.255.0.0 (deny) to list nat.auto
2026-10-01 15:01:44.816385 100.00% [NOTICE] switch_utils.c:665 Adding 10.0.0.0/8 (allow) [] to list nat.auto
2026-10-01 15:01:44.816392 100.00% [NOTICE] switch_utils.c:665 Adding 172.16.0.0/12 (allow) [] to list nat.auto
2026-10-01 15:01:44.816396 100.00% [NOTICE] switch_utils.c:665 Adding 192.168.0.0/16 (allow) [] to list nat.auto
2026-10-01 15:01:44.816399 100.00% [NOTICE] switch_utils.c:665 Adding 100.64.0.0/10 (allow) [] to list nat.auto
2026-10-01 15:01:44.816403 100.00% [NOTICE] switch_core.c:1556 Created ip list loopback.auto default (deny)
2026-10-01 15:01:44.816406 100.00% [NOTICE] switch_utils.c:665 Adding 127.0.0.0/8 (allow) [] to list loopback.auto
2026-10-01 15:01:44.816410 100.00% [NOTICE] switch_utils.c:665 Adding ::1/128 (allow) [] to list loopback.auto
2026-10-01 15:01:44.816415 100.00% [NOTICE] switch_core.c:1563 Created ip list localnet.auto default (deny)
2026-10-01 15:01:44.816420 100.00% [NOTICE] switch_core.c:1566 Adding 172.25.0.3/255.255.0.0 (allow) to list localnet.auto
2026-10-01 15:01:44.816433 100.00% [CONSOLE] switch_core.c:1593 Created ip list obd-dev-acl default (deny)
2026-10-01 15:01:44.816535 100.00% [NOTICE] switch_utils.c:665 Adding 127.0.0.1/32 (allow) [] to list obd-dev-acl
2026-10-01 15:01:44.816549 100.00% [NOTICE] switch_utils.c:665 Adding ::1/128 (allow) [] to list obd-dev-acl
2026-10-01 15:01:44.816558 100.00% [NOTICE] switch_utils.c:665 Adding 10.0.0.0/8 (allow) [] to list obd-dev-acl
2026-10-01 15:01:44.816566 100.00% [NOTICE] switch_utils.c:665 Adding 172.16.0.0/12 (allow) [] to list obd-dev-acl
2026-10-01 15:01:44.816574 100.00% [NOTICE] switch_utils.c:665 Adding 192.168.0.0/16 (allow) [] to list obd-dev-acl
2026-10-01 15:01:44.816582 100.00% [CONSOLE] switch_core.c:1593 Created ip list domains default (deny)
2026-10-01 15:01:44.816897 100.00% [NOTICE] switch_utils.c:665 Adding 192.0.2.0/24 (allow) [brian@172.25.0.3] to list domains
2026-10-01 15:01:44.817059 100.00% [CONSOLE] switch_core.c:2497 [m[33m[44m
.=============================================================.
|   _____              ______        _____ _____ ____ _   _   |
|  |  ___| __ ___  ___/ ___\ \      / /_ _|_   _/ ___| | | |  |
|  | |_ | '__/ _ \/ _ \___ \\ \ /\ / / | |  | || |   | |_| |  |
|  |  _|| | |  __/  __/___) |\ V  V /  | |  | || |___|  _  |  |
|  |_|  |_|  \___|\___|____/  \_/\_/  |___| |_| \____|_| |_|  |
|                                                             |
.=============================================================.
|   Anthony Minessale II, Michael Jerris, Brian West, Others  |
|   FreeSWITCH (http://www.freeswitch.org)                    |
|   Paypal Donations Appreciated: paypal@freeswitch.org       |
|   Brought to you by ClueCon http://www.cluecon.com/         |
.=============================================================.

.===============================================================.
|       _                                                       |
|   ___| |_   _  ___  ___ ___  _ __         ___ ___  _ __ ___   |
|  / __| | | | |/ _ \/ __/ _ \| '_ \       / __/ _ \| '_ ` _ \  |
| | (__| | |_| |  __/ (_| (_) | | | |  _  | (_| (_) | | | | | | |
|  \___|_|\__,_|\___|\___\___/|_| |_| (_)  \___\___/|_| |_| |_| |
|                                                               |
.===============================================================.
[m

2026-10-01 15:01:44.817074 100.00% [INFO] switch_core.c:2506 
FreeSWITCH Version 1.11.1-release~64bit ( 64bit)

FreeSWITCH Started
Max Sessions [1000]
Session Rate [30]
SQL [Enabled]
2026-10-01 15:01:44.817084 100.00% [CONSOLE] switch_core.c:2514 
[This app Best viewed at 160x60 or more..]
2026-10-01 15:02:15.775044 82.03% [NOTICE] sofia_reg.c:463 Registering platform-switch
