2026-09-28 06:44:45.596634 0.00% [CONSOLE] switch_loadable_module.c:1772 Successfully Loaded [mod_logfile]
2026-09-28 06:44:45.605939 0.00% [CONSOLE] switch_loadable_module.c:1772 Successfully Loaded [mod_enum]
2026-09-28 06:44:45.606052 0.00% [NOTICE] switch_loadable_module.c:273 Adding Dialplan 'enum'
2026-09-28 06:44:45.606139 0.00% [NOTICE] switch_loadable_module.c:329 Adding Application 'enum'
2026-09-28 06:44:45.606177 0.00% [NOTICE] switch_loadable_module.c:389 Adding API Function 'enum'
2026-09-28 06:44:45.606206 0.00% [NOTICE] switch_loadable_module.c:389 Adding API Function 'enum_auto'
2026-09-28 06:44:45.607736 0.00% [DEBUG] mod_cdr_csv.c:368 Adding default template.
2026-09-28 06:44:45.607766 0.00% [DEBUG] mod_cdr_csv.c:415 Adding template sql.
2026-09-28 06:44:45.607776 0.00% [DEBUG] mod_cdr_csv.c:415 Adding template example.
2026-09-28 06:44:45.607798 0.00% [DEBUG] mod_cdr_csv.c:415 Adding template snom.
2026-09-28 06:44:45.607805 0.00% [DEBUG] mod_cdr_csv.c:415 Adding template linksys.
2026-09-28 06:44:45.607844 0.00% [DEBUG] mod_cdr_csv.c:415 Adding template asterisk.
2026-09-28 06:44:45.607851 0.00% [DEBUG] mod_cdr_csv.c:415 Adding template opencdrrate.
2026-09-28 06:44:45.613177 0.00% [CONSOLE] switch_loadable_module.c:1772 Successfully Loaded [mod_cdr_csv]
2026-09-28 06:44:45.613229 0.00% [NOTICE] switch_loadable_module.c:389 Adding API Function 'cdr_csv'
2026-09-28 06:44:45.616264 0.00% [CONSOLE] switch_loadable_module.c:1772 Successfully Loaded [mod_event_socket]
2026-09-28 06:44:45.616344 0.00% [NOTICE] switch_loadable_module.c:329 Adding Application 'socket'
2026-09-28 06:44:45.616421 0.00% [NOTICE] switch_loadable_module.c:389 Adding API Function 'event_sink'
2026-09-28 06:44:45.623208 0.00% [INFO] mod_sofia.c:6737 Starting initial message thread.
2026-09-28 06:44:45.627584 0.00% [ERR] sofia.c:4494 Open of sofia.conf failed
2026-09-28 06:44:45.627793 0.00% [NOTICE] switch_event.c:468 Subclass reservation deleted for mod_sofia.c:sofia::notify_refer
2026-09-28 06:44:45.628169 0.00% [NOTICE] switch_event.c:468 Subclass reservation deleted for mod_sofia.c:sofia::notify_watched_header
2026-09-28 06:44:45.628187 0.00% [NOTICE] switch_event.c:468 Subclass reservation deleted for mod_sofia.c:sofia::unregister
2026-09-28 06:44:45.628200 0.00% [NOTICE] switch_event.c:468 Subclass reservation deleted for mod_sofia.c:sofia::profile_start
2026-09-28 06:44:45.628208 0.00% [NOTICE] switch_event.c:468 Subclass reservation deleted for mod_sofia.c:sofia::reinvite
2026-09-28 06:44:45.628216 0.00% [NOTICE] switch_event.c:468 Subclass reservation deleted for mod_sofia.c:sofia::replaced
2026-09-28 06:44:45.628223 0.00% [NOTICE] switch_event.c:468 Subclass reservation deleted for mod_sofia.c:sofia::transferor
2026-09-28 06:44:45.628230 0.00% [NOTICE] switch_event.c:468 Subclass reservation deleted for mod_sofia.c:sofia::transferee
2026-09-28 06:44:45.628237 0.00% [NOTICE] switch_event.c:468 Subclass reservation deleted for mod_sofia.c:sofia::error
2026-09-28 06:44:45.628244 0.00% [NOTICE] switch_event.c:468 Subclass reservation deleted for mod_sofia.c:sofia::intercepted
2026-09-28 06:44:45.628251 0.00% [NOTICE] switch_event.c:468 Subclass reservation deleted for mod_sofia.c:sofia::gateway_state
2026-09-28 06:44:45.628258 0.00% [NOTICE] switch_event.c:468 Subclass reservation deleted for mod_sofia.c:sofia::sip_user_state
2026-09-28 06:44:45.628267 0.00% [NOTICE] switch_event.c:468 Subclass reservation deleted for mod_sofia.c:sofia::gateway_delete
2026-09-28 06:44:45.628275 0.00% [NOTICE] switch_event.c:468 Subclass reservation deleted for mod_sofia.c:sofia::expire
2026-09-28 06:44:45.628282 0.00% [NOTICE] switch_event.c:468 Subclass reservation deleted for mod_sofia.c:sofia::register_attempt
2026-09-28 06:44:45.628337 0.00% [NOTICE] switch_event.c:468 Subclass reservation deleted for mod_sofia.c:sofia::register_failure
2026-09-28 06:44:45.628345 0.00% [NOTICE] switch_event.c:468 Subclass reservation deleted for mod_sofia.c:sofia::pre_register
2026-09-28 06:44:45.628355 0.00% [NOTICE] switch_event.c:468 Subclass reservation deleted for mod_sofia.c:sofia::register
2026-09-28 06:44:45.628389 0.00% [NOTICE] switch_event.c:468 Subclass reservation deleted for mod_sofia.c:sofia::gateway_add
2026-09-28 06:44:45.628396 0.00% [NOTICE] switch_event.c:468 Subclass reservation deleted for mod_sofia.c:sofia::bye_response
2026-09-28 06:44:45.628620 0.00% [CRIT] switch_loadable_module.c:1754 Error Loading module /usr/lib/freeswitch/mod/mod_sofia.so
**Module load routine returned an error**
2026-09-28 06:44:45.632336 0.00% [CONSOLE] switch_loadable_module.c:1772 Successfully Loaded [mod_loopback]
2026-09-28 06:44:45.632387 0.00% [NOTICE] switch_loadable_module.c:172 Adding Endpoint 'loopback'
2026-09-28 06:44:45.632479 0.00% [NOTICE] switch_loadable_module.c:172 Adding Endpoint 'null'
2026-09-28 06:44:45.632508 0.00% [NOTICE] switch_loadable_module.c:329 Adding Application 'unloop'
2026-09-28 06:44:45.635200 0.00% [CONSOLE] switch_loadable_module.c:1772 Successfully Loaded [mod_rtc]
2026-09-28 06:44:45.635252 0.00% [NOTICE] switch_loadable_module.c:172 Adding Endpoint 'rtc'
2026-09-28 06:44:45.647363 0.00% [DEBUG] switch_core_sqldb.c:1494 SQL ERR [no such table: json_store]
[select name from json_store where name='']
Auto Generating Table!
2026-09-28 06:44:45.647549 0.00% [DEBUG] switch_core_sqldb.c:1501 Ignoring SQL ERR [no such table: json_store]
[drop table json_store]
2026-09-28 06:44:45.649307 0.00% [INFO] mod_verto.c:5331 Secure key and cert specified
2026-09-28 06:44:45.649713 0.00% [DEBUG] mod_verto.c:5445 default-v4 Bound to 172.25.0.4:8081
2026-09-28 06:44:45.649729 0.00% [DEBUG] mod_verto.c:5445 default-v4 Bound to 172.25.0.4:8082
2026-09-28 06:44:45.650095 0.00% [INFO] mod_verto.c:5331 Secure key and cert specified
2026-09-28 06:44:45.650117 0.00% [DEBUG] mod_verto.c:5445 default-v6 Bound to [::1]:8081
2026-09-28 06:44:45.650127 0.00% [DEBUG] mod_verto.c:5445 default-v6 Bound to [::1]:8082
2026-09-28 06:44:45.664447 0.00% [CONSOLE] switch_loadable_module.c:1772 Successfully Loaded [mod_verto]
2026-09-28 06:44:45.664500 0.00% [NOTICE] switch_loadable_module.c:172 Adding Endpoint 'verto.rtc'
2026-09-28 06:44:45.664556 0.00% [NOTICE] switch_loadable_module.c:389 Adding API Function 'verto'
2026-09-28 06:44:45.664576 0.00% [NOTICE] switch_loadable_module.c:389 Adding API Function 'verto_contact'
2026-09-28 06:44:45.664591 0.00% [NOTICE] switch_loadable_module.c:419 Adding JSON API Function 'store'
2026-09-28 06:44:45.664606 0.00% [NOTICE] switch_loadable_module.c:621 Adding Chat interface 'verto'
2026-09-28 06:44:45.664632 0.00% [WARNING] mod_verto.c:4910 Bind Error!, errno=99, Address not available
2026-09-28 06:44:45.664690 0.00% [WARNING] mod_verto.c:4910 Bind Error!, errno=99, Address not available
2026-09-28 06:44:45.664729 0.00% [WARNING] mod_verto.c:5085 default-v4 Client Socket Error! No Listeners!
2026-09-28 06:44:45.664734 0.00% [DEBUG] mod_verto.c:5904 profile default-v4 shutdown, Waiting for 0 threads
2026-09-28 06:44:45.665766 0.00% [DEBUG] mod_verto.c:5915 default-v4 Thread ending
2026-09-28 06:44:45.671219 0.00% [CONSOLE] switch_loadable_module.c:1772 Successfully Loaded [mod_commands]
2026-09-28 06:44:45.671328 0.00% [NOTICE] switch_loadable_module.c:329 Adding Application 'msrp_recv_file'
2026-09-28 06:44:45.671422 0.00% [NOTICE] switch_loadable_module.c:329 Adding Application 'msrp_send_file'
2026-09-28 06:44:45.671441 0.00% [NOTICE] switch_loadable_module.c:389 Adding API Function 'bg_system'
2026-09-28 06:44:45.671500 0.00% [NOTICE] switch_loadable_module.c:389 Adding API Function 'system'
2026-09-28 06:44:45.671515 0.00% [NOTICE] switch_loadable_module.c:389 Adding API Function 'bg_spawn'
2026-09-28 06:44:45.671598 0.00% [NOTICE] switch_loadable_module.c:389 Adding API Function 'spawn'
2026-09-28 06:44:45.671614 0.00% [NOTICE] switch_loadable_module.c:389 Adding API Function 'spawn_stream'
2026-09-28 06:44:45.671625 0.00% [NOTICE] switch_loadable_module.c:389 Adding API Function 'acl'
2026-09-28 06:44:45.671639 0.00% [NOTICE] switch_loadable_module.c:389 Adding API Function 'alias'
2026-09-28 06:44:45.671801 0.00% [NOTICE] switch_loadable_module.c:389 Adding API Function 'coalesce'
2026-09-28 06:44:45.671820 0.00% [NOTICE] switch_loadable_module.c:389 Adding API Function 'banner'
2026-09-28 06:44:45.671876 0.00% [NOTICE] switch_loadable_module.c:389 Adding API Function 'bgapi'
2026-09-28 06:44:45.671891 0.00% [NOTICE] switch_loadable_module.c:389 Adding API Function 'break'
2026-09-28 06:44:45.671904 0.00% [NOTICE] switch_loadable_module.c:389 Adding API Function 'complete'
2026-09-28 06:44:45.671917 0.00% [NOTICE] switch_loadable_module.c:389 Adding API Function 'cond'
2026-09-28 06:44:45.671929 0.00% [NOTICE] switch_loadable_module.c:389 Adding API Function 'console_complete'
2026-09-28 06:44:45.672055 0.00% [NOTICE] switch_loadable_module.c:389 Adding API Function 'console_complete_xml'
2026-09-28 06:44:45.672164 0.00% [NOTICE] switch_loadable_module.c:389 Adding API Function 'create_uuid'
2026-09-28 06:44:45.672191 0.00% [NOTICE] switch_loadable_module.c:389 Adding API Function 'db_cache'
2026-09-28 06:44:45.672253 0.00% [NOTICE] switch_loadable_module.c:389 Adding API Function 'domain_data'
2026-09-28 06:44:45.672274 0.00% [NOTICE] switch_loadable_module.c:389 Adding API Function 'domain_exists'
2026-09-28 06:44:45.672287 0.00% [NOTICE] switch_loadable_module.c:389 Adding API Function 'echo'
2026-09-28 06:44:45.672310 0.00% [NOTICE] switch_loadable_module.c:389 Adding API Function 'event_channel_broadcast'
2026-09-28 06:44:45.672322 0.00% [NOTICE] switch_loadable_module.c:389 Adding API Function 'escape'
2026-09-28 06:44:45.672334 0.00% [NOTICE] switch_loadable_module.c:389 Adding API Function 'eval'
2026-09-28 06:44:45.672466 0.00% [NOTICE] switch_loadable_module.c:389 Adding API Function 'expand'
2026-09-28 06:44:45.672532 0.00% [NOTICE] switch_loadable_module.c:389 Adding API Function 'find_user_xml'
2026-09-28 06:44:45.672552 0.00% [NOTICE] switch_loadable_module.c:389 Adding API Function 'fsctl'
2026-09-28 06:44:45.672572 0.00% [NOTICE] switch_loadable_module.c:389 Adding API Function '...'
2026-09-28 06:44:45.672604 0.00% [NOTICE] switch_loadable_module.c:389 Adding API Function 'shutdown'
2026-09-28 06:44:45.672632 0.00% [NOTICE] switch_loadable_module.c:389 Adding API Function 'version'
2026-09-28 06:44:45.672682 0.00% [NOTICE] switch_loadable_module.c:389 Adding API Function 'global_getvar'
2026-09-28 06:44:45.672699 0.00% [NOTICE] switch_loadable_module.c:389 Adding API Function 'global_setvar'
2026-09-28 06:44:45.672734 0.00% [NOTICE] switch_loadable_module.c:389 Adding API Function 'group_call'
2026-09-28 06:44:45.672749 0.00% [NOTICE] switch_loadable_module.c:389 Adding API Function 'help'
2026-09-28 06:44:45.672760 0.00% [NOTICE] switch_loadable_module.c:389 Adding API Function 'host_lookup'
2026-09-28 06:44:45.672772 0.00% [NOTICE] switch_loadable_module.c:389 Adding API Function 'hostname'
2026-09-28 06:44:45.672799 0.00% [NOTICE] switch_loadable_module.c:389 Adding API Function 'interface_ip'
2026-09-28 06:44:45.672812 0.00% [NOTICE] switch_loadable_module.c:389 Adding API Function 'switchname'
2026-09-28 06:44:45.672824 0.00% [NOTICE] switch_loadable_module.c:389 Adding API Function 'gethost'
2026-09-28 06:44:45.672836 0.00% [NOTICE] switch_loadable_module.c:389 Adding API Function 'getenv'
2026-09-28 06:44:45.672847 0.00% [NOTICE] switch_loadable_module.c:389 Adding API Function 'hupall'
2026-09-28 06:44:45.672860 0.00% [NOTICE] switch_loadable_module.c:389 Adding API Function 'in_group'
2026-09-28 06:44:45.672875 0.00% [NOTICE] switch_loadable_module.c:389 Adding API Function 'is_lan_addr'
2026-09-28 06:44:45.672886 0.00% [NOTICE] switch_loadable_module.c:389 Adding API Function 'limit_usage'
2026-09-28 06:44:45.672988 0.00% [NOTICE] switch_loadable_module.c:389 Adding API Function 'limit_hash_usage'
2026-09-28 06:44:45.673005 0.00% [NOTICE] switch_loadable_module.c:389 Adding API Function 'limit_status'
2026-09-28 06:44:45.673020 0.00% [NOTICE] switch_loadable_module.c:389 Adding API Function 'limit_reset'
2026-09-28 06:44:45.673032 0.00% [NOTICE] switch_loadable_module.c:389 Adding API Function 'limit_interval_reset'
2026-09-28 06:44:45.673044 0.00% [NOTICE] switch_loadable_module.c:389 Adding API Function 'list_users'
2026-09-28 06:44:45.673056 0.00% [NOTICE] switch_loadable_module.c:389 Adding API Function 'load'
2026-09-28 06:44:45.673084 0.00% [NOTICE] switch_loadable_module.c:389 Adding API Function 'log'
2026-09-28 06:44:45.673098 0.00% [NOTICE] switch_loadable_module.c:389 Adding API Function 'md5'
2026-09-28 06:44:45.673111 0.00% [NOTICE] switch_loadable_module.c:389 Adding API Function 'module_exists'
2026-09-28 06:44:45.673123 0.00% [NOTICE] switch_loadable_module.c:389 Adding API Function 'msleep'
2026-09-28 06:44:45.673136 0.00% [NOTICE] switch_loadable_module.c:389 Adding API Function 'nat_map'
2026-09-28 06:44:45.673152 0.00% [NOTICE] switch_loadable_module.c:389 Adding API Function 'originate'
2026-09-28 06:44:45.673164 0.00% [NOTICE] switch_loadable_module.c:389 Adding API Function 'pause'
2026-09-28 06:44:45.673180 0.00% [NOTICE] switch_loadable_module.c:389 Adding API Function 'pool_stats'
2026-09-28 06:44:45.673224 0.00% [NOTICE] switch_loadable_module.c:389 Adding API Function 'quote_shell_arg'
2026-09-28 06:44:45.673239 0.00% [NOTICE] switch_loadable_module.c:389 Adding API Function 'regex'
2026-09-28 06:44:45.673252 0.00% [NOTICE] switch_loadable_module.c:389 Adding API Function 'reloadacl'
2026-09-28 06:44:45.673265 0.00% [NOTICE] switch_loadable_module.c:389 Adding API Function 'reload'
2026-09-28 06:44:45.673281 0.00% [NOTICE] switch_loadable_module.c:389 Adding API Function 'reloadxml'
2026-09-28 06:44:45.673292 0.00% [NOTICE] switch_loadable_module.c:389 Adding API Function 'reloadcert'
2026-09-28 06:44:45.673305 0.00% [NOTICE] switch_loadable_module.c:389 Adding API Function 'replace'
2026-09-28 06:44:45.673318 0.00% [NOTICE] switch_loadable_module.c:389 Adding API Function 'say_string'
2026-09-28 06:44:45.673426 0.00% [NOTICE] switch_loadable_module.c:389 Adding API Function 'sched_api'
2026-09-28 06:44:45.673449 0.00% [NOTICE] switch_loadable_module.c:389 Adding API Function 'sched_broadcast'
2026-09-28 06:44:45.673468 0.00% [NOTICE] switch_loadable_module.c:389 Adding API Function 'sched_del'
2026-09-28 06:44:45.673484 0.00% [NOTICE] switch_loadable_module.c:389 Adding API Function 'sched_hangup'
2026-09-28 06:44:45.673497 0.00% [NOTICE] switch_loadable_module.c:389 Adding API Function 'sched_transfer'
2026-09-28 06:44:45.673513 0.00% [NOTICE] switch_loadable_module.c:389 Adding API Function 'show'
2026-09-28 06:44:45.673526 0.00% [NOTICE] switch_loadable_module.c:389 Adding API Function 'sql_escape'
2026-09-28 06:44:45.673540 0.00% [NOTICE] switch_loadable_module.c:389 Adding API Function 'status'
2026-09-28 06:44:45.673553 0.00% [NOTICE] switch_loadable_module.c:389 Adding API Function 'strftime_tz'
2026-09-28 06:44:45.673565 0.00% [NOTICE] switch_loadable_module.c:389 Adding API Function 'stun'
2026-09-28 06:44:45.673580 0.00% [NOTICE] switch_loadable_module.c:389 Adding API Function 'time_test'
2026-09-28 06:44:45.673592 0.00% [NOTICE] switch_loadable_module.c:389 Adding API Function 'timer_test'
2026-09-28 06:44:45.673606 0.00% [NOTICE] switch_loadable_module.c:389 Adding API Function 'tone_detect'
2026-09-28 06:44:45.673645 0.00% [NOTICE] switch_loadable_module.c:389 Adding API Function 'unload'
2026-09-28 06:44:45.673704 0.00% [NOTICE] switch_loadable_module.c:389 Adding API Function 'unsched_api'
2026-09-28 06:44:45.673729 0.00% [NOTICE] switch_loadable_module.c:389 Adding API Function 'uptime'
2026-09-28 06:44:45.673754 0.00% [NOTICE] switch_loadable_module.c:389 Adding API Function 'reg_url'
2026-09-28 06:44:45.673796 0.00% [NOTICE] switch_loadable_module.c:389 Adding API Function 'url_decode'
2026-09-28 06:44:45.673816 0.00% [NOTICE] switch_loadable_module.c:389 Adding API Function 'url_encode'
2026-09-28 06:44:45.673829 0.00% [NOTICE] switch_loadable_module.c:389 Adding API Function 'toupper'
2026-09-28 06:44:45.673843 0.00% [NOTICE] switch_loadable_module.c:389 Adding API Function 'tolower'
2026-09-28 06:44:45.673857 0.00% [NOTICE] switch_loadable_module.c:389 Adding API Function 'user_data'
2026-09-28 06:44:45.673870 0.00% [NOTICE] switch_loadable_module.c:389 Adding API Function 'uuid_early_ok'
2026-09-28 06:44:45.673883 0.00% [NOTICE] switch_loadable_module.c:389 Adding API Function 'user_exists'
2026-09-28 06:44:45.673896 0.00% [NOTICE] switch_loadable_module.c:389 Adding API Function 'uuid_answer'
2026-09-28 06:44:45.673982 0.00% [NOTICE] switch_loadable_module.c:389 Adding API Function 'uuid_audio'
2026-09-28 06:44:45.674053 0.00% [NOTICE] switch_loadable_module.c:389 Adding API Function 'uuid_break'
2026-09-28 06:44:45.674088 0.00% [NOTICE] switch_loadable_module.c:389 Adding API Function 'uuid_bridge'
2026-09-28 06:44:45.674169 0.00% [NOTICE] switch_loadable_module.c:389 Adding API Function 'uuid_broadcast'
2026-09-28 06:44:45.674335 0.00% [NOTICE] switch_loadable_module.c:389 Adding API Function 'uuid_buglist'
2026-09-28 06:44:45.674364 0.00% [NOTICE] switch_loadable_module.c:389 Adding API Function 'uuid_chat'
2026-09-28 06:44:45.674389 0.00% [NOTICE] switch_loadable_module.c:389 Adding API Function 'uuid_send_text'
2026-09-28 06:44:45.674411 0.00% [NOTICE] switch_loadable_module.c:389 Adding API Function 'uuid_capture_text'
2026-09-28 06:44:45.674432 0.00% [NOTICE] switch_loadable_module.c:389 Adding API Function 'uuid_codec_debug'
2026-09-28 06:44:45.674490 0.00% [NOTICE] switch_loadable_module.c:389 Adding API Function 'uuid_codec_param'
2026-09-28 06:44:45.674511 0.00% [NOTICE] switch_loadable_module.c:389 Adding API Function 'uuid_debug_media'
2026-09-28 06:44:45.674535 0.00% [NOTICE] switch_loadable_module.c:389 Adding API Function 'uuid_deflect'
2026-09-28 06:44:45.674611 0.00% [NOTICE] switch_loadable_module.c:389 Adding API Function 'uuid_displace'
2026-09-28 06:44:45.674637 0.00% [NOTICE] switch_loadable_module.c:389 Adding API Function 'uuid_display'
2026-09-28 06:44:45.674654 0.00% [NOTICE] switch_loadable_module.c:389 Adding API Function 'uuid_media_params'
2026-09-28 06:44:45.674669 0.00% [NOTICE] switch_loadable_module.c:389 Adding API Function 'uuid_drop_dtmf'
2026-09-28 06:44:45.674682 0.00% [NOTICE] switch_loadable_module.c:389 Adding API Function 'uuid_dump'
2026-09-28 06:44:45.674778 0.00% [NOTICE] switch_loadable_module.c:389 Adding API Function 'uuid_exists'
2026-09-28 06:44:45.674894 0.00% [NOTICE] switch_loadable_module.c:389 Adding API Function 'uuid_fileman'
2026-09-28 06:44:45.674908 0.00% [NOTICE] switch_loadable_module.c:389 Adding API Function 'uuid_flush_dtmf'
2026-09-28 06:44:45.674920 0.00% [NOTICE] switch_loadable_module.c:389 Adding API Function 'uuid_getvar'
2026-09-28 06:44:45.674933 0.00% [NOTICE] switch_loadable_module.c:389 Adding API Function 'uuid_hold'
2026-09-28 06:44:45.674945 0.00% [NOTICE] switch_loadable_module.c:389 Adding API Function 'uuid_kill'
2026-09-28 06:44:45.674965 0.00% [NOTICE] switch_loadable_module.c:389 Adding API Function 'uuid_send_message'
2026-09-28 06:44:45.674987 0.00% [NOTICE] switch_loadable_module.c:389 Adding API Function 'uuid_send_info'
2026-09-28 06:44:45.675017 0.00% [NOTICE] switch_loadable_module.c:389 Adding API Function 'uuid_set_media_stats'
2026-09-28 06:44:45.675029 0.00% [NOTICE] switch_loadable_module.c:389 Adding API Function 'uuid_video_bitrate'
2026-09-28 06:44:45.675053 0.00% [NOTICE] switch_loadable_module.c:389 Adding API Function 'uuid_video_bandwidth'
2026-09-28 06:44:45.675220 0.00% [NOTICE] switch_loadable_module.c:389 Adding API Function 'uuid_video_refresh'
2026-09-28 06:44:45.675302 0.00% [NOTICE] switch_loadable_module.c:389 Adding API Function 'uuid_outgoing_answer'
2026-09-28 06:44:45.675326 0.00% [NOTICE] switch_loadable_module.c:389 Adding API Function 'uuid_limit'
2026-09-28 06:44:45.675376 0.00% [NOTICE] switch_loadable_module.c:389 Adding API Function 'uuid_limit_release'
2026-09-28 06:44:45.675392 0.00% [NOTICE] switch_loadable_module.c:389 Adding API Function 'uuid_loglevel'
2026-09-28 06:44:45.675405 0.00% [NOTICE] switch_loadable_module.c:389 Adding API Function 'uuid_media'
2026-09-28 06:44:45.675429 0.00% [NOTICE] switch_loadable_module.c:389 Adding API Function 'uuid_media_3p'
2026-09-28 06:44:45.675462 0.00% [NOTICE] switch_loadable_module.c:389 Adding API Function 'uuid_media_reneg'
2026-09-28 06:44:45.675523 0.00% [NOTICE] switch_loadable_module.c:389 Adding API Function 'uuid_park'
2026-09-28 06:44:45.675538 0.00% [NOTICE] switch_loadable_module.c:389 Adding API Function 'uuid_pause'
2026-09-28 06:44:45.675552 0.00% [NOTICE] switch_loadable_module.c:389 Adding API Function 'uuid_phone_event'
2026-09-28 06:44:45.675655 0.00% [NOTICE] switch_loadable_module.c:389 Adding API Function 'uuid_ring_ready'
2026-09-28 06:44:45.675677 0.00% [NOTICE] switch_loadable_module.c:389 Adding API Function 'uuid_pre_answer'
2026-09-28 06:44:45.675696 0.00% [NOTICE] switch_loadable_module.c:389 Adding API Function 'uuid_preprocess'
2026-09-28 06:44:45.675717 0.00% [NOTICE] switch_loadable_module.c:389 Adding API Function 'uuid_record'
2026-09-28 06:44:45.675780 0.00% [NOTICE] switch_loadable_module.c:389 Adding API Function 'uuid_recovery_refresh'
2026-09-28 06:44:45.675802 0.00% [NOTICE] switch_loadable_module.c:389 Adding API Function 'uuid_recv_dtmf'
2026-09-28 06:44:45.675901 0.00% [NOTICE] switch_loadable_module.c:389 Adding API Function 'uuid_redirect'
2026-09-28 06:44:45.675923 0.00% [NOTICE] switch_loadable_module.c:389 Adding API Function 'uuid_send_dtmf'
2026-09-28 06:44:45.675943 0.00% [NOTICE] switch_loadable_module.c:389 Adding API Function 'uuid_session_heartbeat'
2026-09-28 06:44:45.675963 0.00% [NOTICE] switch_loadable_module.c:389 Adding API Function 'uuid_setvar_multi'
2026-09-28 06:44:45.675993 0.00% [NOTICE] switch_loadable_module.c:389 Adding API Function 'uuid_setvar'
2026-09-28 06:44:45.676012 0.00% [NOTICE] switch_loadable_module.c:389 Adding API Function 'uuid_transfer'
2026-09-28 06:44:45.676025 0.00% [NOTICE] switch_loadable_module.c:389 Adding API Function 'uuid_dual_transfer'
2026-09-28 06:44:45.676039 0.00% [NOTICE] switch_loadable_module.c:389 Adding API Function 'uuid_simplify'
2026-09-28 06:44:45.676070 0.00% [NOTICE] switch_loadable_module.c:389 Adding API Function 'uuid_jitterbuffer'
2026-09-28 06:44:45.676082 0.00% [NOTICE] switch_loadable_module.c:389 Adding API Function 'uuid_zombie_exec'
2026-09-28 06:44:45.676095 0.00% [NOTICE] switch_loadable_module.c:389 Adding API Function 'uuid_xfer_zombie'
2026-09-28 06:44:45.676108 0.00% [NOTICE] switch_loadable_module.c:389 Adding API Function 'xml_flush_cache'
2026-09-28 06:44:45.676120 0.00% [NOTICE] switch_loadable_module.c:389 Adding API Function 'xml_locate'
2026-09-28 06:44:45.676132 0.00% [NOTICE] switch_loadable_module.c:389 Adding API Function 'xml_wrap'
2026-09-28 06:44:45.676146 0.00% [NOTICE] switch_loadable_module.c:389 Adding API Function 'file_exists'
2026-09-28 06:44:45.676159 0.00% [NOTICE] switch_loadable_module.c:389 Adding API Function 'getcputime'
2026-09-28 06:44:45.676262 0.00% [NOTICE] switch_loadable_module.c:389 Adding API Function 'json'
2026-09-28 06:44:45.676287 0.00% [NOTICE] switch_loadable_module.c:389 Adding API Function 'memory'
2026-09-28 06:44:45.676307 0.00% [NOTICE] switch_loadable_module.c:389 Adding API Function 'msrp'
2026-09-28 06:44:45.676329 0.00% [NOTICE] switch_loadable_module.c:389 Adding API Function 'uuid_msrp_send'
2026-09-28 06:44:45.676352 0.00% [NOTICE] switch_loadable_module.c:419 Adding JSON API Function 'mediaStats'
2026-09-28 06:44:45.676376 0.00% [NOTICE] switch_loadable_module.c:419 Adding JSON API Function 'status'
2026-09-28 06:44:45.676400 0.00% [NOTICE] switch_loadable_module.c:419 Adding JSON API Function 'fsapi'
2026-09-28 06:44:45.676416 0.00% [NOTICE] switch_loadable_module.c:419 Adding JSON API Function 'execute'
2026-09-28 06:44:45.676430 0.00% [NOTICE] switch_loadable_module.c:419 Adding JSON API Function 'channelData'
2026-09-28 06:44:45.688336 0.00% [CONSOLE] switch_loadable_module.c:1772 Successfully Loaded [mod_conference]
2026-09-28 06:44:45.688375 0.00% [NOTICE] switch_loadable_module.c:329 Adding Application 'conference'
2026-09-28 06:44:45.688421 0.00% [NOTICE] switch_loadable_module.c:329 Adding Application 'conference_set_auto_outcall'
2026-09-28 06:44:45.688600 0.00% [NOTICE] switch_loadable_module.c:389 Adding API Function 'conference'
2026-09-28 06:44:45.688661 0.00% [NOTICE] switch_loadable_module.c:621 Adding Chat interface 'conf'
2026-09-28 06:44:45.693901 0.00% [DEBUG] switch_core_sqldb.c:1494 SQL ERR [no such table: limit_data]
[select * from limit_data]
Auto Generating Table!
2026-09-28 06:44:45.695544 0.00% [DEBUG] switch_core_sqldb.c:1494 SQL ERR [no such table: db_data]
[select * from db_data]
Auto Generating Table!
2026-09-28 06:44:45.698564 0.00% [DEBUG] switch_core_sqldb.c:1494 SQL ERR [no such table: group_data]
[select * from group_data]
Auto Generating Table!
2026-09-28 06:44:45.713446 0.00% [CONSOLE] switch_loadable_module.c:1772 Successfully Loaded [mod_db]
2026-09-28 06:44:45.713474 0.00% [NOTICE] switch_loadable_module.c:329 Adding Application 'db'
2026-09-28 06:44:45.713694 0.00% [NOTICE] switch_loadable_module.c:329 Adding Application 'group'
2026-09-28 06:44:45.713733 0.00% [NOTICE] switch_loadable_module.c:389 Adding API Function 'db'
2026-09-28 06:44:45.713762 0.00% [NOTICE] switch_loadable_module.c:389 Adding API Function 'group'
2026-09-28 06:44:45.713784 0.00% [NOTICE] switch_loadable_module.c:717 Adding Limit interface 'db'
2026-09-28 06:44:45.718179 0.00% [CONSOLE] switch_loadable_module.c:1772 Successfully Loaded [mod_dptools]
2026-09-28 06:44:45.718212 0.00% [NOTICE] switch_loadable_module.c:172 Adding Endpoint 'error'
2026-09-28 06:44:45.718295 0.00% [NOTICE] switch_loadable_module.c:172 Adding Endpoint 'group'
2026-09-28 06:44:45.718322 0.00% [NOTICE] switch_loadable_module.c:172 Adding Endpoint 'user'
2026-09-28 06:44:45.718343 0.00% [NOTICE] switch_loadable_module.c:172 Adding Endpoint 'pickup'
2026-09-28 06:44:45.718516 0.00% [NOTICE] switch_loadable_module.c:273 Adding Dialplan 'inline'
2026-09-28 06:44:45.718556 0.00% [NOTICE] switch_loadable_module.c:329 Adding Application 'blind_transfer_ack'
2026-09-28 06:44:45.718594 0.00% [NOTICE] switch_loadable_module.c:329 Adding Application 'bind_digit_action'
2026-09-28 06:44:45.718787 0.00% [NOTICE] switch_loadable_module.c:329 Adding Application 'capture'
2026-09-28 06:44:45.718818 0.00% [NOTICE] switch_loadable_module.c:329 Adding Application 'clear_digit_action'
2026-09-28 06:44:45.718940 0.00% [NOTICE] switch_loadable_module.c:329 Adding Application 'digit_action_set_realm'
2026-09-28 06:44:45.719026 0.00% [NOTICE] switch_loadable_module.c:329 Adding Application 'privacy'
2026-09-28 06:44:45.719051 0.00% [NOTICE] switch_loadable_module.c:329 Adding Application 'set_audio_level'
2026-09-28 06:44:45.719074 0.00% [NOTICE] switch_loadable_module.c:329 Adding Application 'set_mute'
2026-09-28 06:44:45.719101 0.00% [NOTICE] switch_loadable_module.c:329 Adding Application 'flush_dtmf'
2026-09-28 06:44:45.719120 0.00% [NOTICE] switch_loadable_module.c:329 Adding Application 'hold'
2026-09-28 06:44:45.719143 0.00% [NOTICE] switch_loadable_module.c:329 Adding Application 'unhold'
2026-09-28 06:44:45.719169 0.00% [NOTICE] switch_loadable_module.c:329 Adding Application 'mutex'
2026-09-28 06:44:45.719202 0.00% [NOTICE] switch_loadable_module.c:329 Adding Application 'page'
2026-09-28 06:44:45.719224 0.00% [NOTICE] switch_loadable_module.c:329 Adding Application 'transfer'
2026-09-28 06:44:45.719250 0.00% [NOTICE] switch_loadable_module.c:329 Adding Application 'check_acl'
2026-09-28 06:44:45.719277 0.00% [NOTICE] switch_loadable_module.c:329 Adding Application 'verbose_events'
2026-09-28 06:44:45.719311 0.00% [NOTICE] switch_loadable_module.c:329 Adding Application 'novideo'
2026-09-28 06:44:45.719334 0.00% [NOTICE] switch_loadable_module.c:329 Adding Application 'cng_plc'
2026-09-28 06:44:45.719487 0.00% [NOTICE] switch_loadable_module.c:329 Adding Application 'early_hangup'
2026-09-28 06:44:45.719544 0.00% [NOTICE] switch_loadable_module.c:329 Adding Application 'sleep'
2026-09-28 06:44:45.719568 0.00% [NOTICE] switch_loadable_module.c:329 Adding Application 'delay_echo'
2026-09-28 06:44:45.719588 0.00% [NOTICE] switch_loadable_module.c:329 Adding Application 'strftime'
2026-09-28 06:44:45.719612 0.00% [NOTICE] switch_loadable_module.c:329 Adding Application 'phrase'
2026-09-28 06:44:45.719639 0.00% [NOTICE] switch_loadable_module.c:329 Adding Application 'eval'
2026-09-28 06:44:45.719667 0.00% [NOTICE] switch_loadable_module.c:329 Adding Application 'set_media_stats'
2026-09-28 06:44:45.719691 0.00% [NOTICE] switch_loadable_module.c:329 Adding Application 'stop'
2026-09-28 06:44:45.719716 0.00% [NOTICE] switch_loadable_module.c:329 Adding Application 'set_zombie_exec'
2026-09-28 06:44:45.719749 0.00% [NOTICE] switch_loadable_module.c:329 Adding Application 'pre_answer'
2026-09-28 06:44:45.719818 0.00% [NOTICE] switch_loadable_module.c:329 Adding Application 'answer'
2026-09-28 06:44:45.720149 0.00% [NOTICE] switch_loadable_module.c:329 Adding Application 'wait_for_answer'
2026-09-28 06:44:45.720185 0.00% [NOTICE] switch_loadable_module.c:329 Adding Application 'wait_for_video_ready'
2026-09-28 06:44:45.720200 0.00% [NOTICE] switch_loadable_module.c:329 Adding Application 'hangup'
2026-09-28 06:44:45.720213 0.00% [NOTICE] switch_loadable_module.c:329 Adding Application 'set_name'
2026-09-28 06:44:45.720231 0.00% [NOTICE] switch_loadable_module.c:329 Adding Application 'presence'
2026-09-28 06:44:45.720571 0.00% [NOTICE] switch_loadable_module.c:329 Adding Application 'log'
2026-09-28 06:44:45.720606 0.00% [NOTICE] switch_loadable_module.c:329 Adding Application 'info'
2026-09-28 06:44:45.720635 0.00% [NOTICE] switch_loadable_module.c:329 Adding Application 'event'
2026-09-28 06:44:45.720657 0.00% [NOTICE] switch_loadable_module.c:329 Adding Application 'sound_test'
2026-09-28 06:44:45.720789 0.00% [NOTICE] switch_loadable_module.c:329 Adding Application 'export'
2026-09-28 06:44:45.720971 0.00% [NOTICE] switch_loadable_module.c:329 Adding Application 'bridge_export'
2026-09-28 06:44:45.721021 0.00% [NOTICE] switch_loadable_module.c:329 Adding Application 'set'
2026-09-28 06:44:45.721039 0.00% [NOTICE] switch_loadable_module.c:329 Adding Application 'multiset'
2026-09-28 06:44:45.721055 0.00% [NOTICE] switch_loadable_module.c:329 Adding Application 'push'
2026-09-28 06:44:45.721073 0.00% [NOTICE] switch_loadable_module.c:329 Adding Application 'unshift'
2026-09-28 06:44:45.721095 0.00% [NOTICE] switch_loadable_module.c:329 Adding Application 'set_global'
2026-09-28 06:44:45.721117 0.00% [NOTICE] switch_loadable_module.c:329 Adding Application 'set_profile_var'
2026-09-28 06:44:45.721139 0.00% [NOTICE] switch_loadable_module.c:329 Adding Application 'unset'
2026-09-28 06:44:45.721309 0.00% [NOTICE] switch_loadable_module.c:329 Adding Application 'multiunset'
2026-09-28 06:44:45.721473 0.00% [NOTICE] switch_loadable_module.c:329 Adding Application 'capture_text'
2026-09-28 06:44:45.721501 0.00% [NOTICE] switch_loadable_module.c:329 Adding Application 'acknowledge_call'
2026-09-28 06:44:45.721642 0.00% [NOTICE] switch_loadable_module.c:329 Adding Application 'ring_ready'
2026-09-28 06:44:45.721717 0.00% [NOTICE] switch_loadable_module.c:329 Adding Application 'remove_bugs'
2026-09-28 06:44:45.721733 0.00% [NOTICE] switch_loadable_module.c:329 Adding Application 'break'
2026-09-28 06:44:45.721745 0.00% [NOTICE] switch_loadable_module.c:329 Adding Application 'detect_speech'
2026-09-28 06:44:45.721762 0.00% [NOTICE] switch_loadable_module.c:329 Adding Application 'play_and_detect_speech'
2026-09-28 06:44:45.721914 0.00% [NOTICE] switch_loadable_module.c:329 Adding Application 'ivr'
2026-09-28 06:44:45.721942 0.00% [NOTICE] switch_loadable_module.c:329 Adding Application 'redirect'
2026-09-28 06:44:45.722138 0.00% [NOTICE] switch_loadable_module.c:329 Adding Application 'video_refresh'
2026-09-28 06:44:45.722205 0.00% [NOTICE] switch_loadable_module.c:329 Adding Application 'video_decode'
2026-09-28 06:44:45.722229 0.00% [NOTICE] switch_loadable_module.c:329 Adding Application 'send_info'
2026-09-28 06:44:45.722252 0.00% [NOTICE] switch_loadable_module.c:329 Adding Application 'jitterbuffer'
2026-09-28 06:44:45.722386 0.00% [NOTICE] switch_loadable_module.c:329 Adding Application 'send_display'
2026-09-28 06:44:45.722419 0.00% [NOTICE] switch_loadable_module.c:329 Adding Application 'respond'
2026-09-28 06:44:45.722447 0.00% [NOTICE] switch_loadable_module.c:329 Adding Application 'deflect'
2026-09-28 06:44:45.722470 0.00% [NOTICE] switch_loadable_module.c:329 Adding Application 'recovery_refresh'
2026-09-28 06:44:45.722495 0.00% [NOTICE] switch_loadable_module.c:329 Adding Application 'reuse_caller_profile'
2026-09-28 06:44:45.722715 0.00% [NOTICE] switch_loadable_module.c:329 Adding Application 'queue_dtmf'
2026-09-28 06:44:45.722987 0.00% [NOTICE] switch_loadable_module.c:329 Adding Application 'send_dtmf'
2026-09-28 06:44:45.723092 0.00% [NOTICE] switch_loadable_module.c:329 Adding Application 'sched_cancel'
2026-09-28 06:44:45.723122 0.00% [NOTICE] switch_loadable_module.c:329 Adding Application 'sched_hangup'
2026-09-28 06:44:45.723276 0.00% [NOTICE] switch_loadable_module.c:329 Adding Application 'sched_broadcast'
2026-09-28 06:44:45.723305 0.00% [NOTICE] switch_loadable_module.c:329 Adding Application 'sched_transfer'
2026-09-28 06:44:45.723337 0.00% [NOTICE] switch_loadable_module.c:329 Adding Application 'execute_extension'
2026-09-28 06:44:45.723407 0.00% [NOTICE] switch_loadable_module.c:329 Adding Application 'sched_heartbeat'
2026-09-28 06:44:45.723435 0.00% [NOTICE] switch_loadable_module.c:329 Adding Application 'enable_heartbeat'
2026-09-28 06:44:45.723460 0.00% [NOTICE] switch_loadable_module.c:329 Adding Application 'filter_codecs'
2026-09-28 06:44:45.723488 0.00% [NOTICE] switch_loadable_module.c:329 Adding Application 'enable_keepalive'
2026-09-28 06:44:45.723510 0.00% [NOTICE] switch_loadable_module.c:329 Adding Application 'media_reset'
2026-09-28 06:44:45.723666 0.00% [NOTICE] switch_loadable_module.c:329 Adding Application 'mkdir'
2026-09-28 06:44:45.723692 0.00% [NOTICE] switch_loadable_module.c:329 Adding Application 'rename'
2026-09-28 06:44:45.723709 0.00% [NOTICE] switch_loadable_module.c:329 Adding Application 'transfer_vars'
2026-09-28 06:44:45.723729 0.00% [NOTICE] switch_loadable_module.c:329 Adding Application 'soft_hold'
2026-09-28 06:44:45.723750 0.00% [NOTICE] switch_loadable_module.c:329 Adding Application 'bind_meta_app'
2026-09-28 06:44:45.723763 0.00% [NOTICE] switch_loadable_module.c:329 Adding Application 'unbind_meta_app'
2026-09-28 06:44:45.723792 0.00% [NOTICE] switch_loadable_module.c:329 Adding Application 'block_dtmf'
2026-09-28 06:44:45.723808 0.00% [NOTICE] switch_loadable_module.c:329 Adding Application 'unblock_dtmf'
2026-09-28 06:44:45.723820 0.00% [NOTICE] switch_loadable_module.c:329 Adding Application 'intercept'
2026-09-28 06:44:45.723834 0.00% [NOTICE] switch_loadable_module.c:329 Adding Application 'eavesdrop'
2026-09-28 06:44:45.723848 0.00% [NOTICE] switch_loadable_module.c:329 Adding Application 'native_eavesdrop'
2026-09-28 06:44:45.723864 0.00% [NOTICE] switch_loadable_module.c:329 Adding Application 'three_way'
2026-09-28 06:44:45.723879 0.00% [NOTICE] switch_loadable_module.c:329 Adding Application 'set_user'
2026-09-28 06:44:45.723891 0.00% [NOTICE] switch_loadable_module.c:329 Adding Application 'stop_dtmf'
2026-09-28 06:44:45.723903 0.00% [NOTICE] switch_loadable_module.c:329 Adding Application 'start_dtmf'
2026-09-28 06:44:45.723918 0.00% [NOTICE] switch_loadable_module.c:329 Adding Application 'stop_dtmf_generate'
2026-09-28 06:44:45.724018 0.00% [NOTICE] switch_loadable_module.c:329 Adding Application 'start_dtmf_generate'
2026-09-28 06:44:45.724053 0.00% [NOTICE] switch_loadable_module.c:329 Adding Application 'stop_tone_detect'
2026-09-28 06:44:45.724162 0.00% [NOTICE] switch_loadable_module.c:329 Adding Application 'fax_detect'
2026-09-28 06:44:45.724281 0.00% [NOTICE] switch_loadable_module.c:329 Adding Application 'tone_detect'
2026-09-28 06:44:45.724336 0.00% [NOTICE] switch_loadable_module.c:329 Adding Application 'echo'
2026-09-28 06:44:45.724601 0.00% [NOTICE] switch_loadable_module.c:329 Adding Application 'park'
2026-09-28 06:44:45.724620 0.00% [NOTICE] switch_loadable_module.c:329 Adding Application 'park_state'
2026-09-28 06:44:45.724635 0.00% [NOTICE] switch_loadable_module.c:329 Adding Application 'gentones'
2026-09-28 06:44:45.724649 0.00% [NOTICE] switch_loadable_module.c:329 Adding Application 'playback'
2026-09-28 06:44:45.724666 0.00% [NOTICE] switch_loadable_module.c:329 Adding Application 'broadcast'
2026-09-28 06:44:45.724679 0.00% [NOTICE] switch_loadable_module.c:329 Adding Application 'endless_playback'
2026-09-28 06:44:45.724692 0.00% [NOTICE] switch_loadable_module.c:329 Adding Application 'loop_playback'
2026-09-28 06:44:45.724833 0.00% [NOTICE] switch_loadable_module.c:329 Adding Application 'att_xfer'
2026-09-28 06:44:45.724853 0.00% [NOTICE] switch_loadable_module.c:329 Adding Application 'read'
2026-09-28 06:44:45.724879 0.00% [NOTICE] switch_loadable_module.c:329 Adding Application 'play_and_get_digits'
2026-09-28 06:44:45.724902 0.00% [NOTICE] switch_loadable_module.c:329 Adding Application 'stop_video_write_overlay'
2026-09-28 06:44:45.724925 0.00% [NOTICE] switch_loadable_module.c:329 Adding Application 'video_write_overlay'
2026-09-28 06:44:45.725058 0.00% [NOTICE] switch_loadable_module.c:329 Adding Application 'stop_record_session'
2026-09-28 06:44:45.725210 0.00% [NOTICE] switch_loadable_module.c:329 Adding Application 'record_session'
2026-09-28 06:44:45.725419 0.00% [NOTICE] switch_loadable_module.c:329 Adding Application 'record_session_mask'
2026-09-28 06:44:45.725469 0.00% [NOTICE] switch_loadable_module.c:329 Adding Application 'record_session_unmask'
2026-09-28 06:44:45.725496 0.00% [NOTICE] switch_loadable_module.c:329 Adding Application 'record_session_pause'
2026-09-28 06:44:45.725872 0.00% [NOTICE] switch_loadable_module.c:329 Adding Application 'record_session_resume'
2026-09-28 06:44:45.725910 0.00% [NOTICE] switch_loadable_module.c:329 Adding Application 'record'
2026-09-28 06:44:45.726066 0.00% [NOTICE] switch_loadable_module.c:329 Adding Application 'preprocess'
2026-09-28 06:44:45.726154 0.00% [NOTICE] switch_loadable_module.c:329 Adding Application 'stop_displace_session'
2026-09-28 06:44:45.726297 0.00% [NOTICE] switch_loadable_module.c:329 Adding Application 'displace_session'
2026-09-28 06:44:45.726329 0.00% [NOTICE] switch_loadable_module.c:329 Adding Application 'speak'
2026-09-28 06:44:45.726358 0.00% [NOTICE] switch_loadable_module.c:329 Adding Application 'clear_speech_cache'
2026-09-28 06:44:45.726378 0.00% [NOTICE] switch_loadable_module.c:329 Adding Application 'bridge'
2026-09-28 06:44:45.726426 0.00% [NOTICE] switch_loadable_module.c:329 Adding Application 'system'
2026-09-28 06:44:45.726447 0.00% [NOTICE] switch_loadable_module.c:329 Adding Application 'bgsystem'
2026-09-28 06:44:45.726468 0.00% [NOTICE] switch_loadable_module.c:329 Adding Application 'say'
2026-09-28 06:44:45.726490 0.00% [NOTICE] switch_loadable_module.c:329 Adding Application 'detect_audio'
2026-09-28 06:44:45.726512 0.00% [NOTICE] switch_loadable_module.c:329 Adding Application 'detect_silence'
2026-09-28 06:44:45.726533 0.00% [NOTICE] switch_loadable_module.c:329 Adding Application 'wait_for_silence'
2026-09-28 06:44:45.726687 0.00% [NOTICE] switch_loadable_module.c:329 Adding Application 'session_loglevel'
2026-09-28 06:44:45.726707 0.00% [NOTICE] switch_loadable_module.c:329 Adding Application 'limit'
2026-09-28 06:44:45.726719 0.00% [NOTICE] switch_loadable_module.c:329 Adding Application 'limit_hash'
2026-09-28 06:44:45.726735 0.00% [NOTICE] switch_loadable_module.c:329 Adding Application 'limit_execute'
2026-09-28 06:44:45.726762 0.00% [NOTICE] switch_loadable_module.c:329 Adding Application 'limit_hash_execute'
2026-09-28 06:44:45.726787 0.00% [NOTICE] switch_loadable_module.c:329 Adding Application 'pickup'
2026-09-28 06:44:45.726817 0.00% [NOTICE] switch_loadable_module.c:329 Adding Application 'deduplicate_dtmf'
2026-09-28 06:44:45.726829 0.00% [NOTICE] switch_loadable_module.c:329 Adding Application 'vad_test'
2026-09-28 06:44:45.726841 0.00% [NOTICE] switch_loadable_module.c:329 Adding Application 'debug_media'
2026-09-28 06:44:45.726859 0.00% [NOTICE] switch_loadable_module.c:389 Adding API Function 'strepoch'
2026-09-28 06:44:45.726887 0.00% [NOTICE] switch_loadable_module.c:389 Adding API Function 'page'
2026-09-28 06:44:45.726909 0.00% [NOTICE] switch_loadable_module.c:389 Adding API Function 'strmicroepoch'
2026-09-28 06:44:45.726942 0.00% [NOTICE] switch_loadable_module.c:389 Adding API Function 'chat'
2026-09-28 06:44:45.726964 0.00% [NOTICE] switch_loadable_module.c:389 Adding API Function 'strftime'
2026-09-28 06:44:45.727136 0.00% [NOTICE] switch_loadable_module.c:389 Adding API Function 'presence'
2026-09-28 06:44:45.727251 0.00% [NOTICE] switch_loadable_module.c:455 Adding File Format 'file_string'
2026-09-28 06:44:45.727543 0.00% [NOTICE] switch_loadable_module.c:455 Adding File Format 'file'
2026-09-28 06:44:45.727577 0.00% [NOTICE] switch_loadable_module.c:455 Adding File Format 'tts'
2026-09-28 06:44:45.727610 0.00% [NOTICE] switch_loadable_module.c:621 Adding Chat interface 'event'
2026-09-28 06:44:45.727639 0.00% [NOTICE] switch_loadable_module.c:621 Adding Chat interface 'api'
2026-09-28 06:44:45.730716 0.00% [CONSOLE] switch_loadable_module.c:1772 Successfully Loaded [mod_expr]
2026-09-28 06:44:45.730800 0.00% [NOTICE] switch_loadable_module.c:389 Adding API Function 'expr'
2026-09-28 06:44:45.739868 0.00% [INFO] switch_core_sqldb.c:1840 fifo Starting SQL thread.
2026-09-28 06:44:45.744072 0.00% [DEBUG] switch_core_sqldb.c:1494 SQL ERR [no such table: fifo_outbound]
[delete from fifo_outbound where static = 1 or taking_calls < 0 or stop_time < 0]
Auto Generating Table!
2026-09-28 06:44:45.744177 0.00% [DEBUG] switch_core_sqldb.c:1501 Ignoring SQL ERR [no such table: fifo_outbound]
[drop table fifo_outbound]
2026-09-28 06:44:45.746078 0.00% [DEBUG] switch_core_sqldb.c:1494 SQL ERR [no such table: fifo_bridge]
[delete from fifo_bridge]
Auto Generating Table!
2026-09-28 06:44:45.746150 0.00% [DEBUG] switch_core_sqldb.c:1501 Ignoring SQL ERR [no such table: fifo_bridge]
[drop table fifo_bridge]
2026-09-28 06:44:45.747869 0.00% [DEBUG] switch_core_sqldb.c:1494 SQL ERR [no such table: fifo_callers]
[delete from fifo_callers]
Auto Generating Table!
2026-09-28 06:44:45.747952 0.00% [DEBUG] switch_core_sqldb.c:1501 Ignoring SQL ERR [no such table: fifo_callers]
[drop table fifo_callers]
2026-09-28 06:44:45.750481 0.00% [INFO] mod_fifo.c:4647 cool_fifo@172.25.0.4 configured
2026-09-28 06:44:45.750950 0.00% [CONSOLE] switch_loadable_module.c:1772 Successfully Loaded [mod_fifo]
2026-09-28 06:44:45.750984 0.00% [NOTICE] switch_loadable_module.c:329 Adding Application 'fifo'
2026-09-28 06:44:45.751067 0.00% [NOTICE] switch_loadable_module.c:329 Adding Application 'fifo_track_call'
2026-09-28 06:44:45.751101 0.00% [NOTICE] switch_loadable_module.c:389 Adding API Function 'fifo'
2026-09-28 06:44:45.751127 0.00% [NOTICE] switch_loadable_module.c:389 Adding API Function 'fifo_member'
2026-09-28 06:44:45.751169 0.00% [NOTICE] switch_loadable_module.c:389 Adding API Function 'fifo_add_outbound'
2026-09-28 06:44:45.751205 0.00% [NOTICE] switch_loadable_module.c:389 Adding API Function 'fifo_check_bridge'
2026-09-28 06:44:45.753559 0.00% [DEBUG] switch_scheduler.c:263 Added task 3 limit_hash_cleanup (mod_hash) to run at 1790578785
2026-09-28 06:44:45.754450 0.00% [CONSOLE] switch_loadable_module.c:1772 Successfully Loaded [mod_hash]
2026-09-28 06:44:45.754497 0.00% [NOTICE] switch_loadable_module.c:329 Adding Application 'hash'
2026-09-28 06:44:45.754810 0.00% [NOTICE] switch_loadable_module.c:389 Adding API Function 'hash'
2026-09-28 06:44:45.754848 0.00% [NOTICE] switch_loadable_module.c:389 Adding API Function 'hash_dump'
2026-09-28 06:44:45.754874 0.00% [NOTICE] switch_loadable_module.c:389 Adding API Function 'hash_remote'
2026-09-28 06:44:45.754908 0.00% [NOTICE] switch_loadable_module.c:717 Adding Limit interface 'hash'
2026-09-28 06:44:45.772454 0.00% [DEBUG] switch_core_sqldb.c:1494 SQL ERR [no such table: voicemail_msgs]
[select count(forwarded_by) from voicemail_msgs]
Auto Generating Table!
2026-09-28 06:44:45.773161 0.00% [DEBUG] switch_core_sqldb.c:1508 SQL ERR [no such table: voicemail_msgs]
[alter table voicemail_msgs add forwarded_by varchar(255)]
2026-09-28 06:44:45.773238 0.00% [DEBUG] switch_core_sqldb.c:1494 SQL ERR [no such table: voicemail_msgs]
[select count(forwarded_by) from voicemail_msgs]
Auto Generating Table!
2026-09-28 06:44:45.773302 0.00% [DEBUG] switch_core_sqldb.c:1501 Ignoring SQL ERR [no such table: voicemail_msgs]
[drop table voicemail_msgs]
2026-09-28 06:44:45.774349 0.00% [DEBUG] switch_core_sqldb.c:1494 SQL ERR [no such table: voicemail_prefs]
[select count(username) from voicemail_prefs]
Auto Generating Table!
2026-09-28 06:44:45.774409 0.00% [DEBUG] switch_core_sqldb.c:1501 Ignoring SQL ERR [no such table: voicemail_prefs]
[drop table voicemail_prefs]
2026-09-28 06:44:45.782150 0.00% [INFO] mod_voicemail.c:794 Added Profile default
2026-09-28 06:44:45.782276 0.00% [CONSOLE] switch_loadable_module.c:1772 Successfully Loaded [mod_voicemail]
2026-09-28 06:44:45.782307 0.00% [NOTICE] switch_loadable_module.c:329 Adding Application 'voicemail'
2026-09-28 06:44:45.782462 0.00% [NOTICE] switch_loadable_module.c:389 Adding API Function 'voicemail'
2026-09-28 06:44:45.782497 0.00% [NOTICE] switch_loadable_module.c:389 Adding API Function 'voicemail_inject'
2026-09-28 06:44:45.782536 0.00% [NOTICE] switch_loadable_module.c:389 Adding API Function 'vm_inject'
2026-09-28 06:44:45.782562 0.00% [NOTICE] switch_loadable_module.c:389 Adding API Function 'vm_boxcount'
2026-09-28 06:44:45.782590 0.00% [NOTICE] switch_loadable_module.c:389 Adding API Function 'vm_prefs'
2026-09-28 06:44:45.782615 0.00% [NOTICE] switch_loadable_module.c:389 Adding API Function 'vm_delete'
2026-09-28 06:44:45.782673 0.00% [NOTICE] switch_loadable_module.c:389 Adding API Function 'vm_read'
2026-09-28 06:44:45.782698 0.00% [NOTICE] switch_loadable_module.c:389 Adding API Function 'vm_list'
2026-09-28 06:44:45.782723 0.00% [NOTICE] switch_loadable_module.c:389 Adding API Function 'vm_fsdb_auth_login'
2026-09-28 06:44:45.782749 0.00% [NOTICE] switch_loadable_module.c:389 Adding API Function 'vm_fsdb_msg_count'
2026-09-28 06:44:45.782769 0.00% [NOTICE] switch_loadable_module.c:389 Adding API Function 'vm_fsdb_msg_list'
2026-09-28 06:44:45.782782 0.00% [NOTICE] switch_loadable_module.c:389 Adding API Function 'vm_fsdb_msg_get'
2026-09-28 06:44:45.782926 0.00% [NOTICE] switch_loadable_module.c:389 Adding API Function 'vm_fsdb_msg_delete'
2026-09-28 06:44:45.782959 0.00% [NOTICE] switch_loadable_module.c:389 Adding API Function 'vm_fsdb_msg_undelete'
2026-09-28 06:44:45.782979 0.00% [NOTICE] switch_loadable_module.c:389 Adding API Function 'vm_fsdb_msg_email'
2026-09-28 06:44:45.783000 0.00% [NOTICE] switch_loadable_module.c:389 Adding API Function 'vm_fsdb_msg_purge'
2026-09-28 06:44:45.783015 0.00% [NOTICE] switch_loadable_module.c:389 Adding API Function 'vm_fsdb_msg_save'
2026-09-28 06:44:45.783029 0.00% [NOTICE] switch_loadable_module.c:389 Adding API Function 'vm_fsdb_msg_forward'
2026-09-28 06:44:45.783042 0.00% [NOTICE] switch_loadable_module.c:389 Adding API Function 'vm_fsdb_pref_greeting_set'
2026-09-28 06:44:45.783056 0.00% [NOTICE] switch_loadable_module.c:389 Adding API Function 'vm_fsdb_pref_greeting_get'
2026-09-28 06:44:45.783074 0.00% [NOTICE] switch_loadable_module.c:389 Adding API Function 'vm_fsdb_pref_recname_set'
2026-09-28 06:44:45.783087 0.00% [NOTICE] switch_loadable_module.c:389 Adding API Function 'vm_fsdb_pref_password_set'
2026-09-28 06:44:45.784706 0.00% [CONSOLE] switch_loadable_module.c:1772 Successfully Loaded [mod_esf]
2026-09-28 06:44:45.784744 0.00% [NOTICE] switch_loadable_module.c:329 Adding Application 'esf_page_group'
2026-09-28 06:44:45.787457 0.00% [CONSOLE] switch_loadable_module.c:1772 Successfully Loaded [mod_fsv]
2026-09-28 06:44:45.787505 0.00% [NOTICE] switch_loadable_module.c:329 Adding Application 'play_fsv'
2026-09-28 06:44:45.787594 0.00% [NOTICE] switch_loadable_module.c:329 Adding Application 'record_fsv'
2026-09-28 06:44:45.787620 0.00% [NOTICE] switch_loadable_module.c:329 Adding Application 'play_yuv'
2026-09-28 06:44:45.787662 0.00% [NOTICE] switch_loadable_module.c:329 Adding Application 'decode_video'
2026-09-28 06:44:45.787689 0.00% [NOTICE] switch_loadable_module.c:455 Adding File Format 'fsv'
2026-09-28 06:44:45.790150 0.00% [CONSOLE] switch_loadable_module.c:1772 Successfully Loaded [mod_valet_parking]
2026-09-28 06:44:45.790180 0.00% [NOTICE] switch_loadable_module.c:329 Adding Application 'valet_park'
2026-09-28 06:44:45.790255 0.00% [NOTICE] switch_loadable_module.c:389 Adding API Function 'valet_info'
2026-09-28 06:44:45.797605 0.00% [NOTICE] mod_httapi.c:2171 Profile [default] JSON Function [http://www.freeswitch.org/api/index.cgi]
2026-09-28 06:44:45.797828 0.00% [CONSOLE] switch_loadable_module.c:1772 Successfully Loaded [mod_httapi]
2026-09-28 06:44:45.797865 0.00% [NOTICE] switch_loadable_module.c:329 Adding Application 'httapi'
2026-09-28 06:44:45.797951 0.00% [NOTICE] switch_loadable_module.c:389 Adding API Function 'httapi'
2026-09-28 06:44:45.797982 0.00% [NOTICE] switch_loadable_module.c:455 Adding File Format 'http'
2026-09-28 06:44:45.798015 0.00% [NOTICE] switch_loadable_module.c:455 Adding File Format 'https'
2026-09-28 06:44:45.799298 0.00% [CONSOLE] switch_loadable_module.c:1772 Successfully Loaded [mod_dialplan_xml]
2026-09-28 06:44:45.799327 0.00% [NOTICE] switch_loadable_module.c:273 Adding Dialplan 'XML'
2026-09-28 06:44:45.800498 0.00% [CONSOLE] switch_loadable_module.c:1772 Successfully Loaded [mod_dialplan_asterisk]
2026-09-28 06:44:45.800522 0.00% [NOTICE] switch_loadable_module.c:172 Adding Endpoint 'SIP'
2026-09-28 06:44:45.800639 0.00% [NOTICE] switch_loadable_module.c:172 Adding Endpoint 'IAX2'
2026-09-28 06:44:45.800662 0.00% [NOTICE] switch_loadable_module.c:273 Adding Dialplan 'asterisk'
2026-09-28 06:44:45.800808 0.00% [NOTICE] switch_loadable_module.c:329 Adding Application 'Dial'
2026-09-28 06:44:45.800848 0.00% [NOTICE] switch_loadable_module.c:329 Adding Application 'Goto'
2026-09-28 06:44:45.800906 0.00% [NOTICE] switch_loadable_module.c:329 Adding Application 'AvoidingDeadlock'
2026-09-28 06:44:45.808699 0.00% [DEBUG] mod_spandsp_fax.c:213 FAX timer thread started.
2026-09-28 06:44:45.831140 0.00% [DEBUG] mod_spandsp.c:894 mod_spandsp loaded, using spandsp library version [20120902 163333]
2026-09-28 06:44:45.831166 0.00% [CONSOLE] switch_loadable_module.c:1772 Successfully Loaded [mod_spandsp]
2026-09-28 06:44:45.831190 0.00% [NOTICE] switch_loadable_module.c:172 Adding Endpoint 'modem'
2026-09-28 06:44:45.831294 0.00% [NOTICE] switch_loadable_module.c:223 Adding Codec DVI4 6 ADPCM (IMA) 16000hz 10ms 1ch 64000bps
2026-09-28 06:44:45.831306 0.00% [NOTICE] switch_loadable_module.c:223 Adding Codec DVI4 6 ADPCM (IMA) 16000hz 20ms 1ch 64000bps
2026-09-28 06:44:45.831316 0.00% [NOTICE] switch_loadable_module.c:223 Adding Codec DVI4 6 ADPCM (IMA) 16000hz 30ms 1ch 64000bps
2026-09-28 06:44:45.831324 0.00% [NOTICE] switch_loadable_module.c:223 Adding Codec DVI4 6 ADPCM (IMA) 16000hz 40ms 1ch 64000bps
2026-09-28 06:44:45.831428 0.00% [NOTICE] switch_loadable_module.c:223 Adding Codec DVI4 6 ADPCM (IMA) 16000hz 50ms 1ch 64000bps
2026-09-28 06:44:45.831440 0.00% [NOTICE] switch_loadable_module.c:223 Adding Codec DVI4 6 ADPCM (IMA) 16000hz 60ms 1ch 64000bps
2026-09-28 06:44:45.831449 0.00% [NOTICE] switch_loadable_module.c:223 Adding Codec DVI4 5 ADPCM (IMA) 8000hz 10ms 1ch 32000bps
2026-09-28 06:44:45.831458 0.00% [NOTICE] switch_loadable_module.c:223 Adding Codec DVI4 5 ADPCM (IMA) 8000hz 20ms 1ch 32000bps
2026-09-28 06:44:45.831467 0.00% [NOTICE] switch_loadable_module.c:223 Adding Codec DVI4 5 ADPCM (IMA) 8000hz 30ms 1ch 32000bps
2026-09-28 06:44:45.831476 0.00% [NOTICE] switch_loadable_module.c:223 Adding Codec DVI4 5 ADPCM (IMA) 8000hz 40ms 1ch 32000bps
2026-09-28 06:44:45.831480 0.00% [NOTICE] switch_loadable_module.c:223 Adding Codec DVI4 5 ADPCM (IMA) 8000hz 50ms 1ch 32000bps
2026-09-28 06:44:45.831484 0.00% [NOTICE] switch_loadable_module.c:223 Adding Codec DVI4 5 ADPCM (IMA) 8000hz 60ms 1ch 32000bps
2026-09-28 06:44:45.831488 0.00% [NOTICE] switch_loadable_module.c:223 Adding Codec DVI4 5 ADPCM (IMA) 8000hz 70ms 1ch 32000bps
2026-09-28 06:44:45.831492 0.00% [NOTICE] switch_loadable_module.c:223 Adding Codec DVI4 5 ADPCM (IMA) 8000hz 80ms 1ch 32000bps
2026-09-28 06:44:45.831495 0.00% [NOTICE] switch_loadable_module.c:223 Adding Codec DVI4 5 ADPCM (IMA) 8000hz 90ms 1ch 32000bps
2026-09-28 06:44:45.831499 0.00% [NOTICE] switch_loadable_module.c:223 Adding Codec DVI4 5 ADPCM (IMA) 8000hz 100ms 1ch 32000bps
2026-09-28 06:44:45.831503 0.00% [NOTICE] switch_loadable_module.c:223 Adding Codec DVI4 5 ADPCM (IMA) 8000hz 110ms 1ch 32000bps
2026-09-28 06:44:45.831506 0.00% [NOTICE] switch_loadable_module.c:223 Adding Codec DVI4 5 ADPCM (IMA) 8000hz 120ms 1ch 32000bps
2026-09-28 06:44:45.831576 0.00% [NOTICE] switch_loadable_module.c:223 Adding Codec AAL2-G726-16 124 G.726 16k (AAL2) 8000hz 10ms 1ch 16000bps
2026-09-28 06:44:45.831590 0.00% [NOTICE] switch_loadable_module.c:223 Adding Codec AAL2-G726-16 124 G.726 16k (AAL2) 8000hz 20ms 1ch 16000bps
2026-09-28 06:44:45.831601 0.00% [NOTICE] switch_loadable_module.c:223 Adding Codec AAL2-G726-16 124 G.726 16k (AAL2) 8000hz 30ms 1ch 16000bps
2026-09-28 06:44:45.831606 0.00% [NOTICE] switch_loadable_module.c:223 Adding Codec AAL2-G726-16 124 G.726 16k (AAL2) 8000hz 40ms 1ch 16000bps
2026-09-28 06:44:45.831613 0.00% [NOTICE] switch_loadable_module.c:223 Adding Codec AAL2-G726-16 124 G.726 16k (AAL2) 8000hz 50ms 1ch 16000bps
2026-09-28 06:44:45.831617 0.00% [NOTICE] switch_loadable_module.c:223 Adding Codec AAL2-G726-16 124 G.726 16k (AAL2) 8000hz 60ms 1ch 16000bps
2026-09-28 06:44:45.831621 0.00% [NOTICE] switch_loadable_module.c:223 Adding Codec AAL2-G726-16 124 G.726 16k (AAL2) 8000hz 70ms 1ch 16000bps
2026-09-28 06:44:45.831624 0.00% [NOTICE] switch_loadable_module.c:223 Adding Codec AAL2-G726-16 124 G.726 16k (AAL2) 8000hz 80ms 1ch 16000bps
2026-09-28 06:44:45.831628 0.00% [NOTICE] switch_loadable_module.c:223 Adding Codec AAL2-G726-16 124 G.726 16k (AAL2) 8000hz 90ms 1ch 16000bps
2026-09-28 06:44:45.831632 0.00% [NOTICE] switch_loadable_module.c:223 Adding Codec AAL2-G726-16 124 G.726 16k (AAL2) 8000hz 100ms 1ch 16000bps
2026-09-28 06:44:45.831636 0.00% [NOTICE] switch_loadable_module.c:223 Adding Codec AAL2-G726-16 124 G.726 16k (AAL2) 8000hz 110ms 1ch 16000bps
2026-09-28 06:44:45.831640 0.00% [NOTICE] switch_loadable_module.c:223 Adding Codec AAL2-G726-16 124 G.726 16k (AAL2) 8000hz 120ms 1ch 16000bps
2026-09-28 06:44:45.831683 0.00% [NOTICE] switch_loadable_module.c:223 Adding Codec G726-16 124 G.726 16k 8000hz 10ms 1ch 16000bps
2026-09-28 06:44:45.831690 0.00% [NOTICE] switch_loadable_module.c:223 Adding Codec G726-16 124 G.726 16k 8000hz 20ms 1ch 16000bps
2026-09-28 06:44:45.831696 0.00% [NOTICE] switch_loadable_module.c:223 Adding Codec G726-16 124 G.726 16k 8000hz 30ms 1ch 16000bps
2026-09-28 06:44:45.831705 0.00% [NOTICE] switch_loadable_module.c:223 Adding Codec G726-16 124 G.726 16k 8000hz 40ms 1ch 16000bps
2026-09-28 06:44:45.831713 0.00% [NOTICE] switch_loadable_module.c:223 Adding Codec G726-16 124 G.726 16k 8000hz 50ms 1ch 16000bps
2026-09-28 06:44:45.831717 0.00% [NOTICE] switch_loadable_module.c:223 Adding Codec G726-16 124 G.726 16k 8000hz 60ms 1ch 16000bps
2026-09-28 06:44:45.831721 0.00% [NOTICE] switch_loadable_module.c:223 Adding Codec G726-16 124 G.726 16k 8000hz 70ms 1ch 16000bps
2026-09-28 06:44:45.831725 0.00% [NOTICE] switch_loadable_module.c:223 Adding Codec G726-16 124 G.726 16k 8000hz 80ms 1ch 16000bps
2026-09-28 06:44:45.831728 0.00% [NOTICE] switch_loadable_module.c:223 Adding Codec G726-16 124 G.726 16k 8000hz 90ms 1ch 16000bps
2026-09-28 06:44:45.831732 0.00% [NOTICE] switch_loadable_module.c:223 Adding Codec G726-16 124 G.726 16k 8000hz 100ms 1ch 16000bps
2026-09-28 06:44:45.831735 0.00% [NOTICE] switch_loadable_module.c:223 Adding Codec G726-16 124 G.726 16k 8000hz 110ms 1ch 16000bps
2026-09-28 06:44:45.831739 0.00% [NOTICE] switch_loadable_module.c:223 Adding Codec G726-16 124 G.726 16k 8000hz 120ms 1ch 16000bps
2026-09-28 06:44:45.831778 0.00% [NOTICE] switch_loadable_module.c:223 Adding Codec AAL2-G726-24 123 G.726 24k (AAL2) 8000hz 10ms 1ch 24000bps
2026-09-28 06:44:45.831785 0.00% [NOTICE] switch_loadable_module.c:223 Adding Codec AAL2-G726-24 123 G.726 24k (AAL2) 8000hz 20ms 1ch 24000bps
2026-09-28 06:44:45.831789 0.00% [NOTICE] switch_loadable_module.c:223 Adding Codec AAL2-G726-24 123 G.726 24k (AAL2) 8000hz 30ms 1ch 24000bps
2026-09-28 06:44:45.831793 0.00% [NOTICE] switch_loadable_module.c:223 Adding Codec AAL2-G726-24 123 G.726 24k (AAL2) 8000hz 40ms 1ch 24000bps
2026-09-28 06:44:45.831847 0.00% [NOTICE] switch_loadable_module.c:223 Adding Codec AAL2-G726-24 123 G.726 24k (AAL2) 8000hz 50ms 1ch 24000bps
2026-09-28 06:44:45.831860 0.00% [NOTICE] switch_loadable_module.c:223 Adding Codec AAL2-G726-24 123 G.726 24k (AAL2) 8000hz 60ms 1ch 24000bps
2026-09-28 06:44:45.831881 0.00% [NOTICE] switch_loadable_module.c:223 Adding Codec AAL2-G726-24 123 G.726 24k (AAL2) 8000hz 70ms 1ch 24000bps
2026-09-28 06:44:45.831890 0.00% [NOTICE] switch_loadable_module.c:223 Adding Codec AAL2-G726-24 123 G.726 24k (AAL2) 8000hz 80ms 1ch 24000bps
2026-09-28 06:44:45.831899 0.00% [NOTICE] switch_loadable_module.c:223 Adding Codec AAL2-G726-24 123 G.726 24k (AAL2) 8000hz 90ms 1ch 24000bps
2026-09-28 06:44:45.831908 0.00% [NOTICE] switch_loadable_module.c:223 Adding Codec AAL2-G726-24 123 G.726 24k (AAL2) 8000hz 100ms 1ch 24000bps
2026-09-28 06:44:45.831919 0.00% [NOTICE] switch_loadable_module.c:223 Adding Codec AAL2-G726-24 123 G.726 24k (AAL2) 8000hz 110ms 1ch 24000bps
2026-09-28 06:44:45.831928 0.00% [NOTICE] switch_loadable_module.c:223 Adding Codec AAL2-G726-24 123 G.726 24k (AAL2) 8000hz 120ms 1ch 24000bps
2026-09-28 06:44:45.831999 0.00% [NOTICE] switch_loadable_module.c:223 Adding Codec G726-24 123 G.726 24k 8000hz 10ms 1ch 24000bps
2026-09-28 06:44:45.832012 0.00% [NOTICE] switch_loadable_module.c:223 Adding Codec G726-24 123 G.726 24k 8000hz 20ms 1ch 24000bps
2026-09-28 06:44:45.832148 0.00% [NOTICE] switch_loadable_module.c:223 Adding Codec G726-24 123 G.726 24k 8000hz 30ms 1ch 24000bps
2026-09-28 06:44:45.832166 0.00% [NOTICE] switch_loadable_module.c:223 Adding Codec G726-24 123 G.726 24k 8000hz 40ms 1ch 24000bps
2026-09-28 06:44:45.832173 0.00% [NOTICE] switch_loadable_module.c:223 Adding Codec G726-24 123 G.726 24k 8000hz 50ms 1ch 24000bps
2026-09-28 06:44:45.832177 0.00% [NOTICE] switch_loadable_module.c:223 Adding Codec G726-24 123 G.726 24k 8000hz 60ms 1ch 24000bps
2026-09-28 06:44:45.832181 0.00% [NOTICE] switch_loadable_module.c:223 Adding Codec G726-24 123 G.726 24k 8000hz 70ms 1ch 24000bps
2026-09-28 06:44:45.832185 0.00% [NOTICE] switch_loadable_module.c:223 Adding Codec G726-24 123 G.726 24k 8000hz 80ms 1ch 24000bps
2026-09-28 06:44:45.832189 0.00% [NOTICE] switch_loadable_module.c:223 Adding Codec G726-24 123 G.726 24k 8000hz 90ms 1ch 24000bps
2026-09-28 06:44:45.832193 0.00% [NOTICE] switch_loadable_module.c:223 Adding Codec G726-24 123 G.726 24k 8000hz 100ms 1ch 24000bps
2026-09-28 06:44:45.832196 0.00% [NOTICE] switch_loadable_module.c:223 Adding Codec G726-24 123 G.726 24k 8000hz 110ms 1ch 24000bps
2026-09-28 06:44:45.832201 0.00% [NOTICE] switch_loadable_module.c:223 Adding Codec G726-24 123 G.726 24k 8000hz 120ms 1ch 24000bps
2026-09-28 06:44:45.832256 0.00% [NOTICE] switch_loadable_module.c:223 Adding Codec AAL2-G726-32 122 G.726 32k (AAL2) 8000hz 10ms 1ch 32000bps
2026-09-28 06:44:45.832269 0.00% [NOTICE] switch_loadable_module.c:223 Adding Codec AAL2-G726-32 122 G.726 32k (AAL2) 8000hz 20ms 1ch 32000bps
2026-09-28 06:44:45.832279 0.00% [NOTICE] switch_loadable_module.c:223 Adding Codec AAL2-G726-32 122 G.726 32k (AAL2) 8000hz 30ms 1ch 32000bps
2026-09-28 06:44:45.832291 0.00% [NOTICE] switch_loadable_module.c:223 Adding Codec AAL2-G726-32 122 G.726 32k (AAL2) 8000hz 40ms 1ch 32000bps
2026-09-28 06:44:45.832301 0.00% [NOTICE] switch_loadable_module.c:223 Adding Codec AAL2-G726-32 122 G.726 32k (AAL2) 8000hz 50ms 1ch 32000bps
2026-09-28 06:44:45.832310 0.00% [NOTICE] switch_loadable_module.c:223 Adding Codec AAL2-G726-32 122 G.726 32k (AAL2) 8000hz 60ms 1ch 32000bps
2026-09-28 06:44:45.832319 0.00% [NOTICE] switch_loadable_module.c:223 Adding Codec AAL2-G726-32 122 G.726 32k (AAL2) 8000hz 70ms 1ch 32000bps
2026-09-28 06:44:45.832328 0.00% [NOTICE] switch_loadable_module.c:223 Adding Codec AAL2-G726-32 122 G.726 32k (AAL2) 8000hz 80ms 1ch 32000bps
2026-09-28 06:44:45.832337 0.00% [NOTICE] switch_loadable_module.c:223 Adding Codec AAL2-G726-32 122 G.726 32k (AAL2) 8000hz 90ms 1ch 32000bps
2026-09-28 06:44:45.832346 0.00% [NOTICE] switch_loadable_module.c:223 Adding Codec AAL2-G726-32 122 G.726 32k (AAL2) 8000hz 100ms 1ch 32000bps
2026-09-28 06:44:45.832356 0.00% [NOTICE] switch_loadable_module.c:223 Adding Codec AAL2-G726-32 122 G.726 32k (AAL2) 8000hz 110ms 1ch 32000bps
2026-09-28 06:44:45.832365 0.00% [NOTICE] switch_loadable_module.c:223 Adding Codec AAL2-G726-32 122 G.726 32k (AAL2) 8000hz 120ms 1ch 32000bps
2026-09-28 06:44:45.832427 0.00% [NOTICE] switch_loadable_module.c:223 Adding Codec G726-32 122 G.726 32k 8000hz 10ms 1ch 32000bps
2026-09-28 06:44:45.832439 0.00% [NOTICE] switch_loadable_module.c:223 Adding Codec G726-32 122 G.726 32k 8000hz 20ms 1ch 32000bps
2026-09-28 06:44:45.832450 0.00% [NOTICE] switch_loadable_module.c:223 Adding Codec G726-32 122 G.726 32k 8000hz 30ms 1ch 32000bps
2026-09-28 06:44:45.832460 0.00% [NOTICE] switch_loadable_module.c:223 Adding Codec G726-32 122 G.726 32k 8000hz 40ms 1ch 32000bps
2026-09-28 06:44:45.832468 0.00% [NOTICE] switch_loadable_module.c:223 Adding Codec G726-32 122 G.726 32k 8000hz 50ms 1ch 32000bps
2026-09-28 06:44:45.832476 0.00% [NOTICE] switch_loadable_module.c:223 Adding Codec G726-32 122 G.726 32k 8000hz 60ms 1ch 32000bps
2026-09-28 06:44:45.832484 0.00% [NOTICE] switch_loadable_module.c:223 Adding Codec G726-32 122 G.726 32k 8000hz 70ms 1ch 32000bps
2026-09-28 06:44:45.832494 0.00% [NOTICE] switch_loadable_module.c:223 Adding Codec G726-32 122 G.726 32k 8000hz 80ms 1ch 32000bps
2026-09-28 06:44:45.832503 0.00% [NOTICE] switch_loadable_module.c:223 Adding Codec G726-32 122 G.726 32k 8000hz 90ms 1ch 32000bps
2026-09-28 06:44:45.832514 0.00% [NOTICE] switch_loadable_module.c:223 Adding Codec G726-32 122 G.726 32k 8000hz 100ms 1ch 32000bps
2026-09-28 06:44:45.832523 0.00% [NOTICE] switch_loadable_module.c:223 Adding Codec G726-32 122 G.726 32k 8000hz 110ms 1ch 32000bps
2026-09-28 06:44:45.832531 0.00% [NOTICE] switch_loadable_module.c:223 Adding Codec G726-32 122 G.726 32k 8000hz 120ms 1ch 32000bps
2026-09-28 06:44:45.832598 0.00% [NOTICE] switch_loadable_module.c:223 Adding Codec AAL2-G726-40 121 G.726 40k (AAL2) 8000hz 10ms 1ch 40000bps
2026-09-28 06:44:45.832610 0.00% [NOTICE] switch_loadable_module.c:223 Adding Codec AAL2-G726-40 121 G.726 40k (AAL2) 8000hz 20ms 1ch 40000bps
2026-09-28 06:44:45.832619 0.00% [NOTICE] switch_loadable_module.c:223 Adding Codec AAL2-G726-40 121 G.726 40k (AAL2) 8000hz 30ms 1ch 40000bps
2026-09-28 06:44:45.832627 0.00% [NOTICE] switch_loadable_module.c:223 Adding Codec AAL2-G726-40 121 G.726 40k (AAL2) 8000hz 40ms 1ch 40000bps
2026-09-28 06:44:45.832636 0.00% [NOTICE] switch_loadable_module.c:223 Adding Codec AAL2-G726-40 121 G.726 40k (AAL2) 8000hz 50ms 1ch 40000bps
2026-09-28 06:44:45.832645 0.00% [NOTICE] switch_loadable_module.c:223 Adding Codec AAL2-G726-40 121 G.726 40k (AAL2) 8000hz 60ms 1ch 40000bps
2026-09-28 06:44:45.832655 0.00% [NOTICE] switch_loadable_module.c:223 Adding Codec AAL2-G726-40 121 G.726 40k (AAL2) 8000hz 70ms 1ch 40000bps
2026-09-28 06:44:45.832662 0.00% [NOTICE] switch_loadable_module.c:223 Adding Codec AAL2-G726-40 121 G.726 40k (AAL2) 8000hz 80ms 1ch 40000bps
2026-09-28 06:44:45.832670 0.00% [NOTICE] switch_loadable_module.c:223 Adding Codec AAL2-G726-40 121 G.726 40k (AAL2) 8000hz 90ms 1ch 40000bps
2026-09-28 06:44:45.832679 0.00% [NOTICE] switch_loadable_module.c:223 Adding Codec AAL2-G726-40 121 G.726 40k (AAL2) 8000hz 100ms 1ch 40000bps
2026-09-28 06:44:45.832687 0.00% [NOTICE] switch_loadable_module.c:223 Adding Codec AAL2-G726-40 121 G.726 40k (AAL2) 8000hz 110ms 1ch 40000bps
2026-09-28 06:44:45.832696 0.00% [NOTICE] switch_loadable_module.c:223 Adding Codec AAL2-G726-40 121 G.726 40k (AAL2) 8000hz 120ms 1ch 40000bps
2026-09-28 06:44:45.832771 0.00% [NOTICE] switch_loadable_module.c:223 Adding Codec G726-40 121 G.726 40k 8000hz 10ms 1ch 40000bps
2026-09-28 06:44:45.832782 0.00% [NOTICE] switch_loadable_module.c:223 Adding Codec G726-40 121 G.726 40k 8000hz 20ms 1ch 40000bps
2026-09-28 06:44:45.832791 0.00% [NOTICE] switch_loadable_module.c:223 Adding Codec G726-40 121 G.726 40k 8000hz 30ms 1ch 40000bps
2026-09-28 06:44:45.832799 0.00% [NOTICE] switch_loadable_module.c:223 Adding Codec G726-40 121 G.726 40k 8000hz 40ms 1ch 40000bps
2026-09-28 06:44:45.832918 0.00% [NOTICE] switch_loadable_module.c:223 Adding Codec G726-40 121 G.726 40k 8000hz 50ms 1ch 40000bps
2026-09-28 06:44:45.832933 0.00% [NOTICE] switch_loadable_module.c:223 Adding Codec G726-40 121 G.726 40k 8000hz 60ms 1ch 40000bps
2026-09-28 06:44:45.833016 0.00% [NOTICE] switch_loadable_module.c:223 Adding Codec G726-40 121 G.726 40k 8000hz 70ms 1ch 40000bps
2026-09-28 06:44:45.833044 0.00% [NOTICE] switch_loadable_module.c:223 Adding Codec G726-40 121 G.726 40k 8000hz 80ms 1ch 40000bps
2026-09-28 06:44:45.833048 0.00% [NOTICE] switch_loadable_module.c:223 Adding Codec G726-40 121 G.726 40k 8000hz 90ms 1ch 40000bps
2026-09-28 06:44:45.833052 0.00% [NOTICE] switch_loadable_module.c:223 Adding Codec G726-40 121 G.726 40k 8000hz 100ms 1ch 40000bps
2026-09-28 06:44:45.833056 0.00% [NOTICE] switch_loadable_module.c:223 Adding Codec G726-40 121 G.726 40k 8000hz 110ms 1ch 40000bps
2026-09-28 06:44:45.833060 0.00% [NOTICE] switch_loadable_module.c:223 Adding Codec G726-40 121 G.726 40k 8000hz 120ms 1ch 40000bps
2026-09-28 06:44:45.833106 0.00% [NOTICE] switch_loadable_module.c:223 Adding Codec G722 9 G.722 16000hz 10ms 1ch 64000bps
2026-09-28 06:44:45.833124 0.00% [NOTICE] switch_loadable_module.c:223 Adding Codec G722 9 G.722 16000hz 20ms 1ch 64000bps
2026-09-28 06:44:45.833128 0.00% [NOTICE] switch_loadable_module.c:223 Adding Codec G722 9 G.722 16000hz 30ms 1ch 64000bps
2026-09-28 06:44:45.833132 0.00% [NOTICE] switch_loadable_module.c:223 Adding Codec G722 9 G.722 16000hz 40ms 1ch 64000bps
2026-09-28 06:44:45.833135 0.00% [NOTICE] switch_loadable_module.c:223 Adding Codec G722 9 G.722 16000hz 50ms 1ch 64000bps
2026-09-28 06:44:45.833139 0.00% [NOTICE] switch_loadable_module.c:223 Adding Codec G722 9 G.722 16000hz 60ms 1ch 64000bps
2026-09-28 06:44:45.833156 0.00% [NOTICE] switch_loadable_module.c:223 Adding Codec GSM 3 GSM 8000hz 20ms 1ch 13200bps
2026-09-28 06:44:45.833162 0.00% [NOTICE] switch_loadable_module.c:223 Adding Codec GSM 3 GSM 8000hz 40ms 1ch 13200bps
2026-09-28 06:44:45.833175 0.00% [NOTICE] switch_loadable_module.c:223 Adding Codec GSM 3 GSM 8000hz 60ms 1ch 13200bps
2026-09-28 06:44:45.833179 0.00% [NOTICE] switch_loadable_module.c:223 Adding Codec GSM 3 GSM 8000hz 80ms 1ch 13200bps
2026-09-28 06:44:45.833185 0.00% [NOTICE] switch_loadable_module.c:223 Adding Codec GSM 3 GSM 8000hz 100ms 1ch 13200bps
2026-09-28 06:44:45.833189 0.00% [NOTICE] switch_loadable_module.c:223 Adding Codec GSM 3 GSM 8000hz 120ms 1ch 13200bps
2026-09-28 06:44:45.833288 0.00% [NOTICE] switch_loadable_module.c:223 Adding Codec LPC 7 LPC-10 8000hz 90ms 1ch 2400bps
2026-09-28 06:44:45.833320 0.00% [NOTICE] switch_loadable_module.c:329 Adding Application 't38_gateway'
2026-09-28 06:44:45.833352 0.00% [NOTICE] switch_loadable_module.c:329 Adding Application 'rxfax'
2026-09-28 06:44:45.833382 0.00% [NOTICE] switch_loadable_module.c:329 Adding Application 'txfax'
2026-09-28 06:44:45.833402 0.00% [NOTICE] switch_loadable_module.c:329 Adding Application 'stopfax'
2026-09-28 06:44:45.833418 0.00% [NOTICE] switch_loadable_module.c:329 Adding Application 'spandsp_stop_dtmf'
2026-09-28 06:44:45.833432 0.00% [NOTICE] switch_loadable_module.c:329 Adding Application 'spandsp_start_dtmf'
2026-09-28 06:44:45.833466 0.00% [NOTICE] switch_loadable_module.c:329 Adding Application 'spandsp_stop_inject_tdd'
2026-09-28 06:44:45.833587 0.00% [NOTICE] switch_loadable_module.c:329 Adding Application 'spandsp_inject_tdd'
2026-09-28 06:44:45.833611 0.00% [NOTICE] switch_loadable_module.c:329 Adding Application 'spandsp_stop_detect_tdd'
2026-09-28 06:44:45.833630 0.00% [NOTICE] switch_loadable_module.c:329 Adding Application 'spandsp_detect_tdd'
2026-09-28 06:44:45.833802 0.00% [NOTICE] switch_loadable_module.c:329 Adding Application 'spandsp_send_tdd'
2026-09-28 06:44:45.833843 0.00% [NOTICE] switch_loadable_module.c:329 Adding Application 'spandsp_start_fax_detect'
2026-09-28 06:44:45.833866 0.00% [NOTICE] switch_loadable_module.c:329 Adding Application 'spandsp_stop_fax_detect'
2026-09-28 06:44:45.833890 0.00% [NOTICE] switch_loadable_module.c:329 Adding Application 'spandsp_start_tone_detect'
2026-09-28 06:44:45.833913 0.00% [NOTICE] switch_loadable_module.c:329 Adding Application 'spandsp_stop_tone_detect'
2026-09-28 06:44:45.833934 0.00% [NOTICE] switch_loadable_module.c:389 Adding API Function 'spandsp_start_tone_detect'
2026-09-28 06:44:45.833958 0.00% [NOTICE] switch_loadable_module.c:389 Adding API Function 'spandsp_stop_tone_detect'
2026-09-28 06:44:45.833979 0.00% [NOTICE] switch_loadable_module.c:389 Adding API Function 'start_tdd_detect'
2026-09-28 06:44:45.834057 0.00% [NOTICE] switch_loadable_module.c:389 Adding API Function 'stop_tdd_detect'
2026-09-28 06:44:45.834085 0.00% [NOTICE] switch_loadable_module.c:389 Adding API Function 'uuid_send_tdd'
2026-09-28 06:44:45.835426 0.00% [CONSOLE] switch_loadable_module.c:1772 Successfully Loaded [mod_g723_1]
2026-09-28 06:44:45.835465 0.00% [NOTICE] switch_loadable_module.c:223 Adding Codec G723 4 G.723.1 6.3k 8000hz 120ms 1ch 6300bps
2026-09-28 06:44:45.835481 0.00% [NOTICE] switch_loadable_module.c:223 Adding Codec G723 4 G.723.1 6.3k 8000hz 90ms 1ch 6300bps
2026-09-28 06:44:45.835490 0.00% [NOTICE] switch_loadable_module.c:223 Adding Codec G723 4 G.723.1 6.3k 8000hz 60ms 1ch 6300bps
2026-09-28 06:44:45.835498 0.00% [NOTICE] switch_loadable_module.c:223 Adding Codec G723 4 G.723.1 6.3k 8000hz 30ms 1ch 6300bps
2026-09-28 06:44:45.836256 0.00% [CONSOLE] switch_loadable_module.c:1772 Successfully Loaded [mod_g729]
2026-09-28 06:44:45.836281 0.00% [NOTICE] switch_loadable_module.c:223 Adding Codec G729 18 G.729 8000hz 10ms 1ch 8000bps
2026-09-28 06:44:45.836289 0.00% [NOTICE] switch_loadable_module.c:223 Adding Codec G729 18 G.729 8000hz 20ms 1ch 8000bps
2026-09-28 06:44:45.836293 0.00% [NOTICE] switch_loadable_module.c:223 Adding Codec G729 18 G.729 8000hz 30ms 1ch 8000bps
2026-09-28 06:44:45.836297 0.00% [NOTICE] switch_loadable_module.c:223 Adding Codec G729 18 G.729 8000hz 40ms 1ch 8000bps
2026-09-28 06:44:45.836301 0.00% [NOTICE] switch_loadable_module.c:223 Adding Codec G729 18 G.729 8000hz 50ms 1ch 8000bps
2026-09-28 06:44:45.836305 0.00% [NOTICE] switch_loadable_module.c:223 Adding Codec G729 18 G.729 8000hz 60ms 1ch 8000bps
2026-09-28 06:44:45.836341 0.00% [NOTICE] switch_loadable_module.c:223 Adding Codec G729 18 G.729 8000hz 70ms 1ch 8000bps
2026-09-28 06:44:45.836346 0.00% [NOTICE] switch_loadable_module.c:223 Adding Codec G729 18 G.729 8000hz 80ms 1ch 8000bps
2026-09-28 06:44:45.836349 0.00% [NOTICE] switch_loadable_module.c:223 Adding Codec G729 18 G.729 8000hz 90ms 1ch 8000bps
2026-09-28 06:44:45.836353 0.00% [NOTICE] switch_loadable_module.c:223 Adding Codec G729 18 G.729 8000hz 100ms 1ch 8000bps
2026-09-28 06:44:45.836357 0.00% [NOTICE] switch_loadable_module.c:223 Adding Codec G729 18 G.729 8000hz 110ms 1ch 8000bps
2026-09-28 06:44:45.836363 0.00% [NOTICE] switch_loadable_module.c:223 Adding Codec G729 18 G.729 8000hz 120ms 1ch 8000bps
2026-09-28 06:44:45.837879 0.00% [CONSOLE] switch_loadable_module.c:1772 Successfully Loaded [mod_amr]
2026-09-28 06:44:45.837905 0.00% [NOTICE] switch_loadable_module.c:223 Adding Codec AMR 96 AMR / Octet Aligned 8000hz 20ms 1ch 12200bps
2026-09-28 06:44:45.837965 0.00% [NOTICE] switch_loadable_module.c:223 Adding Codec AMR 97 AMR / Bandwidth Efficient 8000hz 20ms 1ch 12200bps
2026-09-28 06:44:45.840108 0.00% [CONSOLE] switch_loadable_module.c:1772 Successfully Loaded [mod_b64]
2026-09-28 06:44:45.840136 0.00% [NOTICE] switch_loadable_module.c:223 Adding Codec b64 116 B64 (STANDARD) 32000hz 20ms 1ch 684800bps
2026-09-28 06:44:45.840145 0.00% [NOTICE] switch_loadable_module.c:223 Adding Codec b64 116 B64 (STANDARD) 16000hz 20ms 1ch 342400bps
2026-09-28 06:44:45.840151 0.00% [NOTICE] switch_loadable_module.c:223 Adding Codec b64 116 B64 (STANDARD) 8000hz 20ms 1ch 171200bps
2026-09-28 06:44:45.844896 0.00% [CONSOLE] switch_loadable_module.c:1772 Successfully Loaded [mod_opus]
2026-09-28 06:44:45.844930 0.00% [NOTICE] switch_loadable_module.c:229 Adding Codec opus 116 OPUS (STANDARD) 8000hz 40ms 2ch (VBR)
2026-09-28 06:44:45.844940 0.00% [NOTICE] switch_loadable_module.c:229 Adding Codec opus 116 OPUS (STANDARD) 8000hz 40ms 1ch (VBR)
2026-09-28 06:44:45.844944 0.00% [NOTICE] switch_loadable_module.c:229 Adding Codec opus 116 OPUS (STANDARD) 8000hz 120ms 1ch (VBR)
2026-09-28 06:44:45.844950 0.00% [NOTICE] switch_loadable_module.c:229 Adding Codec opus 116 OPUS (STANDARD) 8000hz 100ms 1ch (VBR)
2026-09-28 06:44:45.844954 0.00% [NOTICE] switch_loadable_module.c:229 Adding Codec opus 116 OPUS (STANDARD) 8000hz 80ms 1ch (VBR)
2026-09-28 06:44:45.844958 0.00% [NOTICE] switch_loadable_module.c:229 Adding Codec opus 116 OPUS (STANDARD) 8000hz 60ms 1ch (VBR)
2026-09-28 06:44:45.844963 0.00% [NOTICE] switch_loadable_module.c:229 Adding Codec opus 116 OPUS (STANDARD) 8000hz 20ms 2ch (VBR)
2026-09-28 06:44:45.844968 0.00% [NOTICE] switch_loadable_module.c:229 Adding Codec opus 116 OPUS (STANDARD) 8000hz 20ms 1ch (VBR)
2026-09-28 06:44:45.844972 0.00% [NOTICE] switch_loadable_module.c:229 Adding Codec opus 116 OPUS (STANDARD) 8000hz 10ms 2ch (VBR)
2026-09-28 06:44:45.844976 0.00% [NOTICE] switch_loadable_module.c:229 Adding Codec opus 116 OPUS (STANDARD) 8000hz 10ms 1ch (VBR)
2026-09-28 06:44:45.844980 0.00% [NOTICE] switch_loadable_module.c:229 Adding Codec opus 116 OPUS (STANDARD) 16000hz 40ms 2ch (VBR)
2026-09-28 06:44:45.844984 0.00% [NOTICE] switch_loadable_module.c:229 Adding Codec opus 116 OPUS (STANDARD) 16000hz 40ms 1ch (VBR)
2026-09-28 06:44:45.844988 0.00% [NOTICE] switch_loadable_module.c:229 Adding Codec opus 116 OPUS (STANDARD) 16000hz 60ms 1ch (VBR)
2026-09-28 06:44:45.844992 0.00% [NOTICE] switch_loadable_module.c:229 Adding Codec opus 116 OPUS (STANDARD) 16000hz 20ms 2ch (VBR)
2026-09-28 06:44:45.845039 0.00% [NOTICE] switch_loadable_module.c:229 Adding Codec opus 116 OPUS (STANDARD) 16000hz 20ms 1ch (VBR)
2026-09-28 06:44:45.845043 0.00% [NOTICE] switch_loadable_module.c:229 Adding Codec opus 116 OPUS (STANDARD) 16000hz 10ms 2ch (VBR)
2026-09-28 06:44:45.845048 0.00% [NOTICE] switch_loadable_module.c:229 Adding Codec opus 116 OPUS (STANDARD) 16000hz 10ms 1ch (VBR)
2026-09-28 06:44:45.845051 0.00% [NOTICE] switch_loadable_module.c:229 Adding Codec opus 116 OPUS (STANDARD) 48000hz 40ms 2ch (VBR)
2026-09-28 06:44:45.845055 0.00% [NOTICE] switch_loadable_module.c:229 Adding Codec opus 116 OPUS (STANDARD) 48000hz 40ms 1ch (VBR)
2026-09-28 06:44:45.845065 0.00% [NOTICE] switch_loadable_module.c:229 Adding Codec opus 116 OPUS (STANDARD) 48000hz 20ms 2ch (VBR)
2026-09-28 06:44:45.845069 0.00% [NOTICE] switch_loadable_module.c:229 Adding Codec opus 116 OPUS (STANDARD) 48000hz 20ms 1ch (VBR)
2026-09-28 06:44:45.845072 0.00% [NOTICE] switch_loadable_module.c:229 Adding Codec opus 116 OPUS (STANDARD) 48000hz 10ms 2ch (VBR)
2026-09-28 06:44:45.845076 0.00% [NOTICE] switch_loadable_module.c:229 Adding Codec opus 116 OPUS (STANDARD) 48000hz 10ms 1ch (VBR)
2026-09-28 06:44:45.845148 0.00% [NOTICE] switch_loadable_module.c:389 Adding API Function 'opus_debug'
2026-09-28 06:44:45.846808 0.00% [CRIT] switch_loadable_module.c:1754 Error Loading module /usr/lib/freeswitch/mod/mod_av.so
**Error loading shared library libavformat.so.62: No such file or directory (needed by /usr/lib/freeswitch/mod/mod_av.so)**
2026-09-28 06:44:45.869802 0.00% [INFO] mod_sndfile.c:498 
LibSndFile Version : libsndfile-1.2.2 Supported Formats
================================================================================
AIFF (Apple/SGI)  (extension "aiff")
AU (Sun/NeXT)  (extension "au")
AVR (Audio Visual Research)  (extension "avr")
CAF (Apple Core Audio File)  (extension "caf")
FLAC (Free Lossless Audio Codec)  (extension "flac")
HTK (HMM Tool Kit)  (extension "htk")
IFF (Amiga IFF/SVX8/SV16)  (extension "iff")
MAT4 (GNU Octave 2.0 / Matlab 4.2)  (extension "mat")
MAT5 (GNU Octave 2.1 / Matlab 5.0)  (extension "mat")
MPC (Akai MPC 2k)  (extension "mpc")
MPEG-1/2 Audio  (extension "m1a")
OGG (OGG Container format)  (extension "oga")
OGG (OGG Container format)  (extension "ogg")
PAF (Ensoniq PARIS)  (extension "paf")
PVF (Portable Voice Format)  (extension "pvf")
RAW (header-less)  (extension "raw")
RF64 (RIFF 64)  (extension "rf64")
SD2 (Sound Designer II)  (extension "sd2")
SDS (Midi Sample Dump Standard)  (extension "sds")
SF (Berkeley/IRCAM/CARL)  (extension "sf")
VOC (Creative Labs)  (extension "voc")
W64 (SoundFoundry WAVE 64)  (extension "w64")
WAV (Microsoft)  (extension "wav")
WAV (NIST Sphere)  (extension "wav")
WAVEX (Microsoft)  (extension "wav")
WVE (Psion Series 3)  (extension "wve")
XI (FastTracker 2)  (extension "xi")
================================================================================
2026-09-28 06:44:45.870084 0.00% [CONSOLE] switch_loadable_module.c:1772 Successfully Loaded [mod_sndfile]
2026-09-28 06:44:45.870115 0.00% [NOTICE] switch_loadable_module.c:389 Adding API Function 'sndfile_debug'
2026-09-28 06:44:45.870209 0.00% [NOTICE] switch_loadable_module.c:455 Adding File Format 'aiff'
2026-09-28 06:44:45.870247 0.00% [NOTICE] switch_loadable_module.c:455 Adding File Format 'au'
2026-09-28 06:44:45.870272 0.00% [NOTICE] switch_loadable_module.c:455 Adding File Format 'avr'
2026-09-28 06:44:45.870299 0.00% [NOTICE] switch_loadable_module.c:455 Adding File Format 'caf'
2026-09-28 06:44:45.870542 0.00% [NOTICE] switch_loadable_module.c:455 Adding File Format 'flac'
2026-09-28 06:44:45.870583 0.00% [NOTICE] switch_loadable_module.c:455 Adding File Format 'htk'
2026-09-28 06:44:45.870649 0.00% [NOTICE] switch_loadable_module.c:455 Adding File Format 'iff'
2026-09-28 06:44:45.870667 0.00% [NOTICE] switch_loadable_module.c:455 Adding File Format 'mat'
2026-09-28 06:44:45.870680 0.00% [NOTICE] switch_loadable_module.c:455 Adding File Format 'mpc'
2026-09-28 06:44:45.870704 0.00% [NOTICE] switch_loadable_module.c:455 Adding File Format 'm1a'
2026-09-28 06:44:45.870726 0.00% [NOTICE] switch_loadable_module.c:455 Adding File Format 'oga'
2026-09-28 06:44:45.870751 0.00% [NOTICE] switch_loadable_module.c:455 Adding File Format 'paf'
2026-09-28 06:44:45.870784 0.00% [NOTICE] switch_loadable_module.c:455 Adding File Format 'pvf'
2026-09-28 06:44:45.870795 0.00% [NOTICE] switch_loadable_module.c:455 Adding File Format 'raw'
2026-09-28 06:44:45.870807 0.00% [NOTICE] switch_loadable_module.c:455 Adding File Format 'rf64'
2026-09-28 06:44:45.870819 0.00% [NOTICE] switch_loadable_module.c:455 Adding File Format 'sd2'
2026-09-28 06:44:45.870830 0.00% [NOTICE] switch_loadable_module.c:455 Adding File Format 'sds'
2026-09-28 06:44:45.870845 0.00% [NOTICE] switch_loadable_module.c:455 Adding File Format 'sf'
2026-09-28 06:44:45.870860 0.00% [NOTICE] switch_loadable_module.c:455 Adding File Format 'voc'
2026-09-28 06:44:45.870873 0.00% [NOTICE] switch_loadable_module.c:455 Adding File Format 'w64'
2026-09-28 06:44:45.870885 0.00% [NOTICE] switch_loadable_module.c:455 Adding File Format 'wav'
2026-09-28 06:44:45.870900 0.00% [NOTICE] switch_loadable_module.c:455 Adding File Format 'wve'
2026-09-28 06:44:45.870912 0.00% [NOTICE] switch_loadable_module.c:455 Adding File Format 'xi'
2026-09-28 06:44:45.870928 0.00% [NOTICE] switch_loadable_module.c:455 Adding File Format 'r8'
2026-09-28 06:44:45.871041 0.00% [NOTICE] switch_loadable_module.c:455 Adding File Format 'r16'
2026-09-28 06:44:45.871074 0.00% [NOTICE] switch_loadable_module.c:455 Adding File Format 'r24'
2026-09-28 06:44:45.871091 0.00% [NOTICE] switch_loadable_module.c:455 Adding File Format 'r32'
2026-09-28 06:44:45.871117 0.00% [NOTICE] switch_loadable_module.c:455 Adding File Format 'gsm'
2026-09-28 06:44:45.871245 0.00% [NOTICE] switch_loadable_module.c:455 Adding File Format 'ul'
2026-09-28 06:44:45.871264 0.00% [NOTICE] switch_loadable_module.c:455 Adding File Format 'ulaw'
2026-09-28 06:44:45.871295 0.00% [NOTICE] switch_loadable_module.c:455 Adding File Format 'al'
2026-09-28 06:44:45.871322 0.00% [NOTICE] switch_loadable_module.c:455 Adding File Format 'alaw'
2026-09-28 06:44:45.871376 0.00% [NOTICE] switch_loadable_module.c:455 Adding File Format 'adpcm'
2026-09-28 06:44:45.871471 0.00% [NOTICE] switch_loadable_module.c:455 Adding File Format 'vox'
2026-09-28 06:44:45.871503 0.00% [NOTICE] switch_loadable_module.c:455 Adding File Format 'oga'
2026-09-28 06:44:45.871524 0.00% [NOTICE] switch_loadable_module.c:455 Adding File Format 'ogg'
2026-09-28 06:44:45.872953 0.00% [CONSOLE] switch_loadable_module.c:1772 Successfully Loaded [mod_native_file]
2026-09-28 06:44:45.872987 0.00% [NOTICE] switch_loadable_module.c:455 Adding File Format 'AAL2-G726-32'
2026-09-28 06:44:45.873086 0.00% [NOTICE] switch_loadable_module.c:455 Adding File Format 'DVI4'
2026-09-28 06:44:45.873119 0.00% [NOTICE] switch_loadable_module.c:455 Adding File Format 'PCMU'
2026-09-28 06:44:45.873179 0.00% [NOTICE] switch_loadable_module.c:455 Adding File Format 'G722'
2026-09-28 06:44:45.873204 0.00% [NOTICE] switch_loadable_module.c:455 Adding File Format 'AAL2-G726-24'
2026-09-28 06:44:45.873229 0.00% [NOTICE] switch_loadable_module.c:455 Adding File Format 'AAL2-G726-40'
2026-09-28 06:44:45.873257 0.00% [NOTICE] switch_loadable_module.c:455 Adding File Format 'L16'
2026-09-28 06:44:45.873278 0.00% [NOTICE] switch_loadable_module.c:455 Adding File Format 'G726-16'
2026-09-28 06:44:45.873299 0.00% [NOTICE] switch_loadable_module.c:455 Adding File Format 'PCMA'
2026-09-28 06:44:45.873319 0.00% [NOTICE] switch_loadable_module.c:455 Adding File Format 'G726-24'
2026-09-28 06:44:45.873344 0.00% [NOTICE] switch_loadable_module.c:455 Adding File Format 'G729'
2026-09-28 06:44:45.873366 0.00% [NOTICE] switch_loadable_module.c:455 Adding File Format 'AAL2-G726-16'
2026-09-28 06:44:45.873397 0.00% [NOTICE] switch_loadable_module.c:455 Adding File Format 'G726-32'
2026-09-28 06:44:45.873610 0.00% [NOTICE] switch_loadable_module.c:455 Adding File Format 'GSM'
2026-09-28 06:44:45.873641 0.00% [NOTICE] switch_loadable_module.c:455 Adding File Format 'G726-40'
2026-09-28 06:44:45.873720 0.00% [NOTICE] switch_loadable_module.c:455 Adding File Format 'G723'
2026-09-28 06:44:45.873783 0.00% [NOTICE] switch_loadable_module.c:455 Adding File Format 'LPC'
2026-09-28 06:44:45.874800 0.00% [CONSOLE] switch_loadable_module.c:1772 Successfully Loaded [mod_png]
2026-09-28 06:44:45.874828 0.00% [NOTICE] switch_loadable_module.c:389 Adding API Function 'uuid_write_png'
2026-09-28 06:44:45.874888 0.00% [NOTICE] switch_loadable_module.c:455 Adding File Format 'png'
2026-09-28 06:44:45.878582 0.00% [CONSOLE] switch_loadable_module.c:1772 Successfully Loaded [mod_local_stream]
2026-09-28 06:44:45.878614 0.00% [NOTICE] switch_loadable_module.c:389 Adding API Function 'local_stream'
2026-09-28 06:44:45.878706 0.00% [NOTICE] switch_loadable_module.c:455 Adding File Format 'local_stream'
2026-09-28 06:44:45.880350 0.00% [CONSOLE] switch_loadable_module.c:1772 Successfully Loaded [mod_tone_stream]
2026-09-28 06:44:45.880380 0.00% [NOTICE] switch_loadable_module.c:455 Adding File Format 'tone_stream'
2026-09-28 06:44:45.880444 0.00% [NOTICE] switch_loadable_module.c:455 Adding File Format 'silence_stream'
2026-09-28 06:44:45.887144 0.00% [DEBUG] switch_loadable_module.c:1706 Loading module with global namespace at request of module
2026-09-28 06:44:45.887544 0.00% [CONSOLE] switch_loadable_module.c:1772 Successfully Loaded [mod_lua]
2026-09-28 06:44:45.887587 0.00% [NOTICE] switch_loadable_module.c:273 Adding Dialplan 'LUA'
2026-09-28 06:44:45.887677 0.00% [NOTICE] switch_loadable_module.c:329 Adding Application 'lua'
2026-09-28 06:44:45.887711 0.00% [NOTICE] switch_loadable_module.c:359 Adding Chat Application 'lua'
2026-09-28 06:44:45.887742 0.00% [NOTICE] switch_loadable_module.c:389 Adding API Function 'luarun'
2026-09-28 06:44:45.887772 0.00% [NOTICE] switch_loadable_module.c:389 Adding API Function 'lua'
2026-09-28 06:44:45.889348 0.00% [CONSOLE] switch_loadable_module.c:1772 Successfully Loaded [mod_say_en]
2026-09-28 06:44:45.889384 0.00% [NOTICE] switch_loadable_module.c:651 Adding Say interface 'en'
2026-09-28 06:44:45.889501 0.00% [CONSOLE] switch_loadable_module.c:149 Starting runtime thread for mod_verto
2026-09-28 06:44:45.890077 0.00% [CONSOLE] switch_loadable_module.c:149 Starting runtime thread for mod_event_socket
2026-09-28 06:44:45.890401 0.00% [CONSOLE] switch_loadable_module.c:149 Starting runtime thread for CORE_SOFTTIMER_MODULE
2026-09-28 06:44:45.890553 0.00% [ERR] mod_event_socket.c:2876 Open of event_socket.conf failed
2026-09-28 06:44:45.891035 100.00% [INFO] switch_time.c:627 Clock synchronized to system time.
2026-09-28 06:44:45.891094 100.00% [DEBUG] switch_loadable_module.c:910 Chat Thread Started
2026-09-28 06:44:45.891369 100.00% [DEBUG] switch_loadable_module.c:910 Chat Thread Started
2026-09-28 06:44:45.891459 100.00% [DEBUG] mod_event_socket.c:2979 Socket up listening on 127.0.0.1:8021
2026-09-28 06:44:45.891864 100.00% [NOTICE] switch_core.c:1482 Created ip list rfc6598.auto default (deny)
2026-09-28 06:44:45.891876 100.00% [NOTICE] switch_utils.c:665 Adding 100.64.0.0/10 (allow) [] to list rfc6598.auto
2026-09-28 06:44:45.891885 100.00% [NOTICE] switch_core.c:1488 Created ip list rfc1918.auto default (deny)
2026-09-28 06:44:45.891907 100.00% [NOTICE] switch_utils.c:665 Adding 10.0.0.0/8 (allow) [] to list rfc1918.auto
2026-09-28 06:44:45.891912 100.00% [NOTICE] switch_utils.c:665 Adding 172.16.0.0/12 (allow) [] to list rfc1918.auto
2026-09-28 06:44:45.891917 100.00% [NOTICE] switch_utils.c:665 Adding 192.168.0.0/16 (allow) [] to list rfc1918.auto
2026-09-28 06:44:45.891921 100.00% [NOTICE] switch_utils.c:665 Adding fe80::/10 (allow) [] to list rfc1918.auto
2026-09-28 06:44:45.891925 100.00% [NOTICE] switch_core.c:1497 Created ip list wan.auto default (allow)
2026-09-28 06:44:45.891929 100.00% [NOTICE] switch_utils.c:665 Adding 0.0.0.0/8 (deny) [] to list wan.auto
2026-09-28 06:44:45.891933 100.00% [NOTICE] switch_utils.c:665 Adding 10.0.0.0/8 (deny) [] to list wan.auto
2026-09-28 06:44:45.891937 100.00% [NOTICE] switch_utils.c:665 Adding 172.16.0.0/12 (deny) [] to list wan.auto
2026-09-28 06:44:45.891940 100.00% [NOTICE] switch_utils.c:665 Adding 192.168.0.0/16 (deny) [] to list wan.auto
2026-09-28 06:44:45.891944 100.00% [NOTICE] switch_utils.c:665 Adding 169.254.0.0/16 (deny) [] to list wan.auto
2026-09-28 06:44:45.891948 100.00% [NOTICE] switch_utils.c:665 Adding 100.64.0.0/10 (deny) [] to list wan.auto
2026-09-28 06:44:45.891952 100.00% [NOTICE] switch_utils.c:665 Adding fe80::/10 (deny) [] to list wan.auto
2026-09-28 06:44:45.891956 100.00% [NOTICE] switch_core.c:1509 Created ip list wan_v6.auto default (allow)
2026-09-28 06:44:45.891959 100.00% [NOTICE] switch_utils.c:665 Adding 0.0.0.0/0 (deny) [] to list wan_v6.auto
2026-09-28 06:44:45.891963 100.00% [NOTICE] switch_utils.c:665 Adding fe80::/10 (deny) [] to list wan_v6.auto
2026-09-28 06:44:45.891972 100.00% [NOTICE] switch_core.c:1517 Created ip list wan_v4.auto default (allow)
2026-09-28 06:44:45.891977 100.00% [NOTICE] switch_utils.c:665 Adding 0.0.0.0/8 (deny) [] to list wan_v4.auto
2026-09-28 06:44:45.891987 100.00% [NOTICE] switch_utils.c:665 Adding 10.0.0.0/8 (deny) [] to list wan_v4.auto
2026-09-28 06:44:45.891991 100.00% [NOTICE] switch_utils.c:665 Adding 172.16.0.0/12 (deny) [] to list wan_v4.auto
2026-09-28 06:44:45.891995 100.00% [NOTICE] switch_utils.c:665 Adding 192.168.0.0/16 (deny) [] to list wan_v4.auto
2026-09-28 06:44:45.891998 100.00% [NOTICE] switch_utils.c:665 Adding 169.254.0.0/16 (deny) [] to list wan_v4.auto
2026-09-28 06:44:45.892001 100.00% [NOTICE] switch_utils.c:665 Adding 100.64.0.0/10 (deny) [] to list wan_v4.auto
2026-09-28 06:44:45.892005 100.00% [NOTICE] switch_utils.c:665 Adding ::/0 (deny) [] to list wan_v4.auto
2026-09-28 06:44:45.892008 100.00% [NOTICE] switch_core.c:1530 Created ip list any_v6.auto default (allow)
2026-09-28 06:44:45.892011 100.00% [NOTICE] switch_utils.c:665 Adding 0.0.0.0/0 (deny) [] to list any_v6.auto
2026-09-28 06:44:45.892015 100.00% [NOTICE] switch_core.c:1537 Created ip list any_v4.auto default (allow)
2026-09-28 06:44:45.892018 100.00% [NOTICE] switch_utils.c:665 Adding ::/0 (deny) [] to list any_v4.auto
2026-09-28 06:44:45.892021 100.00% [NOTICE] switch_core.c:1544 Created ip list nat.auto default (deny)
2026-09-28 06:44:45.892025 100.00% [NOTICE] switch_core.c:1546 Adding 172.25.0.3/255.255.0.0 (deny) to list nat.auto
2026-09-28 06:44:45.892029 100.00% [NOTICE] switch_utils.c:665 Adding 10.0.0.0/8 (allow) [] to list nat.auto
2026-09-28 06:44:45.892032 100.00% [NOTICE] switch_utils.c:665 Adding 172.16.0.0/12 (allow) [] to list nat.auto
2026-09-28 06:44:45.892036 100.00% [NOTICE] switch_utils.c:665 Adding 192.168.0.0/16 (allow) [] to list nat.auto
2026-09-28 06:44:45.892063 100.00% [NOTICE] switch_utils.c:665 Adding 100.64.0.0/10 (allow) [] to list nat.auto
2026-09-28 06:44:45.892067 100.00% [NOTICE] switch_core.c:1556 Created ip list loopback.auto default (deny)
2026-09-28 06:44:45.892070 100.00% [NOTICE] switch_utils.c:665 Adding 127.0.0.0/8 (allow) [] to list loopback.auto
2026-09-28 06:44:45.892075 100.00% [NOTICE] switch_utils.c:665 Adding ::1/128 (allow) [] to list loopback.auto
2026-09-28 06:44:45.892078 100.00% [NOTICE] switch_core.c:1563 Created ip list localnet.auto default (deny)
2026-09-28 06:44:45.892081 100.00% [NOTICE] switch_core.c:1566 Adding 172.25.0.3/255.255.0.0 (allow) to list localnet.auto
2026-09-28 06:44:45.892089 100.00% [CONSOLE] switch_core.c:1593 Created ip list lan default (allow)
2026-09-28 06:44:45.892095 100.00% [NOTICE] switch_utils.c:665 Adding 192.168.42.0/24 (deny) [] to list lan
2026-09-28 06:44:45.892100 100.00% [NOTICE] switch_utils.c:665 Adding 192.168.42.42/32 (allow) [] to list lan
2026-09-28 06:44:45.892104 100.00% [CONSOLE] switch_core.c:1593 Created ip list domains default (deny)
2026-09-28 06:44:45.892141 100.00% [NOTICE] switch_utils.c:665 Adding 192.0.2.0/24 (allow) [brian@172.25.0.4] to list domains
2026-09-28 06:44:45.892248 100.00% [CONSOLE] switch_core.c:2497 [m[33m[44m
.=============================================================.
|   _____              ______        _____ _____ ____ _   _   |
|  |  ___| __ ___  ___/ ___\ \      / /_ _|_   _/ ___| | | |  |
|  | |_ | '__/ _ \/ _ \___ \\ \ /\ / / | |  | || |   | |_| |  |
|  |  _|| | |  __/  __/___) |\ V  V /  | |  | || |___|  _  |  |
|  |_|  |_|  \___|\___|____/  \_/\_/  |___| |_| \____|_| |_|  |
|                                                             |
.=============================================================.
|   Anthony Minessale II, Michael Jerris, Brian West, Others  |
|   FreeSWITCH (http://www.freeswitch.org)                    |
|   Paypal Donations Appreciated: paypal@freeswitch.org       |
|   Brought to you by ClueCon http://www.cluecon.com/         |
.=============================================================.

.===============================================================.
|       _                                                       |
|   ___| |_   _  ___  ___ ___  _ __         ___ ___  _ __ ___   |
|  / __| | | | |/ _ \/ __/ _ \| '_ \       / __/ _ \| '_ ` _ \  |
| | (__| | |_| |  __/ (_| (_) | | | |  _  | (_| (_) | | | | | | |
|  \___|_|\__,_|\___|\___\___/|_| |_| (_)  \___\___/|_| |_| |_| |
|                                                               |
.===============================================================.
[m

2026-09-28 06:44:45.892259 100.00% [INFO] switch_core.c:2506 
FreeSWITCH Version 1.11.1-release~64bit ( 64bit)

FreeSWITCH Started
Max Sessions [1000]
Session Rate [30]
SQL [Enabled]
2026-09-28 06:44:45.892265 100.00% [CONSOLE] switch_core.c:2514 
[This app Best viewed at 160x60 or more..]
2026-09-28 06:44:52.322004 0.00% [CONSOLE] switch_loadable_module.c:1772 Successfully Loaded [mod_logfile]
2026-09-28 06:44:52.324333 0.00% [CONSOLE] switch_loadable_module.c:1772 Successfully Loaded [mod_enum]
2026-09-28 06:44:52.324396 0.00% [NOTICE] switch_loadable_module.c:273 Adding Dialplan 'enum'
2026-09-28 06:44:52.324452 0.00% [NOTICE] switch_loadable_module.c:329 Adding Application 'enum'
2026-09-28 06:44:52.324474 0.00% [NOTICE] switch_loadable_module.c:389 Adding API Function 'enum'
2026-09-28 06:44:52.324491 0.00% [NOTICE] switch_loadable_module.c:389 Adding API Function 'enum_auto'
2026-09-28 06:44:52.324932 0.00% [DEBUG] mod_cdr_csv.c:368 Adding default template.
2026-09-28 06:44:52.324949 0.00% [DEBUG] mod_cdr_csv.c:415 Adding template sql.
2026-09-28 06:44:52.324955 0.00% [DEBUG] mod_cdr_csv.c:415 Adding template example.
2026-09-28 06:44:52.324959 0.00% [DEBUG] mod_cdr_csv.c:415 Adding template snom.
2026-09-28 06:44:52.324963 0.00% [DEBUG] mod_cdr_csv.c:415 Adding template linksys.
2026-09-28 06:44:52.324990 0.00% [DEBUG] mod_cdr_csv.c:415 Adding template asterisk.
2026-09-28 06:44:52.324994 0.00% [DEBUG] mod_cdr_csv.c:415 Adding template opencdrrate.
2026-09-28 06:44:52.327058 0.00% [CONSOLE] switch_loadable_module.c:1772 Successfully Loaded [mod_cdr_csv]
2026-09-28 06:44:52.327082 0.00% [NOTICE] switch_loadable_module.c:389 Adding API Function 'cdr_csv'
2026-09-28 06:44:52.333609 0.00% [CONSOLE] switch_loadable_module.c:1772 Successfully Loaded [mod_event_socket]
2026-09-28 06:44:52.333717 0.00% [NOTICE] switch_loadable_module.c:329 Adding Application 'socket'
2026-09-28 06:44:52.333813 0.00% [NOTICE] switch_loadable_module.c:389 Adding API Function 'event_sink'
2026-09-28 06:44:52.337051 0.00% [INFO] mod_sofia.c:6737 Starting initial message thread.
2026-09-28 06:44:52.337243 0.00% [ERR] sofia.c:4494 Open of sofia.conf failed
2026-09-28 06:44:52.337253 0.00% [NOTICE] switch_event.c:468 Subclass reservation deleted for mod_sofia.c:sofia::notify_refer
2026-09-28 06:44:52.337260 0.00% [NOTICE] switch_event.c:468 Subclass reservation deleted for mod_sofia.c:sofia::notify_watched_header
2026-09-28 06:44:52.337264 0.00% [NOTICE] switch_event.c:468 Subclass reservation deleted for mod_sofia.c:sofia::unregister
2026-09-28 06:44:52.337268 0.00% [NOTICE] switch_event.c:468 Subclass reservation deleted for mod_sofia.c:sofia::profile_start
2026-09-28 06:44:52.337273 0.00% [NOTICE] switch_event.c:468 Subclass reservation deleted for mod_sofia.c:sofia::reinvite
2026-09-28 06:44:52.337277 0.00% [NOTICE] switch_event.c:468 Subclass reservation deleted for mod_sofia.c:sofia::replaced
2026-09-28 06:44:52.337280 0.00% [NOTICE] switch_event.c:468 Subclass reservation deleted for mod_sofia.c:sofia::transferor
2026-09-28 06:44:52.337283 0.00% [NOTICE] switch_event.c:468 Subclass reservation deleted for mod_sofia.c:sofia::transferee
2026-09-28 06:44:52.337285 0.00% [NOTICE] switch_event.c:468 Subclass reservation deleted for mod_sofia.c:sofia::error
2026-09-28 06:44:52.337289 0.00% [NOTICE] switch_event.c:468 Subclass reservation deleted for mod_sofia.c:sofia::intercepted
2026-09-28 06:44:52.337292 0.00% [NOTICE] switch_event.c:468 Subclass reservation deleted for mod_sofia.c:sofia::gateway_state
2026-09-28 06:44:52.337295 0.00% [NOTICE] switch_event.c:468 Subclass reservation deleted for mod_sofia.c:sofia::sip_user_state
2026-09-28 06:44:52.337298 0.00% [NOTICE] switch_event.c:468 Subclass reservation deleted for mod_sofia.c:sofia::gateway_delete
2026-09-28 06:44:52.337301 0.00% [NOTICE] switch_event.c:468 Subclass reservation deleted for mod_sofia.c:sofia::expire
2026-09-28 06:44:52.337304 0.00% [NOTICE] switch_event.c:468 Subclass reservation deleted for mod_sofia.c:sofia::register_attempt
2026-09-28 06:44:52.337365 0.00% [NOTICE] switch_event.c:468 Subclass reservation deleted for mod_sofia.c:sofia::register_failure
2026-09-28 06:44:52.337368 0.00% [NOTICE] switch_event.c:468 Subclass reservation deleted for mod_sofia.c:sofia::pre_register
2026-09-28 06:44:52.337372 0.00% [NOTICE] switch_event.c:468 Subclass reservation deleted for mod_sofia.c:sofia::register
2026-09-28 06:44:52.337375 0.00% [NOTICE] switch_event.c:468 Subclass reservation deleted for mod_sofia.c:sofia::gateway_add
2026-09-28 06:44:52.337390 0.00% [NOTICE] switch_event.c:468 Subclass reservation deleted for mod_sofia.c:sofia::bye_response
2026-09-28 06:44:52.337455 0.00% [CRIT] switch_loadable_module.c:1754 Error Loading module /usr/lib/freeswitch/mod/mod_sofia.so
**Module load routine returned an error**
2026-09-28 06:44:52.338041 0.00% [CONSOLE] switch_loadable_module.c:1772 Successfully Loaded [mod_loopback]
2026-09-28 06:44:52.338062 0.00% [NOTICE] switch_loadable_module.c:172 Adding Endpoint 'loopback'
2026-09-28 06:44:52.338121 0.00% [NOTICE] switch_loadable_module.c:172 Adding Endpoint 'null'
2026-09-28 06:44:52.338140 0.00% [NOTICE] switch_loadable_module.c:329 Adding Application 'unloop'
2026-09-28 06:44:52.338537 0.00% [CONSOLE] switch_loadable_module.c:1772 Successfully Loaded [mod_rtc]
2026-09-28 06:44:52.338561 0.00% [NOTICE] switch_loadable_module.c:172 Adding Endpoint 'rtc'
2026-09-28 06:44:52.341102 0.00% [DEBUG] switch_core_sqldb.c:1494 SQL ERR [no such table: json_store]
[select name from json_store where name='']
Auto Generating Table!
2026-09-28 06:44:52.341178 0.00% [DEBUG] switch_core_sqldb.c:1501 Ignoring SQL ERR [no such table: json_store]
[drop table json_store]
2026-09-28 06:44:52.342219 0.00% [INFO] mod_verto.c:5331 Secure key and cert specified
2026-09-28 06:44:52.342239 0.00% [DEBUG] mod_verto.c:5445 default-v4 Bound to 172.25.0.4:8081
2026-09-28 06:44:52.342244 0.00% [DEBUG] mod_verto.c:5445 default-v4 Bound to 172.25.0.4:8082
2026-09-28 06:44:52.342604 0.00% [INFO] mod_verto.c:5331 Secure key and cert specified
2026-09-28 06:44:52.342628 0.00% [DEBUG] mod_verto.c:5445 default-v6 Bound to [::1]:8081
2026-09-28 06:44:52.342636 0.00% [DEBUG] mod_verto.c:5445 default-v6 Bound to [::1]:8082
2026-09-28 06:44:52.352300 0.00% [CONSOLE] switch_loadable_module.c:1772 Successfully Loaded [mod_verto]
2026-09-28 06:44:52.352352 0.00% [NOTICE] switch_loadable_module.c:172 Adding Endpoint 'verto.rtc'
2026-09-28 06:44:52.352429 0.00% [NOTICE] switch_loadable_module.c:389 Adding API Function 'verto'
2026-09-28 06:44:52.352463 0.00% [NOTICE] switch_loadable_module.c:389 Adding API Function 'verto_contact'
2026-09-28 06:44:52.352487 0.00% [NOTICE] switch_loadable_module.c:419 Adding JSON API Function 'store'
2026-09-28 06:44:52.352508 0.00% [NOTICE] switch_loadable_module.c:621 Adding Chat interface 'verto'
2026-09-28 06:44:52.354247 0.00% [INFO] mod_verto.c:5101 default-v4 MCAST Bound to 224.1.1.1:1337/1338
2026-09-28 06:44:52.354783 0.00% [CONSOLE] switch_loadable_module.c:1772 Successfully Loaded [mod_commands]
2026-09-28 06:44:52.354814 0.00% [NOTICE] switch_loadable_module.c:329 Adding Application 'msrp_recv_file'
2026-09-28 06:44:52.354918 0.00% [NOTICE] switch_loadable_module.c:329 Adding Application 'msrp_send_file'
2026-09-28 06:44:52.354949 0.00% [NOTICE] switch_loadable_module.c:389 Adding API Function 'bg_system'
2026-09-28 06:44:52.354971 0.00% [NOTICE] switch_loadable_module.c:389 Adding API Function 'system'
2026-09-28 06:44:52.354983 0.00% [NOTICE] switch_loadable_module.c:389 Adding API Function 'bg_spawn'
2026-09-28 06:44:52.354996 0.00% [NOTICE] switch_loadable_module.c:389 Adding API Function 'spawn'
2026-09-28 06:44:52.355007 0.00% [NOTICE] switch_loadable_module.c:389 Adding API Function 'spawn_stream'
2026-09-28 06:44:52.355030 0.00% [NOTICE] switch_loadable_module.c:389 Adding API Function 'acl'
2026-09-28 06:44:52.355045 0.00% [NOTICE] switch_loadable_module.c:389 Adding API Function 'alias'
2026-09-28 06:44:52.355067 0.00% [NOTICE] switch_loadable_module.c:389 Adding API Function 'coalesce'
2026-09-28 06:44:52.355081 0.00% [NOTICE] switch_loadable_module.c:389 Adding API Function 'banner'
2026-09-28 06:44:52.355094 0.00% [NOTICE] switch_loadable_module.c:389 Adding API Function 'bgapi'
2026-09-28 06:44:52.355107 0.00% [NOTICE] switch_loadable_module.c:389 Adding API Function 'break'
2026-09-28 06:44:52.355119 0.00% [NOTICE] switch_loadable_module.c:389 Adding API Function 'complete'
2026-09-28 06:44:52.355132 0.00% [NOTICE] switch_loadable_module.c:389 Adding API Function 'cond'
2026-09-28 06:44:52.355143 0.00% [NOTICE] switch_loadable_module.c:389 Adding API Function 'console_complete'
2026-09-28 06:44:52.355156 0.00% [NOTICE] switch_loadable_module.c:389 Adding API Function 'console_complete_xml'
2026-09-28 06:44:52.355174 0.00% [NOTICE] switch_loadable_module.c:389 Adding API Function 'create_uuid'
2026-09-28 06:44:52.355288 0.00% [NOTICE] switch_loadable_module.c:389 Adding API Function 'db_cache'
2026-09-28 06:44:52.355324 0.00% [NOTICE] switch_loadable_module.c:389 Adding API Function 'domain_data'
2026-09-28 06:44:52.355341 0.00% [NOTICE] switch_loadable_module.c:389 Adding API Function 'domain_exists'
2026-09-28 06:44:52.355357 0.00% [NOTICE] switch_loadable_module.c:389 Adding API Function 'echo'
2026-09-28 06:44:52.355370 0.00% [NOTICE] switch_loadable_module.c:389 Adding API Function 'event_channel_broadcast'
2026-09-28 06:44:52.355383 0.00% [NOTICE] switch_loadable_module.c:389 Adding API Function 'escape'
2026-09-28 06:44:52.355394 0.00% [NOTICE] switch_loadable_module.c:389 Adding API Function 'eval'
2026-09-28 06:44:52.355407 0.00% [NOTICE] switch_loadable_module.c:389 Adding API Function 'expand'
2026-09-28 06:44:52.355419 0.00% [NOTICE] switch_loadable_module.c:389 Adding API Function 'find_user_xml'
2026-09-28 06:44:52.355466 0.00% [NOTICE] switch_loadable_module.c:389 Adding API Function 'fsctl'
2026-09-28 06:44:52.355506 0.00% [NOTICE] switch_loadable_module.c:389 Adding API Function '...'
2026-09-28 06:44:52.355538 0.00% [NOTICE] switch_loadable_module.c:389 Adding API Function 'shutdown'
2026-09-28 06:44:52.355603 0.00% [NOTICE] switch_loadable_module.c:389 Adding API Function 'version'
2026-09-28 06:44:52.355624 0.00% [NOTICE] switch_loadable_module.c:389 Adding API Function 'global_getvar'
2026-09-28 06:44:52.355646 0.00% [NOTICE] switch_loadable_module.c:389 Adding API Function 'global_setvar'
2026-09-28 06:44:52.355894 0.00% [NOTICE] switch_loadable_module.c:389 Adding API Function 'group_call'
2026-09-28 06:44:52.355922 0.00% [NOTICE] switch_loadable_module.c:389 Adding API Function 'help'
2026-09-28 06:44:52.356089 0.00% [NOTICE] switch_loadable_module.c:389 Adding API Function 'host_lookup'
2026-09-28 06:44:52.356132 0.00% [NOTICE] switch_loadable_module.c:389 Adding API Function 'hostname'
2026-09-28 06:44:52.356154 0.00% [NOTICE] switch_loadable_module.c:389 Adding API Function 'interface_ip'
2026-09-28 06:44:52.356290 0.00% [NOTICE] switch_loadable_module.c:389 Adding API Function 'switchname'
2026-09-28 06:44:52.356319 0.00% [NOTICE] switch_loadable_module.c:389 Adding API Function 'gethost'
2026-09-28 06:44:52.356335 0.00% [NOTICE] switch_loadable_module.c:389 Adding API Function 'getenv'
2026-09-28 06:44:52.356351 0.00% [NOTICE] switch_loadable_module.c:389 Adding API Function 'hupall'
2026-09-28 06:44:52.356369 0.00% [NOTICE] switch_loadable_module.c:389 Adding API Function 'in_group'
2026-09-28 06:44:52.356391 0.00% [NOTICE] switch_loadable_module.c:389 Adding API Function 'is_lan_addr'
2026-09-28 06:44:52.356412 0.00% [NOTICE] switch_loadable_module.c:389 Adding API Function 'limit_usage'
2026-09-28 06:44:52.356434 0.00% [NOTICE] switch_loadable_module.c:389 Adding API Function 'limit_hash_usage'
2026-09-28 06:44:52.356463 0.00% [NOTICE] switch_loadable_module.c:389 Adding API Function 'limit_status'
2026-09-28 06:44:52.356512 0.00% [NOTICE] switch_loadable_module.c:389 Adding API Function 'limit_reset'
2026-09-28 06:44:52.356531 0.00% [NOTICE] switch_loadable_module.c:389 Adding API Function 'limit_interval_reset'
2026-09-28 06:44:52.356551 0.00% [NOTICE] switch_loadable_module.c:389 Adding API Function 'list_users'
2026-09-28 06:44:52.356565 0.00% [NOTICE] switch_loadable_module.c:389 Adding API Function 'load'
2026-09-28 06:44:52.356577 0.00% [NOTICE] switch_loadable_module.c:389 Adding API Function 'log'
2026-09-28 06:44:52.356599 0.00% [NOTICE] switch_loadable_module.c:389 Adding API Function 'md5'
2026-09-28 06:44:52.356618 0.00% [NOTICE] switch_loadable_module.c:389 Adding API Function 'module_exists'
2026-09-28 06:44:52.356640 0.00% [NOTICE] switch_loadable_module.c:389 Adding API Function 'msleep'
2026-09-28 06:44:52.356660 0.00% [NOTICE] switch_loadable_module.c:389 Adding API Function 'nat_map'
2026-09-28 06:44:52.356762 0.00% [NOTICE] switch_loadable_module.c:389 Adding API Function 'originate'
2026-09-28 06:44:52.356829 0.00% [NOTICE] switch_loadable_module.c:389 Adding API Function 'pause'
2026-09-28 06:44:52.356848 0.00% [NOTICE] switch_loadable_module.c:389 Adding API Function 'pool_stats'
2026-09-28 06:44:52.356878 0.00% [NOTICE] switch_loadable_module.c:389 Adding API Function 'quote_shell_arg'
2026-09-28 06:44:52.356904 0.00% [NOTICE] switch_loadable_module.c:389 Adding API Function 'regex'
2026-09-28 06:44:52.356933 0.00% [NOTICE] switch_loadable_module.c:389 Adding API Function 'reloadacl'
2026-09-28 06:44:52.356961 0.00% [NOTICE] switch_loadable_module.c:389 Adding API Function 'reload'
2026-09-28 06:44:52.356990 0.00% [NOTICE] switch_loadable_module.c:389 Adding API Function 'reloadxml'
2026-09-28 06:44:52.357012 0.00% [NOTICE] switch_loadable_module.c:389 Adding API Function 'reloadcert'
2026-09-28 06:44:52.357039 0.00% [NOTICE] switch_loadable_module.c:389 Adding API Function 'replace'
2026-09-28 06:44:52.357061 0.00% [NOTICE] switch_loadable_module.c:389 Adding API Function 'say_string'
2026-09-28 06:44:52.357113 0.00% [NOTICE] switch_loadable_module.c:389 Adding API Function 'sched_api'
2026-09-28 06:44:52.357133 0.00% [NOTICE] switch_loadable_module.c:389 Adding API Function 'sched_broadcast'
2026-09-28 06:44:52.357152 0.00% [NOTICE] switch_loadable_module.c:389 Adding API Function 'sched_del'
2026-09-28 06:44:52.357171 0.00% [NOTICE] switch_loadable_module.c:389 Adding API Function 'sched_hangup'
2026-09-28 06:44:52.357190 0.00% [NOTICE] switch_loadable_module.c:389 Adding API Function 'sched_transfer'
2026-09-28 06:44:52.357209 0.00% [NOTICE] switch_loadable_module.c:389 Adding API Function 'show'
2026-09-28 06:44:52.357327 0.00% [NOTICE] switch_loadable_module.c:389 Adding API Function 'sql_escape'
2026-09-28 06:44:52.357354 0.00% [NOTICE] switch_loadable_module.c:389 Adding API Function 'status'
2026-09-28 06:44:52.357378 0.00% [NOTICE] switch_loadable_module.c:389 Adding API Function 'strftime_tz'
2026-09-28 06:44:52.357400 0.00% [NOTICE] switch_loadable_module.c:389 Adding API Function 'stun'
2026-09-28 06:44:52.357421 0.00% [NOTICE] switch_loadable_module.c:389 Adding API Function 'time_test'
2026-09-28 06:44:52.357446 0.00% [NOTICE] switch_loadable_module.c:389 Adding API Function 'timer_test'
2026-09-28 06:44:52.357623 0.00% [NOTICE] switch_loadable_module.c:389 Adding API Function 'tone_detect'
2026-09-28 06:44:52.357648 0.00% [NOTICE] switch_loadable_module.c:389 Adding API Function 'unload'
2026-09-28 06:44:52.357668 0.00% [NOTICE] switch_loadable_module.c:389 Adding API Function 'unsched_api'
2026-09-28 06:44:52.357689 0.00% [NOTICE] switch_loadable_module.c:389 Adding API Function 'uptime'
2026-09-28 06:44:52.357710 0.00% [NOTICE] switch_loadable_module.c:389 Adding API Function 'reg_url'
2026-09-28 06:44:52.357722 0.00% [NOTICE] switch_loadable_module.c:389 Adding API Function 'url_decode'
2026-09-28 06:44:52.357736 0.00% [NOTICE] switch_loadable_module.c:389 Adding API Function 'url_encode'
2026-09-28 06:44:52.357749 0.00% [NOTICE] switch_loadable_module.c:389 Adding API Function 'toupper'
2026-09-28 06:44:52.357764 0.00% [NOTICE] switch_loadable_module.c:389 Adding API Function 'tolower'
2026-09-28 06:44:52.357856 0.00% [NOTICE] switch_loadable_module.c:389 Adding API Function 'user_data'
2026-09-28 06:44:52.357875 0.00% [NOTICE] switch_loadable_module.c:389 Adding API Function 'uuid_early_ok'
2026-09-28 06:44:52.357889 0.00% [NOTICE] switch_loadable_module.c:389 Adding API Function 'user_exists'
2026-09-28 06:44:52.357902 0.00% [NOTICE] switch_loadable_module.c:389 Adding API Function 'uuid_answer'
2026-09-28 06:44:52.357918 0.00% [NOTICE] switch_loadable_module.c:389 Adding API Function 'uuid_audio'
2026-09-28 06:44:52.357961 0.00% [NOTICE] switch_loadable_module.c:389 Adding API Function 'uuid_break'
2026-09-28 06:44:52.357973 0.00% [NOTICE] switch_loadable_module.c:389 Adding API Function 'uuid_bridge'
2026-09-28 06:44:52.358011 0.00% [NOTICE] switch_loadable_module.c:389 Adding API Function 'uuid_broadcast'
2026-09-28 06:44:52.358026 0.00% [NOTICE] switch_loadable_module.c:389 Adding API Function 'uuid_buglist'
2026-09-28 06:44:52.358040 0.00% [NOTICE] switch_loadable_module.c:389 Adding API Function 'uuid_chat'
2026-09-28 06:44:52.358051 0.00% [NOTICE] switch_loadable_module.c:389 Adding API Function 'uuid_send_text'
2026-09-28 06:44:52.358062 0.00% [NOTICE] switch_loadable_module.c:389 Adding API Function 'uuid_capture_text'
2026-09-28 06:44:52.358170 0.00% [NOTICE] switch_loadable_module.c:389 Adding API Function 'uuid_codec_debug'
2026-09-28 06:44:52.358189 0.00% [NOTICE] switch_loadable_module.c:389 Adding API Function 'uuid_codec_param'
2026-09-28 06:44:52.358204 0.00% [NOTICE] switch_loadable_module.c:389 Adding API Function 'uuid_debug_media'
2026-09-28 06:44:52.358216 0.00% [NOTICE] switch_loadable_module.c:389 Adding API Function 'uuid_deflect'
2026-09-28 06:44:52.358228 0.00% [NOTICE] switch_loadable_module.c:389 Adding API Function 'uuid_displace'
2026-09-28 06:44:52.358245 0.00% [NOTICE] switch_loadable_module.c:389 Adding API Function 'uuid_display'
2026-09-28 06:44:52.358268 0.00% [NOTICE] switch_loadable_module.c:389 Adding API Function 'uuid_media_params'
2026-09-28 06:44:52.358290 0.00% [NOTICE] switch_loadable_module.c:389 Adding API Function 'uuid_drop_dtmf'
2026-09-28 06:44:52.358323 0.00% [NOTICE] switch_loadable_module.c:389 Adding API Function 'uuid_dump'
2026-09-28 06:44:52.358638 0.00% [NOTICE] switch_loadable_module.c:389 Adding API Function 'uuid_exists'
2026-09-28 06:44:52.358677 0.00% [NOTICE] switch_loadable_module.c:389 Adding API Function 'uuid_fileman'
2026-09-28 06:44:52.358771 0.00% [NOTICE] switch_loadable_module.c:389 Adding API Function 'uuid_flush_dtmf'
2026-09-28 06:44:52.358795 0.00% [NOTICE] switch_loadable_module.c:389 Adding API Function 'uuid_getvar'
2026-09-28 06:44:52.358819 0.00% [NOTICE] switch_loadable_module.c:389 Adding API Function 'uuid_hold'
2026-09-28 06:44:52.358838 0.00% [NOTICE] switch_loadable_module.c:389 Adding API Function 'uuid_kill'
2026-09-28 06:44:52.358858 0.00% [NOTICE] switch_loadable_module.c:389 Adding API Function 'uuid_send_message'
2026-09-28 06:44:52.358878 0.00% [NOTICE] switch_loadable_module.c:389 Adding API Function 'uuid_send_info'
2026-09-28 06:44:52.358908 0.00% [NOTICE] switch_loadable_module.c:389 Adding API Function 'uuid_set_media_stats'
2026-09-28 06:44:52.358931 0.00% [NOTICE] switch_loadable_module.c:389 Adding API Function 'uuid_video_bitrate'
2026-09-28 06:44:52.358951 0.00% [NOTICE] switch_loadable_module.c:389 Adding API Function 'uuid_video_bandwidth'
2026-09-28 06:44:52.359074 0.00% [NOTICE] switch_loadable_module.c:389 Adding API Function 'uuid_video_refresh'
2026-09-28 06:44:52.359175 0.00% [NOTICE] switch_loadable_module.c:389 Adding API Function 'uuid_outgoing_answer'
2026-09-28 06:44:52.359202 0.00% [NOTICE] switch_loadable_module.c:389 Adding API Function 'uuid_limit'
2026-09-28 06:44:52.359216 0.00% [NOTICE] switch_loadable_module.c:389 Adding API Function 'uuid_limit_release'
2026-09-28 06:44:52.359227 0.00% [NOTICE] switch_loadable_module.c:389 Adding API Function 'uuid_loglevel'
2026-09-28 06:44:52.359241 0.00% [NOTICE] switch_loadable_module.c:389 Adding API Function 'uuid_media'
2026-09-28 06:44:52.359255 0.00% [NOTICE] switch_loadable_module.c:389 Adding API Function 'uuid_media_3p'
2026-09-28 06:44:52.359267 0.00% [NOTICE] switch_loadable_module.c:389 Adding API Function 'uuid_media_reneg'
2026-09-28 06:44:52.359317 0.00% [NOTICE] switch_loadable_module.c:389 Adding API Function 'uuid_park'
2026-09-28 06:44:52.359332 0.00% [NOTICE] switch_loadable_module.c:389 Adding API Function 'uuid_pause'
2026-09-28 06:44:52.359343 0.00% [NOTICE] switch_loadable_module.c:389 Adding API Function 'uuid_phone_event'
2026-09-28 06:44:52.359354 0.00% [NOTICE] switch_loadable_module.c:389 Adding API Function 'uuid_ring_ready'
2026-09-28 06:44:52.359419 0.00% [NOTICE] switch_loadable_module.c:389 Adding API Function 'uuid_pre_answer'
2026-09-28 06:44:52.359538 0.00% [NOTICE] switch_loadable_module.c:389 Adding API Function 'uuid_preprocess'
2026-09-28 06:44:52.359608 0.00% [NOTICE] switch_loadable_module.c:389 Adding API Function 'uuid_record'
2026-09-28 06:44:52.359627 0.00% [NOTICE] switch_loadable_module.c:389 Adding API Function 'uuid_recovery_refresh'
2026-09-28 06:44:52.359639 0.00% [NOTICE] switch_loadable_module.c:389 Adding API Function 'uuid_recv_dtmf'
2026-09-28 06:44:52.359660 0.00% [NOTICE] switch_loadable_module.c:389 Adding API Function 'uuid_redirect'
2026-09-28 06:44:52.359684 0.00% [NOTICE] switch_loadable_module.c:389 Adding API Function 'uuid_send_dtmf'
2026-09-28 06:44:52.359696 0.00% [NOTICE] switch_loadable_module.c:389 Adding API Function 'uuid_session_heartbeat'
2026-09-28 06:44:52.359709 0.00% [NOTICE] switch_loadable_module.c:389 Adding API Function 'uuid_setvar_multi'
2026-09-28 06:44:52.359722 0.00% [NOTICE] switch_loadable_module.c:389 Adding API Function 'uuid_setvar'
2026-09-28 06:44:52.359802 0.00% [NOTICE] switch_loadable_module.c:389 Adding API Function 'uuid_transfer'
2026-09-28 06:44:52.359820 0.00% [NOTICE] switch_loadable_module.c:389 Adding API Function 'uuid_dual_transfer'
2026-09-28 06:44:52.359832 0.00% [NOTICE] switch_loadable_module.c:389 Adding API Function 'uuid_simplify'
2026-09-28 06:44:52.359845 0.00% [NOTICE] switch_loadable_module.c:389 Adding API Function 'uuid_jitterbuffer'
2026-09-28 06:44:52.359857 0.00% [NOTICE] switch_loadable_module.c:389 Adding API Function 'uuid_zombie_exec'
2026-09-28 06:44:52.359868 0.00% [NOTICE] switch_loadable_module.c:389 Adding API Function 'uuid_xfer_zombie'
2026-09-28 06:44:52.359885 0.00% [NOTICE] switch_loadable_module.c:389 Adding API Function 'xml_flush_cache'
2026-09-28 06:44:52.359908 0.00% [NOTICE] switch_loadable_module.c:389 Adding API Function 'xml_locate'
2026-09-28 06:44:52.359928 0.00% [NOTICE] switch_loadable_module.c:389 Adding API Function 'xml_wrap'
2026-09-28 06:44:52.359943 0.00% [NOTICE] switch_loadable_module.c:389 Adding API Function 'file_exists'
2026-09-28 06:44:52.359956 0.00% [NOTICE] switch_loadable_module.c:389 Adding API Function 'getcputime'
2026-09-28 06:44:52.359968 0.00% [NOTICE] switch_loadable_module.c:389 Adding API Function 'json'
2026-09-28 06:44:52.360013 0.00% [NOTICE] switch_loadable_module.c:389 Adding API Function 'memory'
2026-09-28 06:44:52.360026 0.00% [NOTICE] switch_loadable_module.c:389 Adding API Function 'msrp'
2026-09-28 06:44:52.360038 0.00% [NOTICE] switch_loadable_module.c:389 Adding API Function 'uuid_msrp_send'
2026-09-28 06:44:52.360049 0.00% [NOTICE] switch_loadable_module.c:419 Adding JSON API Function 'mediaStats'
2026-09-28 06:44:52.360061 0.00% [NOTICE] switch_loadable_module.c:419 Adding JSON API Function 'status'
2026-09-28 06:44:52.360081 0.00% [NOTICE] switch_loadable_module.c:419 Adding JSON API Function 'fsapi'
2026-09-28 06:44:52.360098 0.00% [NOTICE] switch_loadable_module.c:419 Adding JSON API Function 'execute'
2026-09-28 06:44:52.360121 0.00% [NOTICE] switch_loadable_module.c:419 Adding JSON API Function 'channelData'
2026-09-28 06:44:52.361965 0.00% [CONSOLE] switch_loadable_module.c:1772 Successfully Loaded [mod_conference]
2026-09-28 06:44:52.361987 0.00% [NOTICE] switch_loadable_module.c:329 Adding Application 'conference'
2026-09-28 06:44:52.362006 0.00% [NOTICE] switch_loadable_module.c:329 Adding Application 'conference_set_auto_outcall'
2026-09-28 06:44:52.362019 0.00% [NOTICE] switch_loadable_module.c:389 Adding API Function 'conference'
2026-09-28 06:44:52.362031 0.00% [NOTICE] switch_loadable_module.c:621 Adding Chat interface 'conf'
2026-09-28 06:44:52.364586 0.00% [DEBUG] switch_core_sqldb.c:1494 SQL ERR [no such table: limit_data]
[select * from limit_data]
Auto Generating Table!
2026-09-28 06:44:52.365449 0.00% [DEBUG] switch_core_sqldb.c:1494 SQL ERR [no such table: db_data]
[select * from db_data]
Auto Generating Table!
2026-09-28 06:44:52.366247 0.00% [DEBUG] switch_core_sqldb.c:1494 SQL ERR [no such table: group_data]
[select * from group_data]
Auto Generating Table!
2026-09-28 06:44:52.375065 0.00% [CONSOLE] switch_loadable_module.c:1772 Successfully Loaded [mod_db]
2026-09-28 06:44:52.375109 0.00% [NOTICE] switch_loadable_module.c:329 Adding Application 'db'
2026-09-28 06:44:52.375193 0.00% [NOTICE] switch_loadable_module.c:329 Adding Application 'group'
2026-09-28 06:44:52.375374 0.00% [NOTICE] switch_loadable_module.c:389 Adding API Function 'db'
2026-09-28 06:44:52.375768 0.00% [NOTICE] switch_loadable_module.c:389 Adding API Function 'group'
2026-09-28 06:44:52.375820 0.00% [NOTICE] switch_loadable_module.c:717 Adding Limit interface 'db'
2026-09-28 06:44:52.376861 0.00% [CONSOLE] switch_loadable_module.c:1772 Successfully Loaded [mod_dptools]
2026-09-28 06:44:52.376888 0.00% [NOTICE] switch_loadable_module.c:172 Adding Endpoint 'error'
2026-09-28 06:44:52.377064 0.00% [NOTICE] switch_loadable_module.c:172 Adding Endpoint 'group'
2026-09-28 06:44:52.377092 0.00% [NOTICE] switch_loadable_module.c:172 Adding Endpoint 'user'
2026-09-28 06:44:52.377105 0.00% [NOTICE] switch_loadable_module.c:172 Adding Endpoint 'pickup'
2026-09-28 06:44:52.377117 0.00% [NOTICE] switch_loadable_module.c:273 Adding Dialplan 'inline'
2026-09-28 06:44:52.377132 0.00% [NOTICE] switch_loadable_module.c:329 Adding Application 'blind_transfer_ack'
2026-09-28 06:44:52.377148 0.00% [NOTICE] switch_loadable_module.c:329 Adding Application 'bind_digit_action'
2026-09-28 06:44:52.377164 0.00% [NOTICE] switch_loadable_module.c:329 Adding Application 'capture'
2026-09-28 06:44:52.377176 0.00% [NOTICE] switch_loadable_module.c:329 Adding Application 'clear_digit_action'
2026-09-28 06:44:52.377190 0.00% [NOTICE] switch_loadable_module.c:329 Adding Application 'digit_action_set_realm'
2026-09-28 06:44:52.377203 0.00% [NOTICE] switch_loadable_module.c:329 Adding Application 'privacy'
2026-09-28 06:44:52.377216 0.00% [NOTICE] switch_loadable_module.c:329 Adding Application 'set_audio_level'
2026-09-28 06:44:52.377229 0.00% [NOTICE] switch_loadable_module.c:329 Adding Application 'set_mute'
2026-09-28 06:44:52.377242 0.00% [NOTICE] switch_loadable_module.c:329 Adding Application 'flush_dtmf'
2026-09-28 06:44:52.377255 0.00% [NOTICE] switch_loadable_module.c:329 Adding Application 'hold'
2026-09-28 06:44:52.377273 0.00% [NOTICE] switch_loadable_module.c:329 Adding Application 'unhold'
2026-09-28 06:44:52.377302 0.00% [NOTICE] switch_loadable_module.c:329 Adding Application 'mutex'
2026-09-28 06:44:52.377324 0.00% [NOTICE] switch_loadable_module.c:329 Adding Application 'page'
2026-09-28 06:44:52.377339 0.00% [NOTICE] switch_loadable_module.c:329 Adding Application 'transfer'
2026-09-28 06:44:52.377363 0.00% [NOTICE] switch_loadable_module.c:329 Adding Application 'check_acl'
2026-09-28 06:44:52.377387 0.00% [NOTICE] switch_loadable_module.c:329 Adding Application 'verbose_events'
2026-09-28 06:44:52.377445 0.00% [NOTICE] switch_loadable_module.c:329 Adding Application 'novideo'
2026-09-28 06:44:52.377470 0.00% [NOTICE] switch_loadable_module.c:329 Adding Application 'cng_plc'
2026-09-28 06:44:52.377486 0.00% [NOTICE] switch_loadable_module.c:329 Adding Application 'early_hangup'
2026-09-28 06:44:52.377496 0.00% [NOTICE] switch_loadable_module.c:329 Adding Application 'sleep'
2026-09-28 06:44:52.377508 0.00% [NOTICE] switch_loadable_module.c:329 Adding Application 'delay_echo'
2026-09-28 06:44:52.377531 0.00% [NOTICE] switch_loadable_module.c:329 Adding Application 'strftime'
2026-09-28 06:44:52.377544 0.00% [NOTICE] switch_loadable_module.c:329 Adding Application 'phrase'
2026-09-28 06:44:52.377587 0.00% [NOTICE] switch_loadable_module.c:329 Adding Application 'eval'
2026-09-28 06:44:52.377600 0.00% [NOTICE] switch_loadable_module.c:329 Adding Application 'set_media_stats'
2026-09-28 06:44:52.377613 0.00% [NOTICE] switch_loadable_module.c:329 Adding Application 'stop'
2026-09-28 06:44:52.377677 0.00% [NOTICE] switch_loadable_module.c:329 Adding Application 'set_zombie_exec'
2026-09-28 06:44:52.377810 0.00% [NOTICE] switch_loadable_module.c:329 Adding Application 'pre_answer'
2026-09-28 06:44:52.377853 0.00% [NOTICE] switch_loadable_module.c:329 Adding Application 'answer'
2026-09-28 06:44:52.377877 0.00% [NOTICE] switch_loadable_module.c:329 Adding Application 'wait_for_answer'
2026-09-28 06:44:52.377898 0.00% [NOTICE] switch_loadable_module.c:329 Adding Application 'wait_for_video_ready'
2026-09-28 06:44:52.377923 0.00% [NOTICE] switch_loadable_module.c:329 Adding Application 'hangup'
2026-09-28 06:44:52.377944 0.00% [NOTICE] switch_loadable_module.c:329 Adding Application 'set_name'
2026-09-28 06:44:52.378235 0.00% [NOTICE] switch_loadable_module.c:329 Adding Application 'presence'
2026-09-28 06:44:52.378346 0.00% [NOTICE] switch_loadable_module.c:329 Adding Application 'log'
2026-09-28 06:44:52.378383 0.00% [NOTICE] switch_loadable_module.c:329 Adding Application 'info'
2026-09-28 06:44:52.378404 0.00% [NOTICE] switch_loadable_module.c:329 Adding Application 'event'
2026-09-28 06:44:52.378426 0.00% [NOTICE] switch_loadable_module.c:329 Adding Application 'sound_test'
2026-09-28 06:44:52.378457 0.00% [NOTICE] switch_loadable_module.c:329 Adding Application 'export'
2026-09-28 06:44:52.378564 0.00% [NOTICE] switch_loadable_module.c:329 Adding Application 'bridge_export'
2026-09-28 06:44:52.378725 0.00% [NOTICE] switch_loadable_module.c:329 Adding Application 'set'
2026-09-28 06:44:52.378759 0.00% [NOTICE] switch_loadable_module.c:329 Adding Application 'multiset'
2026-09-28 06:44:52.378772 0.00% [NOTICE] switch_loadable_module.c:329 Adding Application 'push'
2026-09-28 06:44:52.378785 0.00% [NOTICE] switch_loadable_module.c:329 Adding Application 'unshift'
2026-09-28 06:44:52.378796 0.00% [NOTICE] switch_loadable_module.c:329 Adding Application 'set_global'
2026-09-28 06:44:52.378808 0.00% [NOTICE] switch_loadable_module.c:329 Adding Application 'set_profile_var'
2026-09-28 06:44:52.378820 0.00% [NOTICE] switch_loadable_module.c:329 Adding Application 'unset'
2026-09-28 06:44:52.378835 0.00% [NOTICE] switch_loadable_module.c:329 Adding Application 'multiunset'
2026-09-28 06:44:52.379023 0.00% [NOTICE] switch_loadable_module.c:329 Adding Application 'capture_text'
2026-09-28 06:44:52.379046 0.00% [NOTICE] switch_loadable_module.c:329 Adding Application 'acknowledge_call'
2026-09-28 06:44:52.379074 0.00% [NOTICE] switch_loadable_module.c:329 Adding Application 'ring_ready'
2026-09-28 06:44:52.379219 0.00% [NOTICE] switch_loadable_module.c:329 Adding Application 'remove_bugs'
2026-09-28 06:44:52.379245 0.00% [NOTICE] switch_loadable_module.c:329 Adding Application 'break'
2026-09-28 06:44:52.379261 0.00% [NOTICE] switch_loadable_module.c:329 Adding Application 'detect_speech'
2026-09-28 06:44:52.379276 0.00% [NOTICE] switch_loadable_module.c:329 Adding Application 'play_and_detect_speech'
2026-09-28 06:44:52.379288 0.00% [NOTICE] switch_loadable_module.c:329 Adding Application 'ivr'
2026-09-28 06:44:52.379304 0.00% [NOTICE] switch_loadable_module.c:329 Adding Application 'redirect'
2026-09-28 06:44:52.379315 0.00% [NOTICE] switch_loadable_module.c:329 Adding Application 'video_refresh'
2026-09-28 06:44:52.379328 0.00% [NOTICE] switch_loadable_module.c:329 Adding Application 'video_decode'
2026-09-28 06:44:52.379340 0.00% [NOTICE] switch_loadable_module.c:329 Adding Application 'send_info'
2026-09-28 06:44:52.379352 0.00% [NOTICE] switch_loadable_module.c:329 Adding Application 'jitterbuffer'
2026-09-28 06:44:52.379373 0.00% [NOTICE] switch_loadable_module.c:329 Adding Application 'send_display'
2026-09-28 06:44:52.379385 0.00% [NOTICE] switch_loadable_module.c:329 Adding Application 'respond'
2026-09-28 06:44:52.379395 0.00% [NOTICE] switch_loadable_module.c:329 Adding Application 'deflect'
2026-09-28 06:44:52.379409 0.00% [NOTICE] switch_loadable_module.c:329 Adding Application 'recovery_refresh'
2026-09-28 06:44:52.379421 0.00% [NOTICE] switch_loadable_module.c:329 Adding Application 'reuse_caller_profile'
2026-09-28 06:44:52.379655 0.00% [NOTICE] switch_loadable_module.c:329 Adding Application 'queue_dtmf'
2026-09-28 06:44:52.379679 0.00% [NOTICE] switch_loadable_module.c:329 Adding Application 'send_dtmf'
2026-09-28 06:44:52.379708 0.00% [NOTICE] switch_loadable_module.c:329 Adding Application 'sched_cancel'
2026-09-28 06:44:52.379750 0.00% [NOTICE] switch_loadable_module.c:329 Adding Application 'sched_hangup'
2026-09-28 06:44:52.379793 0.00% [NOTICE] switch_loadable_module.c:329 Adding Application 'sched_broadcast'
2026-09-28 06:44:52.380047 0.00% [NOTICE] switch_loadable_module.c:329 Adding Application 'sched_transfer'
2026-09-28 06:44:52.380718 0.00% [NOTICE] switch_loadable_module.c:329 Adding Application 'execute_extension'
2026-09-28 06:44:52.380807 0.00% [NOTICE] switch_loadable_module.c:329 Adding Application 'sched_heartbeat'
2026-09-28 06:44:52.380988 0.00% [NOTICE] switch_loadable_module.c:329 Adding Application 'enable_heartbeat'
2026-09-28 06:44:52.381019 0.00% [NOTICE] switch_loadable_module.c:329 Adding Application 'filter_codecs'
2026-09-28 06:44:52.381043 0.00% [NOTICE] switch_loadable_module.c:329 Adding Application 'enable_keepalive'
2026-09-28 06:44:52.381415 0.00% [NOTICE] switch_loadable_module.c:329 Adding Application 'media_reset'
2026-09-28 06:44:52.381710 0.00% [NOTICE] switch_loadable_module.c:329 Adding Application 'mkdir'
2026-09-28 06:44:52.381744 0.00% [NOTICE] switch_loadable_module.c:329 Adding Application 'rename'
2026-09-28 06:44:52.381759 0.00% [NOTICE] switch_loadable_module.c:329 Adding Application 'transfer_vars'
2026-09-28 06:44:52.381829 0.00% [NOTICE] switch_loadable_module.c:329 Adding Application 'soft_hold'
2026-09-28 06:44:52.381854 0.00% [NOTICE] switch_loadable_module.c:329 Adding Application 'bind_meta_app'
2026-09-28 06:44:52.381877 0.00% [NOTICE] switch_loadable_module.c:329 Adding Application 'unbind_meta_app'
2026-09-28 06:44:52.381891 0.00% [NOTICE] switch_loadable_module.c:329 Adding Application 'block_dtmf'
2026-09-28 06:44:52.381906 0.00% [NOTICE] switch_loadable_module.c:329 Adding Application 'unblock_dtmf'
2026-09-28 06:44:52.381920 0.00% [NOTICE] switch_loadable_module.c:329 Adding Application 'intercept'
2026-09-28 06:44:52.381933 0.00% [NOTICE] switch_loadable_module.c:329 Adding Application 'eavesdrop'
2026-09-28 06:44:52.381945 0.00% [NOTICE] switch_loadable_module.c:329 Adding Application 'native_eavesdrop'
2026-09-28 06:44:52.381968 0.00% [NOTICE] switch_loadable_module.c:329 Adding Application 'three_way'
2026-09-28 06:44:52.381981 0.00% [NOTICE] switch_loadable_module.c:329 Adding Application 'set_user'
2026-09-28 06:44:52.381994 0.00% [NOTICE] switch_loadable_module.c:329 Adding Application 'stop_dtmf'
2026-09-28 06:44:52.382011 0.00% [NOTICE] switch_loadable_module.c:329 Adding Application 'start_dtmf'
2026-09-28 06:44:52.382300 0.00% [NOTICE] switch_loadable_module.c:329 Adding Application 'stop_dtmf_generate'
2026-09-28 06:44:52.382505 0.00% [NOTICE] switch_loadable_module.c:329 Adding Application 'start_dtmf_generate'
2026-09-28 06:44:52.382716 0.00% [NOTICE] switch_loadable_module.c:329 Adding Application 'stop_tone_detect'
2026-09-28 06:44:52.383758 0.00% [NOTICE] switch_loadable_module.c:329 Adding Application 'fax_detect'
2026-09-28 06:44:52.383938 0.00% [NOTICE] switch_loadable_module.c:329 Adding Application 'tone_detect'
2026-09-28 06:44:52.383969 0.00% [NOTICE] switch_loadable_module.c:329 Adding Application 'echo'
2026-09-28 06:44:52.383984 0.00% [NOTICE] switch_loadable_module.c:329 Adding Application 'park'
2026-09-28 06:44:52.383997 0.00% [NOTICE] switch_loadable_module.c:329 Adding Application 'park_state'
2026-09-28 06:44:52.384009 0.00% [NOTICE] switch_loadable_module.c:329 Adding Application 'gentones'
2026-09-28 06:44:52.384023 0.00% [NOTICE] switch_loadable_module.c:329 Adding Application 'playback'
2026-09-28 06:44:52.384036 0.00% [NOTICE] switch_loadable_module.c:329 Adding Application 'broadcast'
2026-09-28 06:44:52.384049 0.00% [NOTICE] switch_loadable_module.c:329 Adding Application 'endless_playback'
2026-09-28 06:44:52.384066 0.00% [NOTICE] switch_loadable_module.c:329 Adding Application 'loop_playback'
2026-09-28 06:44:52.384080 0.00% [NOTICE] switch_loadable_module.c:329 Adding Application 'att_xfer'
2026-09-28 06:44:52.384093 0.00% [NOTICE] switch_loadable_module.c:329 Adding Application 'read'
2026-09-28 06:44:52.384106 0.00% [NOTICE] switch_loadable_module.c:329 Adding Application 'play_and_get_digits'
2026-09-28 06:44:52.384118 0.00% [NOTICE] switch_loadable_module.c:329 Adding Application 'stop_video_write_overlay'
2026-09-28 06:44:52.384132 0.00% [NOTICE] switch_loadable_module.c:329 Adding Application 'video_write_overlay'
2026-09-28 06:44:52.384147 0.00% [NOTICE] switch_loadable_module.c:329 Adding Application 'stop_record_session'
2026-09-28 06:44:52.384162 0.00% [NOTICE] switch_loadable_module.c:329 Adding Application 'record_session'
2026-09-28 06:44:52.384174 0.00% [NOTICE] switch_loadable_module.c:329 Adding Application 'record_session_mask'
2026-09-28 06:44:52.384187 0.00% [NOTICE] switch_loadable_module.c:329 Adding Application 'record_session_unmask'
2026-09-28 06:44:52.384202 0.00% [NOTICE] switch_loadable_module.c:329 Adding Application 'record_session_pause'
2026-09-28 06:44:52.384218 0.00% [NOTICE] switch_loadable_module.c:329 Adding Application 'record_session_resume'
2026-09-28 06:44:52.384262 0.00% [NOTICE] switch_loadable_module.c:329 Adding Application 'record'
2026-09-28 06:44:52.384363 0.00% [NOTICE] switch_loadable_module.c:329 Adding Application 'preprocess'
2026-09-28 06:44:52.384550 0.00% [NOTICE] switch_loadable_module.c:329 Adding Application 'stop_displace_session'
2026-09-28 06:44:52.384586 0.00% [NOTICE] switch_loadable_module.c:329 Adding Application 'displace_session'
2026-09-28 06:44:52.384610 0.00% [NOTICE] switch_loadable_module.c:329 Adding Application 'speak'
2026-09-28 06:44:52.384634 0.00% [NOTICE] switch_loadable_module.c:329 Adding Application 'clear_speech_cache'
2026-09-28 06:44:52.384661 0.00% [NOTICE] switch_loadable_module.c:329 Adding Application 'bridge'
2026-09-28 06:44:52.384691 0.00% [NOTICE] switch_loadable_module.c:329 Adding Application 'system'
2026-09-28 06:44:52.384718 0.00% [NOTICE] switch_loadable_module.c:329 Adding Application 'bgsystem'
2026-09-28 06:44:52.384755 0.00% [NOTICE] switch_loadable_module.c:329 Adding Application 'say'
2026-09-28 06:44:52.384780 0.00% [NOTICE] switch_loadable_module.c:329 Adding Application 'detect_audio'
2026-09-28 06:44:52.384897 0.00% [NOTICE] switch_loadable_module.c:329 Adding Application 'detect_silence'
2026-09-28 06:44:52.384934 0.00% [NOTICE] switch_loadable_module.c:329 Adding Application 'wait_for_silence'
2026-09-28 06:44:52.384955 0.00% [NOTICE] switch_loadable_module.c:329 Adding Application 'session_loglevel'
2026-09-28 06:44:52.384973 0.00% [NOTICE] switch_loadable_module.c:329 Adding Application 'limit'
2026-09-28 06:44:52.384993 0.00% [NOTICE] switch_loadable_module.c:329 Adding Application 'limit_hash'
2026-09-28 06:44:52.385010 0.00% [NOTICE] switch_loadable_module.c:329 Adding Application 'limit_execute'
2026-09-28 06:44:52.385250 0.00% [NOTICE] switch_loadable_module.c:329 Adding Application 'limit_hash_execute'
2026-09-28 06:44:52.385285 0.00% [NOTICE] switch_loadable_module.c:329 Adding Application 'pickup'
2026-09-28 06:44:52.385302 0.00% [NOTICE] switch_loadable_module.c:329 Adding Application 'deduplicate_dtmf'
2026-09-28 06:44:52.385324 0.00% [NOTICE] switch_loadable_module.c:329 Adding Application 'vad_test'
2026-09-28 06:44:52.385350 0.00% [NOTICE] switch_loadable_module.c:329 Adding Application 'debug_media'
2026-09-28 06:44:52.385371 0.00% [NOTICE] switch_loadable_module.c:389 Adding API Function 'strepoch'
2026-09-28 06:44:52.385393 0.00% [NOTICE] switch_loadable_module.c:389 Adding API Function 'page'
2026-09-28 06:44:52.385418 0.00% [NOTICE] switch_loadable_module.c:389 Adding API Function 'strmicroepoch'
2026-09-28 06:44:52.385442 0.00% [NOTICE] switch_loadable_module.c:389 Adding API Function 'chat'
2026-09-28 06:44:52.385463 0.00% [NOTICE] switch_loadable_module.c:389 Adding API Function 'strftime'
2026-09-28 06:44:52.385483 0.00% [NOTICE] switch_loadable_module.c:389 Adding API Function 'presence'
2026-09-28 06:44:52.385504 0.00% [NOTICE] switch_loadable_module.c:455 Adding File Format 'file_string'
2026-09-28 06:44:52.385530 0.00% [NOTICE] switch_loadable_module.c:455 Adding File Format 'file'
2026-09-28 06:44:52.385736 0.00% [NOTICE] switch_loadable_module.c:455 Adding File Format 'tts'
2026-09-28 06:44:52.385773 0.00% [NOTICE] switch_loadable_module.c:621 Adding Chat interface 'event'
2026-09-28 06:44:52.385796 0.00% [NOTICE] switch_loadable_module.c:621 Adding Chat interface 'api'
2026-09-28 06:44:52.386684 0.00% [CONSOLE] switch_loadable_module.c:1772 Successfully Loaded [mod_expr]
2026-09-28 06:44:52.386717 0.00% [NOTICE] switch_loadable_module.c:389 Adding API Function 'expr'
2026-09-28 06:44:52.395193 0.00% [INFO] switch_core_sqldb.c:1840 fifo Starting SQL thread.
2026-09-28 06:44:52.398607 0.00% [DEBUG] switch_core_sqldb.c:1494 SQL ERR [no such table: fifo_outbound]
[delete from fifo_outbound where static = 1 or taking_calls < 0 or stop_time < 0]
Auto Generating Table!
2026-09-28 06:44:52.399591 0.00% [DEBUG] switch_core_sqldb.c:1501 Ignoring SQL ERR [no such table: fifo_outbound]
[drop table fifo_outbound]
2026-09-28 06:44:52.400971 0.00% [DEBUG] switch_core_sqldb.c:1494 SQL ERR [no such table: fifo_bridge]
[delete from fifo_bridge]
Auto Generating Table!
2026-09-28 06:44:52.401035 0.00% [DEBUG] switch_core_sqldb.c:1501 Ignoring SQL ERR [no such table: fifo_bridge]
[drop table fifo_bridge]
2026-09-28 06:44:52.401749 0.00% [DEBUG] switch_core_sqldb.c:1494 SQL ERR [no such table: fifo_callers]
[delete from fifo_callers]
Auto Generating Table!
2026-09-28 06:44:52.401803 0.00% [DEBUG] switch_core_sqldb.c:1501 Ignoring SQL ERR [no such table: fifo_callers]
[drop table fifo_callers]
2026-09-28 06:44:52.404370 0.00% [INFO] mod_fifo.c:4647 cool_fifo@172.25.0.4 configured
2026-09-28 06:44:52.405134 0.00% [CONSOLE] switch_loadable_module.c:1772 Successfully Loaded [mod_fifo]
2026-09-28 06:44:52.405175 0.00% [NOTICE] switch_loadable_module.c:329 Adding Application 'fifo'
2026-09-28 06:44:52.405260 0.00% [NOTICE] switch_loadable_module.c:329 Adding Application 'fifo_track_call'
2026-09-28 06:44:52.405292 0.00% [NOTICE] switch_loadable_module.c:389 Adding API Function 'fifo'
2026-09-28 06:44:52.405328 0.00% [NOTICE] switch_loadable_module.c:389 Adding API Function 'fifo_member'
2026-09-28 06:44:52.405355 0.00% [NOTICE] switch_loadable_module.c:389 Adding API Function 'fifo_add_outbound'
2026-09-28 06:44:52.405381 0.00% [NOTICE] switch_loadable_module.c:389 Adding API Function 'fifo_check_bridge'
2026-09-28 06:44:52.406503 0.00% [DEBUG] switch_scheduler.c:263 Added task 3 limit_hash_cleanup (mod_hash) to run at 1790578792
2026-09-28 06:44:52.406701 0.00% [CONSOLE] switch_loadable_module.c:1772 Successfully Loaded [mod_hash]
2026-09-28 06:44:52.406731 0.00% [NOTICE] switch_loadable_module.c:329 Adding Application 'hash'
2026-09-28 06:44:52.406807 0.00% [NOTICE] switch_loadable_module.c:389 Adding API Function 'hash'
2026-09-28 06:44:52.406835 0.00% [NOTICE] switch_loadable_module.c:389 Adding API Function 'hash_dump'
2026-09-28 06:44:52.406858 0.00% [NOTICE] switch_loadable_module.c:389 Adding API Function 'hash_remote'
2026-09-28 06:44:52.406888 0.00% [NOTICE] switch_loadable_module.c:717 Adding Limit interface 'hash'
2026-09-28 06:44:52.418559 0.00% [DEBUG] switch_core_sqldb.c:1494 SQL ERR [no such table: voicemail_msgs]
[select count(forwarded_by) from voicemail_msgs]
Auto Generating Table!
2026-09-28 06:44:52.418609 0.00% [DEBUG] switch_core_sqldb.c:1508 SQL ERR [no such table: voicemail_msgs]
[alter table voicemail_msgs add forwarded_by varchar(255)]
2026-09-28 06:44:52.418669 0.00% [DEBUG] switch_core_sqldb.c:1494 SQL ERR [no such table: voicemail_msgs]
[select count(forwarded_by) from voicemail_msgs]
Auto Generating Table!
2026-09-28 06:44:52.418704 0.00% [DEBUG] switch_core_sqldb.c:1501 Ignoring SQL ERR [no such table: voicemail_msgs]
[drop table voicemail_msgs]
2026-09-28 06:44:52.419673 0.00% [DEBUG] switch_core_sqldb.c:1494 SQL ERR [no such table: voicemail_prefs]
[select count(username) from voicemail_prefs]
Auto Generating Table!
2026-09-28 06:44:52.419727 0.00% [DEBUG] switch_core_sqldb.c:1501 Ignoring SQL ERR [no such table: voicemail_prefs]
[drop table voicemail_prefs]
2026-09-28 06:44:52.427651 0.00% [INFO] mod_voicemail.c:794 Added Profile default
2026-09-28 06:44:52.427737 0.00% [CONSOLE] switch_loadable_module.c:1772 Successfully Loaded [mod_voicemail]
2026-09-28 06:44:52.427760 0.00% [NOTICE] switch_loadable_module.c:329 Adding Application 'voicemail'
2026-09-28 06:44:52.427852 0.00% [NOTICE] switch_loadable_module.c:389 Adding API Function 'voicemail'
2026-09-28 06:44:52.427874 0.00% [NOTICE] switch_loadable_module.c:389 Adding API Function 'voicemail_inject'
2026-09-28 06:44:52.427887 0.00% [NOTICE] switch_loadable_module.c:389 Adding API Function 'vm_inject'
2026-09-28 06:44:52.428022 0.00% [NOTICE] switch_loadable_module.c:389 Adding API Function 'vm_boxcount'
2026-09-28 06:44:52.428050 0.00% [NOTICE] switch_loadable_module.c:389 Adding API Function 'vm_prefs'
2026-09-28 06:44:52.428064 0.00% [NOTICE] switch_loadable_module.c:389 Adding API Function 'vm_delete'
2026-09-28 06:44:52.428079 0.00% [NOTICE] switch_loadable_module.c:389 Adding API Function 'vm_read'
2026-09-28 06:44:52.428094 0.00% [NOTICE] switch_loadable_module.c:389 Adding API Function 'vm_list'
2026-09-28 06:44:52.428105 0.00% [NOTICE] switch_loadable_module.c:389 Adding API Function 'vm_fsdb_auth_login'
2026-09-28 06:44:52.428117 0.00% [NOTICE] switch_loadable_module.c:389 Adding API Function 'vm_fsdb_msg_count'
2026-09-28 06:44:52.428130 0.00% [NOTICE] switch_loadable_module.c:389 Adding API Function 'vm_fsdb_msg_list'
2026-09-28 06:44:52.428142 0.00% [NOTICE] switch_loadable_module.c:389 Adding API Function 'vm_fsdb_msg_get'
2026-09-28 06:44:52.428157 0.00% [NOTICE] switch_loadable_module.c:389 Adding API Function 'vm_fsdb_msg_delete'
2026-09-28 06:44:52.428169 0.00% [NOTICE] switch_loadable_module.c:389 Adding API Function 'vm_fsdb_msg_undelete'
2026-09-28 06:44:52.428181 0.00% [NOTICE] switch_loadable_module.c:389 Adding API Function 'vm_fsdb_msg_email'
2026-09-28 06:44:52.428194 0.00% [NOTICE] switch_loadable_module.c:389 Adding API Function 'vm_fsdb_msg_purge'
2026-09-28 06:44:52.428441 0.00% [NOTICE] switch_loadable_module.c:389 Adding API Function 'vm_fsdb_msg_save'
2026-09-28 06:44:52.428522 0.00% [NOTICE] switch_loadable_module.c:389 Adding API Function 'vm_fsdb_msg_forward'
2026-09-28 06:44:52.428551 0.00% [NOTICE] switch_loadable_module.c:389 Adding API Function 'vm_fsdb_pref_greeting_set'
2026-09-28 06:44:52.428572 0.00% [NOTICE] switch_loadable_module.c:389 Adding API Function 'vm_fsdb_pref_greeting_get'
2026-09-28 06:44:52.428593 0.00% [NOTICE] switch_loadable_module.c:389 Adding API Function 'vm_fsdb_pref_recname_set'
2026-09-28 06:44:52.428617 0.00% [NOTICE] switch_loadable_module.c:389 Adding API Function 'vm_fsdb_pref_password_set'
2026-09-28 06:44:52.429258 0.00% [CONSOLE] switch_loadable_module.c:1772 Successfully Loaded [mod_esf]
2026-09-28 06:44:52.429288 0.00% [NOTICE] switch_loadable_module.c:329 Adding Application 'esf_page_group'
2026-09-28 06:44:52.429883 0.00% [CONSOLE] switch_loadable_module.c:1772 Successfully Loaded [mod_fsv]
2026-09-28 06:44:52.429928 0.00% [NOTICE] switch_loadable_module.c:329 Adding Application 'play_fsv'
2026-09-28 06:44:52.429984 0.00% [NOTICE] switch_loadable_module.c:329 Adding Application 'record_fsv'
2026-09-28 06:44:52.430001 0.00% [NOTICE] switch_loadable_module.c:329 Adding Application 'play_yuv'
2026-09-28 06:44:52.430013 0.00% [NOTICE] switch_loadable_module.c:329 Adding Application 'decode_video'
2026-09-28 06:44:52.430025 0.00% [NOTICE] switch_loadable_module.c:455 Adding File Format 'fsv'
2026-09-28 06:44:52.430581 0.00% [CONSOLE] switch_loadable_module.c:1772 Successfully Loaded [mod_valet_parking]
2026-09-28 06:44:52.430605 0.00% [NOTICE] switch_loadable_module.c:329 Adding Application 'valet_park'
2026-09-28 06:44:52.430667 0.00% [NOTICE] switch_loadable_module.c:389 Adding API Function 'valet_info'
2026-09-28 06:44:52.436939 0.00% [NOTICE] mod_httapi.c:2171 Profile [default] JSON Function [http://www.freeswitch.org/api/index.cgi]
2026-09-28 06:44:52.436985 0.00% [CONSOLE] switch_loadable_module.c:1772 Successfully Loaded [mod_httapi]
2026-09-28 06:44:52.437024 0.00% [NOTICE] switch_loadable_module.c:329 Adding Application 'httapi'
2026-09-28 06:44:52.437190 0.00% [NOTICE] switch_loadable_module.c:389 Adding API Function 'httapi'
2026-09-28 06:44:52.437245 0.00% [NOTICE] switch_loadable_module.c:455 Adding File Format 'http'
2026-09-28 06:44:52.437260 0.00% [NOTICE] switch_loadable_module.c:455 Adding File Format 'https'
2026-09-28 06:44:52.437849 0.00% [CONSOLE] switch_loadable_module.c:1772 Successfully Loaded [mod_dialplan_xml]
2026-09-28 06:44:52.437871 0.00% [NOTICE] switch_loadable_module.c:273 Adding Dialplan 'XML'
2026-09-28 06:44:52.438485 0.00% [CONSOLE] switch_loadable_module.c:1772 Successfully Loaded [mod_dialplan_asterisk]
2026-09-28 06:44:52.438506 0.00% [NOTICE] switch_loadable_module.c:172 Adding Endpoint 'SIP'
2026-09-28 06:44:52.438566 0.00% [NOTICE] switch_loadable_module.c:172 Adding Endpoint 'IAX2'
2026-09-28 06:44:52.438594 0.00% [NOTICE] switch_loadable_module.c:273 Adding Dialplan 'asterisk'
2026-09-28 06:44:52.438615 0.00% [NOTICE] switch_loadable_module.c:329 Adding Application 'Dial'
2026-09-28 06:44:52.438638 0.00% [NOTICE] switch_loadable_module.c:329 Adding Application 'Goto'
2026-09-28 06:44:52.438658 0.00% [NOTICE] switch_loadable_module.c:329 Adding Application 'AvoidingDeadlock'
2026-09-28 06:44:52.441624 0.00% [DEBUG] mod_spandsp_fax.c:213 FAX timer thread started.
2026-09-28 06:44:52.472486 0.00% [DEBUG] mod_spandsp.c:894 mod_spandsp loaded, using spandsp library version [20120902 163333]
2026-09-28 06:44:52.472519 0.00% [CONSOLE] switch_loadable_module.c:1772 Successfully Loaded [mod_spandsp]
2026-09-28 06:44:52.472546 0.00% [NOTICE] switch_loadable_module.c:172 Adding Endpoint 'modem'
2026-09-28 06:44:52.472649 0.00% [NOTICE] switch_loadable_module.c:223 Adding Codec DVI4 6 ADPCM (IMA) 16000hz 10ms 1ch 64000bps
2026-09-28 06:44:52.472667 0.00% [NOTICE] switch_loadable_module.c:223 Adding Codec DVI4 6 ADPCM (IMA) 16000hz 20ms 1ch 64000bps
2026-09-28 06:44:52.472676 0.00% [NOTICE] switch_loadable_module.c:223 Adding Codec DVI4 6 ADPCM (IMA) 16000hz 30ms 1ch 64000bps
2026-09-28 06:44:52.472877 0.00% [NOTICE] switch_loadable_module.c:223 Adding Codec DVI4 6 ADPCM (IMA) 16000hz 40ms 1ch 64000bps
2026-09-28 06:44:52.472893 0.00% [NOTICE] switch_loadable_module.c:223 Adding Codec DVI4 6 ADPCM (IMA) 16000hz 50ms 1ch 64000bps
2026-09-28 06:44:52.472901 0.00% [NOTICE] switch_loadable_module.c:223 Adding Codec DVI4 6 ADPCM (IMA) 16000hz 60ms 1ch 64000bps
2026-09-28 06:44:52.472908 0.00% [NOTICE] switch_loadable_module.c:223 Adding Codec DVI4 5 ADPCM (IMA) 8000hz 10ms 1ch 32000bps
2026-09-28 06:44:52.472916 0.00% [NOTICE] switch_loadable_module.c:223 Adding Codec DVI4 5 ADPCM (IMA) 8000hz 20ms 1ch 32000bps
2026-09-28 06:44:52.472923 0.00% [NOTICE] switch_loadable_module.c:223 Adding Codec DVI4 5 ADPCM (IMA) 8000hz 30ms 1ch 32000bps
2026-09-28 06:44:52.472932 0.00% [NOTICE] switch_loadable_module.c:223 Adding Codec DVI4 5 ADPCM (IMA) 8000hz 40ms 1ch 32000bps
2026-09-28 06:44:52.472942 0.00% [NOTICE] switch_loadable_module.c:223 Adding Codec DVI4 5 ADPCM (IMA) 8000hz 50ms 1ch 32000bps
2026-09-28 06:44:52.472951 0.00% [NOTICE] switch_loadable_module.c:223 Adding Codec DVI4 5 ADPCM (IMA) 8000hz 60ms 1ch 32000bps
2026-09-28 06:44:52.472957 0.00% [NOTICE] switch_loadable_module.c:223 Adding Codec DVI4 5 ADPCM (IMA) 8000hz 70ms 1ch 32000bps
2026-09-28 06:44:52.472961 0.00% [NOTICE] switch_loadable_module.c:223 Adding Codec DVI4 5 ADPCM (IMA) 8000hz 80ms 1ch 32000bps
2026-09-28 06:44:52.472965 0.00% [NOTICE] switch_loadable_module.c:223 Adding Codec DVI4 5 ADPCM (IMA) 8000hz 90ms 1ch 32000bps
2026-09-28 06:44:52.472969 0.00% [NOTICE] switch_loadable_module.c:223 Adding Codec DVI4 5 ADPCM (IMA) 8000hz 100ms 1ch 32000bps
2026-09-28 06:44:52.472972 0.00% [NOTICE] switch_loadable_module.c:223 Adding Codec DVI4 5 ADPCM (IMA) 8000hz 110ms 1ch 32000bps
2026-09-28 06:44:52.472976 0.00% [NOTICE] switch_loadable_module.c:223 Adding Codec DVI4 5 ADPCM (IMA) 8000hz 120ms 1ch 32000bps
2026-09-28 06:44:52.473032 0.00% [NOTICE] switch_loadable_module.c:223 Adding Codec AAL2-G726-16 124 G.726 16k (AAL2) 8000hz 10ms 1ch 16000bps
2026-09-28 06:44:52.473045 0.00% [NOTICE] switch_loadable_module.c:223 Adding Codec AAL2-G726-16 124 G.726 16k (AAL2) 8000hz 20ms 1ch 16000bps
2026-09-28 06:44:52.473054 0.00% [NOTICE] switch_loadable_module.c:223 Adding Codec AAL2-G726-16 124 G.726 16k (AAL2) 8000hz 30ms 1ch 16000bps
2026-09-28 06:44:52.473062 0.00% [NOTICE] switch_loadable_module.c:223 Adding Codec AAL2-G726-16 124 G.726 16k (AAL2) 8000hz 40ms 1ch 16000bps
2026-09-28 06:44:52.473069 0.00% [NOTICE] switch_loadable_module.c:223 Adding Codec AAL2-G726-16 124 G.726 16k (AAL2) 8000hz 50ms 1ch 16000bps
2026-09-28 06:44:52.473079 0.00% [NOTICE] switch_loadable_module.c:223 Adding Codec AAL2-G726-16 124 G.726 16k (AAL2) 8000hz 60ms 1ch 16000bps
2026-09-28 06:44:52.473088 0.00% [NOTICE] switch_loadable_module.c:223 Adding Codec AAL2-G726-16 124 G.726 16k (AAL2) 8000hz 70ms 1ch 16000bps
2026-09-28 06:44:52.473098 0.00% [NOTICE] switch_loadable_module.c:223 Adding Codec AAL2-G726-16 124 G.726 16k (AAL2) 8000hz 80ms 1ch 16000bps
2026-09-28 06:44:52.473106 0.00% [NOTICE] switch_loadable_module.c:223 Adding Codec AAL2-G726-16 124 G.726 16k (AAL2) 8000hz 90ms 1ch 16000bps
2026-09-28 06:44:52.473111 0.00% [NOTICE] switch_loadable_module.c:223 Adding Codec AAL2-G726-16 124 G.726 16k (AAL2) 8000hz 100ms 1ch 16000bps
2026-09-28 06:44:52.473115 0.00% [NOTICE] switch_loadable_module.c:223 Adding Codec AAL2-G726-16 124 G.726 16k (AAL2) 8000hz 110ms 1ch 16000bps
2026-09-28 06:44:52.473119 0.00% [NOTICE] switch_loadable_module.c:223 Adding Codec AAL2-G726-16 124 G.726 16k (AAL2) 8000hz 120ms 1ch 16000bps
2026-09-28 06:44:52.473186 0.00% [NOTICE] switch_loadable_module.c:223 Adding Codec G726-16 124 G.726 16k 8000hz 10ms 1ch 16000bps
2026-09-28 06:44:52.473200 0.00% [NOTICE] switch_loadable_module.c:223 Adding Codec G726-16 124 G.726 16k 8000hz 20ms 1ch 16000bps
2026-09-28 06:44:52.473209 0.00% [NOTICE] switch_loadable_module.c:223 Adding Codec G726-16 124 G.726 16k 8000hz 30ms 1ch 16000bps
2026-09-28 06:44:52.473218 0.00% [NOTICE] switch_loadable_module.c:223 Adding Codec G726-16 124 G.726 16k 8000hz 40ms 1ch 16000bps
2026-09-28 06:44:52.473227 0.00% [NOTICE] switch_loadable_module.c:223 Adding Codec G726-16 124 G.726 16k 8000hz 50ms 1ch 16000bps
2026-09-28 06:44:52.473235 0.00% [NOTICE] switch_loadable_module.c:223 Adding Codec G726-16 124 G.726 16k 8000hz 60ms 1ch 16000bps
2026-09-28 06:44:52.473244 0.00% [NOTICE] switch_loadable_module.c:223 Adding Codec G726-16 124 G.726 16k 8000hz 70ms 1ch 16000bps
2026-09-28 06:44:52.473252 0.00% [NOTICE] switch_loadable_module.c:223 Adding Codec G726-16 124 G.726 16k 8000hz 80ms 1ch 16000bps
2026-09-28 06:44:52.473260 0.00% [NOTICE] switch_loadable_module.c:223 Adding Codec G726-16 124 G.726 16k 8000hz 90ms 1ch 16000bps
2026-09-28 06:44:52.473270 0.00% [NOTICE] switch_loadable_module.c:223 Adding Codec G726-16 124 G.726 16k 8000hz 100ms 1ch 16000bps
2026-09-28 06:44:52.473280 0.00% [NOTICE] switch_loadable_module.c:223 Adding Codec G726-16 124 G.726 16k 8000hz 110ms 1ch 16000bps
2026-09-28 06:44:52.473285 0.00% [NOTICE] switch_loadable_module.c:223 Adding Codec G726-16 124 G.726 16k 8000hz 120ms 1ch 16000bps
2026-09-28 06:44:52.473334 0.00% [NOTICE] switch_loadable_module.c:223 Adding Codec AAL2-G726-24 123 G.726 24k (AAL2) 8000hz 10ms 1ch 24000bps
2026-09-28 06:44:52.473346 0.00% [NOTICE] switch_loadable_module.c:223 Adding Codec AAL2-G726-24 123 G.726 24k (AAL2) 8000hz 20ms 1ch 24000bps
2026-09-28 06:44:52.473354 0.00% [NOTICE] switch_loadable_module.c:223 Adding Codec AAL2-G726-24 123 G.726 24k (AAL2) 8000hz 30ms 1ch 24000bps
2026-09-28 06:44:52.473362 0.00% [NOTICE] switch_loadable_module.c:223 Adding Codec AAL2-G726-24 123 G.726 24k (AAL2) 8000hz 40ms 1ch 24000bps
2026-09-28 06:44:52.473369 0.00% [NOTICE] switch_loadable_module.c:223 Adding Codec AAL2-G726-24 123 G.726 24k (AAL2) 8000hz 50ms 1ch 24000bps
2026-09-28 06:44:52.473477 0.00% [NOTICE] switch_loadable_module.c:223 Adding Codec AAL2-G726-24 123 G.726 24k (AAL2) 8000hz 60ms 1ch 24000bps
2026-09-28 06:44:52.473541 0.00% [NOTICE] switch_loadable_module.c:223 Adding Codec AAL2-G726-24 123 G.726 24k (AAL2) 8000hz 70ms 1ch 24000bps
2026-09-28 06:44:52.473550 0.00% [NOTICE] switch_loadable_module.c:223 Adding Codec AAL2-G726-24 123 G.726 24k (AAL2) 8000hz 80ms 1ch 24000bps
2026-09-28 06:44:52.473557 0.00% [NOTICE] switch_loadable_module.c:223 Adding Codec AAL2-G726-24 123 G.726 24k (AAL2) 8000hz 90ms 1ch 24000bps
2026-09-28 06:44:52.473564 0.00% [NOTICE] switch_loadable_module.c:223 Adding Codec AAL2-G726-24 123 G.726 24k (AAL2) 8000hz 100ms 1ch 24000bps
2026-09-28 06:44:52.473571 0.00% [NOTICE] switch_loadable_module.c:223 Adding Codec AAL2-G726-24 123 G.726 24k (AAL2) 8000hz 110ms 1ch 24000bps
2026-09-28 06:44:52.473580 0.00% [NOTICE] switch_loadable_module.c:223 Adding Codec AAL2-G726-24 123 G.726 24k (AAL2) 8000hz 120ms 1ch 24000bps
2026-09-28 06:44:52.473652 0.00% [NOTICE] switch_loadable_module.c:223 Adding Codec G726-24 123 G.726 24k 8000hz 10ms 1ch 24000bps
2026-09-28 06:44:52.473780 0.00% [NOTICE] switch_loadable_module.c:223 Adding Codec G726-24 123 G.726 24k 8000hz 20ms 1ch 24000bps
2026-09-28 06:44:52.473797 0.00% [NOTICE] switch_loadable_module.c:223 Adding Codec G726-24 123 G.726 24k 8000hz 30ms 1ch 24000bps
2026-09-28 06:44:52.473810 0.00% [NOTICE] switch_loadable_module.c:223 Adding Codec G726-24 123 G.726 24k 8000hz 40ms 1ch 24000bps
2026-09-28 06:44:52.473818 0.00% [NOTICE] switch_loadable_module.c:223 Adding Codec G726-24 123 G.726 24k 8000hz 50ms 1ch 24000bps
2026-09-28 06:44:52.473826 0.00% [NOTICE] switch_loadable_module.c:223 Adding Codec G726-24 123 G.726 24k 8000hz 60ms 1ch 24000bps
2026-09-28 06:44:52.473834 0.00% [NOTICE] switch_loadable_module.c:223 Adding Codec G726-24 123 G.726 24k 8000hz 70ms 1ch 24000bps
2026-09-28 06:44:52.473842 0.00% [NOTICE] switch_loadable_module.c:223 Adding Codec G726-24 123 G.726 24k 8000hz 80ms 1ch 24000bps
2026-09-28 06:44:52.473849 0.00% [NOTICE] switch_loadable_module.c:223 Adding Codec G726-24 123 G.726 24k 8000hz 90ms 1ch 24000bps
2026-09-28 06:44:52.473857 0.00% [NOTICE] switch_loadable_module.c:223 Adding Codec G726-24 123 G.726 24k 8000hz 100ms 1ch 24000bps
2026-09-28 06:44:52.473864 0.00% [NOTICE] switch_loadable_module.c:223 Adding Codec G726-24 123 G.726 24k 8000hz 110ms 1ch 24000bps
2026-09-28 06:44:52.473872 0.00% [NOTICE] switch_loadable_module.c:223 Adding Codec G726-24 123 G.726 24k 8000hz 120ms 1ch 24000bps
2026-09-28 06:44:52.473942 0.00% [NOTICE] switch_loadable_module.c:223 Adding Codec AAL2-G726-32 122 G.726 32k (AAL2) 8000hz 10ms 1ch 32000bps
2026-09-28 06:44:52.473956 0.00% [NOTICE] switch_loadable_module.c:223 Adding Codec AAL2-G726-32 122 G.726 32k (AAL2) 8000hz 20ms 1ch 32000bps
2026-09-28 06:44:52.473966 0.00% [NOTICE] switch_loadable_module.c:223 Adding Codec AAL2-G726-32 122 G.726 32k (AAL2) 8000hz 30ms 1ch 32000bps
2026-09-28 06:44:52.473974 0.00% [NOTICE] switch_loadable_module.c:223 Adding Codec AAL2-G726-32 122 G.726 32k (AAL2) 8000hz 40ms 1ch 32000bps
2026-09-28 06:44:52.473982 0.00% [NOTICE] switch_loadable_module.c:223 Adding Codec AAL2-G726-32 122 G.726 32k (AAL2) 8000hz 50ms 1ch 32000bps
2026-09-28 06:44:52.473990 0.00% [NOTICE] switch_loadable_module.c:223 Adding Codec AAL2-G726-32 122 G.726 32k (AAL2) 8000hz 60ms 1ch 32000bps
2026-09-28 06:44:52.473998 0.00% [NOTICE] switch_loadable_module.c:223 Adding Codec AAL2-G726-32 122 G.726 32k (AAL2) 8000hz 70ms 1ch 32000bps
2026-09-28 06:44:52.474007 0.00% [NOTICE] switch_loadable_module.c:223 Adding Codec AAL2-G726-32 122 G.726 32k (AAL2) 8000hz 80ms 1ch 32000bps
2026-09-28 06:44:52.474015 0.00% [NOTICE] switch_loadable_module.c:223 Adding Codec AAL2-G726-32 122 G.726 32k (AAL2) 8000hz 90ms 1ch 32000bps
2026-09-28 06:44:52.474023 0.00% [NOTICE] switch_loadable_module.c:223 Adding Codec AAL2-G726-32 122 G.726 32k (AAL2) 8000hz 100ms 1ch 32000bps
2026-09-28 06:44:52.474032 0.00% [NOTICE] switch_loadable_module.c:223 Adding Codec AAL2-G726-32 122 G.726 32k (AAL2) 8000hz 110ms 1ch 32000bps
2026-09-28 06:44:52.474042 0.00% [NOTICE] switch_loadable_module.c:223 Adding Codec AAL2-G726-32 122 G.726 32k (AAL2) 8000hz 120ms 1ch 32000bps
2026-09-28 06:44:52.474109 0.00% [NOTICE] switch_loadable_module.c:223 Adding Codec G726-32 122 G.726 32k 8000hz 10ms 1ch 32000bps
2026-09-28 06:44:52.474320 0.00% [NOTICE] switch_loadable_module.c:223 Adding Codec G726-32 122 G.726 32k 8000hz 20ms 1ch 32000bps
2026-09-28 06:44:52.474329 0.00% [NOTICE] switch_loadable_module.c:223 Adding Codec G726-32 122 G.726 32k 8000hz 30ms 1ch 32000bps
2026-09-28 06:44:52.474333 0.00% [NOTICE] switch_loadable_module.c:223 Adding Codec G726-32 122 G.726 32k 8000hz 40ms 1ch 32000bps
2026-09-28 06:44:52.474337 0.00% [NOTICE] switch_loadable_module.c:223 Adding Codec G726-32 122 G.726 32k 8000hz 50ms 1ch 32000bps
2026-09-28 06:44:52.474341 0.00% [NOTICE] switch_loadable_module.c:223 Adding Codec G726-32 122 G.726 32k 8000hz 60ms 1ch 32000bps
2026-09-28 06:44:52.474344 0.00% [NOTICE] switch_loadable_module.c:223 Adding Codec G726-32 122 G.726 32k 8000hz 70ms 1ch 32000bps
2026-09-28 06:44:52.474348 0.00% [NOTICE] switch_loadable_module.c:223 Adding Codec G726-32 122 G.726 32k 8000hz 80ms 1ch 32000bps
2026-09-28 06:44:52.474351 0.00% [NOTICE] switch_loadable_module.c:223 Adding Codec G726-32 122 G.726 32k 8000hz 90ms 1ch 32000bps
2026-09-28 06:44:52.474355 0.00% [NOTICE] switch_loadable_module.c:223 Adding Codec G726-32 122 G.726 32k 8000hz 100ms 1ch 32000bps
2026-09-28 06:44:52.474359 0.00% [NOTICE] switch_loadable_module.c:223 Adding Codec G726-32 122 G.726 32k 8000hz 110ms 1ch 32000bps
2026-09-28 06:44:52.474362 0.00% [NOTICE] switch_loadable_module.c:223 Adding Codec G726-32 122 G.726 32k 8000hz 120ms 1ch 32000bps
2026-09-28 06:44:52.474414 0.00% [NOTICE] switch_loadable_module.c:223 Adding Codec AAL2-G726-40 121 G.726 40k (AAL2) 8000hz 10ms 1ch 40000bps
2026-09-28 06:44:52.474428 0.00% [NOTICE] switch_loadable_module.c:223 Adding Codec AAL2-G726-40 121 G.726 40k (AAL2) 8000hz 20ms 1ch 40000bps
2026-09-28 06:44:52.474436 0.00% [NOTICE] switch_loadable_module.c:223 Adding Codec AAL2-G726-40 121 G.726 40k (AAL2) 8000hz 30ms 1ch 40000bps
2026-09-28 06:44:52.474444 0.00% [NOTICE] switch_loadable_module.c:223 Adding Codec AAL2-G726-40 121 G.726 40k (AAL2) 8000hz 40ms 1ch 40000bps
2026-09-28 06:44:52.474451 0.00% [NOTICE] switch_loadable_module.c:223 Adding Codec AAL2-G726-40 121 G.726 40k (AAL2) 8000hz 50ms 1ch 40000bps
2026-09-28 06:44:52.474459 0.00% [NOTICE] switch_loadable_module.c:223 Adding Codec AAL2-G726-40 121 G.726 40k (AAL2) 8000hz 60ms 1ch 40000bps
2026-09-28 06:44:52.474467 0.00% [NOTICE] switch_loadable_module.c:223 Adding Codec AAL2-G726-40 121 G.726 40k (AAL2) 8000hz 70ms 1ch 40000bps
2026-09-28 06:44:52.474475 0.00% [NOTICE] switch_loadable_module.c:223 Adding Codec AAL2-G726-40 121 G.726 40k (AAL2) 8000hz 80ms 1ch 40000bps
2026-09-28 06:44:52.474516 0.00% [NOTICE] switch_loadable_module.c:223 Adding Codec AAL2-G726-40 121 G.726 40k (AAL2) 8000hz 90ms 1ch 40000bps
2026-09-28 06:44:52.474521 0.00% [NOTICE] switch_loadable_module.c:223 Adding Codec AAL2-G726-40 121 G.726 40k (AAL2) 8000hz 100ms 1ch 40000bps
2026-09-28 06:44:52.474526 0.00% [NOTICE] switch_loadable_module.c:223 Adding Codec AAL2-G726-40 121 G.726 40k (AAL2) 8000hz 110ms 1ch 40000bps
2026-09-28 06:44:52.474640 0.00% [NOTICE] switch_loadable_module.c:223 Adding Codec AAL2-G726-40 121 G.726 40k (AAL2) 8000hz 120ms 1ch 40000bps
2026-09-28 06:44:52.474687 0.00% [NOTICE] switch_loadable_module.c:223 Adding Codec G726-40 121 G.726 40k 8000hz 10ms 1ch 40000bps
2026-09-28 06:44:52.474699 0.00% [NOTICE] switch_loadable_module.c:223 Adding Codec G726-40 121 G.726 40k 8000hz 20ms 1ch 40000bps
2026-09-28 06:44:52.474708 0.00% [NOTICE] switch_loadable_module.c:223 Adding Codec G726-40 121 G.726 40k 8000hz 30ms 1ch 40000bps
2026-09-28 06:44:52.475181 0.00% [NOTICE] switch_loadable_module.c:223 Adding Codec G726-40 121 G.726 40k 8000hz 40ms 1ch 40000bps
2026-09-28 06:44:52.475194 0.00% [NOTICE] switch_loadable_module.c:223 Adding Codec G726-40 121 G.726 40k 8000hz 50ms 1ch 40000bps
2026-09-28 06:44:52.475492 0.00% [NOTICE] switch_loadable_module.c:223 Adding Codec G726-40 121 G.726 40k 8000hz 60ms 1ch 40000bps
2026-09-28 06:44:52.475499 0.00% [NOTICE] switch_loadable_module.c:223 Adding Codec G726-40 121 G.726 40k 8000hz 70ms 1ch 40000bps
2026-09-28 06:44:52.475503 0.00% [NOTICE] switch_loadable_module.c:223 Adding Codec G726-40 121 G.726 40k 8000hz 80ms 1ch 40000bps
2026-09-28 06:44:52.475507 0.00% [NOTICE] switch_loadable_module.c:223 Adding Codec G726-40 121 G.726 40k 8000hz 90ms 1ch 40000bps
2026-09-28 06:44:52.475511 0.00% [NOTICE] switch_loadable_module.c:223 Adding Codec G726-40 121 G.726 40k 8000hz 100ms 1ch 40000bps
2026-09-28 06:44:52.475515 0.00% [NOTICE] switch_loadable_module.c:223 Adding Codec G726-40 121 G.726 40k 8000hz 110ms 1ch 40000bps
2026-09-28 06:44:52.475518 0.00% [NOTICE] switch_loadable_module.c:223 Adding Codec G726-40 121 G.726 40k 8000hz 120ms 1ch 40000bps
2026-09-28 06:44:52.475578 0.00% [NOTICE] switch_loadable_module.c:223 Adding Codec G722 9 G.722 16000hz 10ms 1ch 64000bps
2026-09-28 06:44:52.475593 0.00% [NOTICE] switch_loadable_module.c:223 Adding Codec G722 9 G.722 16000hz 20ms 1ch 64000bps
2026-09-28 06:44:52.475600 0.00% [NOTICE] switch_loadable_module.c:223 Adding Codec G722 9 G.722 16000hz 30ms 1ch 64000bps
2026-09-28 06:44:52.475603 0.00% [NOTICE] switch_loadable_module.c:223 Adding Codec G722 9 G.722 16000hz 40ms 1ch 64000bps
2026-09-28 06:44:52.475608 0.00% [NOTICE] switch_loadable_module.c:223 Adding Codec G722 9 G.722 16000hz 50ms 1ch 64000bps
2026-09-28 06:44:52.475611 0.00% [NOTICE] switch_loadable_module.c:223 Adding Codec G722 9 G.722 16000hz 60ms 1ch 64000bps
2026-09-28 06:44:52.475627 0.00% [NOTICE] switch_loadable_module.c:223 Adding Codec GSM 3 GSM 8000hz 20ms 1ch 13200bps
2026-09-28 06:44:52.475632 0.00% [NOTICE] switch_loadable_module.c:223 Adding Codec GSM 3 GSM 8000hz 40ms 1ch 13200bps
2026-09-28 06:44:52.475682 0.00% [NOTICE] switch_loadable_module.c:223 Adding Codec GSM 3 GSM 8000hz 60ms 1ch 13200bps
2026-09-28 06:44:52.475688 0.00% [NOTICE] switch_loadable_module.c:223 Adding Codec GSM 3 GSM 8000hz 80ms 1ch 13200bps
2026-09-28 06:44:52.475692 0.00% [NOTICE] switch_loadable_module.c:223 Adding Codec GSM 3 GSM 8000hz 100ms 1ch 13200bps
2026-09-28 06:44:52.475696 0.00% [NOTICE] switch_loadable_module.c:223 Adding Codec GSM 3 GSM 8000hz 120ms 1ch 13200bps
2026-09-28 06:44:52.475755 0.00% [NOTICE] switch_loadable_module.c:223 Adding Codec LPC 7 LPC-10 8000hz 90ms 1ch 2400bps
2026-09-28 06:44:52.475772 0.00% [NOTICE] switch_loadable_module.c:329 Adding Application 't38_gateway'
2026-09-28 06:44:52.475788 0.00% [NOTICE] switch_loadable_module.c:329 Adding Application 'rxfax'
2026-09-28 06:44:52.475843 0.00% [NOTICE] switch_loadable_module.c:329 Adding Application 'txfax'
2026-09-28 06:44:52.475859 0.00% [NOTICE] switch_loadable_module.c:329 Adding Application 'stopfax'
2026-09-28 06:44:52.475877 0.00% [NOTICE] switch_loadable_module.c:329 Adding Application 'spandsp_stop_dtmf'
2026-09-28 06:44:52.475891 0.00% [NOTICE] switch_loadable_module.c:329 Adding Application 'spandsp_start_dtmf'
2026-09-28 06:44:52.475904 0.00% [NOTICE] switch_loadable_module.c:329 Adding Application 'spandsp_stop_inject_tdd'
2026-09-28 06:44:52.475919 0.00% [NOTICE] switch_loadable_module.c:329 Adding Application 'spandsp_inject_tdd'
2026-09-28 06:44:52.476134 0.00% [NOTICE] switch_loadable_module.c:329 Adding Application 'spandsp_stop_detect_tdd'
2026-09-28 06:44:52.476152 0.00% [NOTICE] switch_loadable_module.c:329 Adding Application 'spandsp_detect_tdd'
2026-09-28 06:44:52.476167 0.00% [NOTICE] switch_loadable_module.c:329 Adding Application 'spandsp_send_tdd'
2026-09-28 06:44:52.476189 0.00% [NOTICE] switch_loadable_module.c:329 Adding Application 'spandsp_start_fax_detect'
2026-09-28 06:44:52.476211 0.00% [NOTICE] switch_loadable_module.c:329 Adding Application 'spandsp_stop_fax_detect'
2026-09-28 06:44:52.476233 0.00% [NOTICE] switch_loadable_module.c:329 Adding Application 'spandsp_start_tone_detect'
2026-09-28 06:44:52.476290 0.00% [NOTICE] switch_loadable_module.c:329 Adding Application 'spandsp_stop_tone_detect'
2026-09-28 06:44:52.476307 0.00% [NOTICE] switch_loadable_module.c:389 Adding API Function 'spandsp_start_tone_detect'
2026-09-28 06:44:52.476323 0.00% [NOTICE] switch_loadable_module.c:389 Adding API Function 'spandsp_stop_tone_detect'
2026-09-28 06:44:52.476439 0.00% [NOTICE] switch_loadable_module.c:389 Adding API Function 'start_tdd_detect'
2026-09-28 06:44:52.476454 0.00% [NOTICE] switch_loadable_module.c:389 Adding API Function 'stop_tdd_detect'
2026-09-28 06:44:52.476477 0.00% [NOTICE] switch_loadable_module.c:389 Adding API Function 'uuid_send_tdd'
2026-09-28 06:44:52.477381 0.00% [CONSOLE] switch_loadable_module.c:1772 Successfully Loaded [mod_g723_1]
2026-09-28 06:44:52.477415 0.00% [NOTICE] switch_loadable_module.c:223 Adding Codec G723 4 G.723.1 6.3k 8000hz 120ms 1ch 6300bps
2026-09-28 06:44:52.477426 0.00% [NOTICE] switch_loadable_module.c:223 Adding Codec G723 4 G.723.1 6.3k 8000hz 90ms 1ch 6300bps
2026-09-28 06:44:52.477434 0.00% [NOTICE] switch_loadable_module.c:223 Adding Codec G723 4 G.723.1 6.3k 8000hz 60ms 1ch 6300bps
2026-09-28 06:44:52.477441 0.00% [NOTICE] switch_loadable_module.c:223 Adding Codec G723 4 G.723.1 6.3k 8000hz 30ms 1ch 6300bps
2026-09-28 06:44:52.478064 0.00% [CONSOLE] switch_loadable_module.c:1772 Successfully Loaded [mod_g729]
2026-09-28 06:44:52.478093 0.00% [NOTICE] switch_loadable_module.c:223 Adding Codec G729 18 G.729 8000hz 10ms 1ch 8000bps
2026-09-28 06:44:52.478103 0.00% [NOTICE] switch_loadable_module.c:223 Adding Codec G729 18 G.729 8000hz 20ms 1ch 8000bps
2026-09-28 06:44:52.478110 0.00% [NOTICE] switch_loadable_module.c:223 Adding Codec G729 18 G.729 8000hz 30ms 1ch 8000bps
2026-09-28 06:44:52.478116 0.00% [NOTICE] switch_loadable_module.c:223 Adding Codec G729 18 G.729 8000hz 40ms 1ch 8000bps
2026-09-28 06:44:52.478200 0.00% [NOTICE] switch_loadable_module.c:223 Adding Codec G729 18 G.729 8000hz 50ms 1ch 8000bps
2026-09-28 06:44:52.478211 0.00% [NOTICE] switch_loadable_module.c:223 Adding Codec G729 18 G.729 8000hz 60ms 1ch 8000bps
2026-09-28 06:44:52.478218 0.00% [NOTICE] switch_loadable_module.c:223 Adding Codec G729 18 G.729 8000hz 70ms 1ch 8000bps
2026-09-28 06:44:52.478225 0.00% [NOTICE] switch_loadable_module.c:223 Adding Codec G729 18 G.729 8000hz 80ms 1ch 8000bps
2026-09-28 06:44:52.478232 0.00% [NOTICE] switch_loadable_module.c:223 Adding Codec G729 18 G.729 8000hz 90ms 1ch 8000bps
2026-09-28 06:44:52.478239 0.00% [NOTICE] switch_loadable_module.c:223 Adding Codec G729 18 G.729 8000hz 100ms 1ch 8000bps
2026-09-28 06:44:52.478247 0.00% [NOTICE] switch_loadable_module.c:223 Adding Codec G729 18 G.729 8000hz 110ms 1ch 8000bps
2026-09-28 06:44:52.478255 0.00% [NOTICE] switch_loadable_module.c:223 Adding Codec G729 18 G.729 8000hz 120ms 1ch 8000bps
2026-09-28 06:44:52.478913 0.00% [CONSOLE] switch_loadable_module.c:1772 Successfully Loaded [mod_amr]
2026-09-28 06:44:52.478947 0.00% [NOTICE] switch_loadable_module.c:223 Adding Codec AMR 96 AMR / Octet Aligned 8000hz 20ms 1ch 12200bps
2026-09-28 06:44:52.479074 0.00% [NOTICE] switch_loadable_module.c:223 Adding Codec AMR 97 AMR / Bandwidth Efficient 8000hz 20ms 1ch 12200bps
2026-09-28 06:44:52.479898 0.00% [CONSOLE] switch_loadable_module.c:1772 Successfully Loaded [mod_b64]
2026-09-28 06:44:52.479920 0.00% [NOTICE] switch_loadable_module.c:223 Adding Codec b64 116 B64 (STANDARD) 32000hz 20ms 1ch 684800bps
2026-09-28 06:44:52.479930 0.00% [NOTICE] switch_loadable_module.c:223 Adding Codec b64 116 B64 (STANDARD) 16000hz 20ms 1ch 342400bps
2026-09-28 06:44:52.479936 0.00% [NOTICE] switch_loadable_module.c:223 Adding Codec b64 116 B64 (STANDARD) 8000hz 20ms 1ch 171200bps
2026-09-28 06:44:52.482009 0.00% [CONSOLE] switch_loadable_module.c:1772 Successfully Loaded [mod_opus]
2026-09-28 06:44:52.482037 0.00% [NOTICE] switch_loadable_module.c:229 Adding Codec opus 116 OPUS (STANDARD) 8000hz 40ms 2ch (VBR)
2026-09-28 06:44:52.482048 0.00% [NOTICE] switch_loadable_module.c:229 Adding Codec opus 116 OPUS (STANDARD) 8000hz 40ms 1ch (VBR)
2026-09-28 06:44:52.482158 0.00% [NOTICE] switch_loadable_module.c:229 Adding Codec opus 116 OPUS (STANDARD) 8000hz 120ms 1ch (VBR)
2026-09-28 06:44:52.482164 0.00% [NOTICE] switch_loadable_module.c:229 Adding Codec opus 116 OPUS (STANDARD) 8000hz 100ms 1ch (VBR)
2026-09-28 06:44:52.482169 0.00% [NOTICE] switch_loadable_module.c:229 Adding Codec opus 116 OPUS (STANDARD) 8000hz 80ms 1ch (VBR)
2026-09-28 06:44:52.482172 0.00% [NOTICE] switch_loadable_module.c:229 Adding Codec opus 116 OPUS (STANDARD) 8000hz 60ms 1ch (VBR)
2026-09-28 06:44:52.482176 0.00% [NOTICE] switch_loadable_module.c:229 Adding Codec opus 116 OPUS (STANDARD) 8000hz 20ms 2ch (VBR)
2026-09-28 06:44:52.482179 0.00% [NOTICE] switch_loadable_module.c:229 Adding Codec opus 116 OPUS (STANDARD) 8000hz 20ms 1ch (VBR)
2026-09-28 06:44:52.482183 0.00% [NOTICE] switch_loadable_module.c:229 Adding Codec opus 116 OPUS (STANDARD) 8000hz 10ms 2ch (VBR)
2026-09-28 06:44:52.482186 0.00% [NOTICE] switch_loadable_module.c:229 Adding Codec opus 116 OPUS (STANDARD) 8000hz 10ms 1ch (VBR)
2026-09-28 06:44:52.482189 0.00% [NOTICE] switch_loadable_module.c:229 Adding Codec opus 116 OPUS (STANDARD) 16000hz 40ms 2ch (VBR)
2026-09-28 06:44:52.482193 0.00% [NOTICE] switch_loadable_module.c:229 Adding Codec opus 116 OPUS (STANDARD) 16000hz 40ms 1ch (VBR)
2026-09-28 06:44:52.482197 0.00% [NOTICE] switch_loadable_module.c:229 Adding Codec opus 116 OPUS (STANDARD) 16000hz 60ms 1ch (VBR)
2026-09-28 06:44:52.482260 0.00% [NOTICE] switch_loadable_module.c:229 Adding Codec opus 116 OPUS (STANDARD) 16000hz 20ms 2ch (VBR)
2026-09-28 06:44:52.482265 0.00% [NOTICE] switch_loadable_module.c:229 Adding Codec opus 116 OPUS (STANDARD) 16000hz 20ms 1ch (VBR)
2026-09-28 06:44:52.482269 0.00% [NOTICE] switch_loadable_module.c:229 Adding Codec opus 116 OPUS (STANDARD) 16000hz 10ms 2ch (VBR)
2026-09-28 06:44:52.482273 0.00% [NOTICE] switch_loadable_module.c:229 Adding Codec opus 116 OPUS (STANDARD) 16000hz 10ms 1ch (VBR)
2026-09-28 06:44:52.482276 0.00% [NOTICE] switch_loadable_module.c:229 Adding Codec opus 116 OPUS (STANDARD) 48000hz 40ms 2ch (VBR)
2026-09-28 06:44:52.482280 0.00% [NOTICE] switch_loadable_module.c:229 Adding Codec opus 116 OPUS (STANDARD) 48000hz 40ms 1ch (VBR)
2026-09-28 06:44:52.482352 0.00% [NOTICE] switch_loadable_module.c:229 Adding Codec opus 116 OPUS (STANDARD) 48000hz 20ms 2ch (VBR)
2026-09-28 06:44:52.482357 0.00% [NOTICE] switch_loadable_module.c:229 Adding Codec opus 116 OPUS (STANDARD) 48000hz 20ms 1ch (VBR)
2026-09-28 06:44:52.482361 0.00% [NOTICE] switch_loadable_module.c:229 Adding Codec opus 116 OPUS (STANDARD) 48000hz 10ms 2ch (VBR)
2026-09-28 06:44:52.482364 0.00% [NOTICE] switch_loadable_module.c:229 Adding Codec opus 116 OPUS (STANDARD) 48000hz 10ms 1ch (VBR)
2026-09-28 06:44:52.482426 0.00% [NOTICE] switch_loadable_module.c:389 Adding API Function 'opus_debug'
2026-09-28 06:44:52.483163 0.00% [CRIT] switch_loadable_module.c:1754 Error Loading module /usr/lib/freeswitch/mod/mod_av.so
**Error loading shared library libavformat.so.62: No such file or directory (needed by /usr/lib/freeswitch/mod/mod_av.so)**
2026-09-28 06:44:52.489461 0.00% [INFO] mod_sndfile.c:498 
LibSndFile Version : libsndfile-1.2.2 Supported Formats
================================================================================
AIFF (Apple/SGI)  (extension "aiff")
AU (Sun/NeXT)  (extension "au")
AVR (Audio Visual Research)  (extension "avr")
CAF (Apple Core Audio File)  (extension "caf")
FLAC (Free Lossless Audio Codec)  (extension "flac")
HTK (HMM Tool Kit)  (extension "htk")
IFF (Amiga IFF/SVX8/SV16)  (extension "iff")
MAT4 (GNU Octave 2.0 / Matlab 4.2)  (extension "mat")
MAT5 (GNU Octave 2.1 / Matlab 5.0)  (extension "mat")
MPC (Akai MPC 2k)  (extension "mpc")
MPEG-1/2 Audio  (extension "m1a")
OGG (OGG Container format)  (extension "oga")
OGG (OGG Container format)  (extension "ogg")
PAF (Ensoniq PARIS)  (extension "paf")
PVF (Portable Voice Format)  (extension "pvf")
RAW (header-less)  (extension "raw")
RF64 (RIFF 64)  (extension "rf64")
SD2 (Sound Designer II)  (extension "sd2")
SDS (Midi Sample Dump Standard)  (extension "sds")
SF (Berkeley/IRCAM/CARL)  (extension "sf")
VOC (Creative Labs)  (extension "voc")
W64 (SoundFoundry WAVE 64)  (extension "w64")
WAV (Microsoft)  (extension "wav")
WAV (NIST Sphere)  (extension "wav")
WAVEX (Microsoft)  (extension "wav")
WVE (Psion Series 3)  (extension "wve")
XI (FastTracker 2)  (extension "xi")
================================================================================
2026-09-28 06:44:52.489745 0.00% [CONSOLE] switch_loadable_module.c:1772 Successfully Loaded [mod_sndfile]
2026-09-28 06:44:52.489776 0.00% [NOTICE] switch_loadable_module.c:389 Adding API Function 'sndfile_debug'
2026-09-28 06:44:52.489863 0.00% [NOTICE] switch_loadable_module.c:455 Adding File Format 'aiff'
2026-09-28 06:44:52.489891 0.00% [NOTICE] switch_loadable_module.c:455 Adding File Format 'au'
2026-09-28 06:44:52.490059 0.00% [NOTICE] switch_loadable_module.c:455 Adding File Format 'avr'
2026-09-28 06:44:52.490085 0.00% [NOTICE] switch_loadable_module.c:455 Adding File Format 'caf'
2026-09-28 06:44:52.490141 0.00% [NOTICE] switch_loadable_module.c:455 Adding File Format 'flac'
2026-09-28 06:44:52.490162 0.00% [NOTICE] switch_loadable_module.c:455 Adding File Format 'htk'
2026-09-28 06:44:52.490181 0.00% [NOTICE] switch_loadable_module.c:455 Adding File Format 'iff'
2026-09-28 06:44:52.490287 0.00% [NOTICE] switch_loadable_module.c:455 Adding File Format 'mat'
2026-09-28 06:44:52.490321 0.00% [NOTICE] switch_loadable_module.c:455 Adding File Format 'mpc'
2026-09-28 06:44:52.490342 0.00% [NOTICE] switch_loadable_module.c:455 Adding File Format 'm1a'
2026-09-28 06:44:52.490360 0.00% [NOTICE] switch_loadable_module.c:455 Adding File Format 'oga'
2026-09-28 06:44:52.490493 0.00% [NOTICE] switch_loadable_module.c:455 Adding File Format 'paf'
2026-09-28 06:44:52.490515 0.00% [NOTICE] switch_loadable_module.c:455 Adding File Format 'pvf'
2026-09-28 06:44:52.490536 0.00% [NOTICE] switch_loadable_module.c:455 Adding File Format 'raw'
2026-09-28 06:44:52.490565 0.00% [NOTICE] switch_loadable_module.c:455 Adding File Format 'rf64'
2026-09-28 06:44:52.490585 0.00% [NOTICE] switch_loadable_module.c:455 Adding File Format 'sd2'
2026-09-28 06:44:52.490605 0.00% [NOTICE] switch_loadable_module.c:455 Adding File Format 'sds'
2026-09-28 06:44:52.490624 0.00% [NOTICE] switch_loadable_module.c:455 Adding File Format 'sf'
2026-09-28 06:44:52.490643 0.00% [NOTICE] switch_loadable_module.c:455 Adding File Format 'voc'
2026-09-28 06:44:52.490932 0.00% [NOTICE] switch_loadable_module.c:455 Adding File Format 'w64'
2026-09-28 06:44:52.490963 0.00% [NOTICE] switch_loadable_module.c:455 Adding File Format 'wav'
2026-09-28 06:44:52.490987 0.00% [NOTICE] switch_loadable_module.c:455 Adding File Format 'wve'
2026-09-28 06:44:52.491014 0.00% [NOTICE] switch_loadable_module.c:455 Adding File Format 'xi'
2026-09-28 06:44:52.491086 0.00% [NOTICE] switch_loadable_module.c:455 Adding File Format 'r8'
2026-09-28 06:44:52.491114 0.00% [NOTICE] switch_loadable_module.c:455 Adding File Format 'r16'
2026-09-28 06:44:52.491131 0.00% [NOTICE] switch_loadable_module.c:455 Adding File Format 'r24'
2026-09-28 06:44:52.491142 0.00% [NOTICE] switch_loadable_module.c:455 Adding File Format 'r32'
2026-09-28 06:44:52.491153 0.00% [NOTICE] switch_loadable_module.c:455 Adding File Format 'gsm'
2026-09-28 06:44:52.491166 0.00% [NOTICE] switch_loadable_module.c:455 Adding File Format 'ul'
2026-09-28 06:44:52.491184 0.00% [NOTICE] switch_loadable_module.c:455 Adding File Format 'ulaw'
2026-09-28 06:44:52.491210 0.00% [NOTICE] switch_loadable_module.c:455 Adding File Format 'al'
2026-09-28 06:44:52.491223 0.00% [NOTICE] switch_loadable_module.c:455 Adding File Format 'alaw'
2026-09-28 06:44:52.491236 0.00% [NOTICE] switch_loadable_module.c:455 Adding File Format 'adpcm'
2026-09-28 06:44:52.491252 0.00% [NOTICE] switch_loadable_module.c:455 Adding File Format 'vox'
2026-09-28 06:44:52.491264 0.00% [NOTICE] switch_loadable_module.c:455 Adding File Format 'oga'
2026-09-28 06:44:52.491415 0.00% [NOTICE] switch_loadable_module.c:455 Adding File Format 'ogg'
2026-09-28 06:44:52.492220 0.00% [CONSOLE] switch_loadable_module.c:1772 Successfully Loaded [mod_native_file]
2026-09-28 06:44:52.492251 0.00% [NOTICE] switch_loadable_module.c:455 Adding File Format 'AAL2-G726-32'
2026-09-28 06:44:52.492307 0.00% [NOTICE] switch_loadable_module.c:455 Adding File Format 'DVI4'
2026-09-28 06:44:52.492322 0.00% [NOTICE] switch_loadable_module.c:455 Adding File Format 'PCMU'
2026-09-28 06:44:52.492333 0.00% [NOTICE] switch_loadable_module.c:455 Adding File Format 'G722'
2026-09-28 06:44:52.492344 0.00% [NOTICE] switch_loadable_module.c:455 Adding File Format 'AAL2-G726-24'
2026-09-28 06:44:52.492355 0.00% [NOTICE] switch_loadable_module.c:455 Adding File Format 'AAL2-G726-40'
2026-09-28 06:44:52.492538 0.00% [NOTICE] switch_loadable_module.c:455 Adding File Format 'L16'
2026-09-28 06:44:52.492661 0.00% [NOTICE] switch_loadable_module.c:455 Adding File Format 'G726-16'
2026-09-28 06:44:52.492690 0.00% [NOTICE] switch_loadable_module.c:455 Adding File Format 'PCMA'
2026-09-28 06:44:52.492720 0.00% [NOTICE] switch_loadable_module.c:455 Adding File Format 'G726-24'
2026-09-28 06:44:52.492866 0.00% [NOTICE] switch_loadable_module.c:455 Adding File Format 'G729'
2026-09-28 06:44:52.492883 0.00% [NOTICE] switch_loadable_module.c:455 Adding File Format 'AAL2-G726-16'
2026-09-28 06:44:52.492894 0.00% [NOTICE] switch_loadable_module.c:455 Adding File Format 'G726-32'
2026-09-28 06:44:52.492906 0.00% [NOTICE] switch_loadable_module.c:455 Adding File Format 'GSM'
2026-09-28 06:44:52.492918 0.00% [NOTICE] switch_loadable_module.c:455 Adding File Format 'G726-40'
2026-09-28 06:44:52.492930 0.00% [NOTICE] switch_loadable_module.c:455 Adding File Format 'G723'
2026-09-28 06:44:52.492942 0.00% [NOTICE] switch_loadable_module.c:455 Adding File Format 'LPC'
2026-09-28 06:44:52.493540 0.00% [CONSOLE] switch_loadable_module.c:1772 Successfully Loaded [mod_png]
2026-09-28 06:44:52.493658 0.00% [NOTICE] switch_loadable_module.c:389 Adding API Function 'uuid_write_png'
2026-09-28 06:44:52.493724 0.00% [NOTICE] switch_loadable_module.c:455 Adding File Format 'png'
2026-09-28 06:44:52.498559 0.00% [CONSOLE] switch_loadable_module.c:1772 Successfully Loaded [mod_local_stream]
2026-09-28 06:44:52.498993 0.00% [NOTICE] switch_loadable_module.c:389 Adding API Function 'local_stream'
2026-09-28 06:44:52.499267 0.00% [NOTICE] switch_loadable_module.c:455 Adding File Format 'local_stream'
2026-09-28 06:44:52.500407 0.00% [CONSOLE] switch_loadable_module.c:1772 Successfully Loaded [mod_tone_stream]
2026-09-28 06:44:52.500444 0.00% [NOTICE] switch_loadable_module.c:455 Adding File Format 'tone_stream'
2026-09-28 06:44:52.500518 0.00% [NOTICE] switch_loadable_module.c:455 Adding File Format 'silence_stream'
2026-09-28 06:44:52.501989 0.00% [DEBUG] switch_loadable_module.c:1706 Loading module with global namespace at request of module
2026-09-28 06:44:52.502089 0.00% [CONSOLE] switch_loadable_module.c:1772 Successfully Loaded [mod_lua]
2026-09-28 06:44:52.502110 0.00% [NOTICE] switch_loadable_module.c:273 Adding Dialplan 'LUA'
2026-09-28 06:44:52.502167 0.00% [NOTICE] switch_loadable_module.c:329 Adding Application 'lua'
2026-09-28 06:44:52.502184 0.00% [NOTICE] switch_loadable_module.c:359 Adding Chat Application 'lua'
2026-09-28 06:44:52.502198 0.00% [NOTICE] switch_loadable_module.c:389 Adding API Function 'luarun'
2026-09-28 06:44:52.502216 0.00% [NOTICE] switch_loadable_module.c:389 Adding API Function 'lua'
2026-09-28 06:44:52.502658 0.00% [CONSOLE] switch_loadable_module.c:1772 Successfully Loaded [mod_say_en]
2026-09-28 06:44:52.502680 0.00% [NOTICE] switch_loadable_module.c:651 Adding Say interface 'en'
2026-09-28 06:44:52.502750 0.00% [CONSOLE] switch_loadable_module.c:149 Starting runtime thread for mod_verto
2026-09-28 06:44:52.503079 0.00% [CONSOLE] switch_loadable_module.c:149 Starting runtime thread for mod_event_socket
2026-09-28 06:44:52.503387 0.00% [CONSOLE] switch_loadable_module.c:149 Starting runtime thread for CORE_SOFTTIMER_MODULE
2026-09-28 06:44:52.503663 0.00% [ERR] mod_event_socket.c:2876 Open of event_socket.conf failed
2026-09-28 06:44:52.504321 100.00% [INFO] switch_time.c:627 Clock synchronized to system time.
2026-09-28 06:44:52.504548 100.00% [DEBUG] mod_event_socket.c:2979 Socket up listening on 127.0.0.1:8021
2026-09-28 06:44:52.504998 100.00% [DEBUG] switch_loadable_module.c:910 Chat Thread Started
2026-09-28 06:44:52.505617 100.00% [DEBUG] switch_loadable_module.c:910 Chat Thread Started
2026-09-28 06:44:52.506015 100.00% [NOTICE] switch_core.c:1482 Created ip list rfc6598.auto default (deny)
2026-09-28 06:44:52.506032 100.00% [NOTICE] switch_utils.c:665 Adding 100.64.0.0/10 (allow) [] to list rfc6598.auto
2026-09-28 06:44:52.506046 100.00% [NOTICE] switch_core.c:1488 Created ip list rfc1918.auto default (deny)
2026-09-28 06:44:52.506052 100.00% [NOTICE] switch_utils.c:665 Adding 10.0.0.0/8 (allow) [] to list rfc1918.auto
2026-09-28 06:44:52.506061 100.00% [NOTICE] switch_utils.c:665 Adding 172.16.0.0/12 (allow) [] to list rfc1918.auto
2026-09-28 06:44:52.506069 100.00% [NOTICE] switch_utils.c:665 Adding 192.168.0.0/16 (allow) [] to list rfc1918.auto
2026-09-28 06:44:52.506079 100.00% [NOTICE] switch_utils.c:665 Adding fe80::/10 (allow) [] to list rfc1918.auto
2026-09-28 06:44:52.506087 100.00% [NOTICE] switch_core.c:1497 Created ip list wan.auto default (allow)
2026-09-28 06:44:52.506094 100.00% [NOTICE] switch_utils.c:665 Adding 0.0.0.0/8 (deny) [] to list wan.auto
2026-09-28 06:44:52.506104 100.00% [NOTICE] switch_utils.c:665 Adding 10.0.0.0/8 (deny) [] to list wan.auto
2026-09-28 06:44:52.506113 100.00% [NOTICE] switch_utils.c:665 Adding 172.16.0.0/12 (deny) [] to list wan.auto
2026-09-28 06:44:52.506122 100.00% [NOTICE] switch_utils.c:665 Adding 192.168.0.0/16 (deny) [] to list wan.auto
2026-09-28 06:44:52.506131 100.00% [NOTICE] switch_utils.c:665 Adding 169.254.0.0/16 (deny) [] to list wan.auto
2026-09-28 06:44:52.506138 100.00% [NOTICE] switch_utils.c:665 Adding 100.64.0.0/10 (deny) [] to list wan.auto
2026-09-28 06:44:52.506315 100.00% [NOTICE] switch_utils.c:665 Adding fe80::/10 (deny) [] to list wan.auto
2026-09-28 06:44:52.506323 100.00% [NOTICE] switch_core.c:1509 Created ip list wan_v6.auto default (allow)
2026-09-28 06:44:52.506357 100.00% [NOTICE] switch_utils.c:665 Adding 0.0.0.0/0 (deny) [] to list wan_v6.auto
2026-09-28 06:44:52.506364 100.00% [NOTICE] switch_utils.c:665 Adding fe80::/10 (deny) [] to list wan_v6.auto
2026-09-28 06:44:52.506368 100.00% [NOTICE] switch_core.c:1517 Created ip list wan_v4.auto default (allow)
2026-09-28 06:44:52.506371 100.00% [NOTICE] switch_utils.c:665 Adding 0.0.0.0/8 (deny) [] to list wan_v4.auto
2026-09-28 06:44:52.506375 100.00% [NOTICE] switch_utils.c:665 Adding 10.0.0.0/8 (deny) [] to list wan_v4.auto
2026-09-28 06:44:52.506378 100.00% [NOTICE] switch_utils.c:665 Adding 172.16.0.0/12 (deny) [] to list wan_v4.auto
2026-09-28 06:44:52.506382 100.00% [NOTICE] switch_utils.c:665 Adding 192.168.0.0/16 (deny) [] to list wan_v4.auto
2026-09-28 06:44:52.506385 100.00% [NOTICE] switch_utils.c:665 Adding 169.254.0.0/16 (deny) [] to list wan_v4.auto
2026-09-28 06:44:52.506389 100.00% [NOTICE] switch_utils.c:665 Adding 100.64.0.0/10 (deny) [] to list wan_v4.auto
2026-09-28 06:44:52.506392 100.00% [NOTICE] switch_utils.c:665 Adding ::/0 (deny) [] to list wan_v4.auto
2026-09-28 06:44:52.506396 100.00% [NOTICE] switch_core.c:1530 Created ip list any_v6.auto default (allow)
2026-09-28 06:44:52.506399 100.00% [NOTICE] switch_utils.c:665 Adding 0.0.0.0/0 (deny) [] to list any_v6.auto
2026-09-28 06:44:52.506403 100.00% [NOTICE] switch_core.c:1537 Created ip list any_v4.auto default (allow)
2026-09-28 06:44:52.506406 100.00% [NOTICE] switch_utils.c:665 Adding ::/0 (deny) [] to list any_v4.auto
2026-09-28 06:44:52.506477 100.00% [NOTICE] switch_core.c:1544 Created ip list nat.auto default (deny)
2026-09-28 06:44:52.506487 100.00% [NOTICE] switch_core.c:1546 Adding 172.25.0.4/255.255.0.0 (deny) to list nat.auto
2026-09-28 06:44:52.506495 100.00% [NOTICE] switch_utils.c:665 Adding 10.0.0.0/8 (allow) [] to list nat.auto
2026-09-28 06:44:52.506503 100.00% [NOTICE] switch_utils.c:665 Adding 172.16.0.0/12 (allow) [] to list nat.auto
2026-09-28 06:44:52.506511 100.00% [NOTICE] switch_utils.c:665 Adding 192.168.0.0/16 (allow) [] to list nat.auto
2026-09-28 06:44:52.506519 100.00% [NOTICE] switch_utils.c:665 Adding 100.64.0.0/10 (allow) [] to list nat.auto
2026-09-28 06:44:52.506527 100.00% [NOTICE] switch_core.c:1556 Created ip list loopback.auto default (deny)
2026-09-28 06:44:52.506533 100.00% [NOTICE] switch_utils.c:665 Adding 127.0.0.0/8 (allow) [] to list loopback.auto
2026-09-28 06:44:52.506543 100.00% [NOTICE] switch_utils.c:665 Adding ::1/128 (allow) [] to list loopback.auto
2026-09-28 06:44:52.506552 100.00% [NOTICE] switch_core.c:1563 Created ip list localnet.auto default (deny)
2026-09-28 06:44:52.506556 100.00% [NOTICE] switch_core.c:1566 Adding 172.25.0.4/255.255.0.0 (allow) to list localnet.auto
2026-09-28 06:44:52.506566 100.00% [CONSOLE] switch_core.c:1593 Created ip list lan default (allow)
2026-09-28 06:44:52.506573 100.00% [NOTICE] switch_utils.c:665 Adding 192.168.42.0/24 (deny) [] to list lan
2026-09-28 06:44:52.506578 100.00% [NOTICE] switch_utils.c:665 Adding 192.168.42.42/32 (allow) [] to list lan
2026-09-28 06:44:52.506584 100.00% [CONSOLE] switch_core.c:1593 Created ip list domains default (deny)
2026-09-28 06:44:52.506639 100.00% [NOTICE] switch_utils.c:665 Adding 192.0.2.0/24 (allow) [brian@172.25.0.4] to list domains
2026-09-28 06:44:52.506811 100.00% [CONSOLE] switch_core.c:2497 [m[33m[44m
.=============================================================.
|   _____              ______        _____ _____ ____ _   _   |
|  |  ___| __ ___  ___/ ___\ \      / /_ _|_   _/ ___| | | |  |
|  | |_ | '__/ _ \/ _ \___ \\ \ /\ / / | |  | || |   | |_| |  |
|  |  _|| | |  __/  __/___) |\ V  V /  | |  | || |___|  _  |  |
|  |_|  |_|  \___|\___|____/  \_/\_/  |___| |_| \____|_| |_|  |
|                                                             |
.=============================================================.
|   Anthony Minessale II, Michael Jerris, Brian West, Others  |
|   FreeSWITCH (http://www.freeswitch.org)                    |
|   Paypal Donations Appreciated: paypal@freeswitch.org       |
|   Brought to you by ClueCon http://www.cluecon.com/         |
.=============================================================.

.===============================================================.
|       _                                                       |
|   ___| |_   _  ___  ___ ___  _ __         ___ ___  _ __ ___   |
|  / __| | | | |/ _ \/ __/ _ \| '_ \       / __/ _ \| '_ ` _ \  |
| | (__| | |_| |  __/ (_| (_) | | | |  _  | (_| (_) | | | | | | |
|  \___|_|\__,_|\___|\___\___/|_| |_| (_)  \___\___/|_| |_| |_| |
|                                                               |
.===============================================================.
[m

2026-09-28 06:44:52.506830 100.00% [INFO] switch_core.c:2506 
FreeSWITCH Version 1.11.1-release~64bit ( 64bit)

FreeSWITCH Started
Max Sessions [1000]
Session Rate [30]
SQL [Enabled]
2026-09-28 06:44:52.506922 100.00% [CONSOLE] switch_core.c:2514 
[This app Best viewed at 160x60 or more..]
2026-09-28 06:48:43.310935 91.23% [INFO] switch_core.c:2894 Shutting down
2026-09-28 06:48:43.310935 91.23% [DEBUG] switch_console.c:1088 Editline thread exiting
2026-09-28 06:48:43.304207 92.10% [INFO] switch_core.c:2894 Shutting down
2026-09-28 06:48:43.304207 92.10% [DEBUG] switch_console.c:1088 Editline thread exiting
2026-09-28 06:48:43.331231 91.23% [CONSOLE] switch_core.c:3041 End existing sessions
2026-09-28 06:48:43.324239 92.10% [CONSOLE] switch_core.c:3041 End existing sessions
2026-09-28 06:48:43.324239 92.10% [CONSOLE] switch_core.c:3043 Clean up modules.
2026-09-28 06:48:43.331231 91.23% [CONSOLE] switch_core.c:3043 Clean up modules.
2026-09-28 06:48:43.331231 91.23% [DEBUG] switch_loadable_module.c:919 Chat Thread Ended
2026-09-28 06:48:43.352516 91.23% [DEBUG] switch_loadable_module.c:919 Chat Thread Ended
2026-09-28 06:48:43.324239 92.10% [DEBUG] switch_loadable_module.c:919 Chat Thread Ended
2026-09-28 06:48:43.352516 91.23% [NOTICE] switch_loadable_module.c:1230 Deleting Application 'play_fsv'
2026-09-28 06:48:43.324239 92.10% [DEBUG] switch_loadable_module.c:919 Chat Thread Ended
2026-09-28 06:48:43.352516 91.23% [DEBUG] switch_loadable_module.c:1232 Write lock interface 'play_fsv' to wait for existing references.
2026-09-28 06:48:43.324239 92.10% [NOTICE] switch_loadable_module.c:1230 Deleting Application 'play_fsv'
2026-09-28 06:48:43.344167 92.10% [DEBUG] switch_loadable_module.c:1232 Write lock interface 'play_fsv' to wait for existing references.
2026-09-28 06:48:43.352516 91.23% [NOTICE] switch_loadable_module.c:1230 Deleting Application 'record_fsv'
2026-09-28 06:48:43.344167 92.10% [NOTICE] switch_loadable_module.c:1230 Deleting Application 'record_fsv'
2026-09-28 06:48:43.352516 91.23% [DEBUG] switch_loadable_module.c:1232 Write lock interface 'record_fsv' to wait for existing references.
2026-09-28 06:48:43.344167 92.10% [DEBUG] switch_loadable_module.c:1232 Write lock interface 'record_fsv' to wait for existing references.
2026-09-28 06:48:43.352516 91.23% [NOTICE] switch_loadable_module.c:1230 Deleting Application 'play_yuv'
2026-09-28 06:48:43.344167 92.10% [NOTICE] switch_loadable_module.c:1230 Deleting Application 'play_yuv'
2026-09-28 06:48:43.352516 91.23% [DEBUG] switch_loadable_module.c:1232 Write lock interface 'play_yuv' to wait for existing references.
2026-09-28 06:48:43.344167 92.10% [DEBUG] switch_loadable_module.c:1232 Write lock interface 'play_yuv' to wait for existing references.
2026-09-28 06:48:43.344167 92.10% [NOTICE] switch_loadable_module.c:1230 Deleting Application 'decode_video'
2026-09-28 06:48:43.352516 91.23% [NOTICE] switch_loadable_module.c:1230 Deleting Application 'decode_video'
2026-09-28 06:48:43.352516 91.23% [DEBUG] switch_loadable_module.c:1232 Write lock interface 'decode_video' to wait for existing references.
2026-09-28 06:48:43.344167 92.10% [DEBUG] switch_loadable_module.c:1232 Write lock interface 'decode_video' to wait for existing references.
2026-09-28 06:48:43.352516 91.23% [DEBUG] switch_loadable_module.c:1350 Write lock interface 'mod_fsv' to wait for existing references.
2026-09-28 06:48:43.344167 92.10% [DEBUG] switch_loadable_module.c:1350 Write lock interface 'mod_fsv' to wait for existing references.
2026-09-28 06:48:43.352516 91.23% [NOTICE] switch_loadable_module.c:1360 Deleting File Format 'fsv'
2026-09-28 06:48:43.344167 92.10% [NOTICE] switch_loadable_module.c:1360 Deleting File Format 'fsv'
2026-09-28 06:48:43.344167 92.10% [CONSOLE] switch_loadable_module.c:2357 mod_fsv has no shutdown routine
2026-09-28 06:48:43.352516 91.23% [CONSOLE] switch_loadable_module.c:2357 mod_fsv has no shutdown routine
2026-09-28 06:48:43.344167 92.10% [NOTICE] switch_loadable_module.c:1230 Deleting Application 'hash'
2026-09-28 06:48:43.352516 91.23% [NOTICE] switch_loadable_module.c:1230 Deleting Application 'hash'
2026-09-28 06:48:43.344167 92.10% [DEBUG] switch_loadable_module.c:1232 Write lock interface 'hash' to wait for existing references.
2026-09-28 06:48:43.352516 91.23% [DEBUG] switch_loadable_module.c:1232 Write lock interface 'hash' to wait for existing references.
2026-09-28 06:48:43.344167 92.10% [NOTICE] switch_loadable_module.c:1285 Deleting API Function 'hash'
2026-09-28 06:48:43.352516 91.23% [NOTICE] switch_loadable_module.c:1285 Deleting API Function 'hash'
2026-09-28 06:48:43.344167 92.10% [DEBUG] switch_loadable_module.c:1287 Write lock interface 'hash' to wait for existing references.
2026-09-28 06:48:43.352516 91.23% [DEBUG] switch_loadable_module.c:1287 Write lock interface 'hash' to wait for existing references.
2026-09-28 06:48:43.344167 92.10% [NOTICE] switch_loadable_module.c:1285 Deleting API Function 'hash_dump'
2026-09-28 06:48:43.352516 91.23% [NOTICE] switch_loadable_module.c:1285 Deleting API Function 'hash_dump'
2026-09-28 06:48:43.344167 92.10% [DEBUG] switch_loadable_module.c:1287 Write lock interface 'hash_dump' to wait for existing references.
2026-09-28 06:48:43.352516 91.23% [DEBUG] switch_loadable_module.c:1287 Write lock interface 'hash_dump' to wait for existing references.
2026-09-28 06:48:43.344167 92.10% [NOTICE] switch_loadable_module.c:1285 Deleting API Function 'hash_remote'
2026-09-28 06:48:43.352516 91.23% [NOTICE] switch_loadable_module.c:1285 Deleting API Function 'hash_remote'
2026-09-28 06:48:43.344167 92.10% [DEBUG] switch_loadable_module.c:1287 Write lock interface 'hash_remote' to wait for existing references.
2026-09-28 06:48:43.352516 91.23% [DEBUG] switch_loadable_module.c:1287 Write lock interface 'hash_remote' to wait for existing references.
2026-09-28 06:48:43.344167 92.10% [NOTICE] switch_loadable_module.c:1608 Deleting Limit interface 'hash'
2026-09-28 06:48:43.352516 91.23% [NOTICE] switch_loadable_module.c:1608 Deleting Limit interface 'hash'
2026-09-28 06:48:43.344167 92.10% [CONSOLE] switch_loadable_module.c:2354 Stopping: mod_hash
2026-09-28 06:48:43.352516 91.23% [CONSOLE] switch_loadable_module.c:2354 Stopping: mod_hash
2026-09-28 06:48:43.352516 91.23% [NOTICE] switch_loadable_module.c:1153 Deleting Codec VP8 99 VP8 Video 90000hz 0ms
2026-09-28 06:48:43.344167 92.10% [NOTICE] switch_loadable_module.c:1153 Deleting Codec VP8 99 VP8 Video 90000hz 0ms
2026-09-28 06:48:43.344167 92.10% [NOTICE] switch_loadable_module.c:1153 Deleting Codec VP9 99 VP9 Video 90000hz 0ms
2026-09-28 06:48:43.352516 91.23% [NOTICE] switch_loadable_module.c:1153 Deleting Codec VP9 99 VP9 Video 90000hz 0ms
2026-09-28 06:48:43.344167 92.10% [NOTICE] switch_loadable_module.c:1285 Deleting API Function 'vpx'
2026-09-28 06:48:43.352516 91.23% [NOTICE] switch_loadable_module.c:1285 Deleting API Function 'vpx'
2026-09-28 06:48:43.344167 92.10% [DEBUG] switch_loadable_module.c:1287 Write lock interface 'vpx' to wait for existing references.
2026-09-28 06:48:43.352516 91.23% [DEBUG] switch_loadable_module.c:1287 Write lock interface 'vpx' to wait for existing references.
2026-09-28 06:48:43.344167 92.10% [CONSOLE] switch_loadable_module.c:2354 Stopping: CORE_VPX_MODULE
2026-09-28 06:48:43.352516 91.23% [CONSOLE] switch_loadable_module.c:2354 Stopping: CORE_VPX_MODULE
2026-09-28 06:48:43.344167 92.10% [NOTICE] switch_loadable_module.c:1153 Deleting Codec SPEEX 99 Speex 32000hz 20ms
2026-09-28 06:48:43.352516 91.23% [NOTICE] switch_loadable_module.c:1153 Deleting Codec SPEEX 99 Speex 32000hz 20ms
2026-09-28 06:48:43.344167 92.10% [NOTICE] switch_loadable_module.c:1153 Deleting Codec SPEEX 99 Speex 16000hz 20ms
2026-09-28 06:48:43.352516 91.23% [NOTICE] switch_loadable_module.c:1153 Deleting Codec SPEEX 99 Speex 16000hz 20ms
2026-09-28 06:48:43.344167 92.10% [NOTICE] switch_loadable_module.c:1153 Deleting Codec SPEEX 99 Speex 8000hz 20ms
2026-09-28 06:48:43.352516 91.23% [NOTICE] switch_loadable_module.c:1153 Deleting Codec SPEEX 99 Speex 8000hz 20ms
2026-09-28 06:48:43.344167 92.10% [CONSOLE] switch_loadable_module.c:2357 CORE_SPEEX_MODULE has no shutdown routine
2026-09-28 06:48:43.352516 91.23% [CONSOLE] switch_loadable_module.c:2357 CORE_SPEEX_MODULE has no shutdown routine
2026-09-28 06:48:43.352516 91.23% [DEBUG] switch_loadable_module.c:1350 Write lock interface 'mod_native_file' to wait for existing references.
2026-09-28 06:48:43.344167 92.10% [DEBUG] switch_loadable_module.c:1350 Write lock interface 'mod_native_file' to wait for existing references.
2026-09-28 06:48:43.352516 91.23% [NOTICE] switch_loadable_module.c:1360 Deleting File Format 'AAL2-G726-32'
2026-09-28 06:48:43.344167 92.10% [NOTICE] switch_loadable_module.c:1360 Deleting File Format 'AAL2-G726-32'
2026-09-28 06:48:43.352516 91.23% [NOTICE] switch_loadable_module.c:1360 Deleting File Format 'DVI4'
2026-09-28 06:48:43.344167 92.10% [NOTICE] switch_loadable_module.c:1360 Deleting File Format 'DVI4'
2026-09-28 06:48:43.352516 91.23% [NOTICE] switch_loadable_module.c:1360 Deleting File Format 'PCMU'
2026-09-28 06:48:43.344167 92.10% [NOTICE] switch_loadable_module.c:1360 Deleting File Format 'PCMU'
2026-09-28 06:48:43.352516 91.23% [NOTICE] switch_loadable_module.c:1360 Deleting File Format 'G722'
2026-09-28 06:48:43.344167 92.10% [NOTICE] switch_loadable_module.c:1360 Deleting File Format 'G722'
2026-09-28 06:48:43.352516 91.23% [NOTICE] switch_loadable_module.c:1360 Deleting File Format 'AAL2-G726-24'
2026-09-28 06:48:43.344167 92.10% [NOTICE] switch_loadable_module.c:1360 Deleting File Format 'AAL2-G726-24'
2026-09-28 06:48:43.352516 91.23% [NOTICE] switch_loadable_module.c:1360 Deleting File Format 'AAL2-G726-40'
2026-09-28 06:48:43.344167 92.10% [NOTICE] switch_loadable_module.c:1360 Deleting File Format 'AAL2-G726-40'
2026-09-28 06:48:43.344167 92.10% [NOTICE] switch_loadable_module.c:1360 Deleting File Format 'L16'
2026-09-28 06:48:43.352516 91.23% [NOTICE] switch_loadable_module.c:1360 Deleting File Format 'L16'
2026-09-28 06:48:43.344167 92.10% [NOTICE] switch_loadable_module.c:1360 Deleting File Format 'G726-16'
2026-09-28 06:48:43.352516 91.23% [NOTICE] switch_loadable_module.c:1360 Deleting File Format 'G726-16'
2026-09-28 06:48:43.344167 92.10% [NOTICE] switch_loadable_module.c:1360 Deleting File Format 'PCMA'
2026-09-28 06:48:43.352516 91.23% [NOTICE] switch_loadable_module.c:1360 Deleting File Format 'PCMA'
2026-09-28 06:48:43.344167 92.10% [NOTICE] switch_loadable_module.c:1360 Deleting File Format 'G726-24'
2026-09-28 06:48:43.352516 91.23% [NOTICE] switch_loadable_module.c:1360 Deleting File Format 'G726-24'
2026-09-28 06:48:43.352516 91.23% [NOTICE] switch_loadable_module.c:1360 Deleting File Format 'G729'
2026-09-28 06:48:43.344167 92.10% [NOTICE] switch_loadable_module.c:1360 Deleting File Format 'G729'
2026-09-28 06:48:43.352516 91.23% [NOTICE] switch_loadable_module.c:1360 Deleting File Format 'AAL2-G726-16'
2026-09-28 06:48:43.344167 92.10% [NOTICE] switch_loadable_module.c:1360 Deleting File Format 'AAL2-G726-16'
2026-09-28 06:48:43.352516 91.23% [NOTICE] switch_loadable_module.c:1360 Deleting File Format 'G726-32'
2026-09-28 06:48:43.352516 91.23% [NOTICE] switch_loadable_module.c:1360 Deleting File Format 'GSM'
2026-09-28 06:48:43.344167 92.10% [NOTICE] switch_loadable_module.c:1360 Deleting File Format 'G726-32'
2026-09-28 06:48:43.352516 91.23% [NOTICE] switch_loadable_module.c:1360 Deleting File Format 'G726-40'
2026-09-28 06:48:43.344167 92.10% [NOTICE] switch_loadable_module.c:1360 Deleting File Format 'GSM'
2026-09-28 06:48:43.352516 91.23% [NOTICE] switch_loadable_module.c:1360 Deleting File Format 'G723'
2026-09-28 06:48:43.344167 92.10% [NOTICE] switch_loadable_module.c:1360 Deleting File Format 'G726-40'
2026-09-28 06:48:43.352516 91.23% [NOTICE] switch_loadable_module.c:1360 Deleting File Format 'LPC'
2026-09-28 06:48:43.344167 92.10% [NOTICE] switch_loadable_module.c:1360 Deleting File Format 'G723'
2026-09-28 06:48:43.352516 91.23% [CONSOLE] switch_loadable_module.c:2357 mod_native_file has no shutdown routine
2026-09-28 06:48:43.344167 92.10% [NOTICE] switch_loadable_module.c:1360 Deleting File Format 'LPC'
2026-09-28 06:48:43.352516 91.23% [NOTICE] switch_loadable_module.c:1285 Deleting API Function 'cdr_csv'
2026-09-28 06:48:43.344167 92.10% [CONSOLE] switch_loadable_module.c:2357 mod_native_file has no shutdown routine
2026-09-28 06:48:43.352516 91.23% [DEBUG] switch_loadable_module.c:1287 Write lock interface 'cdr_csv' to wait for existing references.
2026-09-28 06:48:43.344167 92.10% [NOTICE] switch_loadable_module.c:1285 Deleting API Function 'cdr_csv'
2026-09-28 06:48:43.352516 91.23% [CONSOLE] switch_loadable_module.c:2354 Stopping: mod_cdr_csv
2026-09-28 06:48:43.352516 91.23% [DEBUG] switch_event.c:2157 Event Binding deleted for mod_cdr_csv:TRAP
2026-09-28 06:48:43.344167 92.10% [DEBUG] switch_loadable_module.c:1287 Write lock interface 'cdr_csv' to wait for existing references.
2026-09-28 06:48:43.352516 91.23% [DEBUG] switch_loadable_module.c:1117 Write lock interface 'loopback' to wait for existing references.
2026-09-28 06:48:43.344167 92.10% [CONSOLE] switch_loadable_module.c:2354 Stopping: mod_cdr_csv
2026-09-28 06:48:43.352516 91.23% [NOTICE] switch_loadable_module.c:1125 Deleting Endpoint 'loopback'
2026-09-28 06:48:43.344167 92.10% [DEBUG] switch_event.c:2157 Event Binding deleted for mod_cdr_csv:TRAP
2026-09-28 06:48:43.352516 91.23% [DEBUG] switch_loadable_module.c:1117 Write lock interface 'null' to wait for existing references.
2026-09-28 06:48:43.344167 92.10% [DEBUG] switch_loadable_module.c:1117 Write lock interface 'loopback' to wait for existing references.
2026-09-28 06:48:43.352516 91.23% [NOTICE] switch_loadable_module.c:1125 Deleting Endpoint 'null'
2026-09-28 06:48:43.344167 92.10% [NOTICE] switch_loadable_module.c:1125 Deleting Endpoint 'loopback'
2026-09-28 06:48:43.344167 92.10% [DEBUG] switch_loadable_module.c:1117 Write lock interface 'null' to wait for existing references.
2026-09-28 06:48:43.352516 91.23% [NOTICE] switch_loadable_module.c:1230 Deleting Application 'unloop'
2026-09-28 06:48:43.352516 91.23% [DEBUG] switch_loadable_module.c:1232 Write lock interface 'unloop' to wait for existing references.
2026-09-28 06:48:43.344167 92.10% [NOTICE] switch_loadable_module.c:1125 Deleting Endpoint 'null'
2026-09-28 06:48:43.352516 91.23% [CONSOLE] switch_loadable_module.c:2354 Stopping: mod_loopback
2026-09-28 06:48:43.344167 92.10% [NOTICE] switch_loadable_module.c:1230 Deleting Application 'unloop'
2026-09-28 06:48:43.344167 92.10% [DEBUG] switch_loadable_module.c:1232 Write lock interface 'unloop' to wait for existing references.
2026-09-28 06:48:43.352516 91.23% [NOTICE] switch_event.c:468 Subclass reservation deleted for mod_loopback.c:loopback::bowout
2026-09-28 06:48:43.344167 92.10% [CONSOLE] switch_loadable_module.c:2354 Stopping: mod_loopback
2026-09-28 06:48:43.352516 91.23% [NOTICE] switch_event.c:468 Subclass reservation deleted for mod_loopback.c:loopback::direct
2026-09-28 06:48:43.344167 92.10% [NOTICE] switch_event.c:468 Subclass reservation deleted for mod_loopback.c:loopback::bowout
2026-09-28 06:48:43.352516 91.23% [DEBUG] switch_event.c:2157 Event Binding deleted for mod_loopback:RELOADXML
2026-09-28 06:48:43.344167 92.10% [NOTICE] switch_event.c:468 Subclass reservation deleted for mod_loopback.c:loopback::direct
2026-09-28 06:48:43.352516 91.23% [NOTICE] switch_loadable_module.c:1230 Deleting Application 'voicemail'
2026-09-28 06:48:43.344167 92.10% [DEBUG] switch_event.c:2157 Event Binding deleted for mod_loopback:RELOADXML
2026-09-28 06:48:43.352516 91.23% [DEBUG] switch_loadable_module.c:1232 Write lock interface 'voicemail' to wait for existing references.
2026-09-28 06:48:43.352516 91.23% [NOTICE] switch_loadable_module.c:1285 Deleting API Function 'voicemail'
2026-09-28 06:48:43.344167 92.10% [NOTICE] switch_loadable_module.c:1230 Deleting Application 'voicemail'
2026-09-28 06:48:43.344167 92.10% [DEBUG] switch_loadable_module.c:1232 Write lock interface 'voicemail' to wait for existing references.
2026-09-28 06:48:43.344167 92.10% [NOTICE] switch_loadable_module.c:1285 Deleting API Function 'voicemail'
2026-09-28 06:48:43.344167 92.10% [DEBUG] switch_loadable_module.c:1287 Write lock interface 'voicemail' to wait for existing references.
2026-09-28 06:48:43.344167 92.10% [NOTICE] switch_loadable_module.c:1285 Deleting API Function 'voicemail_inject'
2026-09-28 06:48:43.344167 92.10% [DEBUG] switch_loadable_module.c:1287 Write lock interface 'voicemail_inject' to wait for existing references.
2026-09-28 06:48:43.344167 92.10% [NOTICE] switch_loadable_module.c:1285 Deleting API Function 'vm_inject'
2026-09-28 06:48:43.344167 92.10% [DEBUG] switch_loadable_module.c:1287 Write lock interface 'vm_inject' to wait for existing references.
2026-09-28 06:48:43.344167 92.10% [NOTICE] switch_loadable_module.c:1285 Deleting API Function 'vm_boxcount'
2026-09-28 06:48:43.344167 92.10% [DEBUG] switch_loadable_module.c:1287 Write lock interface 'vm_boxcount' to wait for existing references.
2026-09-28 06:48:43.344167 92.10% [NOTICE] switch_loadable_module.c:1285 Deleting API Function 'vm_prefs'
2026-09-28 06:48:43.344167 92.10% [DEBUG] switch_loadable_module.c:1287 Write lock interface 'vm_prefs' to wait for existing references.
2026-09-28 06:48:43.344167 92.10% [NOTICE] switch_loadable_module.c:1285 Deleting API Function 'vm_delete'
2026-09-28 06:48:43.344167 92.10% [DEBUG] switch_loadable_module.c:1287 Write lock interface 'vm_delete' to wait for existing references.
2026-09-28 06:48:43.344167 92.10% [NOTICE] switch_loadable_module.c:1285 Deleting API Function 'vm_read'
2026-09-28 06:48:43.344167 92.10% [DEBUG] switch_loadable_module.c:1287 Write lock interface 'vm_read' to wait for existing references.
2026-09-28 06:48:43.344167 92.10% [NOTICE] switch_loadable_module.c:1285 Deleting API Function 'vm_list'
2026-09-28 06:48:43.344167 92.10% [DEBUG] switch_loadable_module.c:1287 Write lock interface 'vm_list' to wait for existing references.
2026-09-28 06:48:43.344167 92.10% [NOTICE] switch_loadable_module.c:1285 Deleting API Function 'vm_fsdb_auth_login'
2026-09-28 06:48:43.344167 92.10% [DEBUG] switch_loadable_module.c:1287 Write lock interface 'vm_fsdb_auth_login' to wait for existing references.
2026-09-28 06:49:41.254278 0.00% [CONSOLE] switch_loadable_module.c:1772 Successfully Loaded [mod_logfile]
2026-09-28 06:49:41.263936 0.00% [CONSOLE] switch_loadable_module.c:1772 Successfully Loaded [mod_enum]
2026-09-28 06:49:41.264055 0.00% [NOTICE] switch_loadable_module.c:273 Adding Dialplan 'enum'
2026-09-28 06:49:41.264160 0.00% [NOTICE] switch_loadable_module.c:329 Adding Application 'enum'
2026-09-28 06:49:41.264193 0.00% [NOTICE] switch_loadable_module.c:389 Adding API Function 'enum'
2026-09-28 06:49:41.264220 0.00% [NOTICE] switch_loadable_module.c:389 Adding API Function 'enum_auto'
2026-09-28 06:49:41.266116 0.00% [DEBUG] mod_cdr_csv.c:368 Adding default template.
2026-09-28 06:49:41.266145 0.00% [DEBUG] mod_cdr_csv.c:415 Adding template sql.
2026-09-28 06:49:41.266152 0.00% [DEBUG] mod_cdr_csv.c:415 Adding template example.
2026-09-28 06:49:41.266169 0.00% [DEBUG] mod_cdr_csv.c:415 Adding template snom.
2026-09-28 06:49:41.266173 0.00% [DEBUG] mod_cdr_csv.c:415 Adding template linksys.
2026-09-28 06:49:41.266177 0.00% [DEBUG] mod_cdr_csv.c:415 Adding template asterisk.
2026-09-28 06:49:41.266271 0.00% [DEBUG] mod_cdr_csv.c:415 Adding template opencdrrate.
2026-09-28 06:49:41.267828 0.00% [CONSOLE] switch_loadable_module.c:1772 Successfully Loaded [mod_cdr_csv]
2026-09-28 06:49:41.267857 0.00% [NOTICE] switch_loadable_module.c:389 Adding API Function 'cdr_csv'
2026-09-28 06:49:41.272455 0.00% [CONSOLE] switch_loadable_module.c:1772 Successfully Loaded [mod_event_socket]
2026-09-28 06:49:41.272550 0.00% [NOTICE] switch_loadable_module.c:329 Adding Application 'socket'
2026-09-28 06:49:41.272649 0.00% [NOTICE] switch_loadable_module.c:389 Adding API Function 'event_sink'
2026-09-28 06:49:41.279799 0.00% [INFO] mod_sofia.c:6737 Starting initial message thread.
2026-09-28 06:49:41.283907 0.00% [ERR] sofia.c:4567 No Settings, check the new config!
2026-09-28 06:49:41.286377 0.00% [DEBUG] mod_sofia.c:6753 Waiting for profiles to start
2026-09-28 06:49:41.286965 0.00% [WARNING] sofia.c:2279 MSG Thread 0 Started
2026-09-28 06:49:42.789879 0.00% [CONSOLE] switch_loadable_module.c:1772 Successfully Loaded [mod_sofia]
2026-09-28 06:49:42.789991 0.00% [NOTICE] switch_loadable_module.c:172 Adding Endpoint 'sofia'
2026-09-28 06:49:42.790080 0.00% [NOTICE] switch_loadable_module.c:172 Adding Endpoint 'rtp'
2026-09-28 06:49:42.790266 0.00% [NOTICE] switch_loadable_module.c:329 Adding Application 'sofia_sla'
2026-09-28 06:49:42.790298 0.00% [NOTICE] switch_loadable_module.c:329 Adding Application 'sofia_stir_shaken_vs'
2026-09-28 06:49:42.790323 0.00% [NOTICE] switch_loadable_module.c:389 Adding API Function 'sofia'
2026-09-28 06:49:42.790348 0.00% [NOTICE] switch_loadable_module.c:389 Adding API Function 'sofia_gateway_data'
2026-09-28 06:49:42.790368 0.00% [NOTICE] switch_loadable_module.c:389 Adding API Function 'sofia_username_of'
2026-09-28 06:49:42.790388 0.00% [NOTICE] switch_loadable_module.c:389 Adding API Function 'sofia_contact'
2026-09-28 06:49:42.790406 0.00% [NOTICE] switch_loadable_module.c:389 Adding API Function 'sofia_count_reg'
2026-09-28 06:49:42.790426 0.00% [NOTICE] switch_loadable_module.c:389 Adding API Function 'sofia_dig'
2026-09-28 06:49:42.790455 0.00% [NOTICE] switch_loadable_module.c:389 Adding API Function 'sofia_presence_data'
2026-09-28 06:49:42.790645 0.00% [NOTICE] switch_loadable_module.c:419 Adding JSON API Function 'sofia.status'
2026-09-28 06:49:42.790675 0.00% [NOTICE] switch_loadable_module.c:419 Adding JSON API Function 'sofia.status.info'
2026-09-28 06:49:42.790712 0.00% [NOTICE] switch_loadable_module.c:621 Adding Chat interface 'sip'
2026-09-28 06:49:42.790740 0.00% [NOTICE] switch_loadable_module.c:683 Adding Management interface 'mod_sofia' OID[.1.3.6.1.4.1.27880.1001]
2026-09-28 06:49:42.801740 0.00% [CONSOLE] switch_loadable_module.c:1772 Successfully Loaded [mod_loopback]
2026-09-28 06:49:42.801840 0.00% [NOTICE] switch_loadable_module.c:172 Adding Endpoint 'loopback'
2026-09-28 06:49:42.801951 0.00% [NOTICE] switch_loadable_module.c:172 Adding Endpoint 'null'
2026-09-28 06:49:42.801976 0.00% [NOTICE] switch_loadable_module.c:329 Adding Application 'unloop'
2026-09-28 06:49:42.808458 0.00% [CONSOLE] switch_loadable_module.c:1772 Successfully Loaded [mod_rtc]
2026-09-28 06:49:42.808534 0.00% [NOTICE] switch_loadable_module.c:172 Adding Endpoint 'rtc'
2026-09-28 06:49:42.839669 0.00% [DEBUG] switch_core_sqldb.c:1494 SQL ERR [no such table: json_store]
[select name from json_store where name='']
Auto Generating Table!
2026-09-28 06:49:42.839771 0.00% [DEBUG] switch_core_sqldb.c:1501 Ignoring SQL ERR [no such table: json_store]
[drop table json_store]
2026-09-28 06:49:42.841103 0.00% [INFO] mod_verto.c:5331 Secure key and cert specified
2026-09-28 06:49:42.841899 0.00% [DEBUG] mod_verto.c:5445 default-v4 Bound to 172.25.0.3:8081
2026-09-28 06:49:42.841961 0.00% [DEBUG] mod_verto.c:5445 default-v4 Bound to 172.25.0.3:8082
2026-09-28 06:49:42.842285 0.00% [INFO] mod_verto.c:5331 Secure key and cert specified
2026-09-28 06:49:42.842304 0.00% [DEBUG] mod_verto.c:5445 default-v6 Bound to [::1]:8081
2026-09-28 06:49:42.842312 0.00% [DEBUG] mod_verto.c:5445 default-v6 Bound to [::1]:8082
2026-09-28 06:49:42.873933 0.00% [CONSOLE] switch_loadable_module.c:1772 Successfully Loaded [mod_verto]
2026-09-28 06:49:42.874020 0.00% [NOTICE] switch_loadable_module.c:172 Adding Endpoint 'verto.rtc'
2026-09-28 06:49:42.874102 0.00% [NOTICE] switch_loadable_module.c:389 Adding API Function 'verto'
2026-09-28 06:49:42.874134 0.00% [NOTICE] switch_loadable_module.c:389 Adding API Function 'verto_contact'
2026-09-28 06:49:42.874158 0.00% [NOTICE] switch_loadable_module.c:419 Adding JSON API Function 'store'
2026-09-28 06:49:42.874182 0.00% [NOTICE] switch_loadable_module.c:621 Adding Chat interface 'verto'
2026-09-28 06:49:42.874792 0.00% [INFO] mod_verto.c:5101 default-v4 MCAST Bound to 224.1.1.1:1337/1338
2026-09-28 06:49:42.898389 0.00% [CONSOLE] switch_loadable_module.c:1772 Successfully Loaded [mod_commands]
2026-09-28 06:49:42.898475 0.00% [NOTICE] switch_loadable_module.c:329 Adding Application 'msrp_recv_file'
2026-09-28 06:49:42.898570 0.00% [NOTICE] switch_loadable_module.c:329 Adding Application 'msrp_send_file'
2026-09-28 06:49:42.898602 0.00% [NOTICE] switch_loadable_module.c:389 Adding API Function 'bg_system'
2026-09-28 06:49:42.898671 0.00% [NOTICE] switch_loadable_module.c:389 Adding API Function 'system'
2026-09-28 06:49:42.898695 0.00% [NOTICE] switch_loadable_module.c:389 Adding API Function 'bg_spawn'
2026-09-28 06:49:42.898709 0.00% [NOTICE] switch_loadable_module.c:389 Adding API Function 'spawn'
2026-09-28 06:49:42.898722 0.00% [NOTICE] switch_loadable_module.c:389 Adding API Function 'spawn_stream'
2026-09-28 06:49:42.898737 0.00% [NOTICE] switch_loadable_module.c:389 Adding API Function 'acl'
2026-09-28 06:49:42.898757 0.00% [NOTICE] switch_loadable_module.c:389 Adding API Function 'alias'
2026-09-28 06:49:42.898919 0.00% [NOTICE] switch_loadable_module.c:389 Adding API Function 'coalesce'
2026-09-28 06:49:42.898940 0.00% [NOTICE] switch_loadable_module.c:389 Adding API Function 'banner'
2026-09-28 06:49:42.898953 0.00% [NOTICE] switch_loadable_module.c:389 Adding API Function 'bgapi'
2026-09-28 06:49:42.899024 0.00% [NOTICE] switch_loadable_module.c:389 Adding API Function 'break'
2026-09-28 06:49:42.899145 0.00% [NOTICE] switch_loadable_module.c:389 Adding API Function 'complete'
2026-09-28 06:49:42.899208 0.00% [NOTICE] switch_loadable_module.c:389 Adding API Function 'cond'
2026-09-28 06:49:42.899288 0.00% [NOTICE] switch_loadable_module.c:389 Adding API Function 'console_complete'
2026-09-28 06:49:42.899313 0.00% [NOTICE] switch_loadable_module.c:389 Adding API Function 'console_complete_xml'
2026-09-28 06:49:42.899338 0.00% [NOTICE] switch_loadable_module.c:389 Adding API Function 'create_uuid'
2026-09-28 06:49:42.899362 0.00% [NOTICE] switch_loadable_module.c:389 Adding API Function 'db_cache'
2026-09-28 06:49:42.899386 0.00% [NOTICE] switch_loadable_module.c:389 Adding API Function 'domain_data'
2026-09-28 06:49:42.899409 0.00% [NOTICE] switch_loadable_module.c:389 Adding API Function 'domain_exists'
2026-09-28 06:49:42.899442 0.00% [NOTICE] switch_loadable_module.c:389 Adding API Function 'echo'
2026-09-28 06:49:42.899465 0.00% [NOTICE] switch_loadable_module.c:389 Adding API Function 'event_channel_broadcast'
2026-09-28 06:49:42.899497 0.00% [NOTICE] switch_loadable_module.c:389 Adding API Function 'escape'
2026-09-28 06:49:42.899519 0.00% [NOTICE] switch_loadable_module.c:389 Adding API Function 'eval'
2026-09-28 06:49:42.899573 0.00% [NOTICE] switch_loadable_module.c:389 Adding API Function 'expand'
2026-09-28 06:49:42.899586 0.00% [NOTICE] switch_loadable_module.c:389 Adding API Function 'find_user_xml'
2026-09-28 06:49:42.899598 0.00% [NOTICE] switch_loadable_module.c:389 Adding API Function 'fsctl'
2026-09-28 06:49:42.899613 0.00% [NOTICE] switch_loadable_module.c:389 Adding API Function '...'
2026-09-28 06:49:42.899629 0.00% [NOTICE] switch_loadable_module.c:389 Adding API Function 'shutdown'
2026-09-28 06:49:42.899641 0.00% [NOTICE] switch_loadable_module.c:389 Adding API Function 'version'
2026-09-28 06:49:42.899653 0.00% [NOTICE] switch_loadable_module.c:389 Adding API Function 'global_getvar'
2026-09-28 06:49:42.899665 0.00% [NOTICE] switch_loadable_module.c:389 Adding API Function 'global_setvar'
2026-09-28 06:49:42.899680 0.00% [NOTICE] switch_loadable_module.c:389 Adding API Function 'group_call'
2026-09-28 06:49:42.899775 0.00% [NOTICE] switch_loadable_module.c:389 Adding API Function 'help'
2026-09-28 06:49:42.899804 0.00% [NOTICE] switch_loadable_module.c:389 Adding API Function 'host_lookup'
2026-09-28 06:49:42.899834 0.00% [NOTICE] switch_loadable_module.c:389 Adding API Function 'hostname'
2026-09-28 06:49:42.899858 0.00% [NOTICE] switch_loadable_module.c:389 Adding API Function 'interface_ip'
2026-09-28 06:49:42.899881 0.00% [NOTICE] switch_loadable_module.c:389 Adding API Function 'switchname'
2026-09-28 06:49:42.899903 0.00% [NOTICE] switch_loadable_module.c:389 Adding API Function 'gethost'
2026-09-28 06:49:42.899916 0.00% [NOTICE] switch_loadable_module.c:389 Adding API Function 'getenv'
2026-09-28 06:49:42.899927 0.00% [NOTICE] switch_loadable_module.c:389 Adding API Function 'hupall'
2026-09-28 06:49:42.899938 0.00% [NOTICE] switch_loadable_module.c:389 Adding API Function 'in_group'
2026-09-28 06:49:42.899982 0.00% [NOTICE] switch_loadable_module.c:389 Adding API Function 'is_lan_addr'
2026-09-28 06:49:42.900020 0.00% [NOTICE] switch_loadable_module.c:389 Adding API Function 'limit_usage'
2026-09-28 06:49:42.900047 0.00% [NOTICE] switch_loadable_module.c:389 Adding API Function 'limit_hash_usage'
2026-09-28 06:49:42.900068 0.00% [NOTICE] switch_loadable_module.c:389 Adding API Function 'limit_status'
2026-09-28 06:49:42.900091 0.00% [NOTICE] switch_loadable_module.c:389 Adding API Function 'limit_reset'
2026-09-28 06:49:42.900111 0.00% [NOTICE] switch_loadable_module.c:389 Adding API Function 'limit_interval_reset'
2026-09-28 06:49:42.900130 0.00% [NOTICE] switch_loadable_module.c:389 Adding API Function 'list_users'
2026-09-28 06:49:42.900152 0.00% [NOTICE] switch_loadable_module.c:389 Adding API Function 'load'
2026-09-28 06:49:42.900171 0.00% [NOTICE] switch_loadable_module.c:389 Adding API Function 'log'
2026-09-28 06:49:42.900203 0.00% [NOTICE] switch_loadable_module.c:389 Adding API Function 'md5'
2026-09-28 06:49:42.900340 0.00% [NOTICE] switch_loadable_module.c:389 Adding API Function 'module_exists'
2026-09-28 06:49:42.900368 0.00% [NOTICE] switch_loadable_module.c:389 Adding API Function 'msleep'
2026-09-28 06:49:42.900390 0.00% [NOTICE] switch_loadable_module.c:389 Adding API Function 'nat_map'
2026-09-28 06:49:42.900412 0.00% [NOTICE] switch_loadable_module.c:389 Adding API Function 'originate'
2026-09-28 06:49:42.900433 0.00% [NOTICE] switch_loadable_module.c:389 Adding API Function 'pause'
2026-09-28 06:49:42.900454 0.00% [NOTICE] switch_loadable_module.c:389 Adding API Function 'pool_stats'
2026-09-28 06:49:42.900474 0.00% [NOTICE] switch_loadable_module.c:389 Adding API Function 'quote_shell_arg'
2026-09-28 06:49:42.900501 0.00% [NOTICE] switch_loadable_module.c:389 Adding API Function 'regex'
2026-09-28 06:49:42.900536 0.00% [NOTICE] switch_loadable_module.c:389 Adding API Function 'reloadacl'
2026-09-28 06:49:42.900557 0.00% [NOTICE] switch_loadable_module.c:389 Adding API Function 'reload'
2026-09-28 06:49:42.900581 0.00% [NOTICE] switch_loadable_module.c:389 Adding API Function 'reloadxml'
2026-09-28 06:49:42.900624 0.00% [NOTICE] switch_loadable_module.c:389 Adding API Function 'reloadcert'
2026-09-28 06:49:42.900647 0.00% [NOTICE] switch_loadable_module.c:389 Adding API Function 'replace'
2026-09-28 06:49:42.900669 0.00% [NOTICE] switch_loadable_module.c:389 Adding API Function 'say_string'
2026-09-28 06:49:42.900692 0.00% [NOTICE] switch_loadable_module.c:389 Adding API Function 'sched_api'
2026-09-28 06:49:42.900711 0.00% [NOTICE] switch_loadable_module.c:389 Adding API Function 'sched_broadcast'
2026-09-28 06:49:42.900731 0.00% [NOTICE] switch_loadable_module.c:389 Adding API Function 'sched_del'
2026-09-28 06:49:42.900756 0.00% [NOTICE] switch_loadable_module.c:389 Adding API Function 'sched_hangup'
2026-09-28 06:49:42.900780 0.00% [NOTICE] switch_loadable_module.c:389 Adding API Function 'sched_transfer'
2026-09-28 06:49:42.900804 0.00% [NOTICE] switch_loadable_module.c:389 Adding API Function 'show'
2026-09-28 06:49:42.900935 0.00% [NOTICE] switch_loadable_module.c:389 Adding API Function 'sql_escape'
2026-09-28 06:49:42.900964 0.00% [NOTICE] switch_loadable_module.c:389 Adding API Function 'status'
2026-09-28 06:49:42.901093 0.00% [NOTICE] switch_loadable_module.c:389 Adding API Function 'strftime_tz'
2026-09-28 06:49:42.901108 0.00% [NOTICE] switch_loadable_module.c:389 Adding API Function 'stun'
2026-09-28 06:49:42.901119 0.00% [NOTICE] switch_loadable_module.c:389 Adding API Function 'time_test'
2026-09-28 06:49:42.901130 0.00% [NOTICE] switch_loadable_module.c:389 Adding API Function 'timer_test'
2026-09-28 06:49:42.901150 0.00% [NOTICE] switch_loadable_module.c:389 Adding API Function 'tone_detect'
2026-09-28 06:49:42.901250 0.00% [NOTICE] switch_loadable_module.c:389 Adding API Function 'unload'
2026-09-28 06:49:42.901306 0.00% [NOTICE] switch_loadable_module.c:389 Adding API Function 'unsched_api'
2026-09-28 06:49:42.901331 0.00% [NOTICE] switch_loadable_module.c:389 Adding API Function 'uptime'
2026-09-28 06:49:42.901378 0.00% [NOTICE] switch_loadable_module.c:389 Adding API Function 'reg_url'
2026-09-28 06:49:42.901401 0.00% [NOTICE] switch_loadable_module.c:389 Adding API Function 'url_decode'
2026-09-28 06:49:42.901421 0.00% [NOTICE] switch_loadable_module.c:389 Adding API Function 'url_encode'
2026-09-28 06:49:42.901441 0.00% [NOTICE] switch_loadable_module.c:389 Adding API Function 'toupper'
2026-09-28 06:49:42.901461 0.00% [NOTICE] switch_loadable_module.c:389 Adding API Function 'tolower'
2026-09-28 06:49:42.901483 0.00% [NOTICE] switch_loadable_module.c:389 Adding API Function 'user_data'
2026-09-28 06:49:42.901505 0.00% [NOTICE] switch_loadable_module.c:389 Adding API Function 'uuid_early_ok'
2026-09-28 06:49:42.901527 0.00% [NOTICE] switch_loadable_module.c:389 Adding API Function 'user_exists'
2026-09-28 06:49:42.901548 0.00% [NOTICE] switch_loadable_module.c:389 Adding API Function 'uuid_answer'
2026-09-28 06:49:42.901572 0.00% [NOTICE] switch_loadable_module.c:389 Adding API Function 'uuid_audio'
2026-09-28 06:49:42.901592 0.00% [NOTICE] switch_loadable_module.c:389 Adding API Function 'uuid_break'
2026-09-28 06:49:42.901615 0.00% [NOTICE] switch_loadable_module.c:389 Adding API Function 'uuid_bridge'
2026-09-28 06:49:42.901637 0.00% [NOTICE] switch_loadable_module.c:389 Adding API Function 'uuid_broadcast'
2026-09-28 06:49:42.901943 0.00% [NOTICE] switch_loadable_module.c:389 Adding API Function 'uuid_buglist'
2026-09-28 06:49:42.901972 0.00% [NOTICE] switch_loadable_module.c:389 Adding API Function 'uuid_chat'
2026-09-28 06:49:42.902019 0.00% [NOTICE] switch_loadable_module.c:389 Adding API Function 'uuid_send_text'
2026-09-28 06:49:42.902049 0.00% [NOTICE] switch_loadable_module.c:389 Adding API Function 'uuid_capture_text'
2026-09-28 06:49:42.902069 0.00% [NOTICE] switch_loadable_module.c:389 Adding API Function 'uuid_codec_debug'
2026-09-28 06:49:42.902091 0.00% [NOTICE] switch_loadable_module.c:389 Adding API Function 'uuid_codec_param'
2026-09-28 06:49:42.902117 0.00% [NOTICE] switch_loadable_module.c:389 Adding API Function 'uuid_debug_media'
2026-09-28 06:49:42.902136 0.00% [NOTICE] switch_loadable_module.c:389 Adding API Function 'uuid_deflect'
2026-09-28 06:49:42.902156 0.00% [NOTICE] switch_loadable_module.c:389 Adding API Function 'uuid_displace'
2026-09-28 06:49:42.902175 0.00% [NOTICE] switch_loadable_module.c:389 Adding API Function 'uuid_display'
2026-09-28 06:49:42.902195 0.00% [NOTICE] switch_loadable_module.c:389 Adding API Function 'uuid_media_params'
2026-09-28 06:49:42.902278 0.00% [NOTICE] switch_loadable_module.c:389 Adding API Function 'uuid_drop_dtmf'
2026-09-28 06:49:42.902298 0.00% [NOTICE] switch_loadable_module.c:389 Adding API Function 'uuid_dump'
2026-09-28 06:49:42.902424 0.00% [NOTICE] switch_loadable_module.c:389 Adding API Function 'uuid_exists'
2026-09-28 06:49:42.902458 0.00% [NOTICE] switch_loadable_module.c:389 Adding API Function 'uuid_fileman'
2026-09-28 06:49:42.902475 0.00% [NOTICE] switch_loadable_module.c:389 Adding API Function 'uuid_flush_dtmf'
2026-09-28 06:49:42.902489 0.00% [NOTICE] switch_loadable_module.c:389 Adding API Function 'uuid_getvar'
2026-09-28 06:49:42.902502 0.00% [NOTICE] switch_loadable_module.c:389 Adding API Function 'uuid_hold'
2026-09-28 06:49:42.902570 0.00% [NOTICE] switch_loadable_module.c:389 Adding API Function 'uuid_kill'
2026-09-28 06:49:42.902601 0.00% [NOTICE] switch_loadable_module.c:389 Adding API Function 'uuid_send_message'
2026-09-28 06:49:42.902642 0.00% [NOTICE] switch_loadable_module.c:389 Adding API Function 'uuid_send_info'
2026-09-28 06:49:42.902656 0.00% [NOTICE] switch_loadable_module.c:389 Adding API Function 'uuid_set_media_stats'
2026-09-28 06:49:42.902669 0.00% [NOTICE] switch_loadable_module.c:389 Adding API Function 'uuid_video_bitrate'
2026-09-28 06:49:42.902692 0.00% [NOTICE] switch_loadable_module.c:389 Adding API Function 'uuid_video_bandwidth'
2026-09-28 06:49:42.902731 0.00% [NOTICE] switch_loadable_module.c:389 Adding API Function 'uuid_video_refresh'
2026-09-28 06:49:42.902744 0.00% [NOTICE] switch_loadable_module.c:389 Adding API Function 'uuid_outgoing_answer'
2026-09-28 06:49:42.902757 0.00% [NOTICE] switch_loadable_module.c:389 Adding API Function 'uuid_limit'
2026-09-28 06:49:42.902769 0.00% [NOTICE] switch_loadable_module.c:389 Adding API Function 'uuid_limit_release'
2026-09-28 06:49:42.902781 0.00% [NOTICE] switch_loadable_module.c:389 Adding API Function 'uuid_loglevel'
2026-09-28 06:49:42.902792 0.00% [NOTICE] switch_loadable_module.c:389 Adding API Function 'uuid_media'
2026-09-28 06:49:42.902804 0.00% [NOTICE] switch_loadable_module.c:389 Adding API Function 'uuid_media_3p'
2026-09-28 06:49:42.902816 0.00% [NOTICE] switch_loadable_module.c:389 Adding API Function 'uuid_media_reneg'
2026-09-28 06:49:42.902829 0.00% [NOTICE] switch_loadable_module.c:389 Adding API Function 'uuid_park'
2026-09-28 06:49:42.902874 0.00% [NOTICE] switch_loadable_module.c:389 Adding API Function 'uuid_pause'
2026-09-28 06:49:42.902888 0.00% [NOTICE] switch_loadable_module.c:389 Adding API Function 'uuid_phone_event'
2026-09-28 06:49:42.902899 0.00% [NOTICE] switch_loadable_module.c:389 Adding API Function 'uuid_ring_ready'
2026-09-28 06:49:42.902911 0.00% [NOTICE] switch_loadable_module.c:389 Adding API Function 'uuid_pre_answer'
2026-09-28 06:49:42.902926 0.00% [NOTICE] switch_loadable_module.c:389 Adding API Function 'uuid_preprocess'
2026-09-28 06:49:42.902942 0.00% [NOTICE] switch_loadable_module.c:389 Adding API Function 'uuid_record'
2026-09-28 06:49:42.902957 0.00% [NOTICE] switch_loadable_module.c:389 Adding API Function 'uuid_recovery_refresh'
2026-09-28 06:49:42.902971 0.00% [NOTICE] switch_loadable_module.c:389 Adding API Function 'uuid_recv_dtmf'
2026-09-28 06:49:42.903008 0.00% [NOTICE] switch_loadable_module.c:389 Adding API Function 'uuid_redirect'
2026-09-28 06:49:42.903035 0.00% [NOTICE] switch_loadable_module.c:389 Adding API Function 'uuid_send_dtmf'
2026-09-28 06:49:42.903139 0.00% [NOTICE] switch_loadable_module.c:389 Adding API Function 'uuid_session_heartbeat'
2026-09-28 06:49:42.903164 0.00% [NOTICE] switch_loadable_module.c:389 Adding API Function 'uuid_setvar_multi'
2026-09-28 06:49:42.903187 0.00% [NOTICE] switch_loadable_module.c:389 Adding API Function 'uuid_setvar'
2026-09-28 06:49:42.903208 0.00% [NOTICE] switch_loadable_module.c:389 Adding API Function 'uuid_transfer'
2026-09-28 06:49:42.903228 0.00% [NOTICE] switch_loadable_module.c:389 Adding API Function 'uuid_dual_transfer'
2026-09-28 06:49:42.903252 0.00% [NOTICE] switch_loadable_module.c:389 Adding API Function 'uuid_simplify'
2026-09-28 06:49:42.903274 0.00% [NOTICE] switch_loadable_module.c:389 Adding API Function 'uuid_jitterbuffer'
2026-09-28 06:49:42.903294 0.00% [NOTICE] switch_loadable_module.c:389 Adding API Function 'uuid_zombie_exec'
2026-09-28 06:49:42.903355 0.00% [NOTICE] switch_loadable_module.c:389 Adding API Function 'uuid_xfer_zombie'
2026-09-28 06:49:42.903380 0.00% [NOTICE] switch_loadable_module.c:389 Adding API Function 'xml_flush_cache'
2026-09-28 06:49:42.903408 0.00% [NOTICE] switch_loadable_module.c:389 Adding API Function 'xml_locate'
2026-09-28 06:49:42.903451 0.00% [NOTICE] switch_loadable_module.c:389 Adding API Function 'xml_wrap'
2026-09-28 06:49:42.903472 0.00% [NOTICE] switch_loadable_module.c:389 Adding API Function 'file_exists'
2026-09-28 06:49:42.903491 0.00% [NOTICE] switch_loadable_module.c:389 Adding API Function 'getcputime'
2026-09-28 06:49:42.903512 0.00% [NOTICE] switch_loadable_module.c:389 Adding API Function 'json'
2026-09-28 06:49:42.903539 0.00% [NOTICE] switch_loadable_module.c:389 Adding API Function 'memory'
2026-09-28 06:49:42.903559 0.00% [NOTICE] switch_loadable_module.c:389 Adding API Function 'msrp'
2026-09-28 06:49:42.903584 0.00% [NOTICE] switch_loadable_module.c:389 Adding API Function 'uuid_msrp_send'
2026-09-28 06:49:42.903606 0.00% [NOTICE] switch_loadable_module.c:419 Adding JSON API Function 'mediaStats'
2026-09-28 06:49:42.903790 0.00% [NOTICE] switch_loadable_module.c:419 Adding JSON API Function 'status'
2026-09-28 06:49:42.903819 0.00% [NOTICE] switch_loadable_module.c:419 Adding JSON API Function 'fsapi'
2026-09-28 06:49:42.903841 0.00% [NOTICE] switch_loadable_module.c:419 Adding JSON API Function 'execute'
2026-09-28 06:49:42.903865 0.00% [NOTICE] switch_loadable_module.c:419 Adding JSON API Function 'channelData'
2026-09-28 06:49:42.944173 0.00% [CONSOLE] switch_loadable_module.c:1772 Successfully Loaded [mod_conference]
2026-09-28 06:49:42.944200 0.00% [NOTICE] switch_loadable_module.c:329 Adding Application 'conference'
2026-09-28 06:49:42.944219 0.00% [NOTICE] switch_loadable_module.c:329 Adding Application 'conference_set_auto_outcall'
2026-09-28 06:49:42.944233 0.00% [NOTICE] switch_loadable_module.c:389 Adding API Function 'conference'
2026-09-28 06:49:42.944246 0.00% [NOTICE] switch_loadable_module.c:621 Adding Chat interface 'conf'
2026-09-28 06:49:42.961600 0.00% [CONSOLE] sofia_presence.c:1621 Event Thread Started
2026-09-28 06:49:42.961648 0.00% [DEBUG] switch_core_sqldb.c:1494 SQL ERR [no such table: limit_data]
[select * from limit_data]
Auto Generating Table!
2026-09-28 06:49:42.962535 0.00% [DEBUG] switch_core_sqldb.c:1494 SQL ERR [no such table: db_data]
[select * from db_data]
Auto Generating Table!
2026-09-28 06:49:42.963102 0.00% [DEBUG] switch_core_sqldb.c:1494 SQL ERR [no such table: group_data]
[select * from group_data]
Auto Generating Table!
2026-09-28 06:49:42.974924 0.00% [CONSOLE] switch_loadable_module.c:1772 Successfully Loaded [mod_db]
2026-09-28 06:49:42.974958 0.00% [NOTICE] switch_loadable_module.c:329 Adding Application 'db'
2026-09-28 06:49:42.974992 0.00% [NOTICE] switch_loadable_module.c:329 Adding Application 'group'
2026-09-28 06:49:42.975010 0.00% [NOTICE] switch_loadable_module.c:389 Adding API Function 'db'
2026-09-28 06:49:42.975039 0.00% [NOTICE] switch_loadable_module.c:389 Adding API Function 'group'
2026-09-28 06:49:42.975058 0.00% [NOTICE] switch_loadable_module.c:717 Adding Limit interface 'db'
2026-09-28 06:49:43.462062 0.00% [CONSOLE] switch_loadable_module.c:1772 Successfully Loaded [mod_dptools]
2026-09-28 06:49:43.462160 0.00% [NOTICE] switch_loadable_module.c:172 Adding Endpoint 'error'
2026-09-28 06:49:43.462238 0.00% [NOTICE] switch_loadable_module.c:172 Adding Endpoint 'group'
2026-09-28 06:49:43.462264 0.00% [NOTICE] switch_loadable_module.c:172 Adding Endpoint 'user'
2026-09-28 06:49:43.462287 0.00% [NOTICE] switch_loadable_module.c:172 Adding Endpoint 'pickup'
2026-09-28 06:49:43.462310 0.00% [NOTICE] switch_loadable_module.c:273 Adding Dialplan 'inline'
2026-09-28 06:49:43.462331 0.00% [NOTICE] switch_loadable_module.c:329 Adding Application 'blind_transfer_ack'
2026-09-28 06:49:43.462356 0.00% [NOTICE] switch_loadable_module.c:329 Adding Application 'bind_digit_action'
2026-09-28 06:49:43.462593 0.00% [NOTICE] switch_loadable_module.c:329 Adding Application 'capture'
2026-09-28 06:49:43.462622 0.00% [NOTICE] switch_loadable_module.c:329 Adding Application 'clear_digit_action'
2026-09-28 06:49:43.462644 0.00% [NOTICE] switch_loadable_module.c:329 Adding Application 'digit_action_set_realm'
2026-09-28 06:49:43.462664 0.00% [NOTICE] switch_loadable_module.c:329 Adding Application 'privacy'
2026-09-28 06:49:43.462686 0.00% [NOTICE] switch_loadable_module.c:329 Adding Application 'set_audio_level'
2026-09-28 06:49:43.462705 0.00% [NOTICE] switch_loadable_module.c:329 Adding Application 'set_mute'
2026-09-28 06:49:43.462734 0.00% [NOTICE] switch_loadable_module.c:329 Adding Application 'flush_dtmf'
2026-09-28 06:49:43.462762 0.00% [NOTICE] switch_loadable_module.c:329 Adding Application 'hold'
2026-09-28 06:49:43.462784 0.00% [NOTICE] switch_loadable_module.c:329 Adding Application 'unhold'
2026-09-28 06:49:43.462813 0.00% [NOTICE] switch_loadable_module.c:329 Adding Application 'mutex'
2026-09-28 06:49:43.462832 0.00% [NOTICE] switch_loadable_module.c:329 Adding Application 'page'
2026-09-28 06:49:43.462859 0.00% [NOTICE] switch_loadable_module.c:329 Adding Application 'transfer'
2026-09-28 06:49:43.462879 0.00% [NOTICE] switch_loadable_module.c:329 Adding Application 'check_acl'
2026-09-28 06:49:43.462905 0.00% [NOTICE] switch_loadable_module.c:329 Adding Application 'verbose_events'
2026-09-28 06:49:43.462924 0.00% [NOTICE] switch_loadable_module.c:329 Adding Application 'novideo'
2026-09-28 06:49:43.462952 0.00% [NOTICE] switch_loadable_module.c:329 Adding Application 'cng_plc'
2026-09-28 06:49:43.462980 0.00% [NOTICE] switch_loadable_module.c:329 Adding Application 'early_hangup'
2026-09-28 06:49:43.463002 0.00% [NOTICE] switch_loadable_module.c:329 Adding Application 'sleep'
2026-09-28 06:49:43.463027 0.00% [NOTICE] switch_loadable_module.c:329 Adding Application 'delay_echo'
2026-09-28 06:49:43.463055 0.00% [NOTICE] switch_loadable_module.c:329 Adding Application 'strftime'
2026-09-28 06:49:43.463076 0.00% [NOTICE] switch_loadable_module.c:329 Adding Application 'phrase'
2026-09-28 06:49:43.463104 0.00% [NOTICE] switch_loadable_module.c:329 Adding Application 'eval'
2026-09-28 06:49:43.463124 0.00% [NOTICE] switch_loadable_module.c:329 Adding Application 'set_media_stats'
2026-09-28 06:49:43.463199 0.00% [NOTICE] switch_loadable_module.c:329 Adding Application 'stop'
2026-09-28 06:49:43.463228 0.00% [NOTICE] switch_loadable_module.c:329 Adding Application 'set_zombie_exec'
2026-09-28 06:49:43.463247 0.00% [NOTICE] switch_loadable_module.c:329 Adding Application 'pre_answer'
2026-09-28 06:49:43.463273 0.00% [NOTICE] switch_loadable_module.c:329 Adding Application 'answer'
2026-09-28 06:49:43.463297 0.00% [NOTICE] switch_loadable_module.c:329 Adding Application 'wait_for_answer'
2026-09-28 06:49:43.463352 0.00% [NOTICE] switch_loadable_module.c:329 Adding Application 'wait_for_video_ready'
2026-09-28 06:49:43.463368 0.00% [NOTICE] switch_loadable_module.c:329 Adding Application 'hangup'
2026-09-28 06:49:43.463380 0.00% [NOTICE] switch_loadable_module.c:329 Adding Application 'set_name'
2026-09-28 06:49:43.463394 0.00% [NOTICE] switch_loadable_module.c:329 Adding Application 'presence'
2026-09-28 06:49:43.463405 0.00% [NOTICE] switch_loadable_module.c:329 Adding Application 'log'
2026-09-28 06:49:43.463415 0.00% [NOTICE] switch_loadable_module.c:329 Adding Application 'info'
2026-09-28 06:49:43.463427 0.00% [NOTICE] switch_loadable_module.c:329 Adding Application 'event'
2026-09-28 06:49:43.463440 0.00% [NOTICE] switch_loadable_module.c:329 Adding Application 'sound_test'
2026-09-28 06:49:43.463452 0.00% [NOTICE] switch_loadable_module.c:329 Adding Application 'export'
2026-09-28 06:49:43.463463 0.00% [NOTICE] switch_loadable_module.c:329 Adding Application 'bridge_export'
2026-09-28 06:49:43.463476 0.00% [NOTICE] switch_loadable_module.c:329 Adding Application 'set'
2026-09-28 06:49:43.463488 0.00% [NOTICE] switch_loadable_module.c:329 Adding Application 'multiset'
2026-09-28 06:49:43.463502 0.00% [NOTICE] switch_loadable_module.c:329 Adding Application 'push'
2026-09-28 06:49:43.463515 0.00% [NOTICE] switch_loadable_module.c:329 Adding Application 'unshift'
2026-09-28 06:49:43.463528 0.00% [NOTICE] switch_loadable_module.c:329 Adding Application 'set_global'
2026-09-28 06:49:43.463542 0.00% [NOTICE] switch_loadable_module.c:329 Adding Application 'set_profile_var'
2026-09-28 06:49:43.463560 0.00% [NOTICE] switch_loadable_module.c:329 Adding Application 'unset'
2026-09-28 06:49:43.463573 0.00% [NOTICE] switch_loadable_module.c:329 Adding Application 'multiunset'
2026-09-28 06:49:43.463673 0.00% [NOTICE] switch_loadable_module.c:329 Adding Application 'capture_text'
2026-09-28 06:49:43.463691 0.00% [NOTICE] switch_loadable_module.c:329 Adding Application 'acknowledge_call'
2026-09-28 06:49:43.463702 0.00% [NOTICE] switch_loadable_module.c:329 Adding Application 'ring_ready'
2026-09-28 06:49:43.463713 0.00% [NOTICE] switch_loadable_module.c:329 Adding Application 'remove_bugs'
2026-09-28 06:49:43.463729 0.00% [NOTICE] switch_loadable_module.c:329 Adding Application 'break'
2026-09-28 06:49:43.463742 0.00% [NOTICE] switch_loadable_module.c:329 Adding Application 'detect_speech'
2026-09-28 06:49:43.463760 0.00% [NOTICE] switch_loadable_module.c:329 Adding Application 'play_and_detect_speech'
2026-09-28 06:49:43.463774 0.00% [NOTICE] switch_loadable_module.c:329 Adding Application 'ivr'
2026-09-28 06:49:43.463789 0.00% [NOTICE] switch_loadable_module.c:329 Adding Application 'redirect'
2026-09-28 06:49:43.463803 0.00% [NOTICE] switch_loadable_module.c:329 Adding Application 'video_refresh'
2026-09-28 06:49:43.463815 0.00% [NOTICE] switch_loadable_module.c:329 Adding Application 'video_decode'
2026-09-28 06:49:43.463827 0.00% [NOTICE] switch_loadable_module.c:329 Adding Application 'send_info'
2026-09-28 06:49:43.463840 0.00% [NOTICE] switch_loadable_module.c:329 Adding Application 'jitterbuffer'
2026-09-28 06:49:43.463853 0.00% [NOTICE] switch_loadable_module.c:329 Adding Application 'send_display'
2026-09-28 06:49:43.463866 0.00% [NOTICE] switch_loadable_module.c:329 Adding Application 'respond'
2026-09-28 06:49:43.463878 0.00% [NOTICE] switch_loadable_module.c:329 Adding Application 'deflect'
2026-09-28 06:49:43.463890 0.00% [NOTICE] switch_loadable_module.c:329 Adding Application 'recovery_refresh'
2026-09-28 06:49:43.463910 0.00% [NOTICE] switch_loadable_module.c:329 Adding Application 'reuse_caller_profile'
2026-09-28 06:49:43.463922 0.00% [NOTICE] switch_loadable_module.c:329 Adding Application 'queue_dtmf'
2026-09-28 06:49:43.463935 0.00% [NOTICE] switch_loadable_module.c:329 Adding Application 'send_dtmf'
2026-09-28 06:49:43.463948 0.00% [NOTICE] switch_loadable_module.c:329 Adding Application 'sched_cancel'
2026-09-28 06:49:43.463960 0.00% [NOTICE] switch_loadable_module.c:329 Adding Application 'sched_hangup'
2026-09-28 06:49:43.463979 0.00% [NOTICE] switch_loadable_module.c:329 Adding Application 'sched_broadcast'
2026-09-28 06:49:43.463991 0.00% [NOTICE] switch_loadable_module.c:329 Adding Application 'sched_transfer'
2026-09-28 06:49:43.464003 0.00% [NOTICE] switch_loadable_module.c:329 Adding Application 'execute_extension'
2026-09-28 06:49:43.464018 0.00% [NOTICE] switch_loadable_module.c:329 Adding Application 'sched_heartbeat'
2026-09-28 06:49:43.464036 0.00% [NOTICE] switch_loadable_module.c:329 Adding Application 'enable_heartbeat'
2026-09-28 06:49:43.464046 0.00% [NOTICE] switch_loadable_module.c:329 Adding Application 'filter_codecs'
2026-09-28 06:49:43.464057 0.00% [NOTICE] switch_loadable_module.c:329 Adding Application 'enable_keepalive'
2026-09-28 06:49:43.464068 0.00% [NOTICE] switch_loadable_module.c:329 Adding Application 'media_reset'
2026-09-28 06:49:43.464079 0.00% [NOTICE] switch_loadable_module.c:329 Adding Application 'mkdir'
2026-09-28 06:49:43.464090 0.00% [NOTICE] switch_loadable_module.c:329 Adding Application 'rename'
2026-09-28 06:49:43.464101 0.00% [NOTICE] switch_loadable_module.c:329 Adding Application 'transfer_vars'
2026-09-28 06:49:43.464161 0.00% [NOTICE] switch_loadable_module.c:329 Adding Application 'soft_hold'
2026-09-28 06:49:43.464173 0.00% [NOTICE] switch_loadable_module.c:329 Adding Application 'bind_meta_app'
2026-09-28 06:49:43.464188 0.00% [NOTICE] switch_loadable_module.c:329 Adding Application 'unbind_meta_app'
2026-09-28 06:49:43.464200 0.00% [NOTICE] switch_loadable_module.c:329 Adding Application 'block_dtmf'
2026-09-28 06:49:43.464211 0.00% [NOTICE] switch_loadable_module.c:329 Adding Application 'unblock_dtmf'
2026-09-28 06:49:43.464222 0.00% [NOTICE] switch_loadable_module.c:329 Adding Application 'intercept'
2026-09-28 06:49:43.464236 0.00% [NOTICE] switch_loadable_module.c:329 Adding Application 'eavesdrop'
2026-09-28 06:49:43.464257 0.00% [NOTICE] switch_loadable_module.c:329 Adding Application 'native_eavesdrop'
2026-09-28 06:49:43.464269 0.00% [NOTICE] switch_loadable_module.c:329 Adding Application 'three_way'
2026-09-28 06:49:43.464280 0.00% [NOTICE] switch_loadable_module.c:329 Adding Application 'set_user'
2026-09-28 06:49:43.464343 0.00% [NOTICE] switch_loadable_module.c:329 Adding Application 'stop_dtmf'
2026-09-28 06:49:43.464354 0.00% [NOTICE] switch_loadable_module.c:329 Adding Application 'start_dtmf'
2026-09-28 06:49:43.464367 0.00% [NOTICE] switch_loadable_module.c:329 Adding Application 'stop_dtmf_generate'
2026-09-28 06:49:43.464378 0.00% [NOTICE] switch_loadable_module.c:329 Adding Application 'start_dtmf_generate'
2026-09-28 06:49:43.464415 0.00% [NOTICE] switch_loadable_module.c:329 Adding Application 'stop_tone_detect'
2026-09-28 06:49:43.464428 0.00% [NOTICE] switch_loadable_module.c:329 Adding Application 'fax_detect'
2026-09-28 06:49:43.464440 0.00% [NOTICE] switch_loadable_module.c:329 Adding Application 'tone_detect'
2026-09-28 06:49:43.464453 0.00% [NOTICE] switch_loadable_module.c:329 Adding Application 'echo'
2026-09-28 06:49:43.464543 0.00% [NOTICE] switch_loadable_module.c:329 Adding Application 'park'
2026-09-28 06:49:43.464556 0.00% [NOTICE] switch_loadable_module.c:329 Adding Application 'park_state'
2026-09-28 06:49:43.464567 0.00% [NOTICE] switch_loadable_module.c:329 Adding Application 'gentones'
2026-09-28 06:49:43.464578 0.00% [NOTICE] switch_loadable_module.c:329 Adding Application 'playback'
2026-09-28 06:49:43.464590 0.00% [NOTICE] switch_loadable_module.c:329 Adding Application 'broadcast'
2026-09-28 06:49:43.464612 0.00% [NOTICE] switch_loadable_module.c:329 Adding Application 'endless_playback'
2026-09-28 06:49:43.464635 0.00% [NOTICE] switch_loadable_module.c:329 Adding Application 'loop_playback'
2026-09-28 06:49:43.464647 0.00% [NOTICE] switch_loadable_module.c:329 Adding Application 'att_xfer'
2026-09-28 06:49:43.464659 0.00% [NOTICE] switch_loadable_module.c:329 Adding Application 'read'
2026-09-28 06:49:43.464671 0.00% [NOTICE] switch_loadable_module.c:329 Adding Application 'play_and_get_digits'
2026-09-28 06:49:43.464687 0.00% [NOTICE] switch_loadable_module.c:329 Adding Application 'stop_video_write_overlay'
2026-09-28 06:49:43.464699 0.00% [NOTICE] switch_loadable_module.c:329 Adding Application 'video_write_overlay'
2026-09-28 06:49:43.464711 0.00% [NOTICE] switch_loadable_module.c:329 Adding Application 'stop_record_session'
2026-09-28 06:49:43.464722 0.00% [NOTICE] switch_loadable_module.c:329 Adding Application 'record_session'
2026-09-28 06:49:43.464736 0.00% [NOTICE] switch_loadable_module.c:329 Adding Application 'record_session_mask'
2026-09-28 06:49:43.464748 0.00% [NOTICE] switch_loadable_module.c:329 Adding Application 'record_session_unmask'
2026-09-28 06:49:43.464761 0.00% [NOTICE] switch_loadable_module.c:329 Adding Application 'record_session_pause'
2026-09-28 06:49:43.464884 0.00% [NOTICE] switch_loadable_module.c:329 Adding Application 'record_session_resume'
2026-09-28 06:49:43.464910 0.00% [NOTICE] switch_loadable_module.c:329 Adding Application 'record'
2026-09-28 06:49:43.464987 0.00% [NOTICE] switch_loadable_module.c:329 Adding Application 'preprocess'
2026-09-28 06:49:43.465005 0.00% [NOTICE] switch_loadable_module.c:329 Adding Application 'stop_displace_session'
2026-09-28 06:49:43.465017 0.00% [NOTICE] switch_loadable_module.c:329 Adding Application 'displace_session'
2026-09-28 06:49:43.465030 0.00% [NOTICE] switch_loadable_module.c:329 Adding Application 'speak'
2026-09-28 06:49:43.465044 0.00% [NOTICE] switch_loadable_module.c:329 Adding Application 'clear_speech_cache'
2026-09-28 06:49:43.465058 0.00% [NOTICE] switch_loadable_module.c:329 Adding Application 'bridge'
2026-09-28 06:49:43.465070 0.00% [NOTICE] switch_loadable_module.c:329 Adding Application 'system'
2026-09-28 06:49:43.465084 0.00% [NOTICE] switch_loadable_module.c:329 Adding Application 'bgsystem'
2026-09-28 06:49:43.465098 0.00% [NOTICE] switch_loadable_module.c:329 Adding Application 'say'
2026-09-28 06:49:43.465222 0.00% [NOTICE] switch_loadable_module.c:329 Adding Application 'detect_audio'
2026-09-28 06:49:43.465248 0.00% [NOTICE] switch_loadable_module.c:329 Adding Application 'detect_silence'
2026-09-28 06:49:43.465269 0.00% [NOTICE] switch_loadable_module.c:329 Adding Application 'wait_for_silence'
2026-09-28 06:49:43.465290 0.00% [NOTICE] switch_loadable_module.c:329 Adding Application 'session_loglevel'
2026-09-28 06:49:43.465309 0.00% [NOTICE] switch_loadable_module.c:329 Adding Application 'limit'
2026-09-28 06:49:43.465327 0.00% [NOTICE] switch_loadable_module.c:329 Adding Application 'limit_hash'
2026-09-28 06:49:43.465348 0.00% [NOTICE] switch_loadable_module.c:329 Adding Application 'limit_execute'
2026-09-28 06:49:43.465366 0.00% [NOTICE] switch_loadable_module.c:329 Adding Application 'limit_hash_execute'
2026-09-28 06:49:43.465385 0.00% [NOTICE] switch_loadable_module.c:329 Adding Application 'pickup'
2026-09-28 06:49:43.465403 0.00% [NOTICE] switch_loadable_module.c:329 Adding Application 'deduplicate_dtmf'
2026-09-28 06:49:43.465422 0.00% [NOTICE] switch_loadable_module.c:329 Adding Application 'vad_test'
2026-09-28 06:49:43.465442 0.00% [NOTICE] switch_loadable_module.c:329 Adding Application 'debug_media'
2026-09-28 06:49:43.465466 0.00% [NOTICE] switch_loadable_module.c:389 Adding API Function 'strepoch'
2026-09-28 06:49:43.465534 0.00% [NOTICE] switch_loadable_module.c:389 Adding API Function 'page'
2026-09-28 06:49:43.465556 0.00% [NOTICE] switch_loadable_module.c:389 Adding API Function 'strmicroepoch'
2026-09-28 06:49:43.465575 0.00% [NOTICE] switch_loadable_module.c:389 Adding API Function 'chat'
2026-09-28 06:49:43.465593 0.00% [NOTICE] switch_loadable_module.c:389 Adding API Function 'strftime'
2026-09-28 06:49:43.465615 0.00% [NOTICE] switch_loadable_module.c:389 Adding API Function 'presence'
2026-09-28 06:49:43.465637 0.00% [NOTICE] switch_loadable_module.c:455 Adding File Format 'file_string'
2026-09-28 06:49:43.465666 0.00% [NOTICE] switch_loadable_module.c:455 Adding File Format 'file'
2026-09-28 06:49:43.465686 0.00% [NOTICE] switch_loadable_module.c:455 Adding File Format 'tts'
2026-09-28 06:49:43.465709 0.00% [NOTICE] switch_loadable_module.c:621 Adding Chat interface 'event'
2026-09-28 06:49:43.465732 0.00% [NOTICE] switch_loadable_module.c:621 Adding Chat interface 'api'
2026-09-28 06:49:43.467835 0.00% [CONSOLE] switch_loadable_module.c:1772 Successfully Loaded [mod_expr]
2026-09-28 06:49:43.467908 0.00% [NOTICE] switch_loadable_module.c:389 Adding API Function 'expr'
2026-09-28 06:49:43.483268 0.00% [INFO] switch_core_sqldb.c:1840 fifo Starting SQL thread.
2026-09-28 06:49:43.485972 0.00% [DEBUG] switch_core_sqldb.c:1494 SQL ERR [no such table: fifo_outbound]
[delete from fifo_outbound where static = 1 or taking_calls < 0 or stop_time < 0]
Auto Generating Table!
2026-09-28 06:49:43.486039 0.00% [DEBUG] switch_core_sqldb.c:1501 Ignoring SQL ERR [no such table: fifo_outbound]
[drop table fifo_outbound]
2026-09-28 06:49:43.487493 0.00% [DEBUG] switch_core_sqldb.c:1494 SQL ERR [no such table: fifo_bridge]
[delete from fifo_bridge]
Auto Generating Table!
2026-09-28 06:49:43.487551 0.00% [DEBUG] switch_core_sqldb.c:1501 Ignoring SQL ERR [no such table: fifo_bridge]
[drop table fifo_bridge]
2026-09-28 06:49:43.488300 0.00% [DEBUG] switch_core_sqldb.c:1494 SQL ERR [no such table: fifo_callers]
[delete from fifo_callers]
Auto Generating Table!
2026-09-28 06:49:43.488355 0.00% [DEBUG] switch_core_sqldb.c:1501 Ignoring SQL ERR [no such table: fifo_callers]
[drop table fifo_callers]
2026-09-28 06:49:43.490304 0.00% [INFO] mod_fifo.c:4647 cool_fifo@172.25.0.3 configured
2026-09-28 06:49:43.491005 0.00% [CONSOLE] switch_loadable_module.c:1772 Successfully Loaded [mod_fifo]
2026-09-28 06:49:43.491123 0.00% [NOTICE] switch_loadable_module.c:329 Adding Application 'fifo'
2026-09-28 06:49:43.491213 0.00% [NOTICE] switch_loadable_module.c:329 Adding Application 'fifo_track_call'
2026-09-28 06:49:43.491240 0.00% [NOTICE] switch_loadable_module.c:389 Adding API Function 'fifo'
2026-09-28 06:49:43.491261 0.00% [NOTICE] switch_loadable_module.c:389 Adding API Function 'fifo_member'
2026-09-28 06:49:43.491279 0.00% [NOTICE] switch_loadable_module.c:389 Adding API Function 'fifo_add_outbound'
2026-09-28 06:49:43.491347 0.00% [NOTICE] switch_loadable_module.c:389 Adding API Function 'fifo_check_bridge'
2026-09-28 06:49:43.493434 0.00% [DEBUG] switch_scheduler.c:263 Added task 3 limit_hash_cleanup (mod_hash) to run at 1790579083
2026-09-28 06:49:43.493627 0.00% [CONSOLE] switch_loadable_module.c:1772 Successfully Loaded [mod_hash]
2026-09-28 06:49:43.493659 0.00% [NOTICE] switch_loadable_module.c:329 Adding Application 'hash'
2026-09-28 06:49:43.493706 0.00% [NOTICE] switch_loadable_module.c:389 Adding API Function 'hash'
2026-09-28 06:49:43.493732 0.00% [NOTICE] switch_loadable_module.c:389 Adding API Function 'hash_dump'
2026-09-28 06:49:43.493757 0.00% [NOTICE] switch_loadable_module.c:389 Adding API Function 'hash_remote'
2026-09-28 06:49:43.493782 0.00% [NOTICE] switch_loadable_module.c:717 Adding Limit interface 'hash'
2026-09-28 06:49:43.515488 0.00% [DEBUG] switch_core_sqldb.c:1494 SQL ERR [no such table: voicemail_msgs]
[select count(forwarded_by) from voicemail_msgs]
Auto Generating Table!
2026-09-28 06:49:43.517065 0.00% [DEBUG] switch_core_sqldb.c:1508 SQL ERR [no such table: voicemail_msgs]
[alter table voicemail_msgs add forwarded_by varchar(255)]
2026-09-28 06:49:43.517936 0.00% [DEBUG] switch_core_sqldb.c:1494 SQL ERR [no such table: voicemail_msgs]
[select count(forwarded_by) from voicemail_msgs]
Auto Generating Table!
2026-09-28 06:49:43.518006 0.00% [DEBUG] switch_core_sqldb.c:1501 Ignoring SQL ERR [no such table: voicemail_msgs]
[drop table voicemail_msgs]
2026-09-28 06:49:43.519533 0.00% [DEBUG] switch_core_sqldb.c:1494 SQL ERR [no such table: voicemail_prefs]
[select count(username) from voicemail_prefs]
Auto Generating Table!
2026-09-28 06:49:43.519602 0.00% [DEBUG] switch_core_sqldb.c:1501 Ignoring SQL ERR [no such table: voicemail_prefs]
[drop table voicemail_prefs]
2026-09-28 06:49:43.535006 0.00% [INFO] mod_voicemail.c:794 Added Profile default
2026-09-28 06:49:43.535314 0.00% [CONSOLE] switch_loadable_module.c:1772 Successfully Loaded [mod_voicemail]
2026-09-28 06:49:43.535353 0.00% [NOTICE] switch_loadable_module.c:329 Adding Application 'voicemail'
2026-09-28 06:49:43.536154 0.00% [NOTICE] switch_loadable_module.c:389 Adding API Function 'voicemail'
2026-09-28 06:49:43.536228 0.00% [NOTICE] switch_loadable_module.c:389 Adding API Function 'voicemail_inject'
2026-09-28 06:49:43.536308 0.00% [NOTICE] switch_loadable_module.c:389 Adding API Function 'vm_inject'
2026-09-28 06:49:43.536342 0.00% [NOTICE] switch_loadable_module.c:389 Adding API Function 'vm_boxcount'
2026-09-28 06:49:43.536365 0.00% [NOTICE] switch_loadable_module.c:389 Adding API Function 'vm_prefs'
2026-09-28 06:49:43.536389 0.00% [NOTICE] switch_loadable_module.c:389 Adding API Function 'vm_delete'
2026-09-28 06:49:43.536409 0.00% [NOTICE] switch_loadable_module.c:389 Adding API Function 'vm_read'
2026-09-28 06:49:43.536429 0.00% [NOTICE] switch_loadable_module.c:389 Adding API Function 'vm_list'
2026-09-28 06:49:43.536448 0.00% [NOTICE] switch_loadable_module.c:389 Adding API Function 'vm_fsdb_auth_login'
2026-09-28 06:49:43.536468 0.00% [NOTICE] switch_loadable_module.c:389 Adding API Function 'vm_fsdb_msg_count'
2026-09-28 06:49:43.536552 0.00% [NOTICE] switch_loadable_module.c:389 Adding API Function 'vm_fsdb_msg_list'
2026-09-28 06:49:43.536570 0.00% [NOTICE] switch_loadable_module.c:389 Adding API Function 'vm_fsdb_msg_get'
2026-09-28 06:49:43.536582 0.00% [NOTICE] switch_loadable_module.c:389 Adding API Function 'vm_fsdb_msg_delete'
2026-09-28 06:49:43.536593 0.00% [NOTICE] switch_loadable_module.c:389 Adding API Function 'vm_fsdb_msg_undelete'
2026-09-28 06:49:43.536685 0.00% [NOTICE] switch_loadable_module.c:389 Adding API Function 'vm_fsdb_msg_email'
2026-09-28 06:49:43.536711 0.00% [NOTICE] switch_loadable_module.c:389 Adding API Function 'vm_fsdb_msg_purge'
2026-09-28 06:49:43.536732 0.00% [NOTICE] switch_loadable_module.c:389 Adding API Function 'vm_fsdb_msg_save'
2026-09-28 06:49:43.536754 0.00% [NOTICE] switch_loadable_module.c:389 Adding API Function 'vm_fsdb_msg_forward'
2026-09-28 06:49:43.536778 0.00% [NOTICE] switch_loadable_module.c:389 Adding API Function 'vm_fsdb_pref_greeting_set'
2026-09-28 06:49:43.536936 0.00% [NOTICE] switch_loadable_module.c:389 Adding API Function 'vm_fsdb_pref_greeting_get'
2026-09-28 06:49:43.536957 0.00% [NOTICE] switch_loadable_module.c:389 Adding API Function 'vm_fsdb_pref_recname_set'
2026-09-28 06:49:43.536971 0.00% [NOTICE] switch_loadable_module.c:389 Adding API Function 'vm_fsdb_pref_password_set'
2026-09-28 06:49:43.539432 0.00% [CONSOLE] switch_loadable_module.c:1772 Successfully Loaded [mod_esf]
2026-09-28 06:49:43.539480 0.00% [NOTICE] switch_loadable_module.c:329 Adding Application 'esf_page_group'
2026-09-28 06:49:43.540995 0.00% [CONSOLE] switch_loadable_module.c:1772 Successfully Loaded [mod_fsv]
2026-09-28 06:49:43.541026 0.00% [NOTICE] switch_loadable_module.c:329 Adding Application 'play_fsv'
2026-09-28 06:49:43.541103 0.00% [NOTICE] switch_loadable_module.c:329 Adding Application 'record_fsv'
2026-09-28 06:49:43.541123 0.00% [NOTICE] switch_loadable_module.c:329 Adding Application 'play_yuv'
2026-09-28 06:49:43.541138 0.00% [NOTICE] switch_loadable_module.c:329 Adding Application 'decode_video'
2026-09-28 06:49:43.541197 0.00% [NOTICE] switch_loadable_module.c:455 Adding File Format 'fsv'
2026-09-28 06:49:43.542419 0.00% [CONSOLE] switch_loadable_module.c:1772 Successfully Loaded [mod_valet_parking]
2026-09-28 06:49:43.542451 0.00% [NOTICE] switch_loadable_module.c:329 Adding Application 'valet_park'
2026-09-28 06:49:43.542507 0.00% [NOTICE] switch_loadable_module.c:389 Adding API Function 'valet_info'
2026-09-28 06:49:43.550044 0.00% [NOTICE] mod_httapi.c:2171 Profile [default] JSON Function [http://www.freeswitch.org/api/index.cgi]
2026-09-28 06:49:43.550094 0.00% [CONSOLE] switch_loadable_module.c:1772 Successfully Loaded [mod_httapi]
2026-09-28 06:49:43.550119 0.00% [NOTICE] switch_loadable_module.c:329 Adding Application 'httapi'
2026-09-28 06:49:43.550170 0.00% [NOTICE] switch_loadable_module.c:389 Adding API Function 'httapi'
2026-09-28 06:49:43.550191 0.00% [NOTICE] switch_loadable_module.c:455 Adding File Format 'http'
2026-09-28 06:49:43.550219 0.00% [NOTICE] switch_loadable_module.c:455 Adding File Format 'https'
2026-09-28 06:49:43.551712 0.00% [CONSOLE] switch_loadable_module.c:1772 Successfully Loaded [mod_dialplan_xml]
2026-09-28 06:49:43.551743 0.00% [NOTICE] switch_loadable_module.c:273 Adding Dialplan 'XML'
2026-09-28 06:49:43.553778 0.00% [CONSOLE] switch_loadable_module.c:1772 Successfully Loaded [mod_dialplan_asterisk]
2026-09-28 06:49:43.553818 0.00% [NOTICE] switch_loadable_module.c:172 Adding Endpoint 'SIP'
2026-09-28 06:49:43.553910 0.00% [NOTICE] switch_loadable_module.c:172 Adding Endpoint 'IAX2'
2026-09-28 06:49:43.553941 0.00% [NOTICE] switch_loadable_module.c:273 Adding Dialplan 'asterisk'
2026-09-28 06:49:43.553960 0.00% [NOTICE] switch_loadable_module.c:329 Adding Application 'Dial'
2026-09-28 06:49:43.553979 0.00% [NOTICE] switch_loadable_module.c:329 Adding Application 'Goto'
2026-09-28 06:49:43.554005 0.00% [NOTICE] switch_loadable_module.c:329 Adding Application 'AvoidingDeadlock'
2026-09-28 06:49:43.560224 0.00% [DEBUG] mod_spandsp_fax.c:213 FAX timer thread started.
2026-09-28 06:49:43.584201 0.00% [DEBUG] mod_spandsp.c:894 mod_spandsp loaded, using spandsp library version [20120902 163333]
2026-09-28 06:49:43.584270 0.00% [CONSOLE] switch_loadable_module.c:1772 Successfully Loaded [mod_spandsp]
2026-09-28 06:49:43.584301 0.00% [NOTICE] switch_loadable_module.c:172 Adding Endpoint 'modem'
2026-09-28 06:49:43.584367 0.00% [NOTICE] switch_loadable_module.c:223 Adding Codec DVI4 6 ADPCM (IMA) 16000hz 10ms 1ch 64000bps
2026-09-28 06:49:43.584377 0.00% [NOTICE] switch_loadable_module.c:223 Adding Codec DVI4 6 ADPCM (IMA) 16000hz 20ms 1ch 64000bps
2026-09-28 06:49:43.584382 0.00% [NOTICE] switch_loadable_module.c:223 Adding Codec DVI4 6 ADPCM (IMA) 16000hz 30ms 1ch 64000bps
2026-09-28 06:49:43.584387 0.00% [NOTICE] switch_loadable_module.c:223 Adding Codec DVI4 6 ADPCM (IMA) 16000hz 40ms 1ch 64000bps
2026-09-28 06:49:43.584390 0.00% [NOTICE] switch_loadable_module.c:223 Adding Codec DVI4 6 ADPCM (IMA) 16000hz 50ms 1ch 64000bps
2026-09-28 06:49:43.584394 0.00% [NOTICE] switch_loadable_module.c:223 Adding Codec DVI4 6 ADPCM (IMA) 16000hz 60ms 1ch 64000bps
2026-09-28 06:49:43.584398 0.00% [NOTICE] switch_loadable_module.c:223 Adding Codec DVI4 5 ADPCM (IMA) 8000hz 10ms 1ch 32000bps
2026-09-28 06:49:43.584436 0.00% [NOTICE] switch_loadable_module.c:223 Adding Codec DVI4 5 ADPCM (IMA) 8000hz 20ms 1ch 32000bps
2026-09-28 06:49:43.584445 0.00% [NOTICE] switch_loadable_module.c:223 Adding Codec DVI4 5 ADPCM (IMA) 8000hz 30ms 1ch 32000bps
2026-09-28 06:49:43.584453 0.00% [NOTICE] switch_loadable_module.c:223 Adding Codec DVI4 5 ADPCM (IMA) 8000hz 40ms 1ch 32000bps
2026-09-28 06:49:43.584462 0.00% [NOTICE] switch_loadable_module.c:223 Adding Codec DVI4 5 ADPCM (IMA) 8000hz 50ms 1ch 32000bps
2026-09-28 06:49:43.584471 0.00% [NOTICE] switch_loadable_module.c:223 Adding Codec DVI4 5 ADPCM (IMA) 8000hz 60ms 1ch 32000bps
2026-09-28 06:49:43.584478 0.00% [NOTICE] switch_loadable_module.c:223 Adding Codec DVI4 5 ADPCM (IMA) 8000hz 70ms 1ch 32000bps
2026-09-28 06:49:43.584486 0.00% [NOTICE] switch_loadable_module.c:223 Adding Codec DVI4 5 ADPCM (IMA) 8000hz 80ms 1ch 32000bps
2026-09-28 06:49:43.584495 0.00% [NOTICE] switch_loadable_module.c:223 Adding Codec DVI4 5 ADPCM (IMA) 8000hz 90ms 1ch 32000bps
2026-09-28 06:49:43.584503 0.00% [NOTICE] switch_loadable_module.c:223 Adding Codec DVI4 5 ADPCM (IMA) 8000hz 100ms 1ch 32000bps
2026-09-28 06:49:43.584512 0.00% [NOTICE] switch_loadable_module.c:223 Adding Codec DVI4 5 ADPCM (IMA) 8000hz 110ms 1ch 32000bps
2026-09-28 06:49:43.584521 0.00% [NOTICE] switch_loadable_module.c:223 Adding Codec DVI4 5 ADPCM (IMA) 8000hz 120ms 1ch 32000bps
2026-09-28 06:49:43.584595 0.00% [NOTICE] switch_loadable_module.c:223 Adding Codec AAL2-G726-16 124 G.726 16k (AAL2) 8000hz 10ms 1ch 16000bps
2026-09-28 06:49:43.584611 0.00% [NOTICE] switch_loadable_module.c:223 Adding Codec AAL2-G726-16 124 G.726 16k (AAL2) 8000hz 20ms 1ch 16000bps
2026-09-28 06:49:43.584619 0.00% [NOTICE] switch_loadable_module.c:223 Adding Codec AAL2-G726-16 124 G.726 16k (AAL2) 8000hz 30ms 1ch 16000bps
2026-09-28 06:49:43.584627 0.00% [NOTICE] switch_loadable_module.c:223 Adding Codec AAL2-G726-16 124 G.726 16k (AAL2) 8000hz 40ms 1ch 16000bps
2026-09-28 06:49:43.584636 0.00% [NOTICE] switch_loadable_module.c:223 Adding Codec AAL2-G726-16 124 G.726 16k (AAL2) 8000hz 50ms 1ch 16000bps
2026-09-28 06:49:43.584645 0.00% [NOTICE] switch_loadable_module.c:223 Adding Codec AAL2-G726-16 124 G.726 16k (AAL2) 8000hz 60ms 1ch 16000bps
2026-09-28 06:49:43.584653 0.00% [NOTICE] switch_loadable_module.c:223 Adding Codec AAL2-G726-16 124 G.726 16k (AAL2) 8000hz 70ms 1ch 16000bps
2026-09-28 06:49:43.584662 0.00% [NOTICE] switch_loadable_module.c:223 Adding Codec AAL2-G726-16 124 G.726 16k (AAL2) 8000hz 80ms 1ch 16000bps
2026-09-28 06:49:43.584670 0.00% [NOTICE] switch_loadable_module.c:223 Adding Codec AAL2-G726-16 124 G.726 16k (AAL2) 8000hz 90ms 1ch 16000bps
2026-09-28 06:49:43.584679 0.00% [NOTICE] switch_loadable_module.c:223 Adding Codec AAL2-G726-16 124 G.726 16k (AAL2) 8000hz 100ms 1ch 16000bps
2026-09-28 06:49:43.584689 0.00% [NOTICE] switch_loadable_module.c:223 Adding Codec AAL2-G726-16 124 G.726 16k (AAL2) 8000hz 110ms 1ch 16000bps
2026-09-28 06:49:43.584698 0.00% [NOTICE] switch_loadable_module.c:223 Adding Codec AAL2-G726-16 124 G.726 16k (AAL2) 8000hz 120ms 1ch 16000bps
2026-09-28 06:49:43.584773 0.00% [NOTICE] switch_loadable_module.c:223 Adding Codec G726-16 124 G.726 16k 8000hz 10ms 1ch 16000bps
2026-09-28 06:49:43.584783 0.00% [NOTICE] switch_loadable_module.c:223 Adding Codec G726-16 124 G.726 16k 8000hz 20ms 1ch 16000bps
2026-09-28 06:49:43.584791 0.00% [NOTICE] switch_loadable_module.c:223 Adding Codec G726-16 124 G.726 16k 8000hz 30ms 1ch 16000bps
2026-09-28 06:49:43.584798 0.00% [NOTICE] switch_loadable_module.c:223 Adding Codec G726-16 124 G.726 16k 8000hz 40ms 1ch 16000bps
2026-09-28 06:49:43.584804 0.00% [NOTICE] switch_loadable_module.c:223 Adding Codec G726-16 124 G.726 16k 8000hz 50ms 1ch 16000bps
2026-09-28 06:49:43.584811 0.00% [NOTICE] switch_loadable_module.c:223 Adding Codec G726-16 124 G.726 16k 8000hz 60ms 1ch 16000bps
2026-09-28 06:49:43.584818 0.00% [NOTICE] switch_loadable_module.c:223 Adding Codec G726-16 124 G.726 16k 8000hz 70ms 1ch 16000bps
2026-09-28 06:49:43.584825 0.00% [NOTICE] switch_loadable_module.c:223 Adding Codec G726-16 124 G.726 16k 8000hz 80ms 1ch 16000bps
2026-09-28 06:49:43.584832 0.00% [NOTICE] switch_loadable_module.c:223 Adding Codec G726-16 124 G.726 16k 8000hz 90ms 1ch 16000bps
2026-09-28 06:49:43.584838 0.00% [NOTICE] switch_loadable_module.c:223 Adding Codec G726-16 124 G.726 16k 8000hz 100ms 1ch 16000bps
2026-09-28 06:49:43.584845 0.00% [NOTICE] switch_loadable_module.c:223 Adding Codec G726-16 124 G.726 16k 8000hz 110ms 1ch 16000bps
2026-09-28 06:49:43.584851 0.00% [NOTICE] switch_loadable_module.c:223 Adding Codec G726-16 124 G.726 16k 8000hz 120ms 1ch 16000bps
2026-09-28 06:49:43.584902 0.00% [NOTICE] switch_loadable_module.c:223 Adding Codec AAL2-G726-24 123 G.726 24k (AAL2) 8000hz 10ms 1ch 24000bps
2026-09-28 06:49:43.584912 0.00% [NOTICE] switch_loadable_module.c:223 Adding Codec AAL2-G726-24 123 G.726 24k (AAL2) 8000hz 20ms 1ch 24000bps
2026-09-28 06:49:43.584919 0.00% [NOTICE] switch_loadable_module.c:223 Adding Codec AAL2-G726-24 123 G.726 24k (AAL2) 8000hz 30ms 1ch 24000bps
2026-09-28 06:49:43.584926 0.00% [NOTICE] switch_loadable_module.c:223 Adding Codec AAL2-G726-24 123 G.726 24k (AAL2) 8000hz 40ms 1ch 24000bps
2026-09-28 06:49:43.584937 0.00% [NOTICE] switch_loadable_module.c:223 Adding Codec AAL2-G726-24 123 G.726 24k (AAL2) 8000hz 50ms 1ch 24000bps
2026-09-28 06:49:43.584945 0.00% [NOTICE] switch_loadable_module.c:223 Adding Codec AAL2-G726-24 123 G.726 24k (AAL2) 8000hz 60ms 1ch 24000bps
2026-09-28 06:49:43.584991 0.00% [NOTICE] switch_loadable_module.c:223 Adding Codec AAL2-G726-24 123 G.726 24k (AAL2) 8000hz 70ms 1ch 24000bps
2026-09-28 06:49:43.585001 0.00% [NOTICE] switch_loadable_module.c:223 Adding Codec AAL2-G726-24 123 G.726 24k (AAL2) 8000hz 80ms 1ch 24000bps
2026-09-28 06:49:43.585009 0.00% [NOTICE] switch_loadable_module.c:223 Adding Codec AAL2-G726-24 123 G.726 24k (AAL2) 8000hz 90ms 1ch 24000bps
2026-09-28 06:49:43.585019 0.00% [NOTICE] switch_loadable_module.c:223 Adding Codec AAL2-G726-24 123 G.726 24k (AAL2) 8000hz 100ms 1ch 24000bps
2026-09-28 06:49:43.585040 0.00% [NOTICE] switch_loadable_module.c:223 Adding Codec AAL2-G726-24 123 G.726 24k (AAL2) 8000hz 110ms 1ch 24000bps
2026-09-28 06:49:43.585048 0.00% [NOTICE] switch_loadable_module.c:223 Adding Codec AAL2-G726-24 123 G.726 24k (AAL2) 8000hz 120ms 1ch 24000bps
2026-09-28 06:49:43.585103 0.00% [NOTICE] switch_loadable_module.c:223 Adding Codec G726-24 123 G.726 24k 8000hz 10ms 1ch 24000bps
2026-09-28 06:49:43.585113 0.00% [NOTICE] switch_loadable_module.c:223 Adding Codec G726-24 123 G.726 24k 8000hz 20ms 1ch 24000bps
2026-09-28 06:49:43.585121 0.00% [NOTICE] switch_loadable_module.c:223 Adding Codec G726-24 123 G.726 24k 8000hz 30ms 1ch 24000bps
2026-09-28 06:49:43.585129 0.00% [NOTICE] switch_loadable_module.c:223 Adding Codec G726-24 123 G.726 24k 8000hz 40ms 1ch 24000bps
2026-09-28 06:49:43.585139 0.00% [NOTICE] switch_loadable_module.c:223 Adding Codec G726-24 123 G.726 24k 8000hz 50ms 1ch 24000bps
2026-09-28 06:49:43.585147 0.00% [NOTICE] switch_loadable_module.c:223 Adding Codec G726-24 123 G.726 24k 8000hz 60ms 1ch 24000bps
2026-09-28 06:49:43.585205 0.00% [NOTICE] switch_loadable_module.c:223 Adding Codec G726-24 123 G.726 24k 8000hz 70ms 1ch 24000bps
2026-09-28 06:49:43.585213 0.00% [NOTICE] switch_loadable_module.c:223 Adding Codec G726-24 123 G.726 24k 8000hz 80ms 1ch 24000bps
2026-09-28 06:49:43.585220 0.00% [NOTICE] switch_loadable_module.c:223 Adding Codec G726-24 123 G.726 24k 8000hz 90ms 1ch 24000bps
2026-09-28 06:49:43.585226 0.00% [NOTICE] switch_loadable_module.c:223 Adding Codec G726-24 123 G.726 24k 8000hz 100ms 1ch 24000bps
2026-09-28 06:49:43.585234 0.00% [NOTICE] switch_loadable_module.c:223 Adding Codec G726-24 123 G.726 24k 8000hz 110ms 1ch 24000bps
2026-09-28 06:49:43.585241 0.00% [NOTICE] switch_loadable_module.c:223 Adding Codec G726-24 123 G.726 24k 8000hz 120ms 1ch 24000bps
2026-09-28 06:49:43.585298 0.00% [NOTICE] switch_loadable_module.c:223 Adding Codec AAL2-G726-32 122 G.726 32k (AAL2) 8000hz 10ms 1ch 32000bps
2026-09-28 06:49:43.585308 0.00% [NOTICE] switch_loadable_module.c:223 Adding Codec AAL2-G726-32 122 G.726 32k (AAL2) 8000hz 20ms 1ch 32000bps
2026-09-28 06:49:43.585316 0.00% [NOTICE] switch_loadable_module.c:223 Adding Codec AAL2-G726-32 122 G.726 32k (AAL2) 8000hz 30ms 1ch 32000bps
2026-09-28 06:49:43.585323 0.00% [NOTICE] switch_loadable_module.c:223 Adding Codec AAL2-G726-32 122 G.726 32k (AAL2) 8000hz 40ms 1ch 32000bps
2026-09-28 06:49:43.585332 0.00% [NOTICE] switch_loadable_module.c:223 Adding Codec AAL2-G726-32 122 G.726 32k (AAL2) 8000hz 50ms 1ch 32000bps
2026-09-28 06:49:43.585339 0.00% [NOTICE] switch_loadable_module.c:223 Adding Codec AAL2-G726-32 122 G.726 32k (AAL2) 8000hz 60ms 1ch 32000bps
2026-09-28 06:49:43.585346 0.00% [NOTICE] switch_loadable_module.c:223 Adding Codec AAL2-G726-32 122 G.726 32k (AAL2) 8000hz 70ms 1ch 32000bps
2026-09-28 06:49:43.585354 0.00% [NOTICE] switch_loadable_module.c:223 Adding Codec AAL2-G726-32 122 G.726 32k (AAL2) 8000hz 80ms 1ch 32000bps
2026-09-28 06:49:43.585361 0.00% [NOTICE] switch_loadable_module.c:223 Adding Codec AAL2-G726-32 122 G.726 32k (AAL2) 8000hz 90ms 1ch 32000bps
2026-09-28 06:49:43.585369 0.00% [NOTICE] switch_loadable_module.c:223 Adding Codec AAL2-G726-32 122 G.726 32k (AAL2) 8000hz 100ms 1ch 32000bps
2026-09-28 06:49:43.585377 0.00% [NOTICE] switch_loadable_module.c:223 Adding Codec AAL2-G726-32 122 G.726 32k (AAL2) 8000hz 110ms 1ch 32000bps
2026-09-28 06:49:43.585384 0.00% [NOTICE] switch_loadable_module.c:223 Adding Codec AAL2-G726-32 122 G.726 32k (AAL2) 8000hz 120ms 1ch 32000bps
2026-09-28 06:49:43.585435 0.00% [NOTICE] switch_loadable_module.c:223 Adding Codec G726-32 122 G.726 32k 8000hz 10ms 1ch 32000bps
2026-09-28 06:49:43.585444 0.00% [NOTICE] switch_loadable_module.c:223 Adding Codec G726-32 122 G.726 32k 8000hz 20ms 1ch 32000bps
2026-09-28 06:49:43.585452 0.00% [NOTICE] switch_loadable_module.c:223 Adding Codec G726-32 122 G.726 32k 8000hz 30ms 1ch 32000bps
2026-09-28 06:49:43.585459 0.00% [NOTICE] switch_loadable_module.c:223 Adding Codec G726-32 122 G.726 32k 8000hz 40ms 1ch 32000bps
2026-09-28 06:49:43.585467 0.00% [NOTICE] switch_loadable_module.c:223 Adding Codec G726-32 122 G.726 32k 8000hz 50ms 1ch 32000bps
2026-09-28 06:49:43.585476 0.00% [NOTICE] switch_loadable_module.c:223 Adding Codec G726-32 122 G.726 32k 8000hz 60ms 1ch 32000bps
2026-09-28 06:49:43.585484 0.00% [NOTICE] switch_loadable_module.c:223 Adding Codec G726-32 122 G.726 32k 8000hz 70ms 1ch 32000bps
2026-09-28 06:49:43.585491 0.00% [NOTICE] switch_loadable_module.c:223 Adding Codec G726-32 122 G.726 32k 8000hz 80ms 1ch 32000bps
2026-09-28 06:49:43.585499 0.00% [NOTICE] switch_loadable_module.c:223 Adding Codec G726-32 122 G.726 32k 8000hz 90ms 1ch 32000bps
2026-09-28 06:49:43.585506 0.00% [NOTICE] switch_loadable_module.c:223 Adding Codec G726-32 122 G.726 32k 8000hz 100ms 1ch 32000bps
2026-09-28 06:49:43.585514 0.00% [NOTICE] switch_loadable_module.c:223 Adding Codec G726-32 122 G.726 32k 8000hz 110ms 1ch 32000bps
2026-09-28 06:49:43.585522 0.00% [NOTICE] switch_loadable_module.c:223 Adding Codec G726-32 122 G.726 32k 8000hz 120ms 1ch 32000bps
2026-09-28 06:49:43.585571 0.00% [NOTICE] switch_loadable_module.c:223 Adding Codec AAL2-G726-40 121 G.726 40k (AAL2) 8000hz 10ms 1ch 40000bps
2026-09-28 06:49:43.585580 0.00% [NOTICE] switch_loadable_module.c:223 Adding Codec AAL2-G726-40 121 G.726 40k (AAL2) 8000hz 20ms 1ch 40000bps
2026-09-28 06:49:43.585588 0.00% [NOTICE] switch_loadable_module.c:223 Adding Codec AAL2-G726-40 121 G.726 40k (AAL2) 8000hz 30ms 1ch 40000bps
2026-09-28 06:49:43.585596 0.00% [NOTICE] switch_loadable_module.c:223 Adding Codec AAL2-G726-40 121 G.726 40k (AAL2) 8000hz 40ms 1ch 40000bps
2026-09-28 06:49:43.585604 0.00% [NOTICE] switch_loadable_module.c:223 Adding Codec AAL2-G726-40 121 G.726 40k (AAL2) 8000hz 50ms 1ch 40000bps
2026-09-28 06:49:43.585611 0.00% [NOTICE] switch_loadable_module.c:223 Adding Codec AAL2-G726-40 121 G.726 40k (AAL2) 8000hz 60ms 1ch 40000bps
2026-09-28 06:49:43.585619 0.00% [NOTICE] switch_loadable_module.c:223 Adding Codec AAL2-G726-40 121 G.726 40k (AAL2) 8000hz 70ms 1ch 40000bps
2026-09-28 06:49:43.585627 0.00% [NOTICE] switch_loadable_module.c:223 Adding Codec AAL2-G726-40 121 G.726 40k (AAL2) 8000hz 80ms 1ch 40000bps
2026-09-28 06:49:43.585634 0.00% [NOTICE] switch_loadable_module.c:223 Adding Codec AAL2-G726-40 121 G.726 40k (AAL2) 8000hz 90ms 1ch 40000bps
2026-09-28 06:49:43.585642 0.00% [NOTICE] switch_loadable_module.c:223 Adding Codec AAL2-G726-40 121 G.726 40k (AAL2) 8000hz 100ms 1ch 40000bps
2026-09-28 06:49:43.585649 0.00% [NOTICE] switch_loadable_module.c:223 Adding Codec AAL2-G726-40 121 G.726 40k (AAL2) 8000hz 110ms 1ch 40000bps
2026-09-28 06:49:43.585657 0.00% [NOTICE] switch_loadable_module.c:223 Adding Codec AAL2-G726-40 121 G.726 40k (AAL2) 8000hz 120ms 1ch 40000bps
2026-09-28 06:49:43.585734 0.00% [NOTICE] switch_loadable_module.c:223 Adding Codec G726-40 121 G.726 40k 8000hz 10ms 1ch 40000bps
2026-09-28 06:49:43.585744 0.00% [NOTICE] switch_loadable_module.c:223 Adding Codec G726-40 121 G.726 40k 8000hz 20ms 1ch 40000bps
2026-09-28 06:49:43.585752 0.00% [NOTICE] switch_loadable_module.c:223 Adding Codec G726-40 121 G.726 40k 8000hz 30ms 1ch 40000bps
2026-09-28 06:49:43.585760 0.00% [NOTICE] switch_loadable_module.c:223 Adding Codec G726-40 121 G.726 40k 8000hz 40ms 1ch 40000bps
2026-09-28 06:49:43.585768 0.00% [NOTICE] switch_loadable_module.c:223 Adding Codec G726-40 121 G.726 40k 8000hz 50ms 1ch 40000bps
2026-09-28 06:49:43.585775 0.00% [NOTICE] switch_loadable_module.c:223 Adding Codec G726-40 121 G.726 40k 8000hz 60ms 1ch 40000bps
2026-09-28 06:49:43.585783 0.00% [NOTICE] switch_loadable_module.c:223 Adding Codec G726-40 121 G.726 40k 8000hz 70ms 1ch 40000bps
2026-09-28 06:49:43.585791 0.00% [NOTICE] switch_loadable_module.c:223 Adding Codec G726-40 121 G.726 40k 8000hz 80ms 1ch 40000bps
2026-09-28 06:49:43.585798 0.00% [NOTICE] switch_loadable_module.c:223 Adding Codec G726-40 121 G.726 40k 8000hz 90ms 1ch 40000bps
2026-09-28 06:49:43.585805 0.00% [NOTICE] switch_loadable_module.c:223 Adding Codec G726-40 121 G.726 40k 8000hz 100ms 1ch 40000bps
2026-09-28 06:49:43.585833 0.00% [NOTICE] switch_loadable_module.c:223 Adding Codec G726-40 121 G.726 40k 8000hz 110ms 1ch 40000bps
2026-09-28 06:49:43.585841 0.00% [NOTICE] switch_loadable_module.c:223 Adding Codec G726-40 121 G.726 40k 8000hz 120ms 1ch 40000bps
2026-09-28 06:49:43.585892 0.00% [NOTICE] switch_loadable_module.c:223 Adding Codec G722 9 G.722 16000hz 10ms 1ch 64000bps
2026-09-28 06:49:43.585902 0.00% [NOTICE] switch_loadable_module.c:223 Adding Codec G722 9 G.722 16000hz 20ms 1ch 64000bps
2026-09-28 06:49:43.585911 0.00% [NOTICE] switch_loadable_module.c:223 Adding Codec G722 9 G.722 16000hz 30ms 1ch 64000bps
2026-09-28 06:49:43.585919 0.00% [NOTICE] switch_loadable_module.c:223 Adding Codec G722 9 G.722 16000hz 40ms 1ch 64000bps
2026-09-28 06:49:43.585926 0.00% [NOTICE] switch_loadable_module.c:223 Adding Codec G722 9 G.722 16000hz 50ms 1ch 64000bps
2026-09-28 06:49:43.585933 0.00% [NOTICE] switch_loadable_module.c:223 Adding Codec G722 9 G.722 16000hz 60ms 1ch 64000bps
2026-09-28 06:49:43.585963 0.00% [NOTICE] switch_loadable_module.c:223 Adding Codec GSM 3 GSM 8000hz 20ms 1ch 13200bps
2026-09-28 06:49:43.585971 0.00% [NOTICE] switch_loadable_module.c:223 Adding Codec GSM 3 GSM 8000hz 40ms 1ch 13200bps
2026-09-28 06:49:43.585978 0.00% [NOTICE] switch_loadable_module.c:223 Adding Codec GSM 3 GSM 8000hz 60ms 1ch 13200bps
2026-09-28 06:49:43.585986 0.00% [NOTICE] switch_loadable_module.c:223 Adding Codec GSM 3 GSM 8000hz 80ms 1ch 13200bps
2026-09-28 06:49:43.585993 0.00% [NOTICE] switch_loadable_module.c:223 Adding Codec GSM 3 GSM 8000hz 100ms 1ch 13200bps
2026-09-28 06:49:43.586001 0.00% [NOTICE] switch_loadable_module.c:223 Adding Codec GSM 3 GSM 8000hz 120ms 1ch 13200bps
2026-09-28 06:49:43.586047 0.00% [NOTICE] switch_loadable_module.c:223 Adding Codec LPC 7 LPC-10 8000hz 90ms 1ch 2400bps
2026-09-28 06:49:43.586071 0.00% [NOTICE] switch_loadable_module.c:329 Adding Application 't38_gateway'
2026-09-28 06:49:43.586101 0.00% [NOTICE] switch_loadable_module.c:329 Adding Application 'rxfax'
2026-09-28 06:49:43.586130 0.00% [NOTICE] switch_loadable_module.c:329 Adding Application 'txfax'
2026-09-28 06:49:43.586299 0.00% [NOTICE] switch_loadable_module.c:329 Adding Application 'stopfax'
2026-09-28 06:49:43.586328 0.00% [NOTICE] switch_loadable_module.c:329 Adding Application 'spandsp_stop_dtmf'
2026-09-28 06:49:43.586349 0.00% [NOTICE] switch_loadable_module.c:329 Adding Application 'spandsp_start_dtmf'
2026-09-28 06:49:43.586364 0.00% [NOTICE] switch_loadable_module.c:329 Adding Application 'spandsp_stop_inject_tdd'
2026-09-28 06:49:43.586378 0.00% [NOTICE] switch_loadable_module.c:329 Adding Application 'spandsp_inject_tdd'
2026-09-28 06:49:43.586391 0.00% [NOTICE] switch_loadable_module.c:329 Adding Application 'spandsp_stop_detect_tdd'
2026-09-28 06:49:43.586406 0.00% [NOTICE] switch_loadable_module.c:329 Adding Application 'spandsp_detect_tdd'
2026-09-28 06:49:43.586425 0.00% [NOTICE] switch_loadable_module.c:329 Adding Application 'spandsp_send_tdd'
2026-09-28 06:49:43.586439 0.00% [NOTICE] switch_loadable_module.c:329 Adding Application 'spandsp_start_fax_detect'
2026-09-28 06:49:43.586453 0.00% [NOTICE] switch_loadable_module.c:329 Adding Application 'spandsp_stop_fax_detect'
2026-09-28 06:49:43.586472 0.00% [NOTICE] switch_loadable_module.c:329 Adding Application 'spandsp_start_tone_detect'
2026-09-28 06:49:43.586486 0.00% [NOTICE] switch_loadable_module.c:329 Adding Application 'spandsp_stop_tone_detect'
2026-09-28 06:49:43.586563 0.00% [NOTICE] switch_loadable_module.c:389 Adding API Function 'spandsp_start_tone_detect'
2026-09-28 06:49:43.586581 0.00% [NOTICE] switch_loadable_module.c:389 Adding API Function 'spandsp_stop_tone_detect'
2026-09-28 06:49:43.586593 0.00% [NOTICE] switch_loadable_module.c:389 Adding API Function 'start_tdd_detect'
2026-09-28 06:49:43.586620 0.00% [NOTICE] switch_loadable_module.c:389 Adding API Function 'stop_tdd_detect'
2026-09-28 06:49:43.586634 0.00% [NOTICE] switch_loadable_module.c:389 Adding API Function 'uuid_send_tdd'
2026-09-28 06:49:43.587822 0.00% [CONSOLE] switch_loadable_module.c:1772 Successfully Loaded [mod_g723_1]
2026-09-28 06:49:43.587852 0.00% [NOTICE] switch_loadable_module.c:223 Adding Codec G723 4 G.723.1 6.3k 8000hz 120ms 1ch 6300bps
2026-09-28 06:49:43.587861 0.00% [NOTICE] switch_loadable_module.c:223 Adding Codec G723 4 G.723.1 6.3k 8000hz 90ms 1ch 6300bps
2026-09-28 06:49:43.587866 0.00% [NOTICE] switch_loadable_module.c:223 Adding Codec G723 4 G.723.1 6.3k 8000hz 60ms 1ch 6300bps
2026-09-28 06:49:43.587870 0.00% [NOTICE] switch_loadable_module.c:223 Adding Codec G723 4 G.723.1 6.3k 8000hz 30ms 1ch 6300bps
2026-09-28 06:49:43.588572 0.00% [CONSOLE] switch_loadable_module.c:1772 Successfully Loaded [mod_g729]
2026-09-28 06:49:43.588596 0.00% [NOTICE] switch_loadable_module.c:223 Adding Codec G729 18 G.729 8000hz 10ms 1ch 8000bps
2026-09-28 06:49:43.588605 0.00% [NOTICE] switch_loadable_module.c:223 Adding Codec G729 18 G.729 8000hz 20ms 1ch 8000bps
2026-09-28 06:49:43.588609 0.00% [NOTICE] switch_loadable_module.c:223 Adding Codec G729 18 G.729 8000hz 30ms 1ch 8000bps
2026-09-28 06:49:43.588634 0.00% [NOTICE] switch_loadable_module.c:223 Adding Codec G729 18 G.729 8000hz 40ms 1ch 8000bps
2026-09-28 06:49:43.588638 0.00% [NOTICE] switch_loadable_module.c:223 Adding Codec G729 18 G.729 8000hz 50ms 1ch 8000bps
2026-09-28 06:49:43.588642 0.00% [NOTICE] switch_loadable_module.c:223 Adding Codec G729 18 G.729 8000hz 60ms 1ch 8000bps
2026-09-28 06:49:43.588646 0.00% [NOTICE] switch_loadable_module.c:223 Adding Codec G729 18 G.729 8000hz 70ms 1ch 8000bps
2026-09-28 06:49:43.588649 0.00% [NOTICE] switch_loadable_module.c:223 Adding Codec G729 18 G.729 8000hz 80ms 1ch 8000bps
2026-09-28 06:49:43.588652 0.00% [NOTICE] switch_loadable_module.c:223 Adding Codec G729 18 G.729 8000hz 90ms 1ch 8000bps
2026-09-28 06:49:43.588656 0.00% [NOTICE] switch_loadable_module.c:223 Adding Codec G729 18 G.729 8000hz 100ms 1ch 8000bps
2026-09-28 06:49:43.588660 0.00% [NOTICE] switch_loadable_module.c:223 Adding Codec G729 18 G.729 8000hz 110ms 1ch 8000bps
2026-09-28 06:49:43.588663 0.00% [NOTICE] switch_loadable_module.c:223 Adding Codec G729 18 G.729 8000hz 120ms 1ch 8000bps
2026-09-28 06:49:43.590468 0.00% [CONSOLE] switch_loadable_module.c:1772 Successfully Loaded [mod_amr]
2026-09-28 06:49:43.590508 0.00% [NOTICE] switch_loadable_module.c:223 Adding Codec AMR 96 AMR / Octet Aligned 8000hz 20ms 1ch 12200bps
2026-09-28 06:49:43.590571 0.00% [NOTICE] switch_loadable_module.c:223 Adding Codec AMR 97 AMR / Bandwidth Efficient 8000hz 20ms 1ch 12200bps
2026-09-28 06:49:43.592175 0.00% [CONSOLE] switch_loadable_module.c:1772 Successfully Loaded [mod_b64]
2026-09-28 06:49:43.592208 0.00% [NOTICE] switch_loadable_module.c:223 Adding Codec b64 116 B64 (STANDARD) 32000hz 20ms 1ch 684800bps
2026-09-28 06:49:43.592220 0.00% [NOTICE] switch_loadable_module.c:223 Adding Codec b64 116 B64 (STANDARD) 16000hz 20ms 1ch 342400bps
2026-09-28 06:49:43.592228 0.00% [NOTICE] switch_loadable_module.c:223 Adding Codec b64 116 B64 (STANDARD) 8000hz 20ms 1ch 171200bps
2026-09-28 06:49:43.596430 0.00% [CONSOLE] switch_loadable_module.c:1772 Successfully Loaded [mod_opus]
2026-09-28 06:49:43.596470 0.00% [NOTICE] switch_loadable_module.c:229 Adding Codec opus 116 OPUS (STANDARD) 8000hz 40ms 2ch (VBR)
2026-09-28 06:49:43.596479 0.00% [NOTICE] switch_loadable_module.c:229 Adding Codec opus 116 OPUS (STANDARD) 8000hz 40ms 1ch (VBR)
2026-09-28 06:49:43.596484 0.00% [NOTICE] switch_loadable_module.c:229 Adding Codec opus 116 OPUS (STANDARD) 8000hz 120ms 1ch (VBR)
2026-09-28 06:49:43.596489 0.00% [NOTICE] switch_loadable_module.c:229 Adding Codec opus 116 OPUS (STANDARD) 8000hz 100ms 1ch (VBR)
2026-09-28 06:49:43.596493 0.00% [NOTICE] switch_loadable_module.c:229 Adding Codec opus 116 OPUS (STANDARD) 8000hz 80ms 1ch (VBR)
2026-09-28 06:49:43.596496 0.00% [NOTICE] switch_loadable_module.c:229 Adding Codec opus 116 OPUS (STANDARD) 8000hz 60ms 1ch (VBR)
2026-09-28 06:49:43.596500 0.00% [NOTICE] switch_loadable_module.c:229 Adding Codec opus 116 OPUS (STANDARD) 8000hz 20ms 2ch (VBR)
2026-09-28 06:49:43.596503 0.00% [NOTICE] switch_loadable_module.c:229 Adding Codec opus 116 OPUS (STANDARD) 8000hz 20ms 1ch (VBR)
2026-09-28 06:49:43.596507 0.00% [NOTICE] switch_loadable_module.c:229 Adding Codec opus 116 OPUS (STANDARD) 8000hz 10ms 2ch (VBR)
2026-09-28 06:49:43.596510 0.00% [NOTICE] switch_loadable_module.c:229 Adding Codec opus 116 OPUS (STANDARD) 8000hz 10ms 1ch (VBR)
2026-09-28 06:49:43.596513 0.00% [NOTICE] switch_loadable_module.c:229 Adding Codec opus 116 OPUS (STANDARD) 16000hz 40ms 2ch (VBR)
2026-09-28 06:49:43.596517 0.00% [NOTICE] switch_loadable_module.c:229 Adding Codec opus 116 OPUS (STANDARD) 16000hz 40ms 1ch (VBR)
2026-09-28 06:49:43.596520 0.00% [NOTICE] switch_loadable_module.c:229 Adding Codec opus 116 OPUS (STANDARD) 16000hz 60ms 1ch (VBR)
2026-09-28 06:49:43.596524 0.00% [NOTICE] switch_loadable_module.c:229 Adding Codec opus 116 OPUS (STANDARD) 16000hz 20ms 2ch (VBR)
2026-09-28 06:49:43.596528 0.00% [NOTICE] switch_loadable_module.c:229 Adding Codec opus 116 OPUS (STANDARD) 16000hz 20ms 1ch (VBR)
2026-09-28 06:49:43.596532 0.00% [NOTICE] switch_loadable_module.c:229 Adding Codec opus 116 OPUS (STANDARD) 16000hz 10ms 2ch (VBR)
2026-09-28 06:49:43.596535 0.00% [NOTICE] switch_loadable_module.c:229 Adding Codec opus 116 OPUS (STANDARD) 16000hz 10ms 1ch (VBR)
2026-09-28 06:49:43.596539 0.00% [NOTICE] switch_loadable_module.c:229 Adding Codec opus 116 OPUS (STANDARD) 48000hz 40ms 2ch (VBR)
2026-09-28 06:49:43.596542 0.00% [NOTICE] switch_loadable_module.c:229 Adding Codec opus 116 OPUS (STANDARD) 48000hz 40ms 1ch (VBR)
2026-09-28 06:49:43.596582 0.00% [NOTICE] switch_loadable_module.c:229 Adding Codec opus 116 OPUS (STANDARD) 48000hz 20ms 2ch (VBR)
2026-09-28 06:49:43.596590 0.00% [NOTICE] switch_loadable_module.c:229 Adding Codec opus 116 OPUS (STANDARD) 48000hz 20ms 1ch (VBR)
2026-09-28 06:49:43.596595 0.00% [NOTICE] switch_loadable_module.c:229 Adding Codec opus 116 OPUS (STANDARD) 48000hz 10ms 2ch (VBR)
2026-09-28 06:49:43.596599 0.00% [NOTICE] switch_loadable_module.c:229 Adding Codec opus 116 OPUS (STANDARD) 48000hz 10ms 1ch (VBR)
2026-09-28 06:49:43.596676 0.00% [NOTICE] switch_loadable_module.c:389 Adding API Function 'opus_debug'
2026-09-28 06:49:43.598903 0.00% [CRIT] switch_loadable_module.c:1754 Error Loading module /usr/lib/freeswitch/mod/mod_av.so
**Error loading shared library libavformat.so.62: No such file or directory (needed by /usr/lib/freeswitch/mod/mod_av.so)**
2026-09-28 06:49:43.622272 0.00% [INFO] mod_sndfile.c:498 
LibSndFile Version : libsndfile-1.2.2 Supported Formats
================================================================================
AIFF (Apple/SGI)  (extension "aiff")
AU (Sun/NeXT)  (extension "au")
AVR (Audio Visual Research)  (extension "avr")
CAF (Apple Core Audio File)  (extension "caf")
FLAC (Free Lossless Audio Codec)  (extension "flac")
HTK (HMM Tool Kit)  (extension "htk")
IFF (Amiga IFF/SVX8/SV16)  (extension "iff")
MAT4 (GNU Octave 2.0 / Matlab 4.2)  (extension "mat")
MAT5 (GNU Octave 2.1 / Matlab 5.0)  (extension "mat")
MPC (Akai MPC 2k)  (extension "mpc")
MPEG-1/2 Audio  (extension "m1a")
OGG (OGG Container format)  (extension "oga")
OGG (OGG Container format)  (extension "ogg")
PAF (Ensoniq PARIS)  (extension "paf")
PVF (Portable Voice Format)  (extension "pvf")
RAW (header-less)  (extension "raw")
RF64 (RIFF 64)  (extension "rf64")
SD2 (Sound Designer II)  (extension "sd2")
SDS (Midi Sample Dump Standard)  (extension "sds")
SF (Berkeley/IRCAM/CARL)  (extension "sf")
VOC (Creative Labs)  (extension "voc")
W64 (SoundFoundry WAVE 64)  (extension "w64")
WAV (Microsoft)  (extension "wav")
WAV (NIST Sphere)  (extension "wav")
WAVEX (Microsoft)  (extension "wav")
WVE (Psion Series 3)  (extension "wve")
XI (FastTracker 2)  (extension "xi")
================================================================================
2026-09-28 06:49:43.623342 0.00% [CONSOLE] switch_loadable_module.c:1772 Successfully Loaded [mod_sndfile]
2026-09-28 06:49:43.623371 0.00% [NOTICE] switch_loadable_module.c:389 Adding API Function 'sndfile_debug'
2026-09-28 06:49:43.623448 0.00% [NOTICE] switch_loadable_module.c:455 Adding File Format 'aiff'
2026-09-28 06:49:43.623469 0.00% [NOTICE] switch_loadable_module.c:455 Adding File Format 'au'
2026-09-28 06:49:43.623481 0.00% [NOTICE] switch_loadable_module.c:455 Adding File Format 'avr'
2026-09-28 06:49:43.623494 0.00% [NOTICE] switch_loadable_module.c:455 Adding File Format 'caf'
2026-09-28 06:49:43.623507 0.00% [NOTICE] switch_loadable_module.c:455 Adding File Format 'flac'
2026-09-28 06:49:43.623524 0.00% [NOTICE] switch_loadable_module.c:455 Adding File Format 'htk'
2026-09-28 06:49:43.623548 0.00% [NOTICE] switch_loadable_module.c:455 Adding File Format 'iff'
2026-09-28 06:49:43.623617 0.00% [NOTICE] switch_loadable_module.c:455 Adding File Format 'mat'
2026-09-28 06:49:43.623631 0.00% [NOTICE] switch_loadable_module.c:455 Adding File Format 'mpc'
2026-09-28 06:49:43.623642 0.00% [NOTICE] switch_loadable_module.c:455 Adding File Format 'm1a'
2026-09-28 06:49:43.623856 0.00% [NOTICE] switch_loadable_module.c:455 Adding File Format 'oga'
2026-09-28 06:49:43.623881 0.00% [NOTICE] switch_loadable_module.c:455 Adding File Format 'paf'
2026-09-28 06:49:43.623896 0.00% [NOTICE] switch_loadable_module.c:455 Adding File Format 'pvf'
2026-09-28 06:49:43.623909 0.00% [NOTICE] switch_loadable_module.c:455 Adding File Format 'raw'
2026-09-28 06:49:43.623925 0.00% [NOTICE] switch_loadable_module.c:455 Adding File Format 'rf64'
2026-09-28 06:49:43.623942 0.00% [NOTICE] switch_loadable_module.c:455 Adding File Format 'sd2'
2026-09-28 06:49:43.623959 0.00% [NOTICE] switch_loadable_module.c:455 Adding File Format 'sds'
2026-09-28 06:49:43.623973 0.00% [NOTICE] switch_loadable_module.c:455 Adding File Format 'sf'
2026-09-28 06:49:43.623990 0.00% [NOTICE] switch_loadable_module.c:455 Adding File Format 'voc'
2026-09-28 06:49:43.624003 0.00% [NOTICE] switch_loadable_module.c:455 Adding File Format 'w64'
2026-09-28 06:49:43.624019 0.00% [NOTICE] switch_loadable_module.c:455 Adding File Format 'wav'
2026-09-28 06:49:43.624054 0.00% [NOTICE] switch_loadable_module.c:455 Adding File Format 'wve'
2026-09-28 06:49:43.624127 0.00% [NOTICE] switch_loadable_module.c:455 Adding File Format 'xi'
2026-09-28 06:49:43.624156 0.00% [NOTICE] switch_loadable_module.c:455 Adding File Format 'r8'
2026-09-28 06:49:43.624169 0.00% [NOTICE] switch_loadable_module.c:455 Adding File Format 'r16'
2026-09-28 06:49:43.624187 0.00% [NOTICE] switch_loadable_module.c:455 Adding File Format 'r24'
2026-09-28 06:49:43.624198 0.00% [NOTICE] switch_loadable_module.c:455 Adding File Format 'r32'
2026-09-28 06:49:43.624208 0.00% [NOTICE] switch_loadable_module.c:455 Adding File Format 'gsm'
2026-09-28 06:49:43.624349 0.00% [NOTICE] switch_loadable_module.c:455 Adding File Format 'ul'
2026-09-28 06:49:43.624366 0.00% [NOTICE] switch_loadable_module.c:455 Adding File Format 'ulaw'
2026-09-28 06:49:43.624442 0.00% [NOTICE] switch_loadable_module.c:455 Adding File Format 'al'
2026-09-28 06:49:43.624483 0.00% [NOTICE] switch_loadable_module.c:455 Adding File Format 'alaw'
2026-09-28 06:49:43.624495 0.00% [NOTICE] switch_loadable_module.c:455 Adding File Format 'adpcm'
2026-09-28 06:49:43.624505 0.00% [NOTICE] switch_loadable_module.c:455 Adding File Format 'vox'
2026-09-28 06:49:43.624518 0.00% [NOTICE] switch_loadable_module.c:455 Adding File Format 'oga'
2026-09-28 06:49:43.624530 0.00% [NOTICE] switch_loadable_module.c:455 Adding File Format 'ogg'
2026-09-28 06:49:43.625793 0.00% [CONSOLE] switch_loadable_module.c:1772 Successfully Loaded [mod_native_file]
2026-09-28 06:49:43.625824 0.00% [NOTICE] switch_loadable_module.c:455 Adding File Format 'AAL2-G726-32'
2026-09-28 06:49:43.625881 0.00% [NOTICE] switch_loadable_module.c:455 Adding File Format 'DVI4'
2026-09-28 06:49:43.625898 0.00% [NOTICE] switch_loadable_module.c:455 Adding File Format 'PCMU'
2026-09-28 06:49:43.625911 0.00% [NOTICE] switch_loadable_module.c:455 Adding File Format 'G722'
2026-09-28 06:49:43.625923 0.00% [NOTICE] switch_loadable_module.c:455 Adding File Format 'AAL2-G726-24'
2026-09-28 06:49:43.626006 0.00% [NOTICE] switch_loadable_module.c:455 Adding File Format 'AAL2-G726-40'
2026-09-28 06:49:43.626059 0.00% [NOTICE] switch_loadable_module.c:455 Adding File Format 'L16'
2026-09-28 06:49:43.626097 0.00% [NOTICE] switch_loadable_module.c:455 Adding File Format 'G726-16'
2026-09-28 06:49:43.626110 0.00% [NOTICE] switch_loadable_module.c:455 Adding File Format 'PCMA'
2026-09-28 06:49:43.626199 0.00% [NOTICE] switch_loadable_module.c:455 Adding File Format 'G726-24'
2026-09-28 06:49:43.626213 0.00% [NOTICE] switch_loadable_module.c:455 Adding File Format 'G729'
2026-09-28 06:49:43.626228 0.00% [NOTICE] switch_loadable_module.c:455 Adding File Format 'AAL2-G726-16'
2026-09-28 06:49:43.626240 0.00% [NOTICE] switch_loadable_module.c:455 Adding File Format 'G726-32'
2026-09-28 06:49:43.626253 0.00% [NOTICE] switch_loadable_module.c:455 Adding File Format 'GSM'
2026-09-28 06:49:43.626264 0.00% [NOTICE] switch_loadable_module.c:455 Adding File Format 'G726-40'
2026-09-28 06:49:43.626310 0.00% [NOTICE] switch_loadable_module.c:455 Adding File Format 'G723'
2026-09-28 06:49:43.626339 0.00% [NOTICE] switch_loadable_module.c:455 Adding File Format 'LPC'
2026-09-28 06:49:43.627604 0.00% [CONSOLE] switch_loadable_module.c:1772 Successfully Loaded [mod_png]
2026-09-28 06:49:43.627628 0.00% [NOTICE] switch_loadable_module.c:389 Adding API Function 'uuid_write_png'
2026-09-28 06:49:43.627685 0.00% [NOTICE] switch_loadable_module.c:455 Adding File Format 'png'
2026-09-28 06:49:43.631686 0.00% [CONSOLE] switch_loadable_module.c:1772 Successfully Loaded [mod_local_stream]
2026-09-28 06:49:43.631757 0.00% [NOTICE] switch_loadable_module.c:389 Adding API Function 'local_stream'
2026-09-28 06:49:43.632172 0.00% [NOTICE] switch_loadable_module.c:455 Adding File Format 'local_stream'
2026-09-28 06:49:43.633432 0.00% [CONSOLE] switch_loadable_module.c:1772 Successfully Loaded [mod_tone_stream]
2026-09-28 06:49:43.633460 0.00% [NOTICE] switch_loadable_module.c:455 Adding File Format 'tone_stream'
2026-09-28 06:49:43.633518 0.00% [NOTICE] switch_loadable_module.c:455 Adding File Format 'silence_stream'
2026-09-28 06:49:43.638760 0.00% [DEBUG] switch_loadable_module.c:1706 Loading module with global namespace at request of module
2026-09-28 06:49:43.639568 0.00% [CONSOLE] switch_loadable_module.c:1772 Successfully Loaded [mod_lua]
2026-09-28 06:49:43.639626 0.00% [NOTICE] switch_loadable_module.c:273 Adding Dialplan 'LUA'
2026-09-28 06:49:43.639713 0.00% [NOTICE] switch_loadable_module.c:329 Adding Application 'lua'
2026-09-28 06:49:43.639733 0.00% [NOTICE] switch_loadable_module.c:359 Adding Chat Application 'lua'
2026-09-28 06:49:43.639750 0.00% [NOTICE] switch_loadable_module.c:389 Adding API Function 'luarun'
2026-09-28 06:49:43.639764 0.00% [NOTICE] switch_loadable_module.c:389 Adding API Function 'lua'
2026-09-28 06:49:43.641008 0.00% [CONSOLE] switch_loadable_module.c:1772 Successfully Loaded [mod_say_en]
2026-09-28 06:49:43.641036 0.00% [NOTICE] switch_loadable_module.c:651 Adding Say interface 'en'
2026-09-28 06:49:43.641109 0.00% [CONSOLE] switch_loadable_module.c:149 Starting runtime thread for mod_verto
2026-09-28 06:49:43.641518 0.00% [CONSOLE] switch_loadable_module.c:149 Starting runtime thread for mod_event_socket
2026-09-28 06:49:43.641752 0.00% [CONSOLE] switch_loadable_module.c:149 Starting runtime thread for CORE_SOFTTIMER_MODULE
2026-09-28 06:49:43.642503 100.00% [DEBUG] switch_loadable_module.c:910 Chat Thread Started
2026-09-28 06:49:43.642515 100.00% [DEBUG] mod_event_socket.c:2979 Socket up listening on 0.0.0.0:8021
2026-09-28 06:49:43.642567 100.00% [INFO] switch_time.c:627 Clock synchronized to system time.
2026-09-28 06:49:43.642833 100.00% [DEBUG] switch_loadable_module.c:910 Chat Thread Started
2026-09-28 06:49:43.643205 100.00% [NOTICE] switch_core.c:1482 Created ip list rfc6598.auto default (deny)
2026-09-28 06:49:43.643216 100.00% [NOTICE] switch_utils.c:665 Adding 100.64.0.0/10 (allow) [] to list rfc6598.auto
2026-09-28 06:49:43.643224 100.00% [NOTICE] switch_core.c:1488 Created ip list rfc1918.auto default (deny)
2026-09-28 06:49:43.643228 100.00% [NOTICE] switch_utils.c:665 Adding 10.0.0.0/8 (allow) [] to list rfc1918.auto
2026-09-28 06:49:43.643233 100.00% [NOTICE] switch_utils.c:665 Adding 172.16.0.0/12 (allow) [] to list rfc1918.auto
2026-09-28 06:49:43.643237 100.00% [NOTICE] switch_utils.c:665 Adding 192.168.0.0/16 (allow) [] to list rfc1918.auto
2026-09-28 06:49:43.643248 100.00% [NOTICE] switch_utils.c:665 Adding fe80::/10 (allow) [] to list rfc1918.auto
2026-09-28 06:49:43.643253 100.00% [NOTICE] switch_core.c:1497 Created ip list wan.auto default (allow)
2026-09-28 06:49:43.643257 100.00% [NOTICE] switch_utils.c:665 Adding 0.0.0.0/8 (deny) [] to list wan.auto
2026-09-28 06:49:43.643261 100.00% [NOTICE] switch_utils.c:665 Adding 10.0.0.0/8 (deny) [] to list wan.auto
2026-09-28 06:49:43.643266 100.00% [NOTICE] switch_utils.c:665 Adding 172.16.0.0/12 (deny) [] to list wan.auto
2026-09-28 06:49:43.643269 100.00% [NOTICE] switch_utils.c:665 Adding 192.168.0.0/16 (deny) [] to list wan.auto
2026-09-28 06:49:43.643273 100.00% [NOTICE] switch_utils.c:665 Adding 169.254.0.0/16 (deny) [] to list wan.auto
2026-09-28 06:49:43.643276 100.00% [NOTICE] switch_utils.c:665 Adding 100.64.0.0/10 (deny) [] to list wan.auto
2026-09-28 06:49:43.643280 100.00% [NOTICE] switch_utils.c:665 Adding fe80::/10 (deny) [] to list wan.auto
2026-09-28 06:49:43.643284 100.00% [NOTICE] switch_core.c:1509 Created ip list wan_v6.auto default (allow)
2026-09-28 06:49:43.643287 100.00% [NOTICE] switch_utils.c:665 Adding 0.0.0.0/0 (deny) [] to list wan_v6.auto
2026-09-28 06:49:43.643291 100.00% [NOTICE] switch_utils.c:665 Adding fe80::/10 (deny) [] to list wan_v6.auto
2026-09-28 06:49:43.643295 100.00% [NOTICE] switch_core.c:1517 Created ip list wan_v4.auto default (allow)
2026-09-28 06:49:43.643300 100.00% [NOTICE] switch_utils.c:665 Adding 0.0.0.0/8 (deny) [] to list wan_v4.auto
2026-09-28 06:49:43.643308 100.00% [NOTICE] switch_utils.c:665 Adding 10.0.0.0/8 (deny) [] to list wan_v4.auto
2026-09-28 06:49:43.643311 100.00% [NOTICE] switch_utils.c:665 Adding 172.16.0.0/12 (deny) [] to list wan_v4.auto
2026-09-28 06:49:43.643384 100.00% [NOTICE] switch_utils.c:665 Adding 192.168.0.0/16 (deny) [] to list wan_v4.auto
2026-09-28 06:49:43.643389 100.00% [NOTICE] switch_utils.c:665 Adding 169.254.0.0/16 (deny) [] to list wan_v4.auto
2026-09-28 06:49:43.643392 100.00% [NOTICE] switch_utils.c:665 Adding 100.64.0.0/10 (deny) [] to list wan_v4.auto
2026-09-28 06:49:43.643396 100.00% [NOTICE] switch_utils.c:665 Adding ::/0 (deny) [] to list wan_v4.auto
2026-09-28 06:49:43.643400 100.00% [NOTICE] switch_core.c:1530 Created ip list any_v6.auto default (allow)
2026-09-28 06:49:43.643403 100.00% [NOTICE] switch_utils.c:665 Adding 0.0.0.0/0 (deny) [] to list any_v6.auto
2026-09-28 06:49:43.643407 100.00% [NOTICE] switch_core.c:1537 Created ip list any_v4.auto default (allow)
2026-09-28 06:49:43.643410 100.00% [NOTICE] switch_utils.c:665 Adding ::/0 (deny) [] to list any_v4.auto
2026-09-28 06:49:43.643413 100.00% [NOTICE] switch_core.c:1544 Created ip list nat.auto default (deny)
2026-09-28 06:49:43.643417 100.00% [NOTICE] switch_core.c:1546 Adding 172.25.0.3/255.255.0.0 (deny) to list nat.auto
2026-09-28 06:49:43.643421 100.00% [NOTICE] switch_utils.c:665 Adding 10.0.0.0/8 (allow) [] to list nat.auto
2026-09-28 06:49:43.643425 100.00% [NOTICE] switch_utils.c:665 Adding 172.16.0.0/12 (allow) [] to list nat.auto
2026-09-28 06:49:43.643428 100.00% [NOTICE] switch_utils.c:665 Adding 192.168.0.0/16 (allow) [] to list nat.auto
2026-09-28 06:49:43.643432 100.00% [NOTICE] switch_utils.c:665 Adding 100.64.0.0/10 (allow) [] to list nat.auto
2026-09-28 06:49:43.643435 100.00% [NOTICE] switch_core.c:1556 Created ip list loopback.auto default (deny)
2026-09-28 06:49:43.643438 100.00% [NOTICE] switch_utils.c:665 Adding 127.0.0.0/8 (allow) [] to list loopback.auto
2026-09-28 06:49:43.643442 100.00% [NOTICE] switch_utils.c:665 Adding ::1/128 (allow) [] to list loopback.auto
2026-09-28 06:49:43.643452 100.00% [NOTICE] switch_core.c:1563 Created ip list localnet.auto default (deny)
2026-09-28 06:49:43.643455 100.00% [NOTICE] switch_core.c:1566 Adding 172.25.0.3/255.255.0.0 (allow) to list localnet.auto
2026-09-28 06:49:43.643462 100.00% [CONSOLE] switch_core.c:1593 Created ip list obd-dev-acl default (deny)
2026-09-28 06:49:43.643468 100.00% [NOTICE] switch_utils.c:665 Adding 127.0.0.1/32 (allow) [] to list obd-dev-acl
2026-09-28 06:49:43.643473 100.00% [NOTICE] switch_utils.c:665 Adding ::1/128 (allow) [] to list obd-dev-acl
2026-09-28 06:49:43.643477 100.00% [NOTICE] switch_utils.c:665 Adding 10.0.0.0/8 (allow) [] to list obd-dev-acl
2026-09-28 06:49:43.643482 100.00% [NOTICE] switch_utils.c:665 Adding 172.16.0.0/12 (allow) [] to list obd-dev-acl
2026-09-28 06:49:43.643486 100.00% [NOTICE] switch_utils.c:665 Adding 192.168.0.0/16 (allow) [] to list obd-dev-acl
2026-09-28 06:49:43.643491 100.00% [CONSOLE] switch_core.c:1593 Created ip list domains default (deny)
2026-09-28 06:49:43.643525 100.00% [NOTICE] switch_utils.c:665 Adding 192.0.2.0/24 (allow) [brian@172.25.0.3] to list domains
2026-09-28 06:49:43.643630 100.00% [CONSOLE] switch_core.c:2497 [m[33m[44m
.=============================================================.
|   _____              ______        _____ _____ ____ _   _   |
|  |  ___| __ ___  ___/ ___\ \      / /_ _|_   _/ ___| | | |  |
|  | |_ | '__/ _ \/ _ \___ \\ \ /\ / / | |  | || |   | |_| |  |
|  |  _|| | |  __/  __/___) |\ V  V /  | |  | || |___|  _  |  |
|  |_|  |_|  \___|\___|____/  \_/\_/  |___| |_| \____|_| |_|  |
|                                                             |
.=============================================================.
|   Anthony Minessale II, Michael Jerris, Brian West, Others  |
|   FreeSWITCH (http://www.freeswitch.org)                    |
|   Paypal Donations Appreciated: paypal@freeswitch.org       |
|   Brought to you by ClueCon http://www.cluecon.com/         |
.=============================================================.

.===============================================================.
|       _                                                       |
|   ___| |_   _  ___  ___ ___  _ __         ___ ___  _ __ ___   |
|  / __| | | | |/ _ \/ __/ _ \| '_ \       / __/ _ \| '_ ` _ \  |
| | (__| | |_| |  __/ (_| (_) | | | |  _  | (_| (_) | | | | | | |
|  \___|_|\__,_|\___|\___\___/|_| |_| (_)  \___\___/|_| |_| |_| |
|                                                               |
.===============================================================.
[m

2026-09-28 06:49:43.643641 100.00% [INFO] switch_core.c:2506 
FreeSWITCH Version 1.11.1-release~64bit ( 64bit)

FreeSWITCH Started
Max Sessions [1000]
Session Rate [30]
SQL [Enabled]
2026-09-28 06:49:43.643647 100.00% [CONSOLE] switch_core.c:2514 
[This app Best viewed at 160x60 or more..]
2026-09-28 06:49:45.627467 0.00% [CONSOLE] switch_loadable_module.c:1772 Successfully Loaded [mod_logfile]
2026-09-28 06:49:45.629486 0.00% [CONSOLE] switch_loadable_module.c:1772 Successfully Loaded [mod_enum]
2026-09-28 06:49:45.629548 0.00% [NOTICE] switch_loadable_module.c:273 Adding Dialplan 'enum'
2026-09-28 06:49:45.629600 0.00% [NOTICE] switch_loadable_module.c:329 Adding Application 'enum'
2026-09-28 06:49:45.629619 0.00% [NOTICE] switch_loadable_module.c:389 Adding API Function 'enum'
2026-09-28 06:49:45.629636 0.00% [NOTICE] switch_loadable_module.c:389 Adding API Function 'enum_auto'
2026-09-28 06:49:45.630035 0.00% [DEBUG] mod_cdr_csv.c:368 Adding default template.
2026-09-28 06:49:45.630051 0.00% [DEBUG] mod_cdr_csv.c:415 Adding template sql.
2026-09-28 06:49:45.630057 0.00% [DEBUG] mod_cdr_csv.c:415 Adding template example.
2026-09-28 06:49:45.630062 0.00% [DEBUG] mod_cdr_csv.c:415 Adding template snom.
2026-09-28 06:49:45.630065 0.00% [DEBUG] mod_cdr_csv.c:415 Adding template linksys.
2026-09-28 06:49:45.630128 0.00% [DEBUG] mod_cdr_csv.c:415 Adding template asterisk.
2026-09-28 06:49:45.630137 0.00% [DEBUG] mod_cdr_csv.c:415 Adding template opencdrrate.
2026-09-28 06:49:45.631576 0.00% [CONSOLE] switch_loadable_module.c:1772 Successfully Loaded [mod_cdr_csv]
2026-09-28 06:49:45.631616 0.00% [NOTICE] switch_loadable_module.c:389 Adding API Function 'cdr_csv'
2026-09-28 06:49:45.636574 0.00% [CONSOLE] switch_loadable_module.c:1772 Successfully Loaded [mod_event_socket]
2026-09-28 06:49:45.636680 0.00% [NOTICE] switch_loadable_module.c:329 Adding Application 'socket'
2026-09-28 06:49:45.636757 0.00% [NOTICE] switch_loadable_module.c:389 Adding API Function 'event_sink'
2026-09-28 06:49:45.639612 0.00% [INFO] mod_sofia.c:6737 Starting initial message thread.
2026-09-28 06:49:45.639823 0.00% [ERR] sofia.c:4567 No Settings, check the new config!
2026-09-28 06:49:45.640343 0.00% [DEBUG] mod_sofia.c:6753 Waiting for profiles to start
2026-09-28 06:49:45.640466 0.00% [WARNING] sofia.c:2279 MSG Thread 0 Started
2026-09-28 06:49:47.141767 0.00% [CONSOLE] switch_loadable_module.c:1772 Successfully Loaded [mod_sofia]
2026-09-28 06:49:47.141951 0.00% [NOTICE] switch_loadable_module.c:172 Adding Endpoint 'sofia'
2026-09-28 06:49:47.142146 0.00% [NOTICE] switch_loadable_module.c:172 Adding Endpoint 'rtp'
2026-09-28 06:49:47.142188 0.00% [NOTICE] switch_loadable_module.c:329 Adding Application 'sofia_sla'
2026-09-28 06:49:47.142221 0.00% [NOTICE] switch_loadable_module.c:329 Adding Application 'sofia_stir_shaken_vs'
2026-09-28 06:49:47.142253 0.00% [NOTICE] switch_loadable_module.c:389 Adding API Function 'sofia'
2026-09-28 06:49:47.142284 0.00% [NOTICE] switch_loadable_module.c:389 Adding API Function 'sofia_gateway_data'
2026-09-28 06:49:47.142311 0.00% [NOTICE] switch_loadable_module.c:389 Adding API Function 'sofia_username_of'
2026-09-28 06:49:47.142339 0.00% [NOTICE] switch_loadable_module.c:389 Adding API Function 'sofia_contact'
2026-09-28 06:49:47.142372 0.00% [NOTICE] switch_loadable_module.c:389 Adding API Function 'sofia_count_reg'
2026-09-28 06:49:47.142395 0.00% [NOTICE] switch_loadable_module.c:389 Adding API Function 'sofia_dig'
2026-09-28 06:49:47.142421 0.00% [NOTICE] switch_loadable_module.c:389 Adding API Function 'sofia_presence_data'
2026-09-28 06:49:47.142604 0.00% [NOTICE] switch_loadable_module.c:419 Adding JSON API Function 'sofia.status'
2026-09-28 06:49:47.142633 0.00% [NOTICE] switch_loadable_module.c:419 Adding JSON API Function 'sofia.status.info'
2026-09-28 06:49:47.142677 0.00% [NOTICE] switch_loadable_module.c:621 Adding Chat interface 'sip'
2026-09-28 06:49:47.142718 0.00% [NOTICE] switch_loadable_module.c:683 Adding Management interface 'mod_sofia' OID[.1.3.6.1.4.1.27880.1001]
2026-09-28 06:49:47.143831 0.00% [CONSOLE] switch_loadable_module.c:1772 Successfully Loaded [mod_loopback]
2026-09-28 06:49:47.143868 0.00% [NOTICE] switch_loadable_module.c:172 Adding Endpoint 'loopback'
2026-09-28 06:49:47.143959 0.00% [NOTICE] switch_loadable_module.c:172 Adding Endpoint 'null'
2026-09-28 06:49:47.143990 0.00% [NOTICE] switch_loadable_module.c:329 Adding Application 'unloop'
2026-09-28 06:49:47.144473 0.00% [CONSOLE] switch_loadable_module.c:1772 Successfully Loaded [mod_rtc]
2026-09-28 06:49:47.144504 0.00% [NOTICE] switch_loadable_module.c:172 Adding Endpoint 'rtc'
2026-09-28 06:49:47.148434 0.00% [DEBUG] switch_core_sqldb.c:1494 SQL ERR [no such table: json_store]
[select name from json_store where name='']
Auto Generating Table!
2026-09-28 06:49:47.148507 0.00% [DEBUG] switch_core_sqldb.c:1501 Ignoring SQL ERR [no such table: json_store]
[drop table json_store]
2026-09-28 06:49:47.150806 0.00% [INFO] mod_verto.c:5331 Secure key and cert specified
2026-09-28 06:49:47.150847 0.00% [DEBUG] mod_verto.c:5445 default-v4 Bound to 172.25.0.4:8081
2026-09-28 06:49:47.150857 0.00% [DEBUG] mod_verto.c:5445 default-v4 Bound to 172.25.0.4:8082
2026-09-28 06:49:47.151254 0.00% [INFO] mod_verto.c:5331 Secure key and cert specified
2026-09-28 06:49:47.151278 0.00% [DEBUG] mod_verto.c:5445 default-v6 Bound to [::1]:8081
2026-09-28 06:49:47.151286 0.00% [DEBUG] mod_verto.c:5445 default-v6 Bound to [::1]:8082
2026-09-28 06:49:47.163703 0.00% [CONSOLE] switch_loadable_module.c:1772 Successfully Loaded [mod_verto]
2026-09-28 06:49:47.163801 0.00% [NOTICE] switch_loadable_module.c:172 Adding Endpoint 'verto.rtc'
2026-09-28 06:49:47.163916 0.00% [NOTICE] switch_loadable_module.c:389 Adding API Function 'verto'
2026-09-28 06:49:47.163948 0.00% [NOTICE] switch_loadable_module.c:389 Adding API Function 'verto_contact'
2026-09-28 06:49:47.163971 0.00% [NOTICE] switch_loadable_module.c:419 Adding JSON API Function 'store'
2026-09-28 06:49:47.164016 0.00% [NOTICE] switch_loadable_module.c:621 Adding Chat interface 'verto'
2026-09-28 06:49:47.165423 0.00% [INFO] mod_verto.c:5101 default-v4 MCAST Bound to 224.1.1.1:1337/1338
2026-09-28 06:49:47.167941 0.00% [CONSOLE] switch_loadable_module.c:1772 Successfully Loaded [mod_commands]
2026-09-28 06:49:47.168093 0.00% [NOTICE] switch_loadable_module.c:329 Adding Application 'msrp_recv_file'
2026-09-28 06:49:47.168201 0.00% [NOTICE] switch_loadable_module.c:329 Adding Application 'msrp_send_file'
2026-09-28 06:49:47.168232 0.00% [NOTICE] switch_loadable_module.c:389 Adding API Function 'bg_system'
2026-09-28 06:49:47.168260 0.00% [NOTICE] switch_loadable_module.c:389 Adding API Function 'system'
2026-09-28 06:49:47.168284 0.00% [NOTICE] switch_loadable_module.c:389 Adding API Function 'bg_spawn'
2026-09-28 06:49:47.168307 0.00% [NOTICE] switch_loadable_module.c:389 Adding API Function 'spawn'
2026-09-28 06:49:47.168335 0.00% [NOTICE] switch_loadable_module.c:389 Adding API Function 'spawn_stream'
2026-09-28 06:49:47.168360 0.00% [NOTICE] switch_loadable_module.c:389 Adding API Function 'acl'
2026-09-28 06:49:47.168456 0.00% [NOTICE] switch_loadable_module.c:389 Adding API Function 'alias'
2026-09-28 06:49:47.168553 0.00% [NOTICE] switch_loadable_module.c:389 Adding API Function 'coalesce'
2026-09-28 06:49:47.168582 0.00% [NOTICE] switch_loadable_module.c:389 Adding API Function 'banner'
2026-09-28 06:49:47.168605 0.00% [NOTICE] switch_loadable_module.c:389 Adding API Function 'bgapi'
2026-09-28 06:49:47.168626 0.00% [NOTICE] switch_loadable_module.c:389 Adding API Function 'break'
2026-09-28 06:49:47.168650 0.00% [NOTICE] switch_loadable_module.c:389 Adding API Function 'complete'
2026-09-28 06:49:47.168683 0.00% [NOTICE] switch_loadable_module.c:389 Adding API Function 'cond'
2026-09-28 06:49:47.168715 0.00% [NOTICE] switch_loadable_module.c:389 Adding API Function 'console_complete'
2026-09-28 06:49:47.168739 0.00% [NOTICE] switch_loadable_module.c:389 Adding API Function 'console_complete_xml'
2026-09-28 06:49:47.168807 0.00% [NOTICE] switch_loadable_module.c:389 Adding API Function 'create_uuid'
2026-09-28 06:49:47.169083 0.00% [NOTICE] switch_loadable_module.c:389 Adding API Function 'db_cache'
2026-09-28 06:49:47.169189 0.00% [NOTICE] switch_loadable_module.c:389 Adding API Function 'domain_data'
2026-09-28 06:49:47.169222 0.00% [NOTICE] switch_loadable_module.c:389 Adding API Function 'domain_exists'
2026-09-28 06:49:47.169371 0.00% [NOTICE] switch_loadable_module.c:389 Adding API Function 'echo'
2026-09-28 06:49:47.169402 0.00% [NOTICE] switch_loadable_module.c:389 Adding API Function 'event_channel_broadcast'
2026-09-28 06:49:47.169432 0.00% [NOTICE] switch_loadable_module.c:389 Adding API Function 'escape'
2026-09-28 06:49:47.169453 0.00% [NOTICE] switch_loadable_module.c:389 Adding API Function 'eval'
2026-09-28 06:49:47.169474 0.00% [NOTICE] switch_loadable_module.c:389 Adding API Function 'expand'
2026-09-28 06:49:47.169663 0.00% [NOTICE] switch_loadable_module.c:389 Adding API Function 'find_user_xml'
2026-09-28 06:49:47.169695 0.00% [NOTICE] switch_loadable_module.c:389 Adding API Function 'fsctl'
2026-09-28 06:49:47.169722 0.00% [NOTICE] switch_loadable_module.c:389 Adding API Function '...'
2026-09-28 06:49:47.169744 0.00% [NOTICE] switch_loadable_module.c:389 Adding API Function 'shutdown'
2026-09-28 06:49:47.169765 0.00% [NOTICE] switch_loadable_module.c:389 Adding API Function 'version'
2026-09-28 06:49:47.169788 0.00% [NOTICE] switch_loadable_module.c:389 Adding API Function 'global_getvar'
2026-09-28 06:49:47.169819 0.00% [NOTICE] switch_loadable_module.c:389 Adding API Function 'global_setvar'
2026-09-28 06:49:47.169840 0.00% [NOTICE] switch_loadable_module.c:389 Adding API Function 'group_call'
2026-09-28 06:49:47.169862 0.00% [NOTICE] switch_loadable_module.c:389 Adding API Function 'help'
2026-09-28 06:49:47.169934 0.00% [NOTICE] switch_loadable_module.c:389 Adding API Function 'host_lookup'
2026-09-28 06:49:47.169961 0.00% [NOTICE] switch_loadable_module.c:389 Adding API Function 'hostname'
2026-09-28 06:49:47.170115 0.00% [NOTICE] switch_loadable_module.c:389 Adding API Function 'interface_ip'
2026-09-28 06:49:47.170141 0.00% [NOTICE] switch_loadable_module.c:389 Adding API Function 'switchname'
2026-09-28 06:49:47.170165 0.00% [NOTICE] switch_loadable_module.c:389 Adding API Function 'gethost'
2026-09-28 06:49:47.170201 0.00% [NOTICE] switch_loadable_module.c:389 Adding API Function 'getenv'
2026-09-28 06:49:47.170225 0.00% [NOTICE] switch_loadable_module.c:389 Adding API Function 'hupall'
2026-09-28 06:49:47.170296 0.00% [NOTICE] switch_loadable_module.c:389 Adding API Function 'in_group'
2026-09-28 06:49:47.170328 0.00% [NOTICE] switch_loadable_module.c:389 Adding API Function 'is_lan_addr'
2026-09-28 06:49:47.170348 0.00% [NOTICE] switch_loadable_module.c:389 Adding API Function 'limit_usage'
2026-09-28 06:49:47.170370 0.00% [NOTICE] switch_loadable_module.c:389 Adding API Function 'limit_hash_usage'
2026-09-28 06:49:47.170393 0.00% [NOTICE] switch_loadable_module.c:389 Adding API Function 'limit_status'
2026-09-28 06:49:47.170416 0.00% [NOTICE] switch_loadable_module.c:389 Adding API Function 'limit_reset'
2026-09-28 06:49:47.170596 0.00% [NOTICE] switch_loadable_module.c:389 Adding API Function 'limit_interval_reset'
2026-09-28 06:49:47.170636 0.00% [NOTICE] switch_loadable_module.c:389 Adding API Function 'list_users'
2026-09-28 06:49:47.170658 0.00% [NOTICE] switch_loadable_module.c:389 Adding API Function 'load'
2026-09-28 06:49:47.170685 0.00% [NOTICE] switch_loadable_module.c:389 Adding API Function 'log'
2026-09-28 06:49:47.170715 0.00% [NOTICE] switch_loadable_module.c:389 Adding API Function 'md5'
2026-09-28 06:49:47.170785 0.00% [NOTICE] switch_loadable_module.c:389 Adding API Function 'module_exists'
2026-09-28 06:49:47.170816 0.00% [NOTICE] switch_loadable_module.c:389 Adding API Function 'msleep'
2026-09-28 06:49:47.170839 0.00% [NOTICE] switch_loadable_module.c:389 Adding API Function 'nat_map'
2026-09-28 06:49:47.170874 0.00% [NOTICE] switch_loadable_module.c:389 Adding API Function 'originate'
2026-09-28 06:49:47.170890 0.00% [NOTICE] switch_loadable_module.c:389 Adding API Function 'pause'
2026-09-28 06:49:47.171323 0.00% [NOTICE] switch_loadable_module.c:389 Adding API Function 'pool_stats'
2026-09-28 06:49:47.171351 0.00% [NOTICE] switch_loadable_module.c:389 Adding API Function 'quote_shell_arg'
2026-09-28 06:49:47.171539 0.00% [NOTICE] switch_loadable_module.c:389 Adding API Function 'regex'
2026-09-28 06:49:47.171621 0.00% [NOTICE] switch_loadable_module.c:389 Adding API Function 'reloadacl'
2026-09-28 06:49:47.171649 0.00% [NOTICE] switch_loadable_module.c:389 Adding API Function 'reload'
2026-09-28 06:49:47.171675 0.00% [NOTICE] switch_loadable_module.c:389 Adding API Function 'reloadxml'
2026-09-28 06:49:47.171766 0.00% [NOTICE] switch_loadable_module.c:389 Adding API Function 'reloadcert'
2026-09-28 06:49:47.171796 0.00% [NOTICE] switch_loadable_module.c:389 Adding API Function 'replace'
2026-09-28 06:49:47.171820 0.00% [NOTICE] switch_loadable_module.c:389 Adding API Function 'say_string'
2026-09-28 06:49:47.171835 0.00% [NOTICE] switch_loadable_module.c:389 Adding API Function 'sched_api'
2026-09-28 06:49:47.171950 0.00% [NOTICE] switch_loadable_module.c:389 Adding API Function 'sched_broadcast'
2026-09-28 06:49:47.171976 0.00% [NOTICE] switch_loadable_module.c:389 Adding API Function 'sched_del'
2026-09-28 06:49:47.172055 0.00% [NOTICE] switch_loadable_module.c:389 Adding API Function 'sched_hangup'
2026-09-28 06:49:47.172077 0.00% [NOTICE] switch_loadable_module.c:389 Adding API Function 'sched_transfer'
2026-09-28 06:49:47.172090 0.00% [NOTICE] switch_loadable_module.c:389 Adding API Function 'show'
2026-09-28 06:49:47.172113 0.00% [NOTICE] switch_loadable_module.c:389 Adding API Function 'sql_escape'
2026-09-28 06:49:47.172136 0.00% [NOTICE] switch_loadable_module.c:389 Adding API Function 'status'
2026-09-28 06:49:47.172322 0.00% [NOTICE] switch_loadable_module.c:389 Adding API Function 'strftime_tz'
2026-09-28 06:49:47.172359 0.00% [NOTICE] switch_loadable_module.c:389 Adding API Function 'stun'
2026-09-28 06:49:47.172600 0.00% [NOTICE] switch_loadable_module.c:389 Adding API Function 'time_test'
2026-09-28 06:49:47.172635 0.00% [NOTICE] switch_loadable_module.c:389 Adding API Function 'timer_test'
2026-09-28 06:49:47.172750 0.00% [NOTICE] switch_loadable_module.c:389 Adding API Function 'tone_detect'
2026-09-28 06:49:47.172849 0.00% [NOTICE] switch_loadable_module.c:389 Adding API Function 'unload'
2026-09-28 06:49:47.172884 0.00% [NOTICE] switch_loadable_module.c:389 Adding API Function 'unsched_api'
2026-09-28 06:49:47.172907 0.00% [NOTICE] switch_loadable_module.c:389 Adding API Function 'uptime'
2026-09-28 06:49:47.173131 0.00% [NOTICE] switch_loadable_module.c:389 Adding API Function 'reg_url'
2026-09-28 06:49:47.173293 0.00% [NOTICE] switch_loadable_module.c:389 Adding API Function 'url_decode'
2026-09-28 06:49:47.173325 0.00% [NOTICE] switch_loadable_module.c:389 Adding API Function 'url_encode'
2026-09-28 06:49:47.173479 0.00% [NOTICE] switch_loadable_module.c:389 Adding API Function 'toupper'
2026-09-28 06:49:47.173623 0.00% [NOTICE] switch_loadable_module.c:389 Adding API Function 'tolower'
2026-09-28 06:49:47.173655 0.00% [NOTICE] switch_loadable_module.c:389 Adding API Function 'user_data'
2026-09-28 06:49:47.173774 0.00% [NOTICE] switch_loadable_module.c:389 Adding API Function 'uuid_early_ok'
2026-09-28 06:49:47.173835 0.00% [NOTICE] switch_loadable_module.c:389 Adding API Function 'user_exists'
2026-09-28 06:49:47.173859 0.00% [NOTICE] switch_loadable_module.c:389 Adding API Function 'uuid_answer'
2026-09-28 06:49:47.173878 0.00% [NOTICE] switch_loadable_module.c:389 Adding API Function 'uuid_audio'
2026-09-28 06:49:47.173899 0.00% [NOTICE] switch_loadable_module.c:389 Adding API Function 'uuid_break'
2026-09-28 06:49:47.173926 0.00% [NOTICE] switch_loadable_module.c:389 Adding API Function 'uuid_bridge'
2026-09-28 06:49:47.173947 0.00% [NOTICE] switch_loadable_module.c:389 Adding API Function 'uuid_broadcast'
2026-09-28 06:49:47.173968 0.00% [NOTICE] switch_loadable_module.c:389 Adding API Function 'uuid_buglist'
2026-09-28 06:49:47.173991 0.00% [NOTICE] switch_loadable_module.c:389 Adding API Function 'uuid_chat'
2026-09-28 06:49:47.174011 0.00% [NOTICE] switch_loadable_module.c:389 Adding API Function 'uuid_send_text'
2026-09-28 06:49:47.174030 0.00% [NOTICE] switch_loadable_module.c:389 Adding API Function 'uuid_capture_text'
2026-09-28 06:49:47.174052 0.00% [NOTICE] switch_loadable_module.c:389 Adding API Function 'uuid_codec_debug'
2026-09-28 06:49:47.174075 0.00% [NOTICE] switch_loadable_module.c:389 Adding API Function 'uuid_codec_param'
2026-09-28 06:49:47.174297 0.00% [NOTICE] switch_loadable_module.c:389 Adding API Function 'uuid_debug_media'
2026-09-28 06:49:47.174328 0.00% [NOTICE] switch_loadable_module.c:389 Adding API Function 'uuid_deflect'
2026-09-28 06:49:47.174349 0.00% [NOTICE] switch_loadable_module.c:389 Adding API Function 'uuid_displace'
2026-09-28 06:49:47.174370 0.00% [NOTICE] switch_loadable_module.c:389 Adding API Function 'uuid_display'
2026-09-28 06:49:47.174394 0.00% [NOTICE] switch_loadable_module.c:389 Adding API Function 'uuid_media_params'
2026-09-28 06:49:47.174479 0.00% [NOTICE] switch_loadable_module.c:389 Adding API Function 'uuid_drop_dtmf'
2026-09-28 06:49:47.174597 0.00% [NOTICE] switch_loadable_module.c:389 Adding API Function 'uuid_dump'
2026-09-28 06:49:47.174728 0.00% [NOTICE] switch_loadable_module.c:389 Adding API Function 'uuid_exists'
2026-09-28 06:49:47.174817 0.00% [NOTICE] switch_loadable_module.c:389 Adding API Function 'uuid_fileman'
2026-09-28 06:49:47.174843 0.00% [NOTICE] switch_loadable_module.c:389 Adding API Function 'uuid_flush_dtmf'
2026-09-28 06:49:47.174865 0.00% [NOTICE] switch_loadable_module.c:389 Adding API Function 'uuid_getvar'
2026-09-28 06:49:47.174889 0.00% [NOTICE] switch_loadable_module.c:389 Adding API Function 'uuid_hold'
2026-09-28 06:49:47.174994 0.00% [NOTICE] switch_loadable_module.c:389 Adding API Function 'uuid_kill'
2026-09-28 06:49:47.175026 0.00% [NOTICE] switch_loadable_module.c:389 Adding API Function 'uuid_send_message'
2026-09-28 06:49:47.175046 0.00% [NOTICE] switch_loadable_module.c:389 Adding API Function 'uuid_send_info'
2026-09-28 06:49:47.175069 0.00% [NOTICE] switch_loadable_module.c:389 Adding API Function 'uuid_set_media_stats'
2026-09-28 06:49:47.175100 0.00% [NOTICE] switch_loadable_module.c:389 Adding API Function 'uuid_video_bitrate'
2026-09-28 06:49:47.175121 0.00% [NOTICE] switch_loadable_module.c:389 Adding API Function 'uuid_video_bandwidth'
2026-09-28 06:49:47.175217 0.00% [NOTICE] switch_loadable_module.c:389 Adding API Function 'uuid_video_refresh'
2026-09-28 06:49:47.175238 0.00% [NOTICE] switch_loadable_module.c:389 Adding API Function 'uuid_outgoing_answer'
2026-09-28 06:49:47.175259 0.00% [NOTICE] switch_loadable_module.c:389 Adding API Function 'uuid_limit'
2026-09-28 06:49:47.175279 0.00% [NOTICE] switch_loadable_module.c:389 Adding API Function 'uuid_limit_release'
2026-09-28 06:49:47.175342 0.00% [NOTICE] switch_loadable_module.c:389 Adding API Function 'uuid_loglevel'
2026-09-28 06:49:47.175360 0.00% [NOTICE] switch_loadable_module.c:389 Adding API Function 'uuid_media'
2026-09-28 06:49:47.175377 0.00% [NOTICE] switch_loadable_module.c:389 Adding API Function 'uuid_media_3p'
2026-09-28 06:49:47.175396 0.00% [NOTICE] switch_loadable_module.c:389 Adding API Function 'uuid_media_reneg'
2026-09-28 06:49:47.175415 0.00% [NOTICE] switch_loadable_module.c:389 Adding API Function 'uuid_park'
2026-09-28 06:49:47.175443 0.00% [NOTICE] switch_loadable_module.c:389 Adding API Function 'uuid_pause'
2026-09-28 06:49:47.175463 0.00% [NOTICE] switch_loadable_module.c:389 Adding API Function 'uuid_phone_event'
2026-09-28 06:49:47.175483 0.00% [NOTICE] switch_loadable_module.c:389 Adding API Function 'uuid_ring_ready'
2026-09-28 06:49:47.175510 0.00% [NOTICE] switch_loadable_module.c:389 Adding API Function 'uuid_pre_answer'
2026-09-28 06:49:47.175532 0.00% [NOTICE] switch_loadable_module.c:389 Adding API Function 'uuid_preprocess'
2026-09-28 06:49:47.175553 0.00% [NOTICE] switch_loadable_module.c:389 Adding API Function 'uuid_record'
2026-09-28 06:49:47.175573 0.00% [NOTICE] switch_loadable_module.c:389 Adding API Function 'uuid_recovery_refresh'
2026-09-28 06:49:47.175607 0.00% [NOTICE] switch_loadable_module.c:389 Adding API Function 'uuid_recv_dtmf'
2026-09-28 06:49:47.175630 0.00% [NOTICE] switch_loadable_module.c:389 Adding API Function 'uuid_redirect'
2026-09-28 06:49:47.175736 0.00% [NOTICE] switch_loadable_module.c:389 Adding API Function 'uuid_send_dtmf'
2026-09-28 06:49:47.175765 0.00% [NOTICE] switch_loadable_module.c:389 Adding API Function 'uuid_session_heartbeat'
2026-09-28 06:49:47.175791 0.00% [NOTICE] switch_loadable_module.c:389 Adding API Function 'uuid_setvar_multi'
2026-09-28 06:49:47.175951 0.00% [NOTICE] switch_loadable_module.c:389 Adding API Function 'uuid_setvar'
2026-09-28 06:49:47.176030 0.00% [NOTICE] switch_loadable_module.c:389 Adding API Function 'uuid_transfer'
2026-09-28 06:49:47.176060 0.00% [NOTICE] switch_loadable_module.c:389 Adding API Function 'uuid_dual_transfer'
2026-09-28 06:49:47.176085 0.00% [NOTICE] switch_loadable_module.c:389 Adding API Function 'uuid_simplify'
2026-09-28 06:49:47.176106 0.00% [NOTICE] switch_loadable_module.c:389 Adding API Function 'uuid_jitterbuffer'
2026-09-28 06:49:47.176231 0.00% [NOTICE] switch_loadable_module.c:389 Adding API Function 'uuid_zombie_exec'
2026-09-28 06:49:47.176259 0.00% [NOTICE] switch_loadable_module.c:389 Adding API Function 'uuid_xfer_zombie'
2026-09-28 06:49:47.176285 0.00% [NOTICE] switch_loadable_module.c:389 Adding API Function 'xml_flush_cache'
2026-09-28 06:49:47.176347 0.00% [NOTICE] switch_loadable_module.c:389 Adding API Function 'xml_locate'
2026-09-28 06:49:47.176374 0.00% [NOTICE] switch_loadable_module.c:389 Adding API Function 'xml_wrap'
2026-09-28 06:49:47.176393 0.00% [NOTICE] switch_loadable_module.c:389 Adding API Function 'file_exists'
2026-09-28 06:49:47.176414 0.00% [NOTICE] switch_loadable_module.c:389 Adding API Function 'getcputime'
2026-09-28 06:49:47.176441 0.00% [NOTICE] switch_loadable_module.c:389 Adding API Function 'json'
2026-09-28 06:49:47.176552 0.00% [NOTICE] switch_loadable_module.c:389 Adding API Function 'memory'
2026-09-28 06:49:47.176582 0.00% [NOTICE] switch_loadable_module.c:389 Adding API Function 'msrp'
2026-09-28 06:49:47.176603 0.00% [NOTICE] switch_loadable_module.c:389 Adding API Function 'uuid_msrp_send'
2026-09-28 06:49:47.176631 0.00% [NOTICE] switch_loadable_module.c:419 Adding JSON API Function 'mediaStats'
2026-09-28 06:49:47.176708 0.00% [NOTICE] switch_loadable_module.c:419 Adding JSON API Function 'status'
2026-09-28 06:49:47.176734 0.00% [NOTICE] switch_loadable_module.c:419 Adding JSON API Function 'fsapi'
2026-09-28 06:49:47.176761 0.00% [NOTICE] switch_loadable_module.c:419 Adding JSON API Function 'execute'
2026-09-28 06:49:47.176787 0.00% [NOTICE] switch_loadable_module.c:419 Adding JSON API Function 'channelData'
2026-09-28 06:49:47.179537 0.00% [CONSOLE] switch_loadable_module.c:1772 Successfully Loaded [mod_conference]
2026-09-28 06:49:47.179570 0.00% [NOTICE] switch_loadable_module.c:329 Adding Application 'conference'
2026-09-28 06:49:47.179599 0.00% [NOTICE] switch_loadable_module.c:329 Adding Application 'conference_set_auto_outcall'
2026-09-28 06:49:47.179619 0.00% [NOTICE] switch_loadable_module.c:389 Adding API Function 'conference'
2026-09-28 06:49:47.179639 0.00% [NOTICE] switch_loadable_module.c:621 Adding Chat interface 'conf'
2026-09-28 06:49:47.180061 0.00% [CONSOLE] sofia_presence.c:1621 Event Thread Started
2026-09-28 06:49:47.182110 0.00% [DEBUG] switch_core_sqldb.c:1494 SQL ERR [no such table: limit_data]
[select * from limit_data]
Auto Generating Table!
2026-09-28 06:49:47.183096 0.00% [DEBUG] switch_core_sqldb.c:1494 SQL ERR [no such table: db_data]
[select * from db_data]
Auto Generating Table!
2026-09-28 06:49:47.184496 0.00% [DEBUG] switch_core_sqldb.c:1494 SQL ERR [no such table: group_data]
[select * from group_data]
Auto Generating Table!
2026-09-28 06:49:47.191772 0.00% [CONSOLE] switch_loadable_module.c:1772 Successfully Loaded [mod_db]
2026-09-28 06:49:47.191821 0.00% [NOTICE] switch_loadable_module.c:329 Adding Application 'db'
2026-09-28 06:49:47.191872 0.00% [NOTICE] switch_loadable_module.c:329 Adding Application 'group'
2026-09-28 06:49:47.191936 0.00% [NOTICE] switch_loadable_module.c:389 Adding API Function 'db'
2026-09-28 06:49:47.191961 0.00% [NOTICE] switch_loadable_module.c:389 Adding API Function 'group'
2026-09-28 06:49:47.191985 0.00% [NOTICE] switch_loadable_module.c:717 Adding Limit interface 'db'
2026-09-28 06:49:47.680912 0.00% [CONSOLE] switch_loadable_module.c:1772 Successfully Loaded [mod_dptools]
2026-09-28 06:49:47.681008 0.00% [NOTICE] switch_loadable_module.c:172 Adding Endpoint 'error'
2026-09-28 06:49:47.681056 0.00% [NOTICE] switch_loadable_module.c:172 Adding Endpoint 'group'
2026-09-28 06:49:47.681072 0.00% [NOTICE] switch_loadable_module.c:172 Adding Endpoint 'user'
2026-09-28 06:49:47.681107 0.00% [NOTICE] switch_loadable_module.c:172 Adding Endpoint 'pickup'
2026-09-28 06:49:47.681120 0.00% [NOTICE] switch_loadable_module.c:273 Adding Dialplan 'inline'
2026-09-28 06:49:47.681133 0.00% [NOTICE] switch_loadable_module.c:329 Adding Application 'blind_transfer_ack'
2026-09-28 06:49:47.681149 0.00% [NOTICE] switch_loadable_module.c:329 Adding Application 'bind_digit_action'
2026-09-28 06:49:47.681199 0.00% [NOTICE] switch_loadable_module.c:329 Adding Application 'capture'
2026-09-28 06:49:47.681212 0.00% [NOTICE] switch_loadable_module.c:329 Adding Application 'clear_digit_action'
2026-09-28 06:49:47.681229 0.00% [NOTICE] switch_loadable_module.c:329 Adding Application 'digit_action_set_realm'
2026-09-28 06:49:47.681242 0.00% [NOTICE] switch_loadable_module.c:329 Adding Application 'privacy'
2026-09-28 06:49:47.681255 0.00% [NOTICE] switch_loadable_module.c:329 Adding Application 'set_audio_level'
2026-09-28 06:49:47.681272 0.00% [NOTICE] switch_loadable_module.c:329 Adding Application 'set_mute'
2026-09-28 06:49:47.681284 0.00% [NOTICE] switch_loadable_module.c:329 Adding Application 'flush_dtmf'
2026-09-28 06:49:47.681296 0.00% [NOTICE] switch_loadable_module.c:329 Adding Application 'hold'
2026-09-28 06:49:47.681308 0.00% [NOTICE] switch_loadable_module.c:329 Adding Application 'unhold'
2026-09-28 06:49:47.681327 0.00% [NOTICE] switch_loadable_module.c:329 Adding Application 'mutex'
2026-09-28 06:49:47.681348 0.00% [NOTICE] switch_loadable_module.c:329 Adding Application 'page'
2026-09-28 06:49:47.681362 0.00% [NOTICE] switch_loadable_module.c:329 Adding Application 'transfer'
2026-09-28 06:49:47.681376 0.00% [NOTICE] switch_loadable_module.c:329 Adding Application 'check_acl'
2026-09-28 06:49:47.681396 0.00% [NOTICE] switch_loadable_module.c:329 Adding Application 'verbose_events'
2026-09-28 06:49:47.681407 0.00% [NOTICE] switch_loadable_module.c:329 Adding Application 'novideo'
2026-09-28 06:49:47.681418 0.00% [NOTICE] switch_loadable_module.c:329 Adding Application 'cng_plc'
2026-09-28 06:49:47.681430 0.00% [NOTICE] switch_loadable_module.c:329 Adding Application 'early_hangup'
2026-09-28 06:49:47.681441 0.00% [NOTICE] switch_loadable_module.c:329 Adding Application 'sleep'
2026-09-28 06:49:47.681454 0.00% [NOTICE] switch_loadable_module.c:329 Adding Application 'delay_echo'
2026-09-28 06:49:47.681465 0.00% [NOTICE] switch_loadable_module.c:329 Adding Application 'strftime'
2026-09-28 06:49:47.681477 0.00% [NOTICE] switch_loadable_module.c:329 Adding Application 'phrase'
2026-09-28 06:49:47.681489 0.00% [NOTICE] switch_loadable_module.c:329 Adding Application 'eval'
2026-09-28 06:49:47.681508 0.00% [NOTICE] switch_loadable_module.c:329 Adding Application 'set_media_stats'
2026-09-28 06:49:47.681548 0.00% [NOTICE] switch_loadable_module.c:329 Adding Application 'stop'
2026-09-28 06:49:47.681585 0.00% [NOTICE] switch_loadable_module.c:329 Adding Application 'set_zombie_exec'
2026-09-28 06:49:47.681600 0.00% [NOTICE] switch_loadable_module.c:329 Adding Application 'pre_answer'
2026-09-28 06:49:47.681612 0.00% [NOTICE] switch_loadable_module.c:329 Adding Application 'answer'
2026-09-28 06:49:47.681623 0.00% [NOTICE] switch_loadable_module.c:329 Adding Application 'wait_for_answer'
2026-09-28 06:49:47.681636 0.00% [NOTICE] switch_loadable_module.c:329 Adding Application 'wait_for_video_ready'
2026-09-28 06:49:47.681651 0.00% [NOTICE] switch_loadable_module.c:329 Adding Application 'hangup'
2026-09-28 06:49:47.681668 0.00% [NOTICE] switch_loadable_module.c:329 Adding Application 'set_name'
2026-09-28 06:49:47.681680 0.00% [NOTICE] switch_loadable_module.c:329 Adding Application 'presence'
2026-09-28 06:49:47.681693 0.00% [NOTICE] switch_loadable_module.c:329 Adding Application 'log'
2026-09-28 06:49:47.681705 0.00% [NOTICE] switch_loadable_module.c:329 Adding Application 'info'
2026-09-28 06:49:47.681721 0.00% [NOTICE] switch_loadable_module.c:329 Adding Application 'event'
2026-09-28 06:49:47.681735 0.00% [NOTICE] switch_loadable_module.c:329 Adding Application 'sound_test'
2026-09-28 06:49:47.681750 0.00% [NOTICE] switch_loadable_module.c:329 Adding Application 'export'
2026-09-28 06:49:47.681770 0.00% [NOTICE] switch_loadable_module.c:329 Adding Application 'bridge_export'
2026-09-28 06:49:47.681782 0.00% [NOTICE] switch_loadable_module.c:329 Adding Application 'set'
2026-09-28 06:49:47.681796 0.00% [NOTICE] switch_loadable_module.c:329 Adding Application 'multiset'
2026-09-28 06:49:47.681814 0.00% [NOTICE] switch_loadable_module.c:329 Adding Application 'push'
2026-09-28 06:49:47.681824 0.00% [NOTICE] switch_loadable_module.c:329 Adding Application 'unshift'
2026-09-28 06:49:47.681836 0.00% [NOTICE] switch_loadable_module.c:329 Adding Application 'set_global'
2026-09-28 06:49:47.681848 0.00% [NOTICE] switch_loadable_module.c:329 Adding Application 'set_profile_var'
2026-09-28 06:49:47.681861 0.00% [NOTICE] switch_loadable_module.c:329 Adding Application 'unset'
2026-09-28 06:49:47.681872 0.00% [NOTICE] switch_loadable_module.c:329 Adding Application 'multiunset'
2026-09-28 06:49:47.681884 0.00% [NOTICE] switch_loadable_module.c:329 Adding Application 'capture_text'
2026-09-28 06:49:47.681899 0.00% [NOTICE] switch_loadable_module.c:329 Adding Application 'acknowledge_call'
2026-09-28 06:49:47.681915 0.00% [NOTICE] switch_loadable_module.c:329 Adding Application 'ring_ready'
2026-09-28 06:49:47.681925 0.00% [NOTICE] switch_loadable_module.c:329 Adding Application 'remove_bugs'
2026-09-28 06:49:47.681936 0.00% [NOTICE] switch_loadable_module.c:329 Adding Application 'break'
2026-09-28 06:49:47.681947 0.00% [NOTICE] switch_loadable_module.c:329 Adding Application 'detect_speech'
2026-09-28 06:49:47.681974 0.00% [NOTICE] switch_loadable_module.c:329 Adding Application 'play_and_detect_speech'
2026-09-28 06:49:47.682015 0.00% [NOTICE] switch_loadable_module.c:329 Adding Application 'ivr'
2026-09-28 06:49:47.682029 0.00% [NOTICE] switch_loadable_module.c:329 Adding Application 'redirect'
2026-09-28 06:49:47.682041 0.00% [NOTICE] switch_loadable_module.c:329 Adding Application 'video_refresh'
2026-09-28 06:49:47.682053 0.00% [NOTICE] switch_loadable_module.c:329 Adding Application 'video_decode'
2026-09-28 06:49:47.682065 0.00% [NOTICE] switch_loadable_module.c:329 Adding Application 'send_info'
2026-09-28 06:49:47.682082 0.00% [NOTICE] switch_loadable_module.c:329 Adding Application 'jitterbuffer'
2026-09-28 06:49:47.682116 0.00% [NOTICE] switch_loadable_module.c:329 Adding Application 'send_display'
2026-09-28 06:49:47.682128 0.00% [NOTICE] switch_loadable_module.c:329 Adding Application 'respond'
2026-09-28 06:49:47.682143 0.00% [NOTICE] switch_loadable_module.c:329 Adding Application 'deflect'
2026-09-28 06:49:47.682162 0.00% [NOTICE] switch_loadable_module.c:329 Adding Application 'recovery_refresh'
2026-09-28 06:49:47.682175 0.00% [NOTICE] switch_loadable_module.c:329 Adding Application 'reuse_caller_profile'
2026-09-28 06:49:47.682192 0.00% [NOTICE] switch_loadable_module.c:329 Adding Application 'queue_dtmf'
2026-09-28 06:49:47.682203 0.00% [NOTICE] switch_loadable_module.c:329 Adding Application 'send_dtmf'
2026-09-28 06:49:47.682214 0.00% [NOTICE] switch_loadable_module.c:329 Adding Application 'sched_cancel'
2026-09-28 06:49:47.682227 0.00% [NOTICE] switch_loadable_module.c:329 Adding Application 'sched_hangup'
2026-09-28 06:49:47.682238 0.00% [NOTICE] switch_loadable_module.c:329 Adding Application 'sched_broadcast'
2026-09-28 06:49:47.682413 0.00% [NOTICE] switch_loadable_module.c:329 Adding Application 'sched_transfer'
2026-09-28 06:49:47.682437 0.00% [NOTICE] switch_loadable_module.c:329 Adding Application 'execute_extension'
2026-09-28 06:49:47.682459 0.00% [NOTICE] switch_loadable_module.c:329 Adding Application 'sched_heartbeat'
2026-09-28 06:49:47.682490 0.00% [NOTICE] switch_loadable_module.c:329 Adding Application 'enable_heartbeat'
2026-09-28 06:49:47.682506 0.00% [NOTICE] switch_loadable_module.c:329 Adding Application 'filter_codecs'
2026-09-28 06:49:47.682517 0.00% [NOTICE] switch_loadable_module.c:329 Adding Application 'enable_keepalive'
2026-09-28 06:49:47.682529 0.00% [NOTICE] switch_loadable_module.c:329 Adding Application 'media_reset'
2026-09-28 06:49:47.682548 0.00% [NOTICE] switch_loadable_module.c:329 Adding Application 'mkdir'
2026-09-28 06:49:47.682560 0.00% [NOTICE] switch_loadable_module.c:329 Adding Application 'rename'
2026-09-28 06:49:47.682577 0.00% [NOTICE] switch_loadable_module.c:329 Adding Application 'transfer_vars'
2026-09-28 06:49:47.682589 0.00% [NOTICE] switch_loadable_module.c:329 Adding Application 'soft_hold'
2026-09-28 06:49:47.682600 0.00% [NOTICE] switch_loadable_module.c:329 Adding Application 'bind_meta_app'
2026-09-28 06:49:47.682644 0.00% [NOTICE] switch_loadable_module.c:329 Adding Application 'unbind_meta_app'
2026-09-28 06:49:47.682655 0.00% [NOTICE] switch_loadable_module.c:329 Adding Application 'block_dtmf'
2026-09-28 06:49:47.682668 0.00% [NOTICE] switch_loadable_module.c:329 Adding Application 'unblock_dtmf'
2026-09-28 06:49:47.682680 0.00% [NOTICE] switch_loadable_module.c:329 Adding Application 'intercept'
2026-09-28 06:49:47.682692 0.00% [NOTICE] switch_loadable_module.c:329 Adding Application 'eavesdrop'
2026-09-28 06:49:47.682705 0.00% [NOTICE] switch_loadable_module.c:329 Adding Application 'native_eavesdrop'
2026-09-28 06:49:47.682721 0.00% [NOTICE] switch_loadable_module.c:329 Adding Application 'three_way'
2026-09-28 06:49:47.682735 0.00% [NOTICE] switch_loadable_module.c:329 Adding Application 'set_user'
2026-09-28 06:49:47.682749 0.00% [NOTICE] switch_loadable_module.c:329 Adding Application 'stop_dtmf'
2026-09-28 06:49:47.682781 0.00% [NOTICE] switch_loadable_module.c:329 Adding Application 'start_dtmf'
2026-09-28 06:49:47.682998 0.00% [NOTICE] switch_loadable_module.c:329 Adding Application 'stop_dtmf_generate'
2026-09-28 06:49:47.683029 0.00% [NOTICE] switch_loadable_module.c:329 Adding Application 'start_dtmf_generate'
2026-09-28 06:49:47.683057 0.00% [NOTICE] switch_loadable_module.c:329 Adding Application 'stop_tone_detect'
2026-09-28 06:49:47.683071 0.00% [NOTICE] switch_loadable_module.c:329 Adding Application 'fax_detect'
2026-09-28 06:49:47.683082 0.00% [NOTICE] switch_loadable_module.c:329 Adding Application 'tone_detect'
2026-09-28 06:49:47.683094 0.00% [NOTICE] switch_loadable_module.c:329 Adding Application 'echo'
2026-09-28 06:49:47.683105 0.00% [NOTICE] switch_loadable_module.c:329 Adding Application 'park'
2026-09-28 06:49:47.683117 0.00% [NOTICE] switch_loadable_module.c:329 Adding Application 'park_state'
2026-09-28 06:49:47.683131 0.00% [NOTICE] switch_loadable_module.c:329 Adding Application 'gentones'
2026-09-28 06:49:47.683173 0.00% [NOTICE] switch_loadable_module.c:329 Adding Application 'playback'
2026-09-28 06:49:47.683195 0.00% [NOTICE] switch_loadable_module.c:329 Adding Application 'broadcast'
2026-09-28 06:49:47.683217 0.00% [NOTICE] switch_loadable_module.c:329 Adding Application 'endless_playback'
2026-09-28 06:49:47.683229 0.00% [NOTICE] switch_loadable_module.c:329 Adding Application 'loop_playback'
2026-09-28 06:49:47.683241 0.00% [NOTICE] switch_loadable_module.c:329 Adding Application 'att_xfer'
2026-09-28 06:49:47.683253 0.00% [NOTICE] switch_loadable_module.c:329 Adding Application 'read'
2026-09-28 06:49:47.683378 0.00% [NOTICE] switch_loadable_module.c:329 Adding Application 'play_and_get_digits'
2026-09-28 06:49:47.683397 0.00% [NOTICE] switch_loadable_module.c:329 Adding Application 'stop_video_write_overlay'
2026-09-28 06:49:47.683408 0.00% [NOTICE] switch_loadable_module.c:329 Adding Application 'video_write_overlay'
2026-09-28 06:49:47.683421 0.00% [NOTICE] switch_loadable_module.c:329 Adding Application 'stop_record_session'
2026-09-28 06:49:47.683435 0.00% [NOTICE] switch_loadable_module.c:329 Adding Application 'record_session'
2026-09-28 06:49:47.683447 0.00% [NOTICE] switch_loadable_module.c:329 Adding Application 'record_session_mask'
2026-09-28 06:49:47.683460 0.00% [NOTICE] switch_loadable_module.c:329 Adding Application 'record_session_unmask'
2026-09-28 06:49:47.683474 0.00% [NOTICE] switch_loadable_module.c:329 Adding Application 'record_session_pause'
2026-09-28 06:49:47.683569 0.00% [NOTICE] switch_loadable_module.c:329 Adding Application 'record_session_resume'
2026-09-28 06:49:47.683636 0.00% [NOTICE] switch_loadable_module.c:329 Adding Application 'record'
2026-09-28 06:49:47.683683 0.00% [NOTICE] switch_loadable_module.c:329 Adding Application 'preprocess'
2026-09-28 06:49:47.683697 0.00% [NOTICE] switch_loadable_module.c:329 Adding Application 'stop_displace_session'
2026-09-28 06:49:47.683708 0.00% [NOTICE] switch_loadable_module.c:329 Adding Application 'displace_session'
2026-09-28 06:49:47.683721 0.00% [NOTICE] switch_loadable_module.c:329 Adding Application 'speak'
2026-09-28 06:49:47.683759 0.00% [NOTICE] switch_loadable_module.c:329 Adding Application 'clear_speech_cache'
2026-09-28 06:49:47.683772 0.00% [NOTICE] switch_loadable_module.c:329 Adding Application 'bridge'
2026-09-28 06:49:47.683783 0.00% [NOTICE] switch_loadable_module.c:329 Adding Application 'system'
2026-09-28 06:49:47.683796 0.00% [NOTICE] switch_loadable_module.c:329 Adding Application 'bgsystem'
2026-09-28 06:49:47.683809 0.00% [NOTICE] switch_loadable_module.c:329 Adding Application 'say'
2026-09-28 06:49:47.683821 0.00% [NOTICE] switch_loadable_module.c:329 Adding Application 'detect_audio'
2026-09-28 06:49:47.683833 0.00% [NOTICE] switch_loadable_module.c:329 Adding Application 'detect_silence'
2026-09-28 06:49:47.683848 0.00% [NOTICE] switch_loadable_module.c:329 Adding Application 'wait_for_silence'
2026-09-28 06:49:47.683862 0.00% [NOTICE] switch_loadable_module.c:329 Adding Application 'session_loglevel'
2026-09-28 06:49:47.683925 0.00% [NOTICE] switch_loadable_module.c:329 Adding Application 'limit'
2026-09-28 06:49:47.683939 0.00% [NOTICE] switch_loadable_module.c:329 Adding Application 'limit_hash'
2026-09-28 06:49:47.683950 0.00% [NOTICE] switch_loadable_module.c:329 Adding Application 'limit_execute'
2026-09-28 06:49:47.683965 0.00% [NOTICE] switch_loadable_module.c:329 Adding Application 'limit_hash_execute'
2026-09-28 06:49:47.683988 0.00% [NOTICE] switch_loadable_module.c:329 Adding Application 'pickup'
2026-09-28 06:49:47.684005 0.00% [NOTICE] switch_loadable_module.c:329 Adding Application 'deduplicate_dtmf'
2026-09-28 06:49:47.684021 0.00% [NOTICE] switch_loadable_module.c:329 Adding Application 'vad_test'
2026-09-28 06:49:47.684034 0.00% [NOTICE] switch_loadable_module.c:329 Adding Application 'debug_media'
2026-09-28 06:49:47.684072 0.00% [NOTICE] switch_loadable_module.c:389 Adding API Function 'strepoch'
2026-09-28 06:49:47.684110 0.00% [NOTICE] switch_loadable_module.c:389 Adding API Function 'page'
2026-09-28 06:49:47.684124 0.00% [NOTICE] switch_loadable_module.c:389 Adding API Function 'strmicroepoch'
2026-09-28 06:49:47.684160 0.00% [NOTICE] switch_loadable_module.c:389 Adding API Function 'chat'
2026-09-28 06:49:47.684183 0.00% [NOTICE] switch_loadable_module.c:389 Adding API Function 'strftime'
2026-09-28 06:49:47.684199 0.00% [NOTICE] switch_loadable_module.c:389 Adding API Function 'presence'
2026-09-28 06:49:47.684213 0.00% [NOTICE] switch_loadable_module.c:455 Adding File Format 'file_string'
2026-09-28 06:49:47.684256 0.00% [NOTICE] switch_loadable_module.c:455 Adding File Format 'file'
2026-09-28 06:49:47.684276 0.00% [NOTICE] switch_loadable_module.c:455 Adding File Format 'tts'
2026-09-28 06:49:47.684288 0.00% [NOTICE] switch_loadable_module.c:621 Adding Chat interface 'event'
2026-09-28 06:49:47.684302 0.00% [NOTICE] switch_loadable_module.c:621 Adding Chat interface 'api'
2026-09-28 06:49:47.684868 0.00% [CONSOLE] switch_loadable_module.c:1772 Successfully Loaded [mod_expr]
2026-09-28 06:49:47.684892 0.00% [NOTICE] switch_loadable_module.c:389 Adding API Function 'expr'
2026-09-28 06:49:47.692505 0.00% [INFO] switch_core_sqldb.c:1840 fifo Starting SQL thread.
2026-09-28 06:49:47.695445 0.00% [DEBUG] switch_core_sqldb.c:1494 SQL ERR [no such table: fifo_outbound]
[delete from fifo_outbound where static = 1 or taking_calls < 0 or stop_time < 0]
Auto Generating Table!
2026-09-28 06:49:47.695530 0.00% [DEBUG] switch_core_sqldb.c:1501 Ignoring SQL ERR [no such table: fifo_outbound]
[drop table fifo_outbound]
2026-09-28 06:49:47.696992 0.00% [DEBUG] switch_core_sqldb.c:1494 SQL ERR [no such table: fifo_bridge]
[delete from fifo_bridge]
Auto Generating Table!
2026-09-28 06:49:47.697069 0.00% [DEBUG] switch_core_sqldb.c:1501 Ignoring SQL ERR [no such table: fifo_bridge]
[drop table fifo_bridge]
2026-09-28 06:49:47.698154 0.00% [DEBUG] switch_core_sqldb.c:1494 SQL ERR [no such table: fifo_callers]
[delete from fifo_callers]
Auto Generating Table!
2026-09-28 06:49:47.698217 0.00% [DEBUG] switch_core_sqldb.c:1501 Ignoring SQL ERR [no such table: fifo_callers]
[drop table fifo_callers]
2026-09-28 06:49:47.699710 0.00% [INFO] mod_fifo.c:4647 cool_fifo@172.25.0.4 configured
2026-09-28 06:49:47.700078 0.00% [CONSOLE] switch_loadable_module.c:1772 Successfully Loaded [mod_fifo]
2026-09-28 06:49:47.700103 0.00% [NOTICE] switch_loadable_module.c:329 Adding Application 'fifo'
2026-09-28 06:49:47.700168 0.00% [NOTICE] switch_loadable_module.c:329 Adding Application 'fifo_track_call'
2026-09-28 06:49:47.700189 0.00% [NOTICE] switch_loadable_module.c:389 Adding API Function 'fifo'
2026-09-28 06:49:47.700203 0.00% [NOTICE] switch_loadable_module.c:389 Adding API Function 'fifo_member'
2026-09-28 06:49:47.700228 0.00% [NOTICE] switch_loadable_module.c:389 Adding API Function 'fifo_add_outbound'
2026-09-28 06:49:47.700286 0.00% [NOTICE] switch_loadable_module.c:389 Adding API Function 'fifo_check_bridge'
2026-09-28 06:49:47.700785 0.00% [DEBUG] switch_scheduler.c:263 Added task 3 limit_hash_cleanup (mod_hash) to run at 1790579087
2026-09-28 06:49:47.700926 0.00% [CONSOLE] switch_loadable_module.c:1772 Successfully Loaded [mod_hash]
2026-09-28 06:49:47.700951 0.00% [NOTICE] switch_loadable_module.c:329 Adding Application 'hash'
2026-09-28 06:49:47.701038 0.00% [NOTICE] switch_loadable_module.c:389 Adding API Function 'hash'
2026-09-28 06:49:47.701071 0.00% [NOTICE] switch_loadable_module.c:389 Adding API Function 'hash_dump'
2026-09-28 06:49:47.701096 0.00% [NOTICE] switch_loadable_module.c:389 Adding API Function 'hash_remote'
2026-09-28 06:49:47.701121 0.00% [NOTICE] switch_loadable_module.c:717 Adding Limit interface 'hash'
2026-09-28 06:49:47.705551 0.00% [DEBUG] switch_core_sqldb.c:1494 SQL ERR [no such table: voicemail_msgs]
[select count(forwarded_by) from voicemail_msgs]
Auto Generating Table!
2026-09-28 06:49:47.705599 0.00% [DEBUG] switch_core_sqldb.c:1508 SQL ERR [no such table: voicemail_msgs]
[alter table voicemail_msgs add forwarded_by varchar(255)]
2026-09-28 06:49:47.705636 0.00% [DEBUG] switch_core_sqldb.c:1494 SQL ERR [no such table: voicemail_msgs]
[select count(forwarded_by) from voicemail_msgs]
Auto Generating Table!
2026-09-28 06:49:47.705669 0.00% [DEBUG] switch_core_sqldb.c:1501 Ignoring SQL ERR [no such table: voicemail_msgs]
[drop table voicemail_msgs]
2026-09-28 06:49:47.706332 0.00% [DEBUG] switch_core_sqldb.c:1494 SQL ERR [no such table: voicemail_prefs]
[select count(username) from voicemail_prefs]
Auto Generating Table!
2026-09-28 06:49:47.706394 0.00% [DEBUG] switch_core_sqldb.c:1501 Ignoring SQL ERR [no such table: voicemail_prefs]
[drop table voicemail_prefs]
2026-09-28 06:49:47.716222 0.00% [INFO] mod_voicemail.c:794 Added Profile default
2026-09-28 06:49:47.716391 0.00% [CONSOLE] switch_loadable_module.c:1772 Successfully Loaded [mod_voicemail]
2026-09-28 06:49:47.716434 0.00% [NOTICE] switch_loadable_module.c:329 Adding Application 'voicemail'
2026-09-28 06:49:47.716568 0.00% [NOTICE] switch_loadable_module.c:389 Adding API Function 'voicemail'
2026-09-28 06:49:47.716601 0.00% [NOTICE] switch_loadable_module.c:389 Adding API Function 'voicemail_inject'
2026-09-28 06:49:47.716656 0.00% [NOTICE] switch_loadable_module.c:389 Adding API Function 'vm_inject'
2026-09-28 06:49:47.716862 0.00% [NOTICE] switch_loadable_module.c:389 Adding API Function 'vm_boxcount'
2026-09-28 06:49:47.716891 0.00% [NOTICE] switch_loadable_module.c:389 Adding API Function 'vm_prefs'
2026-09-28 06:49:47.716907 0.00% [NOTICE] switch_loadable_module.c:389 Adding API Function 'vm_delete'
2026-09-28 06:49:47.716921 0.00% [NOTICE] switch_loadable_module.c:389 Adding API Function 'vm_read'
2026-09-28 06:49:47.716935 0.00% [NOTICE] switch_loadable_module.c:389 Adding API Function 'vm_list'
2026-09-28 06:49:47.716956 0.00% [NOTICE] switch_loadable_module.c:389 Adding API Function 'vm_fsdb_auth_login'
2026-09-28 06:49:47.716980 0.00% [NOTICE] switch_loadable_module.c:389 Adding API Function 'vm_fsdb_msg_count'
2026-09-28 06:49:47.717006 0.00% [NOTICE] switch_loadable_module.c:389 Adding API Function 'vm_fsdb_msg_list'
2026-09-28 06:49:47.717028 0.00% [NOTICE] switch_loadable_module.c:389 Adding API Function 'vm_fsdb_msg_get'
2026-09-28 06:49:47.717051 0.00% [NOTICE] switch_loadable_module.c:389 Adding API Function 'vm_fsdb_msg_delete'
2026-09-28 06:49:47.717077 0.00% [NOTICE] switch_loadable_module.c:389 Adding API Function 'vm_fsdb_msg_undelete'
2026-09-28 06:49:47.717109 0.00% [NOTICE] switch_loadable_module.c:389 Adding API Function 'vm_fsdb_msg_email'
2026-09-28 06:49:47.717122 0.00% [NOTICE] switch_loadable_module.c:389 Adding API Function 'vm_fsdb_msg_purge'
2026-09-28 06:49:47.717133 0.00% [NOTICE] switch_loadable_module.c:389 Adding API Function 'vm_fsdb_msg_save'
2026-09-28 06:49:47.717144 0.00% [NOTICE] switch_loadable_module.c:389 Adding API Function 'vm_fsdb_msg_forward'
2026-09-28 06:49:47.717251 0.00% [NOTICE] switch_loadable_module.c:389 Adding API Function 'vm_fsdb_pref_greeting_set'
2026-09-28 06:49:47.717372 0.00% [NOTICE] switch_loadable_module.c:389 Adding API Function 'vm_fsdb_pref_greeting_get'
2026-09-28 06:49:47.717398 0.00% [NOTICE] switch_loadable_module.c:389 Adding API Function 'vm_fsdb_pref_recname_set'
2026-09-28 06:49:47.717432 0.00% [NOTICE] switch_loadable_module.c:389 Adding API Function 'vm_fsdb_pref_password_set'
2026-09-28 06:49:47.717952 0.00% [CONSOLE] switch_loadable_module.c:1772 Successfully Loaded [mod_esf]
2026-09-28 06:49:47.717986 0.00% [NOTICE] switch_loadable_module.c:329 Adding Application 'esf_page_group'
2026-09-28 06:49:47.718600 0.00% [CONSOLE] switch_loadable_module.c:1772 Successfully Loaded [mod_fsv]
2026-09-28 06:49:47.718628 0.00% [NOTICE] switch_loadable_module.c:329 Adding Application 'play_fsv'
2026-09-28 06:49:47.718698 0.00% [NOTICE] switch_loadable_module.c:329 Adding Application 'record_fsv'
2026-09-28 06:49:47.718716 0.00% [NOTICE] switch_loadable_module.c:329 Adding Application 'play_yuv'
2026-09-28 06:49:47.718738 0.00% [NOTICE] switch_loadable_module.c:329 Adding Application 'decode_video'
2026-09-28 06:49:47.718760 0.00% [NOTICE] switch_loadable_module.c:455 Adding File Format 'fsv'
2026-09-28 06:49:47.719168 0.00% [CONSOLE] switch_loadable_module.c:1772 Successfully Loaded [mod_valet_parking]
2026-09-28 06:49:47.719188 0.00% [NOTICE] switch_loadable_module.c:329 Adding Application 'valet_park'
2026-09-28 06:49:47.719267 0.00% [NOTICE] switch_loadable_module.c:389 Adding API Function 'valet_info'
2026-09-28 06:49:47.727581 0.00% [NOTICE] mod_httapi.c:2171 Profile [default] JSON Function [http://www.freeswitch.org/api/index.cgi]
2026-09-28 06:49:47.727656 0.00% [CONSOLE] switch_loadable_module.c:1772 Successfully Loaded [mod_httapi]
2026-09-28 06:49:47.727690 0.00% [NOTICE] switch_loadable_module.c:329 Adding Application 'httapi'
2026-09-28 06:49:47.727770 0.00% [NOTICE] switch_loadable_module.c:389 Adding API Function 'httapi'
2026-09-28 06:49:47.727793 0.00% [NOTICE] switch_loadable_module.c:455 Adding File Format 'http'
2026-09-28 06:49:47.727811 0.00% [NOTICE] switch_loadable_module.c:455 Adding File Format 'https'
2026-09-28 06:49:47.728544 0.00% [CONSOLE] switch_loadable_module.c:1772 Successfully Loaded [mod_dialplan_xml]
2026-09-28 06:49:47.728581 0.00% [NOTICE] switch_loadable_module.c:273 Adding Dialplan 'XML'
2026-09-28 06:49:47.730048 0.00% [CONSOLE] switch_loadable_module.c:1772 Successfully Loaded [mod_dialplan_asterisk]
2026-09-28 06:49:47.730085 0.00% [NOTICE] switch_loadable_module.c:172 Adding Endpoint 'SIP'
2026-09-28 06:49:47.730180 0.00% [NOTICE] switch_loadable_module.c:172 Adding Endpoint 'IAX2'
2026-09-28 06:49:47.730218 0.00% [NOTICE] switch_loadable_module.c:273 Adding Dialplan 'asterisk'
2026-09-28 06:49:47.730244 0.00% [NOTICE] switch_loadable_module.c:329 Adding Application 'Dial'
2026-09-28 06:49:47.730268 0.00% [NOTICE] switch_loadable_module.c:329 Adding Application 'Goto'
2026-09-28 06:49:47.730290 0.00% [NOTICE] switch_loadable_module.c:329 Adding Application 'AvoidingDeadlock'
2026-09-28 06:49:47.732856 0.00% [DEBUG] mod_spandsp_fax.c:213 FAX timer thread started.
2026-09-28 06:49:47.755093 0.00% [DEBUG] mod_spandsp.c:894 mod_spandsp loaded, using spandsp library version [20120902 163333]
2026-09-28 06:49:47.755125 0.00% [CONSOLE] switch_loadable_module.c:1772 Successfully Loaded [mod_spandsp]
2026-09-28 06:49:47.755162 0.00% [NOTICE] switch_loadable_module.c:172 Adding Endpoint 'modem'
2026-09-28 06:49:47.755271 0.00% [NOTICE] switch_loadable_module.c:223 Adding Codec DVI4 6 ADPCM (IMA) 16000hz 10ms 1ch 64000bps
2026-09-28 06:49:47.755288 0.00% [NOTICE] switch_loadable_module.c:223 Adding Codec DVI4 6 ADPCM (IMA) 16000hz 20ms 1ch 64000bps
2026-09-28 06:49:47.755300 0.00% [NOTICE] switch_loadable_module.c:223 Adding Codec DVI4 6 ADPCM (IMA) 16000hz 30ms 1ch 64000bps
2026-09-28 06:49:47.755367 0.00% [NOTICE] switch_loadable_module.c:223 Adding Codec DVI4 6 ADPCM (IMA) 16000hz 40ms 1ch 64000bps
2026-09-28 06:49:47.755379 0.00% [NOTICE] switch_loadable_module.c:223 Adding Codec DVI4 6 ADPCM (IMA) 16000hz 50ms 1ch 64000bps
2026-09-28 06:49:47.755384 0.00% [NOTICE] switch_loadable_module.c:223 Adding Codec DVI4 6 ADPCM (IMA) 16000hz 60ms 1ch 64000bps
2026-09-28 06:49:47.755388 0.00% [NOTICE] switch_loadable_module.c:223 Adding Codec DVI4 5 ADPCM (IMA) 8000hz 10ms 1ch 32000bps
2026-09-28 06:49:47.755392 0.00% [NOTICE] switch_loadable_module.c:223 Adding Codec DVI4 5 ADPCM (IMA) 8000hz 20ms 1ch 32000bps
2026-09-28 06:49:47.755396 0.00% [NOTICE] switch_loadable_module.c:223 Adding Codec DVI4 5 ADPCM (IMA) 8000hz 30ms 1ch 32000bps
2026-09-28 06:49:47.755400 0.00% [NOTICE] switch_loadable_module.c:223 Adding Codec DVI4 5 ADPCM (IMA) 8000hz 40ms 1ch 32000bps
2026-09-28 06:49:47.755403 0.00% [NOTICE] switch_loadable_module.c:223 Adding Codec DVI4 5 ADPCM (IMA) 8000hz 50ms 1ch 32000bps
2026-09-28 06:49:47.755406 0.00% [NOTICE] switch_loadable_module.c:223 Adding Codec DVI4 5 ADPCM (IMA) 8000hz 60ms 1ch 32000bps
2026-09-28 06:49:47.755410 0.00% [NOTICE] switch_loadable_module.c:223 Adding Codec DVI4 5 ADPCM (IMA) 8000hz 70ms 1ch 32000bps
2026-09-28 06:49:47.755413 0.00% [NOTICE] switch_loadable_module.c:223 Adding Codec DVI4 5 ADPCM (IMA) 8000hz 80ms 1ch 32000bps
2026-09-28 06:49:47.755417 0.00% [NOTICE] switch_loadable_module.c:223 Adding Codec DVI4 5 ADPCM (IMA) 8000hz 90ms 1ch 32000bps
2026-09-28 06:49:47.755420 0.00% [NOTICE] switch_loadable_module.c:223 Adding Codec DVI4 5 ADPCM (IMA) 8000hz 100ms 1ch 32000bps
2026-09-28 06:49:47.755424 0.00% [NOTICE] switch_loadable_module.c:223 Adding Codec DVI4 5 ADPCM (IMA) 8000hz 110ms 1ch 32000bps
2026-09-28 06:49:47.755428 0.00% [NOTICE] switch_loadable_module.c:223 Adding Codec DVI4 5 ADPCM (IMA) 8000hz 120ms 1ch 32000bps
2026-09-28 06:49:47.755481 0.00% [NOTICE] switch_loadable_module.c:223 Adding Codec AAL2-G726-16 124 G.726 16k (AAL2) 8000hz 10ms 1ch 16000bps
2026-09-28 06:49:47.755490 0.00% [NOTICE] switch_loadable_module.c:223 Adding Codec AAL2-G726-16 124 G.726 16k (AAL2) 8000hz 20ms 1ch 16000bps
2026-09-28 06:49:47.755494 0.00% [NOTICE] switch_loadable_module.c:223 Adding Codec AAL2-G726-16 124 G.726 16k (AAL2) 8000hz 30ms 1ch 16000bps
2026-09-28 06:49:47.755498 0.00% [NOTICE] switch_loadable_module.c:223 Adding Codec AAL2-G726-16 124 G.726 16k (AAL2) 8000hz 40ms 1ch 16000bps
2026-09-28 06:49:47.755502 0.00% [NOTICE] switch_loadable_module.c:223 Adding Codec AAL2-G726-16 124 G.726 16k (AAL2) 8000hz 50ms 1ch 16000bps
2026-09-28 06:49:47.755507 0.00% [NOTICE] switch_loadable_module.c:223 Adding Codec AAL2-G726-16 124 G.726 16k (AAL2) 8000hz 60ms 1ch 16000bps
2026-09-28 06:49:47.755511 0.00% [NOTICE] switch_loadable_module.c:223 Adding Codec AAL2-G726-16 124 G.726 16k (AAL2) 8000hz 70ms 1ch 16000bps
2026-09-28 06:49:47.755514 0.00% [NOTICE] switch_loadable_module.c:223 Adding Codec AAL2-G726-16 124 G.726 16k (AAL2) 8000hz 80ms 1ch 16000bps
2026-09-28 06:49:47.755518 0.00% [NOTICE] switch_loadable_module.c:223 Adding Codec AAL2-G726-16 124 G.726 16k (AAL2) 8000hz 90ms 1ch 16000bps
2026-09-28 06:49:47.755524 0.00% [NOTICE] switch_loadable_module.c:223 Adding Codec AAL2-G726-16 124 G.726 16k (AAL2) 8000hz 100ms 1ch 16000bps
2026-09-28 06:49:47.755528 0.00% [NOTICE] switch_loadable_module.c:223 Adding Codec AAL2-G726-16 124 G.726 16k (AAL2) 8000hz 110ms 1ch 16000bps
2026-09-28 06:49:47.755533 0.00% [NOTICE] switch_loadable_module.c:223 Adding Codec AAL2-G726-16 124 G.726 16k (AAL2) 8000hz 120ms 1ch 16000bps
2026-09-28 06:49:47.755584 0.00% [NOTICE] switch_loadable_module.c:223 Adding Codec G726-16 124 G.726 16k 8000hz 10ms 1ch 16000bps
2026-09-28 06:49:47.755596 0.00% [NOTICE] switch_loadable_module.c:223 Adding Codec G726-16 124 G.726 16k 8000hz 20ms 1ch 16000bps
2026-09-28 06:49:47.755604 0.00% [NOTICE] switch_loadable_module.c:223 Adding Codec G726-16 124 G.726 16k 8000hz 30ms 1ch 16000bps
2026-09-28 06:49:47.755612 0.00% [NOTICE] switch_loadable_module.c:223 Adding Codec G726-16 124 G.726 16k 8000hz 40ms 1ch 16000bps
2026-09-28 06:49:47.755620 0.00% [NOTICE] switch_loadable_module.c:223 Adding Codec G726-16 124 G.726 16k 8000hz 50ms 1ch 16000bps
2026-09-28 06:49:47.755629 0.00% [NOTICE] switch_loadable_module.c:223 Adding Codec G726-16 124 G.726 16k 8000hz 60ms 1ch 16000bps
2026-09-28 06:49:47.755637 0.00% [NOTICE] switch_loadable_module.c:223 Adding Codec G726-16 124 G.726 16k 8000hz 70ms 1ch 16000bps
2026-09-28 06:49:47.755646 0.00% [NOTICE] switch_loadable_module.c:223 Adding Codec G726-16 124 G.726 16k 8000hz 80ms 1ch 16000bps
2026-09-28 06:49:47.755654 0.00% [NOTICE] switch_loadable_module.c:223 Adding Codec G726-16 124 G.726 16k 8000hz 90ms 1ch 16000bps
2026-09-28 06:49:47.755663 0.00% [NOTICE] switch_loadable_module.c:223 Adding Codec G726-16 124 G.726 16k 8000hz 100ms 1ch 16000bps
2026-09-28 06:49:47.755671 0.00% [NOTICE] switch_loadable_module.c:223 Adding Codec G726-16 124 G.726 16k 8000hz 110ms 1ch 16000bps
2026-09-28 06:49:47.755708 0.00% [NOTICE] switch_loadable_module.c:223 Adding Codec G726-16 124 G.726 16k 8000hz 120ms 1ch 16000bps
2026-09-28 06:49:47.755779 0.00% [NOTICE] switch_loadable_module.c:223 Adding Codec AAL2-G726-24 123 G.726 24k (AAL2) 8000hz 10ms 1ch 24000bps
2026-09-28 06:49:47.755792 0.00% [NOTICE] switch_loadable_module.c:223 Adding Codec AAL2-G726-24 123 G.726 24k (AAL2) 8000hz 20ms 1ch 24000bps
2026-09-28 06:49:47.755801 0.00% [NOTICE] switch_loadable_module.c:223 Adding Codec AAL2-G726-24 123 G.726 24k (AAL2) 8000hz 30ms 1ch 24000bps
2026-09-28 06:49:47.755809 0.00% [NOTICE] switch_loadable_module.c:223 Adding Codec AAL2-G726-24 123 G.726 24k (AAL2) 8000hz 40ms 1ch 24000bps
2026-09-28 06:49:47.755817 0.00% [NOTICE] switch_loadable_module.c:223 Adding Codec AAL2-G726-24 123 G.726 24k (AAL2) 8000hz 50ms 1ch 24000bps
2026-09-28 06:49:47.755827 0.00% [NOTICE] switch_loadable_module.c:223 Adding Codec AAL2-G726-24 123 G.726 24k (AAL2) 8000hz 60ms 1ch 24000bps
2026-09-28 06:49:47.755870 0.00% [NOTICE] switch_loadable_module.c:223 Adding Codec AAL2-G726-24 123 G.726 24k (AAL2) 8000hz 70ms 1ch 24000bps
2026-09-28 06:49:47.755917 0.00% [NOTICE] switch_loadable_module.c:223 Adding Codec AAL2-G726-24 123 G.726 24k (AAL2) 8000hz 80ms 1ch 24000bps
2026-09-28 06:49:47.755926 0.00% [NOTICE] switch_loadable_module.c:223 Adding Codec AAL2-G726-24 123 G.726 24k (AAL2) 8000hz 90ms 1ch 24000bps
2026-09-28 06:49:47.755934 0.00% [NOTICE] switch_loadable_module.c:223 Adding Codec AAL2-G726-24 123 G.726 24k (AAL2) 8000hz 100ms 1ch 24000bps
2026-09-28 06:49:47.755943 0.00% [NOTICE] switch_loadable_module.c:223 Adding Codec AAL2-G726-24 123 G.726 24k (AAL2) 8000hz 110ms 1ch 24000bps
2026-09-28 06:49:47.755953 0.00% [NOTICE] switch_loadable_module.c:223 Adding Codec AAL2-G726-24 123 G.726 24k (AAL2) 8000hz 120ms 1ch 24000bps
2026-09-28 06:49:47.756032 0.00% [NOTICE] switch_loadable_module.c:223 Adding Codec G726-24 123 G.726 24k 8000hz 10ms 1ch 24000bps
2026-09-28 06:49:47.756099 0.00% [NOTICE] switch_loadable_module.c:223 Adding Codec G726-24 123 G.726 24k 8000hz 20ms 1ch 24000bps
2026-09-28 06:49:47.756114 0.00% [NOTICE] switch_loadable_module.c:223 Adding Codec G726-24 123 G.726 24k 8000hz 30ms 1ch 24000bps
2026-09-28 06:49:47.756122 0.00% [NOTICE] switch_loadable_module.c:223 Adding Codec G726-24 123 G.726 24k 8000hz 40ms 1ch 24000bps
2026-09-28 06:49:47.756130 0.00% [NOTICE] switch_loadable_module.c:223 Adding Codec G726-24 123 G.726 24k 8000hz 50ms 1ch 24000bps
2026-09-28 06:49:47.756138 0.00% [NOTICE] switch_loadable_module.c:223 Adding Codec G726-24 123 G.726 24k 8000hz 60ms 1ch 24000bps
2026-09-28 06:49:47.756146 0.00% [NOTICE] switch_loadable_module.c:223 Adding Codec G726-24 123 G.726 24k 8000hz 70ms 1ch 24000bps
2026-09-28 06:49:47.756153 0.00% [NOTICE] switch_loadable_module.c:223 Adding Codec G726-24 123 G.726 24k 8000hz 80ms 1ch 24000bps
2026-09-28 06:49:47.756161 0.00% [NOTICE] switch_loadable_module.c:223 Adding Codec G726-24 123 G.726 24k 8000hz 90ms 1ch 24000bps
2026-09-28 06:49:47.756168 0.00% [NOTICE] switch_loadable_module.c:223 Adding Codec G726-24 123 G.726 24k 8000hz 100ms 1ch 24000bps
2026-09-28 06:49:47.756175 0.00% [NOTICE] switch_loadable_module.c:223 Adding Codec G726-24 123 G.726 24k 8000hz 110ms 1ch 24000bps
2026-09-28 06:49:47.756183 0.00% [NOTICE] switch_loadable_module.c:223 Adding Codec G726-24 123 G.726 24k 8000hz 120ms 1ch 24000bps
2026-09-28 06:49:47.756268 0.00% [NOTICE] switch_loadable_module.c:223 Adding Codec AAL2-G726-32 122 G.726 32k (AAL2) 8000hz 10ms 1ch 32000bps
2026-09-28 06:49:47.756281 0.00% [NOTICE] switch_loadable_module.c:223 Adding Codec AAL2-G726-32 122 G.726 32k (AAL2) 8000hz 20ms 1ch 32000bps
2026-09-28 06:49:47.756290 0.00% [NOTICE] switch_loadable_module.c:223 Adding Codec AAL2-G726-32 122 G.726 32k (AAL2) 8000hz 30ms 1ch 32000bps
2026-09-28 06:49:47.756298 0.00% [NOTICE] switch_loadable_module.c:223 Adding Codec AAL2-G726-32 122 G.726 32k (AAL2) 8000hz 40ms 1ch 32000bps
2026-09-28 06:49:47.756417 0.00% [NOTICE] switch_loadable_module.c:223 Adding Codec AAL2-G726-32 122 G.726 32k (AAL2) 8000hz 50ms 1ch 32000bps
2026-09-28 06:49:47.756430 0.00% [NOTICE] switch_loadable_module.c:223 Adding Codec AAL2-G726-32 122 G.726 32k (AAL2) 8000hz 60ms 1ch 32000bps
2026-09-28 06:49:47.756437 0.00% [NOTICE] switch_loadable_module.c:223 Adding Codec AAL2-G726-32 122 G.726 32k (AAL2) 8000hz 70ms 1ch 32000bps
2026-09-28 06:49:47.756445 0.00% [NOTICE] switch_loadable_module.c:223 Adding Codec AAL2-G726-32 122 G.726 32k (AAL2) 8000hz 80ms 1ch 32000bps
2026-09-28 06:49:47.756453 0.00% [NOTICE] switch_loadable_module.c:223 Adding Codec AAL2-G726-32 122 G.726 32k (AAL2) 8000hz 90ms 1ch 32000bps
2026-09-28 06:49:47.756461 0.00% [NOTICE] switch_loadable_module.c:223 Adding Codec AAL2-G726-32 122 G.726 32k (AAL2) 8000hz 100ms 1ch 32000bps
2026-09-28 06:49:47.756469 0.00% [NOTICE] switch_loadable_module.c:223 Adding Codec AAL2-G726-32 122 G.726 32k (AAL2) 8000hz 110ms 1ch 32000bps
2026-09-28 06:49:47.756497 0.00% [NOTICE] switch_loadable_module.c:223 Adding Codec AAL2-G726-32 122 G.726 32k (AAL2) 8000hz 120ms 1ch 32000bps
2026-09-28 06:49:47.756576 0.00% [NOTICE] switch_loadable_module.c:223 Adding Codec G726-32 122 G.726 32k 8000hz 10ms 1ch 32000bps
2026-09-28 06:49:47.756591 0.00% [NOTICE] switch_loadable_module.c:223 Adding Codec G726-32 122 G.726 32k 8000hz 20ms 1ch 32000bps
2026-09-28 06:49:47.756600 0.00% [NOTICE] switch_loadable_module.c:223 Adding Codec G726-32 122 G.726 32k 8000hz 30ms 1ch 32000bps
2026-09-28 06:49:47.756699 0.00% [NOTICE] switch_loadable_module.c:223 Adding Codec G726-32 122 G.726 32k 8000hz 40ms 1ch 32000bps
2026-09-28 06:49:47.756709 0.00% [NOTICE] switch_loadable_module.c:223 Adding Codec G726-32 122 G.726 32k 8000hz 50ms 1ch 32000bps
2026-09-28 06:49:47.756718 0.00% [NOTICE] switch_loadable_module.c:223 Adding Codec G726-32 122 G.726 32k 8000hz 60ms 1ch 32000bps
2026-09-28 06:49:47.756723 0.00% [NOTICE] switch_loadable_module.c:223 Adding Codec G726-32 122 G.726 32k 8000hz 70ms 1ch 32000bps
2026-09-28 06:49:47.756727 0.00% [NOTICE] switch_loadable_module.c:223 Adding Codec G726-32 122 G.726 32k 8000hz 80ms 1ch 32000bps
2026-09-28 06:49:47.756731 0.00% [NOTICE] switch_loadable_module.c:223 Adding Codec G726-32 122 G.726 32k 8000hz 90ms 1ch 32000bps
2026-09-28 06:49:47.756735 0.00% [NOTICE] switch_loadable_module.c:223 Adding Codec G726-32 122 G.726 32k 8000hz 100ms 1ch 32000bps
2026-09-28 06:49:47.756739 0.00% [NOTICE] switch_loadable_module.c:223 Adding Codec G726-32 122 G.726 32k 8000hz 110ms 1ch 32000bps
2026-09-28 06:49:47.756742 0.00% [NOTICE] switch_loadable_module.c:223 Adding Codec G726-32 122 G.726 32k 8000hz 120ms 1ch 32000bps
2026-09-28 06:49:47.756781 0.00% [NOTICE] switch_loadable_module.c:223 Adding Codec AAL2-G726-40 121 G.726 40k (AAL2) 8000hz 10ms 1ch 40000bps
2026-09-28 06:49:47.756788 0.00% [NOTICE] switch_loadable_module.c:223 Adding Codec AAL2-G726-40 121 G.726 40k (AAL2) 8000hz 20ms 1ch 40000bps
2026-09-28 06:49:47.756792 0.00% [NOTICE] switch_loadable_module.c:223 Adding Codec AAL2-G726-40 121 G.726 40k (AAL2) 8000hz 30ms 1ch 40000bps
2026-09-28 06:49:47.756796 0.00% [NOTICE] switch_loadable_module.c:223 Adding Codec AAL2-G726-40 121 G.726 40k (AAL2) 8000hz 40ms 1ch 40000bps
2026-09-28 06:49:47.756800 0.00% [NOTICE] switch_loadable_module.c:223 Adding Codec AAL2-G726-40 121 G.726 40k (AAL2) 8000hz 50ms 1ch 40000bps
2026-09-28 06:49:47.756804 0.00% [NOTICE] switch_loadable_module.c:223 Adding Codec AAL2-G726-40 121 G.726 40k (AAL2) 8000hz 60ms 1ch 40000bps
2026-09-28 06:49:47.756807 0.00% [NOTICE] switch_loadable_module.c:223 Adding Codec AAL2-G726-40 121 G.726 40k (AAL2) 8000hz 70ms 1ch 40000bps
2026-09-28 06:49:47.756827 0.00% [NOTICE] switch_loadable_module.c:223 Adding Codec AAL2-G726-40 121 G.726 40k (AAL2) 8000hz 80ms 1ch 40000bps
2026-09-28 06:49:47.756837 0.00% [NOTICE] switch_loadable_module.c:223 Adding Codec AAL2-G726-40 121 G.726 40k (AAL2) 8000hz 90ms 1ch 40000bps
2026-09-28 06:49:47.756845 0.00% [NOTICE] switch_loadable_module.c:223 Adding Codec AAL2-G726-40 121 G.726 40k (AAL2) 8000hz 100ms 1ch 40000bps
2026-09-28 06:49:47.756854 0.00% [NOTICE] switch_loadable_module.c:223 Adding Codec AAL2-G726-40 121 G.726 40k (AAL2) 8000hz 110ms 1ch 40000bps
2026-09-28 06:49:47.756863 0.00% [NOTICE] switch_loadable_module.c:223 Adding Codec AAL2-G726-40 121 G.726 40k (AAL2) 8000hz 120ms 1ch 40000bps
2026-09-28 06:49:47.756932 0.00% [NOTICE] switch_loadable_module.c:223 Adding Codec G726-40 121 G.726 40k 8000hz 10ms 1ch 40000bps
2026-09-28 06:49:47.756945 0.00% [NOTICE] switch_loadable_module.c:223 Adding Codec G726-40 121 G.726 40k 8000hz 20ms 1ch 40000bps
2026-09-28 06:49:47.756953 0.00% [NOTICE] switch_loadable_module.c:223 Adding Codec G726-40 121 G.726 40k 8000hz 30ms 1ch 40000bps
2026-09-28 06:49:47.756962 0.00% [NOTICE] switch_loadable_module.c:223 Adding Codec G726-40 121 G.726 40k 8000hz 40ms 1ch 40000bps
2026-09-28 06:49:47.756969 0.00% [NOTICE] switch_loadable_module.c:223 Adding Codec G726-40 121 G.726 40k 8000hz 50ms 1ch 40000bps
2026-09-28 06:49:47.757049 0.00% [NOTICE] switch_loadable_module.c:223 Adding Codec G726-40 121 G.726 40k 8000hz 60ms 1ch 40000bps
2026-09-28 06:49:47.757063 0.00% [NOTICE] switch_loadable_module.c:223 Adding Codec G726-40 121 G.726 40k 8000hz 70ms 1ch 40000bps
2026-09-28 06:49:47.757075 0.00% [NOTICE] switch_loadable_module.c:223 Adding Codec G726-40 121 G.726 40k 8000hz 80ms 1ch 40000bps
2026-09-28 06:49:47.757083 0.00% [NOTICE] switch_loadable_module.c:223 Adding Codec G726-40 121 G.726 40k 8000hz 90ms 1ch 40000bps
2026-09-28 06:49:47.757109 0.00% [NOTICE] switch_loadable_module.c:223 Adding Codec G726-40 121 G.726 40k 8000hz 100ms 1ch 40000bps
2026-09-28 06:49:47.757117 0.00% [NOTICE] switch_loadable_module.c:223 Adding Codec G726-40 121 G.726 40k 8000hz 110ms 1ch 40000bps
2026-09-28 06:49:47.757124 0.00% [NOTICE] switch_loadable_module.c:223 Adding Codec G726-40 121 G.726 40k 8000hz 120ms 1ch 40000bps
2026-09-28 06:49:47.757288 0.00% [NOTICE] switch_loadable_module.c:223 Adding Codec G722 9 G.722 16000hz 10ms 1ch 64000bps
2026-09-28 06:49:47.757301 0.00% [NOTICE] switch_loadable_module.c:223 Adding Codec G722 9 G.722 16000hz 20ms 1ch 64000bps
2026-09-28 06:49:47.757310 0.00% [NOTICE] switch_loadable_module.c:223 Adding Codec G722 9 G.722 16000hz 30ms 1ch 64000bps
2026-09-28 06:49:47.757319 0.00% [NOTICE] switch_loadable_module.c:223 Adding Codec G722 9 G.722 16000hz 40ms 1ch 64000bps
2026-09-28 06:49:47.757326 0.00% [NOTICE] switch_loadable_module.c:223 Adding Codec G722 9 G.722 16000hz 50ms 1ch 64000bps
2026-09-28 06:49:47.757334 0.00% [NOTICE] switch_loadable_module.c:223 Adding Codec G722 9 G.722 16000hz 60ms 1ch 64000bps
2026-09-28 06:49:47.757358 0.00% [NOTICE] switch_loadable_module.c:223 Adding Codec GSM 3 GSM 8000hz 20ms 1ch 13200bps
2026-09-28 06:49:47.757367 0.00% [NOTICE] switch_loadable_module.c:223 Adding Codec GSM 3 GSM 8000hz 40ms 1ch 13200bps
2026-09-28 06:49:47.757374 0.00% [NOTICE] switch_loadable_module.c:223 Adding Codec GSM 3 GSM 8000hz 60ms 1ch 13200bps
2026-09-28 06:49:47.757383 0.00% [NOTICE] switch_loadable_module.c:223 Adding Codec GSM 3 GSM 8000hz 80ms 1ch 13200bps
2026-09-28 06:49:47.757390 0.00% [NOTICE] switch_loadable_module.c:223 Adding Codec GSM 3 GSM 8000hz 100ms 1ch 13200bps
2026-09-28 06:49:47.757398 0.00% [NOTICE] switch_loadable_module.c:223 Adding Codec GSM 3 GSM 8000hz 120ms 1ch 13200bps
2026-09-28 06:49:47.757466 0.00% [NOTICE] switch_loadable_module.c:223 Adding Codec LPC 7 LPC-10 8000hz 90ms 1ch 2400bps
2026-09-28 06:49:47.757516 0.00% [NOTICE] switch_loadable_module.c:329 Adding Application 't38_gateway'
2026-09-28 06:49:47.757541 0.00% [NOTICE] switch_loadable_module.c:329 Adding Application 'rxfax'
2026-09-28 06:49:47.757571 0.00% [NOTICE] switch_loadable_module.c:329 Adding Application 'txfax'
2026-09-28 06:49:47.757593 0.00% [NOTICE] switch_loadable_module.c:329 Adding Application 'stopfax'
2026-09-28 06:49:47.757617 0.00% [NOTICE] switch_loadable_module.c:329 Adding Application 'spandsp_stop_dtmf'
2026-09-28 06:49:47.757640 0.00% [NOTICE] switch_loadable_module.c:329 Adding Application 'spandsp_start_dtmf'
2026-09-28 06:49:47.757666 0.00% [NOTICE] switch_loadable_module.c:329 Adding Application 'spandsp_stop_inject_tdd'
2026-09-28 06:49:47.757692 0.00% [NOTICE] switch_loadable_module.c:329 Adding Application 'spandsp_inject_tdd'
2026-09-28 06:49:47.757716 0.00% [NOTICE] switch_loadable_module.c:329 Adding Application 'spandsp_stop_detect_tdd'
2026-09-28 06:49:47.757742 0.00% [NOTICE] switch_loadable_module.c:329 Adding Application 'spandsp_detect_tdd'
2026-09-28 06:49:47.757839 0.00% [NOTICE] switch_loadable_module.c:329 Adding Application 'spandsp_send_tdd'
2026-09-28 06:49:47.757853 0.00% [NOTICE] switch_loadable_module.c:329 Adding Application 'spandsp_start_fax_detect'
2026-09-28 06:49:47.757873 0.00% [NOTICE] switch_loadable_module.c:329 Adding Application 'spandsp_stop_fax_detect'
2026-09-28 06:49:47.757907 0.00% [NOTICE] switch_loadable_module.c:329 Adding Application 'spandsp_start_tone_detect'
2026-09-28 06:49:47.757928 0.00% [NOTICE] switch_loadable_module.c:329 Adding Application 'spandsp_stop_tone_detect'
2026-09-28 06:49:47.757949 0.00% [NOTICE] switch_loadable_module.c:389 Adding API Function 'spandsp_start_tone_detect'
2026-09-28 06:49:47.758569 0.00% [NOTICE] switch_loadable_module.c:389 Adding API Function 'spandsp_stop_tone_detect'
2026-09-28 06:49:47.758586 0.00% [NOTICE] switch_loadable_module.c:389 Adding API Function 'start_tdd_detect'
2026-09-28 06:49:47.758598 0.00% [NOTICE] switch_loadable_module.c:389 Adding API Function 'stop_tdd_detect'
2026-09-28 06:49:47.758625 0.00% [NOTICE] switch_loadable_module.c:389 Adding API Function 'uuid_send_tdd'
2026-09-28 06:49:47.759004 0.00% [CONSOLE] switch_loadable_module.c:1772 Successfully Loaded [mod_g723_1]
2026-09-28 06:49:47.759032 0.00% [NOTICE] switch_loadable_module.c:223 Adding Codec G723 4 G.723.1 6.3k 8000hz 120ms 1ch 6300bps
2026-09-28 06:49:47.759039 0.00% [NOTICE] switch_loadable_module.c:223 Adding Codec G723 4 G.723.1 6.3k 8000hz 90ms 1ch 6300bps
2026-09-28 06:49:47.759044 0.00% [NOTICE] switch_loadable_module.c:223 Adding Codec G723 4 G.723.1 6.3k 8000hz 60ms 1ch 6300bps
2026-09-28 06:49:47.759048 0.00% [NOTICE] switch_loadable_module.c:223 Adding Codec G723 4 G.723.1 6.3k 8000hz 30ms 1ch 6300bps
2026-09-28 06:49:47.759383 0.00% [CONSOLE] switch_loadable_module.c:1772 Successfully Loaded [mod_g729]
2026-09-28 06:49:47.759408 0.00% [NOTICE] switch_loadable_module.c:223 Adding Codec G729 18 G.729 8000hz 10ms 1ch 8000bps
2026-09-28 06:49:47.759415 0.00% [NOTICE] switch_loadable_module.c:223 Adding Codec G729 18 G.729 8000hz 20ms 1ch 8000bps
2026-09-28 06:49:47.759419 0.00% [NOTICE] switch_loadable_module.c:223 Adding Codec G729 18 G.729 8000hz 30ms 1ch 8000bps
2026-09-28 06:49:47.759423 0.00% [NOTICE] switch_loadable_module.c:223 Adding Codec G729 18 G.729 8000hz 40ms 1ch 8000bps
2026-09-28 06:49:47.759428 0.00% [NOTICE] switch_loadable_module.c:223 Adding Codec G729 18 G.729 8000hz 50ms 1ch 8000bps
2026-09-28 06:49:47.759432 0.00% [NOTICE] switch_loadable_module.c:223 Adding Codec G729 18 G.729 8000hz 60ms 1ch 8000bps
2026-09-28 06:49:47.759435 0.00% [NOTICE] switch_loadable_module.c:223 Adding Codec G729 18 G.729 8000hz 70ms 1ch 8000bps
2026-09-28 06:49:47.759466 0.00% [NOTICE] switch_loadable_module.c:223 Adding Codec G729 18 G.729 8000hz 80ms 1ch 8000bps
2026-09-28 06:49:47.759470 0.00% [NOTICE] switch_loadable_module.c:223 Adding Codec G729 18 G.729 8000hz 90ms 1ch 8000bps
2026-09-28 06:49:47.759474 0.00% [NOTICE] switch_loadable_module.c:223 Adding Codec G729 18 G.729 8000hz 100ms 1ch 8000bps
2026-09-28 06:49:47.759478 0.00% [NOTICE] switch_loadable_module.c:223 Adding Codec G729 18 G.729 8000hz 110ms 1ch 8000bps
2026-09-28 06:49:47.759496 0.00% [NOTICE] switch_loadable_module.c:223 Adding Codec G729 18 G.729 8000hz 120ms 1ch 8000bps
2026-09-28 06:49:47.759814 0.00% [CONSOLE] switch_loadable_module.c:1772 Successfully Loaded [mod_amr]
2026-09-28 06:49:47.759833 0.00% [NOTICE] switch_loadable_module.c:223 Adding Codec AMR 96 AMR / Octet Aligned 8000hz 20ms 1ch 12200bps
2026-09-28 06:49:47.759895 0.00% [NOTICE] switch_loadable_module.c:223 Adding Codec AMR 97 AMR / Bandwidth Efficient 8000hz 20ms 1ch 12200bps
2026-09-28 06:49:47.760388 0.00% [CONSOLE] switch_loadable_module.c:1772 Successfully Loaded [mod_b64]
2026-09-28 06:49:47.760412 0.00% [NOTICE] switch_loadable_module.c:223 Adding Codec b64 116 B64 (STANDARD) 32000hz 20ms 1ch 684800bps
2026-09-28 06:49:47.760418 0.00% [NOTICE] switch_loadable_module.c:223 Adding Codec b64 116 B64 (STANDARD) 16000hz 20ms 1ch 342400bps
2026-09-28 06:49:47.760422 0.00% [NOTICE] switch_loadable_module.c:223 Adding Codec b64 116 B64 (STANDARD) 8000hz 20ms 1ch 171200bps
2026-09-28 06:49:47.761724 0.00% [CONSOLE] switch_loadable_module.c:1772 Successfully Loaded [mod_opus]
2026-09-28 06:49:47.761748 0.00% [NOTICE] switch_loadable_module.c:229 Adding Codec opus 116 OPUS (STANDARD) 8000hz 40ms 2ch (VBR)
2026-09-28 06:49:47.761756 0.00% [NOTICE] switch_loadable_module.c:229 Adding Codec opus 116 OPUS (STANDARD) 8000hz 40ms 1ch (VBR)
2026-09-28 06:49:47.761760 0.00% [NOTICE] switch_loadable_module.c:229 Adding Codec opus 116 OPUS (STANDARD) 8000hz 120ms 1ch (VBR)
2026-09-28 06:49:47.761765 0.00% [NOTICE] switch_loadable_module.c:229 Adding Codec opus 116 OPUS (STANDARD) 8000hz 100ms 1ch (VBR)
2026-09-28 06:49:47.761768 0.00% [NOTICE] switch_loadable_module.c:229 Adding Codec opus 116 OPUS (STANDARD) 8000hz 80ms 1ch (VBR)
2026-09-28 06:49:47.761779 0.00% [NOTICE] switch_loadable_module.c:229 Adding Codec opus 116 OPUS (STANDARD) 8000hz 60ms 1ch (VBR)
2026-09-28 06:49:47.761784 0.00% [NOTICE] switch_loadable_module.c:229 Adding Codec opus 116 OPUS (STANDARD) 8000hz 20ms 2ch (VBR)
2026-09-28 06:49:47.761787 0.00% [NOTICE] switch_loadable_module.c:229 Adding Codec opus 116 OPUS (STANDARD) 8000hz 20ms 1ch (VBR)
2026-09-28 06:49:47.761791 0.00% [NOTICE] switch_loadable_module.c:229 Adding Codec opus 116 OPUS (STANDARD) 8000hz 10ms 2ch (VBR)
2026-09-28 06:49:47.761795 0.00% [NOTICE] switch_loadable_module.c:229 Adding Codec opus 116 OPUS (STANDARD) 8000hz 10ms 1ch (VBR)
2026-09-28 06:49:47.761798 0.00% [NOTICE] switch_loadable_module.c:229 Adding Codec opus 116 OPUS (STANDARD) 16000hz 40ms 2ch (VBR)
2026-09-28 06:49:47.761802 0.00% [NOTICE] switch_loadable_module.c:229 Adding Codec opus 116 OPUS (STANDARD) 16000hz 40ms 1ch (VBR)
2026-09-28 06:49:47.761805 0.00% [NOTICE] switch_loadable_module.c:229 Adding Codec opus 116 OPUS (STANDARD) 16000hz 60ms 1ch (VBR)
2026-09-28 06:49:47.761829 0.00% [NOTICE] switch_loadable_module.c:229 Adding Codec opus 116 OPUS (STANDARD) 16000hz 20ms 2ch (VBR)
2026-09-28 06:49:47.761834 0.00% [NOTICE] switch_loadable_module.c:229 Adding Codec opus 116 OPUS (STANDARD) 16000hz 20ms 1ch (VBR)
2026-09-28 06:49:47.761839 0.00% [NOTICE] switch_loadable_module.c:229 Adding Codec opus 116 OPUS (STANDARD) 16000hz 10ms 2ch (VBR)
2026-09-28 06:49:47.761848 0.00% [NOTICE] switch_loadable_module.c:229 Adding Codec opus 116 OPUS (STANDARD) 16000hz 10ms 1ch (VBR)
2026-09-28 06:49:47.761857 0.00% [NOTICE] switch_loadable_module.c:229 Adding Codec opus 116 OPUS (STANDARD) 48000hz 40ms 2ch (VBR)
2026-09-28 06:49:47.761865 0.00% [NOTICE] switch_loadable_module.c:229 Adding Codec opus 116 OPUS (STANDARD) 48000hz 40ms 1ch (VBR)
2026-09-28 06:49:47.761872 0.00% [NOTICE] switch_loadable_module.c:229 Adding Codec opus 116 OPUS (STANDARD) 48000hz 20ms 2ch (VBR)
2026-09-28 06:49:47.761899 0.00% [NOTICE] switch_loadable_module.c:229 Adding Codec opus 116 OPUS (STANDARD) 48000hz 20ms 1ch (VBR)
2026-09-28 06:49:47.761908 0.00% [NOTICE] switch_loadable_module.c:229 Adding Codec opus 116 OPUS (STANDARD) 48000hz 10ms 2ch (VBR)
2026-09-28 06:49:47.761916 0.00% [NOTICE] switch_loadable_module.c:229 Adding Codec opus 116 OPUS (STANDARD) 48000hz 10ms 1ch (VBR)
2026-09-28 06:49:47.762155 0.00% [NOTICE] switch_loadable_module.c:389 Adding API Function 'opus_debug'
2026-09-28 06:49:47.762973 0.00% [CRIT] switch_loadable_module.c:1754 Error Loading module /usr/lib/freeswitch/mod/mod_av.so
**Error loading shared library libavformat.so.62: No such file or directory (needed by /usr/lib/freeswitch/mod/mod_av.so)**
2026-09-28 06:49:47.768372 0.00% [INFO] mod_sndfile.c:498 
LibSndFile Version : libsndfile-1.2.2 Supported Formats
================================================================================
AIFF (Apple/SGI)  (extension "aiff")
AU (Sun/NeXT)  (extension "au")
AVR (Audio Visual Research)  (extension "avr")
CAF (Apple Core Audio File)  (extension "caf")
FLAC (Free Lossless Audio Codec)  (extension "flac")
HTK (HMM Tool Kit)  (extension "htk")
IFF (Amiga IFF/SVX8/SV16)  (extension "iff")
MAT4 (GNU Octave 2.0 / Matlab 4.2)  (extension "mat")
MAT5 (GNU Octave 2.1 / Matlab 5.0)  (extension "mat")
MPC (Akai MPC 2k)  (extension "mpc")
MPEG-1/2 Audio  (extension "m1a")
OGG (OGG Container format)  (extension "oga")
OGG (OGG Container format)  (extension "ogg")
PAF (Ensoniq PARIS)  (extension "paf")
PVF (Portable Voice Format)  (extension "pvf")
RAW (header-less)  (extension "raw")
RF64 (RIFF 64)  (extension "rf64")
SD2 (Sound Designer II)  (extension "sd2")
SDS (Midi Sample Dump Standard)  (extension "sds")
SF (Berkeley/IRCAM/CARL)  (extension "sf")
VOC (Creative Labs)  (extension "voc")
W64 (SoundFoundry WAVE 64)  (extension "w64")
WAV (Microsoft)  (extension "wav")
WAV (NIST Sphere)  (extension "wav")
WAVEX (Microsoft)  (extension "wav")
WVE (Psion Series 3)  (extension "wve")
XI (FastTracker 2)  (extension "xi")
================================================================================
2026-09-28 06:49:47.768517 0.00% [CONSOLE] switch_loadable_module.c:1772 Successfully Loaded [mod_sndfile]
2026-09-28 06:49:47.768545 0.00% [NOTICE] switch_loadable_module.c:389 Adding API Function 'sndfile_debug'
2026-09-28 06:49:47.768631 0.00% [NOTICE] switch_loadable_module.c:455 Adding File Format 'aiff'
2026-09-28 06:49:47.768698 0.00% [NOTICE] switch_loadable_module.c:455 Adding File Format 'au'
2026-09-28 06:49:47.768735 0.00% [NOTICE] switch_loadable_module.c:455 Adding File Format 'avr'
2026-09-28 06:49:47.768831 0.00% [NOTICE] switch_loadable_module.c:455 Adding File Format 'caf'
2026-09-28 06:49:47.768858 0.00% [NOTICE] switch_loadable_module.c:455 Adding File Format 'flac'
2026-09-28 06:49:47.768875 0.00% [NOTICE] switch_loadable_module.c:455 Adding File Format 'htk'
2026-09-28 06:49:47.768888 0.00% [NOTICE] switch_loadable_module.c:455 Adding File Format 'iff'
2026-09-28 06:49:47.768902 0.00% [NOTICE] switch_loadable_module.c:455 Adding File Format 'mat'
2026-09-28 06:49:47.768947 0.00% [NOTICE] switch_loadable_module.c:455 Adding File Format 'mpc'
2026-09-28 06:49:47.768964 0.00% [NOTICE] switch_loadable_module.c:455 Adding File Format 'm1a'
2026-09-28 06:49:47.768974 0.00% [NOTICE] switch_loadable_module.c:455 Adding File Format 'oga'
2026-09-28 06:49:47.768986 0.00% [NOTICE] switch_loadable_module.c:455 Adding File Format 'paf'
2026-09-28 06:49:47.769007 0.00% [NOTICE] switch_loadable_module.c:455 Adding File Format 'pvf'
2026-09-28 06:49:47.769018 0.00% [NOTICE] switch_loadable_module.c:455 Adding File Format 'raw'
2026-09-28 06:49:47.769127 0.00% [NOTICE] switch_loadable_module.c:455 Adding File Format 'rf64'
2026-09-28 06:49:47.769224 0.00% [NOTICE] switch_loadable_module.c:455 Adding File Format 'sd2'
2026-09-28 06:49:47.769262 0.00% [NOTICE] switch_loadable_module.c:455 Adding File Format 'sds'
2026-09-28 06:49:47.769286 0.00% [NOTICE] switch_loadable_module.c:455 Adding File Format 'sf'
2026-09-28 06:49:47.769316 0.00% [NOTICE] switch_loadable_module.c:455 Adding File Format 'voc'
2026-09-28 06:49:47.769342 0.00% [NOTICE] switch_loadable_module.c:455 Adding File Format 'w64'
2026-09-28 06:49:47.769372 0.00% [NOTICE] switch_loadable_module.c:455 Adding File Format 'wav'
2026-09-28 06:49:47.769409 0.00% [NOTICE] switch_loadable_module.c:455 Adding File Format 'wve'
2026-09-28 06:49:47.769423 0.00% [NOTICE] switch_loadable_module.c:455 Adding File Format 'xi'
2026-09-28 06:49:47.769435 0.00% [NOTICE] switch_loadable_module.c:455 Adding File Format 'r8'
2026-09-28 06:49:47.769447 0.00% [NOTICE] switch_loadable_module.c:455 Adding File Format 'r16'
2026-09-28 06:49:47.769458 0.00% [NOTICE] switch_loadable_module.c:455 Adding File Format 'r24'
2026-09-28 06:49:47.769489 0.00% [NOTICE] switch_loadable_module.c:455 Adding File Format 'r32'
2026-09-28 06:49:47.769500 0.00% [NOTICE] switch_loadable_module.c:455 Adding File Format 'gsm'
2026-09-28 06:49:47.769512 0.00% [NOTICE] switch_loadable_module.c:455 Adding File Format 'ul'
2026-09-28 06:49:47.769523 0.00% [NOTICE] switch_loadable_module.c:455 Adding File Format 'ulaw'
2026-09-28 06:49:47.769713 0.00% [NOTICE] switch_loadable_module.c:455 Adding File Format 'al'
2026-09-28 06:49:47.769740 0.00% [NOTICE] switch_loadable_module.c:455 Adding File Format 'alaw'
2026-09-28 06:49:47.769757 0.00% [NOTICE] switch_loadable_module.c:455 Adding File Format 'adpcm'
2026-09-28 06:49:47.769771 0.00% [NOTICE] switch_loadable_module.c:455 Adding File Format 'vox'
2026-09-28 06:49:47.769784 0.00% [NOTICE] switch_loadable_module.c:455 Adding File Format 'oga'
2026-09-28 06:49:47.769796 0.00% [NOTICE] switch_loadable_module.c:455 Adding File Format 'ogg'
2026-09-28 06:49:47.770266 0.00% [CONSOLE] switch_loadable_module.c:1772 Successfully Loaded [mod_native_file]
2026-09-28 06:49:47.770292 0.00% [NOTICE] switch_loadable_module.c:455 Adding File Format 'AAL2-G726-32'
2026-09-28 06:49:47.770380 0.00% [NOTICE] switch_loadable_module.c:455 Adding File Format 'DVI4'
2026-09-28 06:49:47.770402 0.00% [NOTICE] switch_loadable_module.c:455 Adding File Format 'PCMU'
2026-09-28 06:49:47.770420 0.00% [NOTICE] switch_loadable_module.c:455 Adding File Format 'G722'
2026-09-28 06:49:47.770454 0.00% [NOTICE] switch_loadable_module.c:455 Adding File Format 'AAL2-G726-24'
2026-09-28 06:49:47.770478 0.00% [NOTICE] switch_loadable_module.c:455 Adding File Format 'AAL2-G726-40'
2026-09-28 06:49:47.770490 0.00% [NOTICE] switch_loadable_module.c:455 Adding File Format 'L16'
2026-09-28 06:49:47.770501 0.00% [NOTICE] switch_loadable_module.c:455 Adding File Format 'G726-16'
2026-09-28 06:49:47.770540 0.00% [NOTICE] switch_loadable_module.c:455 Adding File Format 'PCMA'
2026-09-28 06:49:47.770555 0.00% [NOTICE] switch_loadable_module.c:455 Adding File Format 'G726-24'
2026-09-28 06:49:47.770572 0.00% [NOTICE] switch_loadable_module.c:455 Adding File Format 'G729'
2026-09-28 06:49:47.770582 0.00% [NOTICE] switch_loadable_module.c:455 Adding File Format 'AAL2-G726-16'
2026-09-28 06:49:47.770596 0.00% [NOTICE] switch_loadable_module.c:455 Adding File Format 'G726-32'
2026-09-28 06:49:47.770611 0.00% [NOTICE] switch_loadable_module.c:455 Adding File Format 'GSM'
2026-09-28 06:49:47.770622 0.00% [NOTICE] switch_loadable_module.c:455 Adding File Format 'G726-40'
2026-09-28 06:49:47.770634 0.00% [NOTICE] switch_loadable_module.c:455 Adding File Format 'G723'
2026-09-28 06:49:47.770646 0.00% [NOTICE] switch_loadable_module.c:455 Adding File Format 'LPC'
2026-09-28 06:49:47.770993 0.00% [CONSOLE] switch_loadable_module.c:1772 Successfully Loaded [mod_png]
2026-09-28 06:49:47.771011 0.00% [NOTICE] switch_loadable_module.c:389 Adding API Function 'uuid_write_png'
2026-09-28 06:49:47.771065 0.00% [NOTICE] switch_loadable_module.c:455 Adding File Format 'png'
2026-09-28 06:49:47.773369 0.00% [CONSOLE] switch_loadable_module.c:1772 Successfully Loaded [mod_local_stream]
2026-09-28 06:49:47.773413 0.00% [NOTICE] switch_loadable_module.c:389 Adding API Function 'local_stream'
2026-09-28 06:49:47.773497 0.00% [NOTICE] switch_loadable_module.c:455 Adding File Format 'local_stream'
2026-09-28 06:49:47.774198 0.00% [CONSOLE] switch_loadable_module.c:1772 Successfully Loaded [mod_tone_stream]
2026-09-28 06:49:47.774231 0.00% [NOTICE] switch_loadable_module.c:455 Adding File Format 'tone_stream'
2026-09-28 06:49:47.774309 0.00% [NOTICE] switch_loadable_module.c:455 Adding File Format 'silence_stream'
2026-09-28 06:49:47.776328 0.00% [DEBUG] switch_loadable_module.c:1706 Loading module with global namespace at request of module
2026-09-28 06:49:47.776377 0.00% [CONSOLE] switch_loadable_module.c:1772 Successfully Loaded [mod_lua]
2026-09-28 06:49:47.776399 0.00% [NOTICE] switch_loadable_module.c:273 Adding Dialplan 'LUA'
2026-09-28 06:49:47.776469 0.00% [NOTICE] switch_loadable_module.c:329 Adding Application 'lua'
2026-09-28 06:49:47.776501 0.00% [NOTICE] switch_loadable_module.c:359 Adding Chat Application 'lua'
2026-09-28 06:49:47.776517 0.00% [NOTICE] switch_loadable_module.c:389 Adding API Function 'luarun'
2026-09-28 06:49:47.776531 0.00% [NOTICE] switch_loadable_module.c:389 Adding API Function 'lua'
2026-09-28 06:49:47.776913 0.00% [CONSOLE] switch_loadable_module.c:1772 Successfully Loaded [mod_say_en]
2026-09-28 06:49:47.776938 0.00% [NOTICE] switch_loadable_module.c:651 Adding Say interface 'en'
2026-09-28 06:49:47.777047 0.00% [CONSOLE] switch_loadable_module.c:149 Starting runtime thread for mod_verto
2026-09-28 06:49:47.777422 0.00% [CONSOLE] switch_loadable_module.c:149 Starting runtime thread for mod_event_socket
2026-09-28 06:49:47.777695 0.00% [CONSOLE] switch_loadable_module.c:149 Starting runtime thread for CORE_SOFTTIMER_MODULE
2026-09-28 06:49:47.778288 100.00% [INFO] switch_time.c:627 Clock synchronized to system time.
2026-09-28 06:49:47.778433 100.00% [DEBUG] mod_event_socket.c:2979 Socket up listening on 0.0.0.0:8021
2026-09-28 06:49:47.778974 100.00% [DEBUG] switch_loadable_module.c:910 Chat Thread Started
2026-09-28 06:49:47.779362 100.00% [DEBUG] switch_loadable_module.c:910 Chat Thread Started
2026-09-28 06:49:47.779702 100.00% [NOTICE] switch_core.c:1482 Created ip list rfc6598.auto default (deny)
2026-09-28 06:49:47.779720 100.00% [NOTICE] switch_utils.c:665 Adding 100.64.0.0/10 (allow) [] to list rfc6598.auto
2026-09-28 06:49:47.779736 100.00% [NOTICE] switch_core.c:1488 Created ip list rfc1918.auto default (deny)
2026-09-28 06:49:47.779746 100.00% [NOTICE] switch_utils.c:665 Adding 10.0.0.0/8 (allow) [] to list rfc1918.auto
2026-09-28 06:49:47.779755 100.00% [NOTICE] switch_utils.c:665 Adding 172.16.0.0/12 (allow) [] to list rfc1918.auto
2026-09-28 06:49:47.779764 100.00% [NOTICE] switch_utils.c:665 Adding 192.168.0.0/16 (allow) [] to list rfc1918.auto
2026-09-28 06:49:47.779773 100.00% [NOTICE] switch_utils.c:665 Adding fe80::/10 (allow) [] to list rfc1918.auto
2026-09-28 06:49:47.779778 100.00% [NOTICE] switch_core.c:1497 Created ip list wan.auto default (allow)
2026-09-28 06:49:47.779781 100.00% [NOTICE] switch_utils.c:665 Adding 0.0.0.0/8 (deny) [] to list wan.auto
2026-09-28 06:49:47.779785 100.00% [NOTICE] switch_utils.c:665 Adding 10.0.0.0/8 (deny) [] to list wan.auto
2026-09-28 06:49:47.779789 100.00% [NOTICE] switch_utils.c:665 Adding 172.16.0.0/12 (deny) [] to list wan.auto
2026-09-28 06:49:47.779793 100.00% [NOTICE] switch_utils.c:665 Adding 192.168.0.0/16 (deny) [] to list wan.auto
2026-09-28 06:49:47.779819 100.00% [NOTICE] switch_utils.c:665 Adding 169.254.0.0/16 (deny) [] to list wan.auto
2026-09-28 06:49:47.779823 100.00% [NOTICE] switch_utils.c:665 Adding 100.64.0.0/10 (deny) [] to list wan.auto
2026-09-28 06:49:47.779827 100.00% [NOTICE] switch_utils.c:665 Adding fe80::/10 (deny) [] to list wan.auto
2026-09-28 06:49:47.779831 100.00% [NOTICE] switch_core.c:1509 Created ip list wan_v6.auto default (allow)
2026-09-28 06:49:47.779834 100.00% [NOTICE] switch_utils.c:665 Adding 0.0.0.0/0 (deny) [] to list wan_v6.auto
2026-09-28 06:49:47.779838 100.00% [NOTICE] switch_utils.c:665 Adding fe80::/10 (deny) [] to list wan_v6.auto
2026-09-28 06:49:47.779841 100.00% [NOTICE] switch_core.c:1517 Created ip list wan_v4.auto default (allow)
2026-09-28 06:49:47.779844 100.00% [NOTICE] switch_utils.c:665 Adding 0.0.0.0/8 (deny) [] to list wan_v4.auto
2026-09-28 06:49:47.779848 100.00% [NOTICE] switch_utils.c:665 Adding 10.0.0.0/8 (deny) [] to list wan_v4.auto
2026-09-28 06:49:47.779851 100.00% [NOTICE] switch_utils.c:665 Adding 172.16.0.0/12 (deny) [] to list wan_v4.auto
2026-09-28 06:49:47.779854 100.00% [NOTICE] switch_utils.c:665 Adding 192.168.0.0/16 (deny) [] to list wan_v4.auto
2026-09-28 06:49:47.779858 100.00% [NOTICE] switch_utils.c:665 Adding 169.254.0.0/16 (deny) [] to list wan_v4.auto
2026-09-28 06:49:47.779861 100.00% [NOTICE] switch_utils.c:665 Adding 100.64.0.0/10 (deny) [] to list wan_v4.auto
2026-09-28 06:49:47.779865 100.00% [NOTICE] switch_utils.c:665 Adding ::/0 (deny) [] to list wan_v4.auto
2026-09-28 06:49:47.779872 100.00% [NOTICE] switch_core.c:1530 Created ip list any_v6.auto default (allow)
2026-09-28 06:49:47.779917 100.00% [NOTICE] switch_utils.c:665 Adding 0.0.0.0/0 (deny) [] to list any_v6.auto
2026-09-28 06:49:47.779924 100.00% [NOTICE] switch_core.c:1537 Created ip list any_v4.auto default (allow)
2026-09-28 06:49:47.779927 100.00% [NOTICE] switch_utils.c:665 Adding ::/0 (deny) [] to list any_v4.auto
2026-09-28 06:49:47.779930 100.00% [NOTICE] switch_core.c:1544 Created ip list nat.auto default (deny)
2026-09-28 06:49:47.779934 100.00% [NOTICE] switch_core.c:1546 Adding 172.25.0.4/255.255.0.0 (deny) to list nat.auto
2026-09-28 06:49:47.779938 100.00% [NOTICE] switch_utils.c:665 Adding 10.0.0.0/8 (allow) [] to list nat.auto
2026-09-28 06:49:47.779942 100.00% [NOTICE] switch_utils.c:665 Adding 172.16.0.0/12 (allow) [] to list nat.auto
2026-09-28 06:49:47.779946 100.00% [NOTICE] switch_utils.c:665 Adding 192.168.0.0/16 (allow) [] to list nat.auto
2026-09-28 06:49:47.779949 100.00% [NOTICE] switch_utils.c:665 Adding 100.64.0.0/10 (allow) [] to list nat.auto
2026-09-28 06:49:47.779953 100.00% [NOTICE] switch_core.c:1556 Created ip list loopback.auto default (deny)
2026-09-28 06:49:47.779956 100.00% [NOTICE] switch_utils.c:665 Adding 127.0.0.0/8 (allow) [] to list loopback.auto
2026-09-28 06:49:47.779960 100.00% [NOTICE] switch_utils.c:665 Adding ::1/128 (allow) [] to list loopback.auto
2026-09-28 06:49:47.779964 100.00% [NOTICE] switch_core.c:1563 Created ip list localnet.auto default (deny)
2026-09-28 06:49:47.780047 100.00% [NOTICE] switch_core.c:1566 Adding 172.25.0.4/255.255.0.0 (allow) to list localnet.auto
2026-09-28 06:49:47.780064 100.00% [CONSOLE] switch_core.c:1593 Created ip list obd-dev-acl default (deny)
2026-09-28 06:49:47.780073 100.00% [NOTICE] switch_utils.c:665 Adding 127.0.0.1/32 (allow) [] to list obd-dev-acl
2026-09-28 06:49:47.780079 100.00% [NOTICE] switch_utils.c:665 Adding ::1/128 (allow) [] to list obd-dev-acl
2026-09-28 06:49:47.780084 100.00% [NOTICE] switch_utils.c:665 Adding 10.0.0.0/8 (allow) [] to list obd-dev-acl
2026-09-28 06:49:47.780096 100.00% [NOTICE] switch_utils.c:665 Adding 172.16.0.0/12 (allow) [] to list obd-dev-acl
2026-09-28 06:49:47.780101 100.00% [NOTICE] switch_utils.c:665 Adding 192.168.0.0/16 (allow) [] to list obd-dev-acl
2026-09-28 06:49:47.780105 100.00% [CONSOLE] switch_core.c:1593 Created ip list domains default (deny)
2026-09-28 06:49:47.780153 100.00% [NOTICE] switch_utils.c:665 Adding 192.0.2.0/24 (allow) [brian@172.25.0.4] to list domains
2026-09-28 06:49:47.780276 100.00% [CONSOLE] switch_core.c:2497 [m[33m[44m
.=============================================================.
|   _____              ______        _____ _____ ____ _   _   |
|  |  ___| __ ___  ___/ ___\ \      / /_ _|_   _/ ___| | | |  |
|  | |_ | '__/ _ \/ _ \___ \\ \ /\ / / | |  | || |   | |_| |  |
|  |  _|| | |  __/  __/___) |\ V  V /  | |  | || |___|  _  |  |
|  |_|  |_|  \___|\___|____/  \_/\_/  |___| |_| \____|_| |_|  |
|                                                             |
.=============================================================.
|   Anthony Minessale II, Michael Jerris, Brian West, Others  |
|   FreeSWITCH (http://www.freeswitch.org)                    |
|   Paypal Donations Appreciated: paypal@freeswitch.org       |
|   Brought to you by ClueCon http://www.cluecon.com/         |
.=============================================================.

.===============================================================.
|       _                                                       |
|   ___| |_   _  ___  ___ ___  _ __         ___ ___  _ __ ___   |
|  / __| | | | |/ _ \/ __/ _ \| '_ \       / __/ _ \| '_ ` _ \  |
| | (__| | |_| |  __/ (_| (_) | | | |  _  | (_| (_) | | | | | | |
|  \___|_|\__,_|\___|\___\___/|_| |_| (_)  \___\___/|_| |_| |_| |
|                                                               |
.===============================================================.
[m

2026-09-28 06:49:47.780292 100.00% [INFO] switch_core.c:2506 
FreeSWITCH Version 1.11.1-release~64bit ( 64bit)

FreeSWITCH Started
Max Sessions [1000]
Session Rate [30]
SQL [Enabled]
2026-09-28 06:49:47.780302 100.00% [CONSOLE] switch_core.c:2514 
[This app Best viewed at 160x60 or more..]
2026-09-28 06:51:16.842352 88.97% [INFO] switch_core.c:2894 Shutting down
2026-09-28 06:51:16.842352 88.97% [DEBUG] switch_console.c:1088 Editline thread exiting
2026-09-28 06:51:16.882340 88.97% [CONSOLE] switch_core.c:3041 End existing sessions
2026-09-28 06:51:16.882340 88.97% [CONSOLE] switch_core.c:3043 Clean up modules.
2026-09-28 06:51:16.882340 88.97% [DEBUG] switch_loadable_module.c:919 Chat Thread Ended
2026-09-28 06:51:16.882340 88.97% [DEBUG] switch_loadable_module.c:919 Chat Thread Ended
2026-09-28 06:51:16.882340 88.97% [NOTICE] switch_loadable_module.c:1230 Deleting Application 'play_fsv'
2026-09-28 06:51:16.882340 88.97% [DEBUG] switch_loadable_module.c:1232 Write lock interface 'play_fsv' to wait for existing references.
2026-09-28 06:51:16.882340 88.97% [NOTICE] switch_loadable_module.c:1230 Deleting Application 'record_fsv'
2026-09-28 06:51:16.882340 88.97% [DEBUG] switch_loadable_module.c:1232 Write lock interface 'record_fsv' to wait for existing references.
2026-09-28 06:51:16.882340 88.97% [NOTICE] switch_loadable_module.c:1230 Deleting Application 'play_yuv'
2026-09-28 06:51:16.882340 88.97% [DEBUG] switch_loadable_module.c:1232 Write lock interface 'play_yuv' to wait for existing references.
2026-09-28 06:51:16.882340 88.97% [NOTICE] switch_loadable_module.c:1230 Deleting Application 'decode_video'
2026-09-28 06:51:16.882340 88.97% [DEBUG] switch_loadable_module.c:1232 Write lock interface 'decode_video' to wait for existing references.
2026-09-28 06:51:16.882340 88.97% [DEBUG] switch_loadable_module.c:1350 Write lock interface 'mod_fsv' to wait for existing references.
2026-09-28 06:51:16.882340 88.97% [NOTICE] switch_loadable_module.c:1360 Deleting File Format 'fsv'
2026-09-28 06:51:16.902321 88.97% [CONSOLE] switch_loadable_module.c:2357 mod_fsv has no shutdown routine
2026-09-28 06:51:16.902321 88.97% [NOTICE] switch_loadable_module.c:1230 Deleting Application 'hash'
2026-09-28 06:51:16.902321 88.97% [DEBUG] switch_loadable_module.c:1232 Write lock interface 'hash' to wait for existing references.
2026-09-28 06:51:16.902321 88.97% [NOTICE] switch_loadable_module.c:1285 Deleting API Function 'hash'
2026-09-28 06:51:16.902321 88.97% [DEBUG] switch_loadable_module.c:1287 Write lock interface 'hash' to wait for existing references.
2026-09-28 06:51:16.902321 88.97% [NOTICE] switch_loadable_module.c:1285 Deleting API Function 'hash_dump'
2026-09-28 06:51:16.902321 88.97% [DEBUG] switch_loadable_module.c:1287 Write lock interface 'hash_dump' to wait for existing references.
2026-09-28 06:51:16.902321 88.97% [NOTICE] switch_loadable_module.c:1285 Deleting API Function 'hash_remote'
2026-09-28 06:51:16.902321 88.97% [DEBUG] switch_loadable_module.c:1287 Write lock interface 'hash_remote' to wait for existing references.
2026-09-28 06:51:16.902321 88.97% [NOTICE] switch_loadable_module.c:1608 Deleting Limit interface 'hash'
2026-09-28 06:51:16.902321 88.97% [CONSOLE] switch_loadable_module.c:2354 Stopping: mod_hash
2026-09-28 06:51:16.902321 88.97% [NOTICE] switch_loadable_module.c:1153 Deleting Codec VP8 99 VP8 Video 90000hz 0ms
2026-09-28 06:51:16.902321 88.97% [NOTICE] switch_loadable_module.c:1153 Deleting Codec VP9 99 VP9 Video 90000hz 0ms
2026-09-28 06:51:16.902321 88.97% [NOTICE] switch_loadable_module.c:1285 Deleting API Function 'vpx'
2026-09-28 06:51:16.902321 88.97% [DEBUG] switch_loadable_module.c:1287 Write lock interface 'vpx' to wait for existing references.
2026-09-28 06:51:16.898466 88.73% [INFO] switch_core.c:2894 Shutting down
2026-09-28 06:51:16.902321 88.97% [CONSOLE] switch_loadable_module.c:2354 Stopping: CORE_VPX_MODULE
2026-09-28 06:51:16.918229 88.73% [DEBUG] switch_console.c:1088 Editline thread exiting
2026-09-28 06:51:16.902321 88.97% [NOTICE] switch_loadable_module.c:1153 Deleting Codec SPEEX 99 Speex 32000hz 20ms
2026-09-28 06:51:16.902321 88.97% [NOTICE] switch_loadable_module.c:1153 Deleting Codec SPEEX 99 Speex 16000hz 20ms
2026-09-28 06:51:16.902321 88.97% [NOTICE] switch_loadable_module.c:1153 Deleting Codec SPEEX 99 Speex 8000hz 20ms
2026-09-28 06:51:16.902321 88.97% [CONSOLE] switch_loadable_module.c:2357 CORE_SPEEX_MODULE has no shutdown routine
2026-09-28 06:51:16.902321 88.97% [DEBUG] switch_loadable_module.c:1350 Write lock interface 'mod_native_file' to wait for existing references.
2026-09-28 06:51:16.902321 88.97% [NOTICE] switch_loadable_module.c:1360 Deleting File Format 'AAL2-G726-32'
2026-09-28 06:51:16.902321 88.97% [NOTICE] switch_loadable_module.c:1360 Deleting File Format 'DVI4'
2026-09-28 06:51:16.902321 88.97% [NOTICE] switch_loadable_module.c:1360 Deleting File Format 'PCMU'
2026-09-28 06:51:16.902321 88.97% [NOTICE] switch_loadable_module.c:1360 Deleting File Format 'G722'
2026-09-28 06:51:16.902321 88.97% [NOTICE] switch_loadable_module.c:1360 Deleting File Format 'AAL2-G726-24'
2026-09-28 06:51:16.902321 88.97% [NOTICE] switch_loadable_module.c:1360 Deleting File Format 'AAL2-G726-40'
2026-09-28 06:51:16.902321 88.97% [NOTICE] switch_loadable_module.c:1360 Deleting File Format 'L16'
2026-09-28 06:51:16.902321 88.97% [NOTICE] switch_loadable_module.c:1360 Deleting File Format 'G726-16'
2026-09-28 06:51:16.902321 88.97% [NOTICE] switch_loadable_module.c:1360 Deleting File Format 'PCMA'
2026-09-28 06:51:16.902321 88.97% [NOTICE] switch_loadable_module.c:1360 Deleting File Format 'G726-24'
2026-09-28 06:51:16.902321 88.97% [NOTICE] switch_loadable_module.c:1360 Deleting File Format 'G729'
2026-09-28 06:51:16.902321 88.97% [NOTICE] switch_loadable_module.c:1360 Deleting File Format 'AAL2-G726-16'
2026-09-28 06:51:16.902321 88.97% [NOTICE] switch_loadable_module.c:1360 Deleting File Format 'G726-32'
2026-09-28 06:51:16.902321 88.97% [NOTICE] switch_loadable_module.c:1360 Deleting File Format 'GSM'
2026-09-28 06:51:16.902321 88.97% [NOTICE] switch_loadable_module.c:1360 Deleting File Format 'G726-40'
2026-09-28 06:51:16.902321 88.97% [NOTICE] switch_loadable_module.c:1360 Deleting File Format 'G723'
2026-09-28 06:51:16.902321 88.97% [NOTICE] switch_loadable_module.c:1360 Deleting File Format 'LPC'
2026-09-28 06:51:16.902321 88.97% [CONSOLE] switch_loadable_module.c:2357 mod_native_file has no shutdown routine
2026-09-28 06:51:16.902321 88.97% [NOTICE] switch_loadable_module.c:1285 Deleting API Function 'cdr_csv'
2026-09-28 06:51:16.902321 88.97% [DEBUG] switch_loadable_module.c:1287 Write lock interface 'cdr_csv' to wait for existing references.
2026-09-28 06:51:16.902321 88.97% [CONSOLE] switch_loadable_module.c:2354 Stopping: mod_cdr_csv
2026-09-28 06:51:16.902321 88.97% [DEBUG] switch_event.c:2157 Event Binding deleted for mod_cdr_csv:TRAP
2026-09-28 06:51:16.922331 88.97% [DEBUG] switch_loadable_module.c:1117 Write lock interface 'loopback' to wait for existing references.
2026-09-28 06:51:16.922331 88.97% [NOTICE] switch_loadable_module.c:1125 Deleting Endpoint 'loopback'
2026-09-28 06:51:16.938270 88.73% [CONSOLE] switch_core.c:3041 End existing sessions
2026-09-28 06:51:16.922331 88.97% [DEBUG] switch_loadable_module.c:1117 Write lock interface 'null' to wait for existing references.
2026-09-28 06:51:16.922331 88.97% [NOTICE] switch_loadable_module.c:1125 Deleting Endpoint 'null'
2026-09-28 06:51:16.938270 88.73% [CONSOLE] switch_core.c:3043 Clean up modules.
2026-09-28 06:51:16.922331 88.97% [NOTICE] switch_loadable_module.c:1230 Deleting Application 'unloop'
2026-09-28 06:51:16.922331 88.97% [DEBUG] switch_loadable_module.c:1232 Write lock interface 'unloop' to wait for existing references.
2026-09-28 06:51:16.938270 88.73% [DEBUG] switch_loadable_module.c:919 Chat Thread Ended
2026-09-28 06:51:16.922331 88.97% [CONSOLE] switch_loadable_module.c:2354 Stopping: mod_loopback
2026-09-28 06:51:16.938270 88.73% [DEBUG] switch_loadable_module.c:919 Chat Thread Ended
2026-09-28 06:51:16.922331 88.97% [NOTICE] switch_event.c:468 Subclass reservation deleted for mod_loopback.c:loopback::bowout
2026-09-28 06:51:16.922331 88.97% [NOTICE] switch_event.c:468 Subclass reservation deleted for mod_loopback.c:loopback::direct
2026-09-28 06:51:16.938270 88.73% [NOTICE] switch_loadable_module.c:1230 Deleting Application 'play_fsv'
2026-09-28 06:51:16.922331 88.97% [DEBUG] switch_event.c:2157 Event Binding deleted for mod_loopback:RELOADXML
2026-09-28 06:51:16.922331 88.97% [NOTICE] switch_loadable_module.c:1230 Deleting Application 'voicemail'
2026-09-28 06:51:16.938270 88.73% [DEBUG] switch_loadable_module.c:1232 Write lock interface 'play_fsv' to wait for existing references.
2026-09-28 06:51:16.922331 88.97% [DEBUG] switch_loadable_module.c:1232 Write lock interface 'voicemail' to wait for existing references.
2026-09-28 06:51:16.938270 88.73% [NOTICE] switch_loadable_module.c:1230 Deleting Application 'record_fsv'
2026-09-28 06:51:16.922331 88.97% [NOTICE] switch_loadable_module.c:1285 Deleting API Function 'voicemail'
2026-09-28 06:51:16.938270 88.73% [DEBUG] switch_loadable_module.c:1232 Write lock interface 'record_fsv' to wait for existing references.
2026-09-28 06:51:16.922331 88.97% [DEBUG] switch_loadable_module.c:1287 Write lock interface 'voicemail' to wait for existing references.
2026-09-28 06:51:16.938270 88.73% [NOTICE] switch_loadable_module.c:1230 Deleting Application 'play_yuv'
2026-09-28 06:51:16.922331 88.97% [NOTICE] switch_loadable_module.c:1285 Deleting API Function 'voicemail_inject'
2026-09-28 06:51:16.938270 88.73% [DEBUG] switch_loadable_module.c:1232 Write lock interface 'play_yuv' to wait for existing references.
2026-09-28 06:51:16.922331 88.97% [DEBUG] switch_loadable_module.c:1287 Write lock interface 'voicemail_inject' to wait for existing references.
2026-09-28 06:51:16.922331 88.97% [NOTICE] switch_loadable_module.c:1285 Deleting API Function 'vm_inject'
2026-09-28 06:51:16.938270 88.73% [NOTICE] switch_loadable_module.c:1230 Deleting Application 'decode_video'
2026-09-28 06:51:16.922331 88.97% [DEBUG] switch_loadable_module.c:1287 Write lock interface 'vm_inject' to wait for existing references.
2026-09-28 06:51:16.938270 88.73% [DEBUG] switch_loadable_module.c:1232 Write lock interface 'decode_video' to wait for existing references.
2026-09-28 06:51:16.922331 88.97% [NOTICE] switch_loadable_module.c:1285 Deleting API Function 'vm_boxcount'
2026-09-28 06:51:16.938270 88.73% [DEBUG] switch_loadable_module.c:1350 Write lock interface 'mod_fsv' to wait for existing references.
2026-09-28 06:51:16.922331 88.97% [DEBUG] switch_loadable_module.c:1287 Write lock interface 'vm_boxcount' to wait for existing references.
2026-09-28 06:51:16.938270 88.73% [NOTICE] switch_loadable_module.c:1360 Deleting File Format 'fsv'
2026-09-28 06:51:16.938270 88.73% [CONSOLE] switch_loadable_module.c:2357 mod_fsv has no shutdown routine
2026-09-28 06:51:16.922331 88.97% [NOTICE] switch_loadable_module.c:1285 Deleting API Function 'vm_prefs'
2026-09-28 06:51:16.958846 88.73% [NOTICE] switch_loadable_module.c:1230 Deleting Application 'hash'
2026-09-28 06:51:16.922331 88.97% [DEBUG] switch_loadable_module.c:1287 Write lock interface 'vm_prefs' to wait for existing references.
2026-09-28 06:51:16.922331 88.97% [NOTICE] switch_loadable_module.c:1285 Deleting API Function 'vm_delete'
2026-09-28 06:51:16.958846 88.73% [DEBUG] switch_loadable_module.c:1232 Write lock interface 'hash' to wait for existing references.
2026-09-28 06:51:16.922331 88.97% [DEBUG] switch_loadable_module.c:1287 Write lock interface 'vm_delete' to wait for existing references.
2026-09-28 06:51:16.958846 88.73% [NOTICE] switch_loadable_module.c:1285 Deleting API Function 'hash'
2026-09-28 06:51:16.922331 88.97% [NOTICE] switch_loadable_module.c:1285 Deleting API Function 'vm_read'
2026-09-28 06:51:16.958846 88.73% [DEBUG] switch_loadable_module.c:1287 Write lock interface 'hash' to wait for existing references.
2026-09-28 06:51:16.922331 88.97% [DEBUG] switch_loadable_module.c:1287 Write lock interface 'vm_read' to wait for existing references.
2026-09-28 06:51:16.958846 88.73% [NOTICE] switch_loadable_module.c:1285 Deleting API Function 'hash_dump'
2026-09-28 06:51:16.922331 88.97% [NOTICE] switch_loadable_module.c:1285 Deleting API Function 'vm_list'
2026-09-28 06:51:16.958846 88.73% [DEBUG] switch_loadable_module.c:1287 Write lock interface 'hash_dump' to wait for existing references.
2026-09-28 06:51:16.922331 88.97% [DEBUG] switch_loadable_module.c:1287 Write lock interface 'vm_list' to wait for existing references.
2026-09-28 06:51:16.958846 88.73% [NOTICE] switch_loadable_module.c:1285 Deleting API Function 'hash_remote'
2026-09-28 06:51:16.922331 88.97% [NOTICE] switch_loadable_module.c:1285 Deleting API Function 'vm_fsdb_auth_login'
2026-09-28 06:51:16.958846 88.73% [DEBUG] switch_loadable_module.c:1287 Write lock interface 'hash_remote' to wait for existing references.
2026-09-28 06:51:16.958846 88.73% [NOTICE] switch_loadable_module.c:1608 Deleting Limit interface 'hash'
2026-09-28 06:51:16.922331 88.97% [DEBUG] switch_loadable_module.c:1287 Write lock interface 'vm_fsdb_auth_login' to wait for existing references.
2026-09-28 06:51:16.958846 88.73% [CONSOLE] switch_loadable_module.c:2354 Stopping: mod_hash
2026-09-28 06:51:16.922331 88.97% [NOTICE] switch_loadable_module.c:1285 Deleting API Function 'vm_fsdb_msg_count'
2026-09-28 06:51:16.922331 88.97% [DEBUG] switch_loadable_module.c:1287 Write lock interface 'vm_fsdb_msg_count' to wait for existing references.
2026-09-28 06:51:16.958846 88.73% [NOTICE] switch_loadable_module.c:1153 Deleting Codec VP8 99 VP8 Video 90000hz 0ms
2026-09-28 06:51:16.922331 88.97% [NOTICE] switch_loadable_module.c:1285 Deleting API Function 'vm_fsdb_msg_list'
2026-09-28 06:51:16.958846 88.73% [NOTICE] switch_loadable_module.c:1153 Deleting Codec VP9 99 VP9 Video 90000hz 0ms
2026-09-28 06:51:16.922331 88.97% [DEBUG] switch_loadable_module.c:1287 Write lock interface 'vm_fsdb_msg_list' to wait for existing references.
2026-09-28 06:51:16.922331 88.97% [NOTICE] switch_loadable_module.c:1285 Deleting API Function 'vm_fsdb_msg_get'
2026-09-28 06:51:16.958846 88.73% [NOTICE] switch_loadable_module.c:1285 Deleting API Function 'vpx'
2026-09-28 06:51:16.922331 88.97% [DEBUG] switch_loadable_module.c:1287 Write lock interface 'vm_fsdb_msg_get' to wait for existing references.
2026-09-28 06:51:16.958846 88.73% [DEBUG] switch_loadable_module.c:1287 Write lock interface 'vpx' to wait for existing references.
2026-09-28 06:51:16.922331 88.97% [NOTICE] switch_loadable_module.c:1285 Deleting API Function 'vm_fsdb_msg_delete'
2026-09-28 06:51:16.958846 88.73% [CONSOLE] switch_loadable_module.c:2354 Stopping: CORE_VPX_MODULE
2026-09-28 06:51:16.922331 88.97% [DEBUG] switch_loadable_module.c:1287 Write lock interface 'vm_fsdb_msg_delete' to wait for existing references.
2026-09-28 06:51:16.958846 88.73% [NOTICE] switch_loadable_module.c:1153 Deleting Codec SPEEX 99 Speex 32000hz 20ms
2026-09-28 06:51:16.922331 88.97% [NOTICE] switch_loadable_module.c:1285 Deleting API Function 'vm_fsdb_msg_undelete'
2026-09-28 06:51:16.958846 88.73% [NOTICE] switch_loadable_module.c:1153 Deleting Codec SPEEX 99 Speex 16000hz 20ms
2026-09-28 06:51:16.922331 88.97% [DEBUG] switch_loadable_module.c:1287 Write lock interface 'vm_fsdb_msg_undelete' to wait for existing references.
2026-09-28 06:51:16.958846 88.73% [NOTICE] switch_loadable_module.c:1153 Deleting Codec SPEEX 99 Speex 8000hz 20ms
2026-09-28 06:51:16.922331 88.97% [NOTICE] switch_loadable_module.c:1285 Deleting API Function 'vm_fsdb_msg_email'
2026-09-28 06:51:16.958846 88.73% [CONSOLE] switch_loadable_module.c:2357 CORE_SPEEX_MODULE has no shutdown routine
2026-09-28 06:51:16.922331 88.97% [DEBUG] switch_loadable_module.c:1287 Write lock interface 'vm_fsdb_msg_email' to wait for existing references.
2026-09-28 06:51:16.958846 88.73% [DEBUG] switch_loadable_module.c:1350 Write lock interface 'mod_native_file' to wait for existing references.
2026-09-28 06:51:16.922331 88.97% [NOTICE] switch_loadable_module.c:1285 Deleting API Function 'vm_fsdb_msg_purge'
2026-09-28 06:51:16.958846 88.73% [NOTICE] switch_loadable_module.c:1360 Deleting File Format 'AAL2-G726-32'
2026-09-28 06:51:16.922331 88.97% [DEBUG] switch_loadable_module.c:1287 Write lock interface 'vm_fsdb_msg_purge' to wait for existing references.
2026-09-28 06:51:16.958846 88.73% [NOTICE] switch_loadable_module.c:1360 Deleting File Format 'DVI4'
2026-09-28 06:51:16.922331 88.97% [NOTICE] switch_loadable_module.c:1285 Deleting API Function 'vm_fsdb_msg_save'
2026-09-28 06:51:16.922331 88.97% [DEBUG] switch_loadable_module.c:1287 Write lock interface 'vm_fsdb_msg_save' to wait for existing references.
2026-09-28 06:51:16.958846 88.73% [NOTICE] switch_loadable_module.c:1360 Deleting File Format 'PCMU'
2026-09-28 06:51:16.958846 88.73% [NOTICE] switch_loadable_module.c:1360 Deleting File Format 'G722'
2026-09-28 06:51:16.958846 88.73% [NOTICE] switch_loadable_module.c:1360 Deleting File Format 'AAL2-G726-24'
2026-09-28 06:51:16.922331 88.97% [NOTICE] switch_loadable_module.c:1285 Deleting API Function 'vm_fsdb_msg_forward'
2026-09-28 06:51:16.958846 88.73% [NOTICE] switch_loadable_module.c:1360 Deleting File Format 'AAL2-G726-40'
2026-09-28 06:51:16.922331 88.97% [DEBUG] switch_loadable_module.c:1287 Write lock interface 'vm_fsdb_msg_forward' to wait for existing references.
2026-09-28 06:51:16.958846 88.73% [NOTICE] switch_loadable_module.c:1360 Deleting File Format 'L16'
2026-09-28 06:51:16.922331 88.97% [NOTICE] switch_loadable_module.c:1285 Deleting API Function 'vm_fsdb_pref_greeting_set'
2026-09-28 06:51:16.922331 88.97% [DEBUG] switch_loadable_module.c:1287 Write lock interface 'vm_fsdb_pref_greeting_set' to wait for existing references.
2026-09-28 06:51:16.958846 88.73% [NOTICE] switch_loadable_module.c:1360 Deleting File Format 'G726-16'
2026-09-28 06:51:16.922331 88.97% [NOTICE] switch_loadable_module.c:1285 Deleting API Function 'vm_fsdb_pref_greeting_get'
2026-09-28 06:51:16.958846 88.73% [NOTICE] switch_loadable_module.c:1360 Deleting File Format 'PCMA'
2026-09-28 06:51:16.922331 88.97% [DEBUG] switch_loadable_module.c:1287 Write lock interface 'vm_fsdb_pref_greeting_get' to wait for existing references.
2026-09-28 06:51:16.922331 88.97% [NOTICE] switch_loadable_module.c:1285 Deleting API Function 'vm_fsdb_pref_recname_set'
2026-09-28 06:51:16.922331 88.97% [DEBUG] switch_loadable_module.c:1287 Write lock interface 'vm_fsdb_pref_recname_set' to wait for existing references.
2026-09-28 06:51:16.958846 88.73% [NOTICE] switch_loadable_module.c:1360 Deleting File Format 'G726-24'
2026-09-28 06:51:16.922331 88.97% [NOTICE] switch_loadable_module.c:1285 Deleting API Function 'vm_fsdb_pref_password_set'
2026-09-28 06:51:16.958846 88.73% [NOTICE] switch_loadable_module.c:1360 Deleting File Format 'G729'
2026-09-28 06:51:16.922331 88.97% [DEBUG] switch_loadable_module.c:1287 Write lock interface 'vm_fsdb_pref_password_set' to wait for existing references.
2026-09-28 06:51:16.958846 88.73% [NOTICE] switch_loadable_module.c:1360 Deleting File Format 'AAL2-G726-16'
2026-09-28 06:51:16.922331 88.97% [CONSOLE] switch_loadable_module.c:2354 Stopping: mod_voicemail
2026-09-28 06:51:16.958846 88.73% [NOTICE] switch_loadable_module.c:1360 Deleting File Format 'G726-32'
2026-09-28 06:51:16.922331 88.97% [NOTICE] switch_event.c:468 Subclass reservation deleted for mod_voicemail.c:vm::maintenance
2026-09-28 06:51:16.922331 88.97% [DEBUG] switch_event.c:2157 Event Binding deleted for mod_voicemail:MESSAGE_QUERY
2026-09-28 06:51:16.958846 88.73% [NOTICE] switch_loadable_module.c:1360 Deleting File Format 'GSM'
2026-09-28 06:51:16.922331 88.97% [DEBUG] mod_voicemail.c:6294 Waiting for write lock (Profile default)
2026-09-28 06:51:16.958846 88.73% [NOTICE] switch_loadable_module.c:1360 Deleting File Format 'G726-40'
2026-09-28 06:51:16.922331 88.97% [DEBUG] mod_voicemail.c:6297 Destroying Profile default
2026-09-28 06:51:16.958846 88.73% [NOTICE] switch_loadable_module.c:1360 Deleting File Format 'G723'
2026-09-28 06:51:16.922331 88.97% [DEBUG] switch_loadable_module.c:1117 Write lock interface 'modem' to wait for existing references.
2026-09-28 06:51:16.958846 88.73% [NOTICE] switch_loadable_module.c:1360 Deleting File Format 'LPC'
2026-09-28 06:51:16.922331 88.97% [NOTICE] switch_loadable_module.c:1125 Deleting Endpoint 'modem'
2026-09-28 06:51:16.958846 88.73% [CONSOLE] switch_loadable_module.c:2357 mod_native_file has no shutdown routine
2026-09-28 06:51:16.922331 88.97% [NOTICE] switch_loadable_module.c:1153 Deleting Codec DVI4 6 ADPCM (IMA) 16000hz 10ms
2026-09-28 06:51:16.958846 88.73% [NOTICE] switch_loadable_module.c:1285 Deleting API Function 'cdr_csv'
2026-09-28 06:51:16.922331 88.97% [NOTICE] switch_loadable_module.c:1153 Deleting Codec DVI4 6 ADPCM (IMA) 16000hz 20ms
2026-09-28 06:51:16.958846 88.73% [DEBUG] switch_loadable_module.c:1287 Write lock interface 'cdr_csv' to wait for existing references.
2026-09-28 06:51:16.958846 88.73% [CONSOLE] switch_loadable_module.c:2354 Stopping: mod_cdr_csv
2026-09-28 06:51:16.922331 88.97% [NOTICE] switch_loadable_module.c:1153 Deleting Codec DVI4 6 ADPCM (IMA) 16000hz 30ms
2026-09-28 06:51:16.958846 88.73% [DEBUG] switch_event.c:2157 Event Binding deleted for mod_cdr_csv:TRAP
2026-09-28 06:51:16.922331 88.97% [NOTICE] switch_loadable_module.c:1153 Deleting Codec DVI4 6 ADPCM (IMA) 16000hz 40ms
2026-09-28 06:51:16.958846 88.73% [DEBUG] switch_loadable_module.c:1117 Write lock interface 'loopback' to wait for existing references.
2026-09-28 06:51:16.922331 88.97% [NOTICE] switch_loadable_module.c:1153 Deleting Codec DVI4 6 ADPCM (IMA) 16000hz 50ms
2026-09-28 06:51:16.958846 88.73% [NOTICE] switch_loadable_module.c:1125 Deleting Endpoint 'loopback'
2026-09-28 06:51:16.922331 88.97% [NOTICE] switch_loadable_module.c:1153 Deleting Codec DVI4 6 ADPCM (IMA) 16000hz 60ms
2026-09-28 06:51:16.958846 88.73% [DEBUG] switch_loadable_module.c:1117 Write lock interface 'null' to wait for existing references.
2026-09-28 06:51:16.922331 88.97% [NOTICE] switch_loadable_module.c:1153 Deleting Codec DVI4 5 ADPCM (IMA) 8000hz 10ms
2026-09-28 06:51:16.958846 88.73% [NOTICE] switch_loadable_module.c:1125 Deleting Endpoint 'null'
2026-09-28 06:51:16.922331 88.97% [NOTICE] switch_loadable_module.c:1153 Deleting Codec DVI4 5 ADPCM (IMA) 8000hz 20ms
2026-09-28 06:51:16.958846 88.73% [NOTICE] switch_loadable_module.c:1230 Deleting Application 'unloop'
2026-09-28 06:51:16.922331 88.97% [NOTICE] switch_loadable_module.c:1153 Deleting Codec DVI4 5 ADPCM (IMA) 8000hz 30ms
2026-09-28 06:51:16.958846 88.73% [DEBUG] switch_loadable_module.c:1232 Write lock interface 'unloop' to wait for existing references.
2026-09-28 06:51:16.922331 88.97% [NOTICE] switch_loadable_module.c:1153 Deleting Codec DVI4 5 ADPCM (IMA) 8000hz 40ms
2026-09-28 06:51:16.958846 88.73% [CONSOLE] switch_loadable_module.c:2354 Stopping: mod_loopback
2026-09-28 06:51:16.922331 88.97% [NOTICE] switch_loadable_module.c:1153 Deleting Codec DVI4 5 ADPCM (IMA) 8000hz 50ms
2026-09-28 06:51:16.958846 88.73% [NOTICE] switch_event.c:468 Subclass reservation deleted for mod_loopback.c:loopback::bowout
2026-09-28 06:51:16.922331 88.97% [NOTICE] switch_loadable_module.c:1153 Deleting Codec DVI4 5 ADPCM (IMA) 8000hz 60ms
2026-09-28 06:51:16.958846 88.73% [NOTICE] switch_event.c:468 Subclass reservation deleted for mod_loopback.c:loopback::direct
2026-09-28 06:51:16.922331 88.97% [NOTICE] switch_loadable_module.c:1153 Deleting Codec DVI4 5 ADPCM (IMA) 8000hz 70ms
2026-09-28 06:51:16.922331 88.97% [NOTICE] switch_loadable_module.c:1153 Deleting Codec DVI4 5 ADPCM (IMA) 8000hz 80ms
2026-09-28 06:51:16.958846 88.73% [DEBUG] switch_event.c:2157 Event Binding deleted for mod_loopback:RELOADXML
2026-09-28 06:51:16.922331 88.97% [NOTICE] switch_loadable_module.c:1153 Deleting Codec DVI4 5 ADPCM (IMA) 8000hz 90ms
2026-09-28 06:51:16.958846 88.73% [NOTICE] switch_loadable_module.c:1230 Deleting Application 'voicemail'
2026-09-28 06:51:16.922331 88.97% [NOTICE] switch_loadable_module.c:1153 Deleting Codec DVI4 5 ADPCM (IMA) 8000hz 100ms
2026-09-28 06:51:16.958846 88.73% [DEBUG] switch_loadable_module.c:1232 Write lock interface 'voicemail' to wait for existing references.
2026-09-28 06:51:16.922331 88.97% [NOTICE] switch_loadable_module.c:1153 Deleting Codec DVI4 5 ADPCM (IMA) 8000hz 110ms
2026-09-28 06:51:16.958846 88.73% [NOTICE] switch_loadable_module.c:1285 Deleting API Function 'voicemail'
2026-09-28 06:51:16.958846 88.73% [DEBUG] switch_loadable_module.c:1287 Write lock interface 'voicemail' to wait for existing references.
2026-09-28 06:51:16.922331 88.97% [NOTICE] switch_loadable_module.c:1153 Deleting Codec DVI4 5 ADPCM (IMA) 8000hz 120ms
2026-09-28 06:51:16.958846 88.73% [NOTICE] switch_loadable_module.c:1285 Deleting API Function 'voicemail_inject'
2026-09-28 06:51:16.922331 88.97% [NOTICE] switch_loadable_module.c:1153 Deleting Codec AAL2-G726-16 124 G.726 16k (AAL2) 8000hz 10ms
2026-09-28 06:51:16.958846 88.73% [DEBUG] switch_loadable_module.c:1287 Write lock interface 'voicemail_inject' to wait for existing references.
2026-09-28 06:51:16.922331 88.97% [NOTICE] switch_loadable_module.c:1153 Deleting Codec AAL2-G726-16 124 G.726 16k (AAL2) 8000hz 20ms
2026-09-28 06:51:16.958846 88.73% [NOTICE] switch_loadable_module.c:1285 Deleting API Function 'vm_inject'
2026-09-28 06:51:16.922331 88.97% [NOTICE] switch_loadable_module.c:1153 Deleting Codec AAL2-G726-16 124 G.726 16k (AAL2) 8000hz 30ms
2026-09-28 06:51:16.958846 88.73% [DEBUG] switch_loadable_module.c:1287 Write lock interface 'vm_inject' to wait for existing references.
2026-09-28 06:51:16.922331 88.97% [NOTICE] switch_loadable_module.c:1153 Deleting Codec AAL2-G726-16 124 G.726 16k (AAL2) 8000hz 40ms
2026-09-28 06:51:16.958846 88.73% [NOTICE] switch_loadable_module.c:1285 Deleting API Function 'vm_boxcount'
2026-09-28 06:51:16.922331 88.97% [NOTICE] switch_loadable_module.c:1153 Deleting Codec AAL2-G726-16 124 G.726 16k (AAL2) 8000hz 50ms
2026-09-28 06:51:16.958846 88.73% [DEBUG] switch_loadable_module.c:1287 Write lock interface 'vm_boxcount' to wait for existing references.
2026-09-28 06:51:16.922331 88.97% [NOTICE] switch_loadable_module.c:1153 Deleting Codec AAL2-G726-16 124 G.726 16k (AAL2) 8000hz 60ms
2026-09-28 06:51:16.958846 88.73% [NOTICE] switch_loadable_module.c:1285 Deleting API Function 'vm_prefs'
2026-09-28 06:51:16.922331 88.97% [NOTICE] switch_loadable_module.c:1153 Deleting Codec AAL2-G726-16 124 G.726 16k (AAL2) 8000hz 70ms
2026-09-28 06:51:16.958846 88.73% [DEBUG] switch_loadable_module.c:1287 Write lock interface 'vm_prefs' to wait for existing references.
2026-09-28 06:51:16.922331 88.97% [NOTICE] switch_loadable_module.c:1153 Deleting Codec AAL2-G726-16 124 G.726 16k (AAL2) 8000hz 80ms
2026-09-28 06:51:16.922331 88.97% [NOTICE] switch_loadable_module.c:1153 Deleting Codec AAL2-G726-16 124 G.726 16k (AAL2) 8000hz 90ms
2026-09-28 06:51:16.922331 88.97% [NOTICE] switch_loadable_module.c:1153 Deleting Codec AAL2-G726-16 124 G.726 16k (AAL2) 8000hz 100ms
2026-09-28 06:51:16.958846 88.73% [NOTICE] switch_loadable_module.c:1285 Deleting API Function 'vm_delete'
2026-09-28 06:51:16.922331 88.97% [NOTICE] switch_loadable_module.c:1153 Deleting Codec AAL2-G726-16 124 G.726 16k (AAL2) 8000hz 110ms
2026-09-28 06:51:16.958846 88.73% [DEBUG] switch_loadable_module.c:1287 Write lock interface 'vm_delete' to wait for existing references.
2026-09-28 06:51:16.922331 88.97% [NOTICE] switch_loadable_module.c:1153 Deleting Codec AAL2-G726-16 124 G.726 16k (AAL2) 8000hz 120ms
2026-09-28 06:51:16.958846 88.73% [NOTICE] switch_loadable_module.c:1285 Deleting API Function 'vm_read'
2026-09-28 06:51:16.922331 88.97% [NOTICE] switch_loadable_module.c:1153 Deleting Codec G726-16 124 G.726 16k 8000hz 10ms
2026-09-28 06:51:16.958846 88.73% [DEBUG] switch_loadable_module.c:1287 Write lock interface 'vm_read' to wait for existing references.
2026-09-28 06:51:16.922331 88.97% [NOTICE] switch_loadable_module.c:1153 Deleting Codec G726-16 124 G.726 16k 8000hz 20ms
2026-09-28 06:51:16.958846 88.73% [NOTICE] switch_loadable_module.c:1285 Deleting API Function 'vm_list'
2026-09-28 06:51:16.922331 88.97% [NOTICE] switch_loadable_module.c:1153 Deleting Codec G726-16 124 G.726 16k 8000hz 30ms
2026-09-28 06:51:16.958846 88.73% [DEBUG] switch_loadable_module.c:1287 Write lock interface 'vm_list' to wait for existing references.
2026-09-28 06:51:16.922331 88.97% [NOTICE] switch_loadable_module.c:1153 Deleting Codec G726-16 124 G.726 16k 8000hz 40ms
2026-09-28 06:51:16.958846 88.73% [NOTICE] switch_loadable_module.c:1285 Deleting API Function 'vm_fsdb_auth_login'
2026-09-28 06:51:16.922331 88.97% [NOTICE] switch_loadable_module.c:1153 Deleting Codec G726-16 124 G.726 16k 8000hz 50ms
2026-09-28 06:51:16.958846 88.73% [DEBUG] switch_loadable_module.c:1287 Write lock interface 'vm_fsdb_auth_login' to wait for existing references.
2026-09-28 06:51:16.922331 88.97% [NOTICE] switch_loadable_module.c:1153 Deleting Codec G726-16 124 G.726 16k 8000hz 60ms
2026-09-28 06:51:16.958846 88.73% [NOTICE] switch_loadable_module.c:1285 Deleting API Function 'vm_fsdb_msg_count'
2026-09-28 06:51:16.922331 88.97% [NOTICE] switch_loadable_module.c:1153 Deleting Codec G726-16 124 G.726 16k 8000hz 70ms
2026-09-28 06:51:16.958846 88.73% [DEBUG] switch_loadable_module.c:1287 Write lock interface 'vm_fsdb_msg_count' to wait for existing references.
2026-09-28 06:51:16.922331 88.97% [NOTICE] switch_loadable_module.c:1153 Deleting Codec G726-16 124 G.726 16k 8000hz 80ms
2026-09-28 06:51:16.922331 88.97% [NOTICE] switch_loadable_module.c:1153 Deleting Codec G726-16 124 G.726 16k 8000hz 90ms
2026-09-28 06:51:16.958846 88.73% [NOTICE] switch_loadable_module.c:1285 Deleting API Function 'vm_fsdb_msg_list'
2026-09-28 06:51:16.922331 88.97% [NOTICE] switch_loadable_module.c:1153 Deleting Codec G726-16 124 G.726 16k 8000hz 100ms
2026-09-28 06:51:16.958846 88.73% [DEBUG] switch_loadable_module.c:1287 Write lock interface 'vm_fsdb_msg_list' to wait for existing references.
2026-09-28 06:51:16.922331 88.97% [NOTICE] switch_loadable_module.c:1153 Deleting Codec G726-16 124 G.726 16k 8000hz 110ms
2026-09-28 06:51:16.958846 88.73% [NOTICE] switch_loadable_module.c:1285 Deleting API Function 'vm_fsdb_msg_get'
2026-09-28 06:51:16.922331 88.97% [NOTICE] switch_loadable_module.c:1153 Deleting Codec G726-16 124 G.726 16k 8000hz 120ms
2026-09-28 06:51:16.958846 88.73% [DEBUG] switch_loadable_module.c:1287 Write lock interface 'vm_fsdb_msg_get' to wait for existing references.
2026-09-28 06:51:16.922331 88.97% [NOTICE] switch_loadable_module.c:1153 Deleting Codec AAL2-G726-24 123 G.726 24k (AAL2) 8000hz 10ms
2026-09-28 06:51:16.958846 88.73% [NOTICE] switch_loadable_module.c:1285 Deleting API Function 'vm_fsdb_msg_delete'
2026-09-28 06:51:16.922331 88.97% [NOTICE] switch_loadable_module.c:1153 Deleting Codec AAL2-G726-24 123 G.726 24k (AAL2) 8000hz 20ms
2026-09-28 06:51:16.922331 88.97% [NOTICE] switch_loadable_module.c:1153 Deleting Codec AAL2-G726-24 123 G.726 24k (AAL2) 8000hz 30ms
2026-09-28 06:51:16.922331 88.97% [NOTICE] switch_loadable_module.c:1153 Deleting Codec AAL2-G726-24 123 G.726 24k (AAL2) 8000hz 40ms
2026-09-28 06:51:16.958846 88.73% [DEBUG] switch_loadable_module.c:1287 Write lock interface 'vm_fsdb_msg_delete' to wait for existing references.
2026-09-28 06:51:16.922331 88.97% [NOTICE] switch_loadable_module.c:1153 Deleting Codec AAL2-G726-24 123 G.726 24k (AAL2) 8000hz 50ms
2026-09-28 06:51:16.958846 88.73% [NOTICE] switch_loadable_module.c:1285 Deleting API Function 'vm_fsdb_msg_undelete'
2026-09-28 06:51:16.922331 88.97% [NOTICE] switch_loadable_module.c:1153 Deleting Codec AAL2-G726-24 123 G.726 24k (AAL2) 8000hz 60ms
2026-09-28 06:51:16.922331 88.97% [NOTICE] switch_loadable_module.c:1153 Deleting Codec AAL2-G726-24 123 G.726 24k (AAL2) 8000hz 70ms
2026-09-28 06:51:16.958846 88.73% [DEBUG] switch_loadable_module.c:1287 Write lock interface 'vm_fsdb_msg_undelete' to wait for existing references.
2026-09-28 06:51:16.922331 88.97% [NOTICE] switch_loadable_module.c:1153 Deleting Codec AAL2-G726-24 123 G.726 24k (AAL2) 8000hz 80ms
2026-09-28 06:51:16.958846 88.73% [NOTICE] switch_loadable_module.c:1285 Deleting API Function 'vm_fsdb_msg_email'
2026-09-28 06:51:16.958846 88.73% [DEBUG] switch_loadable_module.c:1287 Write lock interface 'vm_fsdb_msg_email' to wait for existing references.
2026-09-28 06:51:16.942309 88.97% [NOTICE] switch_loadable_module.c:1153 Deleting Codec AAL2-G726-24 123 G.726 24k (AAL2) 8000hz 90ms
2026-09-28 06:51:16.958846 88.73% [NOTICE] switch_loadable_module.c:1285 Deleting API Function 'vm_fsdb_msg_purge'
2026-09-28 06:51:16.942309 88.97% [NOTICE] switch_loadable_module.c:1153 Deleting Codec AAL2-G726-24 123 G.726 24k (AAL2) 8000hz 100ms
2026-09-28 06:51:16.958846 88.73% [DEBUG] switch_loadable_module.c:1287 Write lock interface 'vm_fsdb_msg_purge' to wait for existing references.
2026-09-28 06:51:16.958846 88.73% [NOTICE] switch_loadable_module.c:1285 Deleting API Function 'vm_fsdb_msg_save'
2026-09-28 06:51:16.942309 88.97% [NOTICE] switch_loadable_module.c:1153 Deleting Codec AAL2-G726-24 123 G.726 24k (AAL2) 8000hz 110ms
2026-09-28 06:51:16.958846 88.73% [DEBUG] switch_loadable_module.c:1287 Write lock interface 'vm_fsdb_msg_save' to wait for existing references.
2026-09-28 06:51:16.942309 88.97% [NOTICE] switch_loadable_module.c:1153 Deleting Codec AAL2-G726-24 123 G.726 24k (AAL2) 8000hz 120ms
2026-09-28 06:51:16.958846 88.73% [NOTICE] switch_loadable_module.c:1285 Deleting API Function 'vm_fsdb_msg_forward'
2026-09-28 06:51:16.942309 88.97% [NOTICE] switch_loadable_module.c:1153 Deleting Codec G726-24 123 G.726 24k 8000hz 10ms
2026-09-28 06:51:16.958846 88.73% [DEBUG] switch_loadable_module.c:1287 Write lock interface 'vm_fsdb_msg_forward' to wait for existing references.
2026-09-28 06:51:16.942309 88.97% [NOTICE] switch_loadable_module.c:1153 Deleting Codec G726-24 123 G.726 24k 8000hz 20ms
2026-09-28 06:51:16.958846 88.73% [NOTICE] switch_loadable_module.c:1285 Deleting API Function 'vm_fsdb_pref_greeting_set'
2026-09-28 06:51:16.942309 88.97% [NOTICE] switch_loadable_module.c:1153 Deleting Codec G726-24 123 G.726 24k 8000hz 30ms
2026-09-28 06:51:16.958846 88.73% [DEBUG] switch_loadable_module.c:1287 Write lock interface 'vm_fsdb_pref_greeting_set' to wait for existing references.
2026-09-28 06:51:16.942309 88.97% [NOTICE] switch_loadable_module.c:1153 Deleting Codec G726-24 123 G.726 24k 8000hz 40ms
2026-09-28 06:51:16.958846 88.73% [NOTICE] switch_loadable_module.c:1285 Deleting API Function 'vm_fsdb_pref_greeting_get'
2026-09-28 06:51:16.942309 88.97% [NOTICE] switch_loadable_module.c:1153 Deleting Codec G726-24 123 G.726 24k 8000hz 50ms
2026-09-28 06:51:16.958846 88.73% [DEBUG] switch_loadable_module.c:1287 Write lock interface 'vm_fsdb_pref_greeting_get' to wait for existing references.
2026-09-28 06:51:16.942309 88.97% [NOTICE] switch_loadable_module.c:1153 Deleting Codec G726-24 123 G.726 24k 8000hz 60ms
2026-09-28 06:51:16.958846 88.73% [NOTICE] switch_loadable_module.c:1285 Deleting API Function 'vm_fsdb_pref_recname_set'
2026-09-28 06:51:16.942309 88.97% [NOTICE] switch_loadable_module.c:1153 Deleting Codec G726-24 123 G.726 24k 8000hz 70ms
2026-09-28 06:51:16.958846 88.73% [DEBUG] switch_loadable_module.c:1287 Write lock interface 'vm_fsdb_pref_recname_set' to wait for existing references.
2026-09-28 06:51:16.942309 88.97% [NOTICE] switch_loadable_module.c:1153 Deleting Codec G726-24 123 G.726 24k 8000hz 80ms
2026-09-28 06:51:16.942309 88.97% [NOTICE] switch_loadable_module.c:1153 Deleting Codec G726-24 123 G.726 24k 8000hz 90ms
2026-09-28 06:51:16.958846 88.73% [NOTICE] switch_loadable_module.c:1285 Deleting API Function 'vm_fsdb_pref_password_set'
2026-09-28 06:51:16.958846 88.73% [DEBUG] switch_loadable_module.c:1287 Write lock interface 'vm_fsdb_pref_password_set' to wait for existing references.
2026-09-28 06:51:16.942309 88.97% [NOTICE] switch_loadable_module.c:1153 Deleting Codec G726-24 123 G.726 24k 8000hz 100ms
2026-09-28 06:51:16.942309 88.97% [NOTICE] switch_loadable_module.c:1153 Deleting Codec G726-24 123 G.726 24k 8000hz 110ms
2026-09-28 06:51:16.958846 88.73% [CONSOLE] switch_loadable_module.c:2354 Stopping: mod_voicemail
2026-09-28 06:51:16.942309 88.97% [NOTICE] switch_loadable_module.c:1153 Deleting Codec G726-24 123 G.726 24k 8000hz 120ms
2026-09-28 06:51:16.958846 88.73% [NOTICE] switch_event.c:468 Subclass reservation deleted for mod_voicemail.c:vm::maintenance
2026-09-28 06:51:16.942309 88.97% [NOTICE] switch_loadable_module.c:1153 Deleting Codec AAL2-G726-32 122 G.726 32k (AAL2) 8000hz 10ms
2026-09-28 06:51:16.958846 88.73% [DEBUG] switch_event.c:2157 Event Binding deleted for mod_voicemail:MESSAGE_QUERY
2026-09-28 06:51:16.958846 88.73% [DEBUG] mod_voicemail.c:6294 Waiting for write lock (Profile default)
2026-09-28 06:51:16.942309 88.97% [NOTICE] switch_loadable_module.c:1153 Deleting Codec AAL2-G726-32 122 G.726 32k (AAL2) 8000hz 20ms
2026-09-28 06:51:16.958846 88.73% [DEBUG] mod_voicemail.c:6297 Destroying Profile default
2026-09-28 06:51:16.942309 88.97% [NOTICE] switch_loadable_module.c:1153 Deleting Codec AAL2-G726-32 122 G.726 32k (AAL2) 8000hz 30ms
2026-09-28 06:51:16.942309 88.97% [NOTICE] switch_loadable_module.c:1153 Deleting Codec AAL2-G726-32 122 G.726 32k (AAL2) 8000hz 40ms
2026-09-28 06:51:16.958846 88.73% [DEBUG] switch_loadable_module.c:1117 Write lock interface 'modem' to wait for existing references.
2026-09-28 06:51:16.942309 88.97% [NOTICE] switch_loadable_module.c:1153 Deleting Codec AAL2-G726-32 122 G.726 32k (AAL2) 8000hz 50ms
2026-09-28 06:51:16.958846 88.73% [NOTICE] switch_loadable_module.c:1125 Deleting Endpoint 'modem'
2026-09-28 06:51:16.958846 88.73% [NOTICE] switch_loadable_module.c:1153 Deleting Codec DVI4 6 ADPCM (IMA) 16000hz 10ms
2026-09-28 06:51:16.942309 88.97% [NOTICE] switch_loadable_module.c:1153 Deleting Codec AAL2-G726-32 122 G.726 32k (AAL2) 8000hz 60ms
2026-09-28 06:51:16.942309 88.97% [NOTICE] switch_loadable_module.c:1153 Deleting Codec AAL2-G726-32 122 G.726 32k (AAL2) 8000hz 70ms
2026-09-28 06:51:16.958846 88.73% [NOTICE] switch_loadable_module.c:1153 Deleting Codec DVI4 6 ADPCM (IMA) 16000hz 20ms
2026-09-28 06:51:16.942309 88.97% [NOTICE] switch_loadable_module.c:1153 Deleting Codec AAL2-G726-32 122 G.726 32k (AAL2) 8000hz 80ms
2026-09-28 06:51:16.958846 88.73% [NOTICE] switch_loadable_module.c:1153 Deleting Codec DVI4 6 ADPCM (IMA) 16000hz 30ms
2026-09-28 06:51:16.958846 88.73% [NOTICE] switch_loadable_module.c:1153 Deleting Codec DVI4 6 ADPCM (IMA) 16000hz 40ms
2026-09-28 06:51:16.942309 88.97% [NOTICE] switch_loadable_module.c:1153 Deleting Codec AAL2-G726-32 122 G.726 32k (AAL2) 8000hz 90ms
2026-09-28 06:51:16.958846 88.73% [NOTICE] switch_loadable_module.c:1153 Deleting Codec DVI4 6 ADPCM (IMA) 16000hz 50ms
2026-09-28 06:51:16.942309 88.97% [NOTICE] switch_loadable_module.c:1153 Deleting Codec AAL2-G726-32 122 G.726 32k (AAL2) 8000hz 100ms
2026-09-28 06:51:16.958846 88.73% [NOTICE] switch_loadable_module.c:1153 Deleting Codec DVI4 6 ADPCM (IMA) 16000hz 60ms
2026-09-28 06:51:16.942309 88.97% [NOTICE] switch_loadable_module.c:1153 Deleting Codec AAL2-G726-32 122 G.726 32k (AAL2) 8000hz 110ms
2026-09-28 06:51:16.942309 88.97% [NOTICE] switch_loadable_module.c:1153 Deleting Codec AAL2-G726-32 122 G.726 32k (AAL2) 8000hz 120ms
2026-09-28 06:51:16.958846 88.73% [NOTICE] switch_loadable_module.c:1153 Deleting Codec DVI4 5 ADPCM (IMA) 8000hz 10ms
2026-09-28 06:51:16.942309 88.97% [NOTICE] switch_loadable_module.c:1153 Deleting Codec G726-32 122 G.726 32k 8000hz 10ms
2026-09-28 06:51:16.958846 88.73% [NOTICE] switch_loadable_module.c:1153 Deleting Codec DVI4 5 ADPCM (IMA) 8000hz 20ms
2026-09-28 06:51:16.942309 88.97% [NOTICE] switch_loadable_module.c:1153 Deleting Codec G726-32 122 G.726 32k 8000hz 20ms
2026-09-28 06:51:16.958846 88.73% [NOTICE] switch_loadable_module.c:1153 Deleting Codec DVI4 5 ADPCM (IMA) 8000hz 30ms
2026-09-28 06:51:16.958846 88.73% [NOTICE] switch_loadable_module.c:1153 Deleting Codec DVI4 5 ADPCM (IMA) 8000hz 40ms
2026-09-28 06:51:16.942309 88.97% [NOTICE] switch_loadable_module.c:1153 Deleting Codec G726-32 122 G.726 32k 8000hz 30ms
2026-09-28 06:51:16.942309 88.97% [NOTICE] switch_loadable_module.c:1153 Deleting Codec G726-32 122 G.726 32k 8000hz 40ms
2026-09-28 06:51:16.958846 88.73% [NOTICE] switch_loadable_module.c:1153 Deleting Codec DVI4 5 ADPCM (IMA) 8000hz 50ms
2026-09-28 06:51:16.998268 88.73% [NOTICE] switch_loadable_module.c:1153 Deleting Codec DVI4 5 ADPCM (IMA) 8000hz 60ms
2026-09-28 06:51:16.998268 88.73% [NOTICE] switch_loadable_module.c:1153 Deleting Codec DVI4 5 ADPCM (IMA) 8000hz 70ms
2026-09-28 06:51:16.998268 88.73% [NOTICE] switch_loadable_module.c:1153 Deleting Codec DVI4 5 ADPCM (IMA) 8000hz 80ms
2026-09-28 06:51:16.942309 88.97% [NOTICE] switch_loadable_module.c:1153 Deleting Codec G726-32 122 G.726 32k 8000hz 50ms
2026-09-28 06:51:16.998268 88.73% [NOTICE] switch_loadable_module.c:1153 Deleting Codec DVI4 5 ADPCM (IMA) 8000hz 90ms
2026-09-28 06:51:16.942309 88.97% [NOTICE] switch_loadable_module.c:1153 Deleting Codec G726-32 122 G.726 32k 8000hz 60ms
2026-09-28 06:51:16.998268 88.73% [NOTICE] switch_loadable_module.c:1153 Deleting Codec DVI4 5 ADPCM (IMA) 8000hz 100ms
2026-09-28 06:51:16.942309 88.97% [NOTICE] switch_loadable_module.c:1153 Deleting Codec G726-32 122 G.726 32k 8000hz 70ms
2026-09-28 06:51:16.998268 88.73% [NOTICE] switch_loadable_module.c:1153 Deleting Codec DVI4 5 ADPCM (IMA) 8000hz 110ms
2026-09-28 06:51:16.942309 88.97% [NOTICE] switch_loadable_module.c:1153 Deleting Codec G726-32 122 G.726 32k 8000hz 80ms
2026-09-28 06:51:16.998268 88.73% [NOTICE] switch_loadable_module.c:1153 Deleting Codec DVI4 5 ADPCM (IMA) 8000hz 120ms
2026-09-28 06:51:16.942309 88.97% [NOTICE] switch_loadable_module.c:1153 Deleting Codec G726-32 122 G.726 32k 8000hz 90ms
2026-09-28 06:51:16.942309 88.97% [NOTICE] switch_loadable_module.c:1153 Deleting Codec G726-32 122 G.726 32k 8000hz 100ms
2026-09-28 06:51:16.998268 88.73% [NOTICE] switch_loadable_module.c:1153 Deleting Codec AAL2-G726-16 124 G.726 16k (AAL2) 8000hz 10ms
2026-09-28 06:51:16.942309 88.97% [NOTICE] switch_loadable_module.c:1153 Deleting Codec G726-32 122 G.726 32k 8000hz 110ms
2026-09-28 06:51:16.998268 88.73% [NOTICE] switch_loadable_module.c:1153 Deleting Codec AAL2-G726-16 124 G.726 16k (AAL2) 8000hz 20ms
2026-09-28 06:51:16.942309 88.97% [NOTICE] switch_loadable_module.c:1153 Deleting Codec G726-32 122 G.726 32k 8000hz 120ms
2026-09-28 06:51:16.998268 88.73% [NOTICE] switch_loadable_module.c:1153 Deleting Codec AAL2-G726-16 124 G.726 16k (AAL2) 8000hz 30ms
2026-09-28 06:51:16.942309 88.97% [NOTICE] switch_loadable_module.c:1153 Deleting Codec AAL2-G726-40 121 G.726 40k (AAL2) 8000hz 10ms
2026-09-28 06:51:16.998268 88.73% [NOTICE] switch_loadable_module.c:1153 Deleting Codec AAL2-G726-16 124 G.726 16k (AAL2) 8000hz 40ms
2026-09-28 06:51:16.942309 88.97% [NOTICE] switch_loadable_module.c:1153 Deleting Codec AAL2-G726-40 121 G.726 40k (AAL2) 8000hz 20ms
2026-09-28 06:51:16.942309 88.97% [NOTICE] switch_loadable_module.c:1153 Deleting Codec AAL2-G726-40 121 G.726 40k (AAL2) 8000hz 30ms
2026-09-28 06:51:16.998268 88.73% [NOTICE] switch_loadable_module.c:1153 Deleting Codec AAL2-G726-16 124 G.726 16k (AAL2) 8000hz 50ms
2026-09-28 06:51:16.942309 88.97% [NOTICE] switch_loadable_module.c:1153 Deleting Codec AAL2-G726-40 121 G.726 40k (AAL2) 8000hz 40ms
2026-09-28 06:51:16.942309 88.97% [NOTICE] switch_loadable_module.c:1153 Deleting Codec AAL2-G726-40 121 G.726 40k (AAL2) 8000hz 50ms
2026-09-28 06:51:16.998268 88.73% [NOTICE] switch_loadable_module.c:1153 Deleting Codec AAL2-G726-16 124 G.726 16k (AAL2) 8000hz 60ms
2026-09-28 06:51:16.942309 88.97% [NOTICE] switch_loadable_module.c:1153 Deleting Codec AAL2-G726-40 121 G.726 40k (AAL2) 8000hz 60ms
2026-09-28 06:51:16.998268 88.73% [NOTICE] switch_loadable_module.c:1153 Deleting Codec AAL2-G726-16 124 G.726 16k (AAL2) 8000hz 70ms
2026-09-28 06:51:16.942309 88.97% [NOTICE] switch_loadable_module.c:1153 Deleting Codec AAL2-G726-40 121 G.726 40k (AAL2) 8000hz 70ms
2026-09-28 06:51:16.998268 88.73% [NOTICE] switch_loadable_module.c:1153 Deleting Codec AAL2-G726-16 124 G.726 16k (AAL2) 8000hz 80ms
2026-09-28 06:51:16.998268 88.73% [NOTICE] switch_loadable_module.c:1153 Deleting Codec AAL2-G726-16 124 G.726 16k (AAL2) 8000hz 90ms
2026-09-28 06:51:16.998268 88.73% [NOTICE] switch_loadable_module.c:1153 Deleting Codec AAL2-G726-16 124 G.726 16k (AAL2) 8000hz 100ms
2026-09-28 06:51:16.998268 88.73% [NOTICE] switch_loadable_module.c:1153 Deleting Codec AAL2-G726-16 124 G.726 16k (AAL2) 8000hz 110ms
2026-09-28 06:51:16.998268 88.73% [NOTICE] switch_loadable_module.c:1153 Deleting Codec AAL2-G726-16 124 G.726 16k (AAL2) 8000hz 120ms
2026-09-28 06:51:16.998268 88.73% [NOTICE] switch_loadable_module.c:1153 Deleting Codec G726-16 124 G.726 16k 8000hz 10ms
2026-09-28 06:51:16.998268 88.73% [NOTICE] switch_loadable_module.c:1153 Deleting Codec G726-16 124 G.726 16k 8000hz 20ms
2026-09-28 06:51:16.998268 88.73% [NOTICE] switch_loadable_module.c:1153 Deleting Codec G726-16 124 G.726 16k 8000hz 30ms
2026-09-28 06:51:16.998268 88.73% [NOTICE] switch_loadable_module.c:1153 Deleting Codec G726-16 124 G.726 16k 8000hz 40ms
2026-09-28 06:51:16.998268 88.73% [NOTICE] switch_loadable_module.c:1153 Deleting Codec G726-16 124 G.726 16k 8000hz 50ms
2026-09-28 06:51:16.998268 88.73% [NOTICE] switch_loadable_module.c:1153 Deleting Codec G726-16 124 G.726 16k 8000hz 60ms
2026-09-28 06:51:16.998268 88.73% [NOTICE] switch_loadable_module.c:1153 Deleting Codec G726-16 124 G.726 16k 8000hz 70ms
2026-09-28 06:51:16.998268 88.73% [NOTICE] switch_loadable_module.c:1153 Deleting Codec G726-16 124 G.726 16k 8000hz 80ms
2026-09-28 06:51:16.998268 88.73% [NOTICE] switch_loadable_module.c:1153 Deleting Codec G726-16 124 G.726 16k 8000hz 90ms
2026-09-28 06:51:16.998268 88.73% [NOTICE] switch_loadable_module.c:1153 Deleting Codec G726-16 124 G.726 16k 8000hz 100ms
2026-09-28 06:51:16.998268 88.73% [NOTICE] switch_loadable_module.c:1153 Deleting Codec G726-16 124 G.726 16k 8000hz 110ms
2026-09-28 06:51:16.998268 88.73% [NOTICE] switch_loadable_module.c:1153 Deleting Codec G726-16 124 G.726 16k 8000hz 120ms
2026-09-28 06:51:16.998268 88.73% [NOTICE] switch_loadable_module.c:1153 Deleting Codec AAL2-G726-24 123 G.726 24k (AAL2) 8000hz 10ms
2026-09-28 06:51:16.998268 88.73% [NOTICE] switch_loadable_module.c:1153 Deleting Codec AAL2-G726-24 123 G.726 24k (AAL2) 8000hz 20ms
2026-09-28 06:51:16.998268 88.73% [NOTICE] switch_loadable_module.c:1153 Deleting Codec AAL2-G726-24 123 G.726 24k (AAL2) 8000hz 30ms
2026-09-28 06:51:16.998268 88.73% [NOTICE] switch_loadable_module.c:1153 Deleting Codec AAL2-G726-24 123 G.726 24k (AAL2) 8000hz 40ms
2026-09-28 06:51:16.998268 88.73% [NOTICE] switch_loadable_module.c:1153 Deleting Codec AAL2-G726-24 123 G.726 24k (AAL2) 8000hz 50ms
2026-09-28 06:51:16.998268 88.73% [NOTICE] switch_loadable_module.c:1153 Deleting Codec AAL2-G726-24 123 G.726 24k (AAL2) 8000hz 60ms
2026-09-28 06:51:16.998268 88.73% [NOTICE] switch_loadable_module.c:1153 Deleting Codec AAL2-G726-24 123 G.726 24k (AAL2) 8000hz 70ms
2026-09-28 06:51:16.998268 88.73% [NOTICE] switch_loadable_module.c:1153 Deleting Codec AAL2-G726-24 123 G.726 24k (AAL2) 8000hz 80ms
2026-09-28 06:51:17.018134 88.73% [NOTICE] switch_loadable_module.c:1153 Deleting Codec AAL2-G726-24 123 G.726 24k (AAL2) 8000hz 90ms
2026-09-28 06:51:17.018134 88.73% [NOTICE] switch_loadable_module.c:1153 Deleting Codec AAL2-G726-24 123 G.726 24k (AAL2) 8000hz 100ms
2026-09-28 06:51:17.018134 88.73% [NOTICE] switch_loadable_module.c:1153 Deleting Codec AAL2-G726-24 123 G.726 24k (AAL2) 8000hz 110ms
2026-09-28 06:51:17.018134 88.73% [NOTICE] switch_loadable_module.c:1153 Deleting Codec AAL2-G726-24 123 G.726 24k (AAL2) 8000hz 120ms
2026-09-28 06:51:17.018134 88.73% [NOTICE] switch_loadable_module.c:1153 Deleting Codec G726-24 123 G.726 24k 8000hz 10ms
2026-09-28 06:51:17.018134 88.73% [NOTICE] switch_loadable_module.c:1153 Deleting Codec G726-24 123 G.726 24k 8000hz 20ms
2026-09-28 06:51:17.018134 88.73% [NOTICE] switch_loadable_module.c:1153 Deleting Codec G726-24 123 G.726 24k 8000hz 30ms
2026-09-28 06:51:17.018134 88.73% [NOTICE] switch_loadable_module.c:1153 Deleting Codec G726-24 123 G.726 24k 8000hz 40ms
2026-09-28 06:51:17.018134 88.73% [NOTICE] switch_loadable_module.c:1153 Deleting Codec G726-24 123 G.726 24k 8000hz 50ms
2026-09-28 06:51:17.018134 88.73% [NOTICE] switch_loadable_module.c:1153 Deleting Codec G726-24 123 G.726 24k 8000hz 60ms
2026-09-28 06:51:17.018134 88.73% [NOTICE] switch_loadable_module.c:1153 Deleting Codec G726-24 123 G.726 24k 8000hz 70ms
2026-09-28 06:51:17.018134 88.73% [NOTICE] switch_loadable_module.c:1153 Deleting Codec G726-24 123 G.726 24k 8000hz 80ms
2026-09-28 06:51:17.018134 88.73% [NOTICE] switch_loadable_module.c:1153 Deleting Codec G726-24 123 G.726 24k 8000hz 90ms
2026-09-28 06:51:17.018134 88.73% [NOTICE] switch_loadable_module.c:1153 Deleting Codec G726-24 123 G.726 24k 8000hz 100ms
2026-09-28 06:51:17.018134 88.73% [NOTICE] switch_loadable_module.c:1153 Deleting Codec G726-24 123 G.726 24k 8000hz 110ms
2026-09-28 06:51:17.018134 88.73% [NOTICE] switch_loadable_module.c:1153 Deleting Codec G726-24 123 G.726 24k 8000hz 120ms
2026-09-28 06:51:17.018134 88.73% [NOTICE] switch_loadable_module.c:1153 Deleting Codec AAL2-G726-32 122 G.726 32k (AAL2) 8000hz 10ms
2026-09-28 06:51:17.018134 88.73% [NOTICE] switch_loadable_module.c:1153 Deleting Codec AAL2-G726-32 122 G.726 32k (AAL2) 8000hz 20ms
2026-09-28 06:51:17.018134 88.73% [NOTICE] switch_loadable_module.c:1153 Deleting Codec AAL2-G726-32 122 G.726 32k (AAL2) 8000hz 30ms
2026-09-28 06:51:17.018134 88.73% [NOTICE] switch_loadable_module.c:1153 Deleting Codec AAL2-G726-32 122 G.726 32k (AAL2) 8000hz 40ms
2026-09-28 06:51:17.038216 88.73% [NOTICE] switch_loadable_module.c:1153 Deleting Codec AAL2-G726-32 122 G.726 32k (AAL2) 8000hz 50ms
2026-09-28 06:51:17.038216 88.73% [NOTICE] switch_loadable_module.c:1153 Deleting Codec AAL2-G726-32 122 G.726 32k (AAL2) 8000hz 60ms
2026-09-28 06:51:17.038216 88.73% [NOTICE] switch_loadable_module.c:1153 Deleting Codec AAL2-G726-32 122 G.726 32k (AAL2) 8000hz 70ms
2026-09-28 06:51:17.038216 88.73% [NOTICE] switch_loadable_module.c:1153 Deleting Codec AAL2-G726-32 122 G.726 32k (AAL2) 8000hz 80ms
2026-09-28 06:51:17.038216 88.73% [NOTICE] switch_loadable_module.c:1153 Deleting Codec AAL2-G726-32 122 G.726 32k (AAL2) 8000hz 90ms
2026-09-28 06:51:17.038216 88.73% [NOTICE] switch_loadable_module.c:1153 Deleting Codec AAL2-G726-32 122 G.726 32k (AAL2) 8000hz 100ms
2026-09-28 06:51:17.038216 88.73% [NOTICE] switch_loadable_module.c:1153 Deleting Codec AAL2-G726-32 122 G.726 32k (AAL2) 8000hz 110ms
2026-09-28 06:51:17.038216 88.73% [NOTICE] switch_loadable_module.c:1153 Deleting Codec AAL2-G726-32 122 G.726 32k (AAL2) 8000hz 120ms
2026-09-28 06:51:17.038216 88.73% [NOTICE] switch_loadable_module.c:1153 Deleting Codec G726-32 122 G.726 32k 8000hz 10ms
2026-09-28 06:51:17.038216 88.73% [NOTICE] switch_loadable_module.c:1153 Deleting Codec G726-32 122 G.726 32k 8000hz 20ms
2026-09-28 06:51:17.038216 88.73% [NOTICE] switch_loadable_module.c:1153 Deleting Codec G726-32 122 G.726 32k 8000hz 30ms
2026-09-28 06:51:17.038216 88.73% [NOTICE] switch_loadable_module.c:1153 Deleting Codec G726-32 122 G.726 32k 8000hz 40ms
2026-09-28 06:51:17.038216 88.73% [NOTICE] switch_loadable_module.c:1153 Deleting Codec G726-32 122 G.726 32k 8000hz 50ms
2026-09-28 06:51:17.038216 88.73% [NOTICE] switch_loadable_module.c:1153 Deleting Codec G726-32 122 G.726 32k 8000hz 60ms
2026-09-28 06:51:17.038216 88.73% [NOTICE] switch_loadable_module.c:1153 Deleting Codec G726-32 122 G.726 32k 8000hz 70ms
2026-09-28 06:51:17.038216 88.73% [NOTICE] switch_loadable_module.c:1153 Deleting Codec G726-32 122 G.726 32k 8000hz 80ms
2026-09-28 06:51:17.038216 88.73% [NOTICE] switch_loadable_module.c:1153 Deleting Codec G726-32 122 G.726 32k 8000hz 90ms
2026-09-28 06:51:17.038216 88.73% [NOTICE] switch_loadable_module.c:1153 Deleting Codec G726-32 122 G.726 32k 8000hz 100ms
2026-09-28 06:51:17.038216 88.73% [NOTICE] switch_loadable_module.c:1153 Deleting Codec G726-32 122 G.726 32k 8000hz 110ms
2026-09-28 06:55:06.376156 0.00% [CONSOLE] switch_loadable_module.c:1772 Successfully Loaded [mod_logfile]
2026-09-28 06:55:06.380818 0.00% [CONSOLE] switch_loadable_module.c:1772 Successfully Loaded [mod_enum]
2026-09-28 06:55:06.380893 0.00% [NOTICE] switch_loadable_module.c:273 Adding Dialplan 'enum'
2026-09-28 06:55:06.380951 0.00% [NOTICE] switch_loadable_module.c:329 Adding Application 'enum'
2026-09-28 06:55:06.380971 0.00% [NOTICE] switch_loadable_module.c:389 Adding API Function 'enum'
2026-09-28 06:55:06.380985 0.00% [NOTICE] switch_loadable_module.c:389 Adding API Function 'enum_auto'
2026-09-28 06:55:06.381785 0.00% [DEBUG] mod_cdr_csv.c:368 Adding default template.
2026-09-28 06:55:06.381809 0.00% [DEBUG] mod_cdr_csv.c:415 Adding template sql.
2026-09-28 06:55:06.381820 0.00% [DEBUG] mod_cdr_csv.c:415 Adding template example.
2026-09-28 06:55:06.381828 0.00% [DEBUG] mod_cdr_csv.c:415 Adding template snom.
2026-09-28 06:55:06.381833 0.00% [DEBUG] mod_cdr_csv.c:415 Adding template linksys.
2026-09-28 06:55:06.381836 0.00% [DEBUG] mod_cdr_csv.c:415 Adding template asterisk.
2026-09-28 06:55:06.381839 0.00% [DEBUG] mod_cdr_csv.c:415 Adding template opencdrrate.
2026-09-28 06:55:06.383295 0.00% [CONSOLE] switch_loadable_module.c:1772 Successfully Loaded [mod_cdr_csv]
2026-09-28 06:55:06.383347 0.00% [NOTICE] switch_loadable_module.c:389 Adding API Function 'cdr_csv'
2026-09-28 06:55:06.388271 0.00% [CONSOLE] switch_loadable_module.c:1772 Successfully Loaded [mod_event_socket]
2026-09-28 06:55:06.388390 0.00% [NOTICE] switch_loadable_module.c:329 Adding Application 'socket'
2026-09-28 06:55:06.388449 0.00% [NOTICE] switch_loadable_module.c:389 Adding API Function 'event_sink'
2026-09-28 06:55:06.393260 0.00% [INFO] mod_sofia.c:6737 Starting initial message thread.
2026-09-28 06:55:06.395991 0.00% [DEBUG] sofia.c:4718 debug [0]
2026-09-28 06:55:06.396048 0.00% [DEBUG] sofia.c:4718 sip-trace [no]
2026-09-28 06:55:06.397101 0.00% [DEBUG] sofia.c:4718 sip-capture [no]
2026-09-28 06:55:06.397124 0.00% [DEBUG] sofia.c:4718 sip-port [5060]
2026-09-28 06:55:06.397366 0.00% [DEBUG] sofia.c:4718 listen-ip [0.0.0.0]
2026-09-28 06:55:06.397739 0.00% [DEBUG] sofia.c:4718 dialplan [XML]
2026-09-28 06:55:06.397770 0.00% [DEBUG] sofia.c:4718 context [obd-endpoint]
2026-09-28 06:55:06.397784 0.00% [DEBUG] sofia.c:4718 auth-calls [false]
2026-09-28 06:55:06.398078 0.00% [DEBUG] sofia.c:4718 auth-subscriptions [false]
2026-09-28 06:55:06.398102 0.00% [DEBUG] sofia.c:4718 challenge-realm [172.25.0.3]
2026-09-28 06:55:06.398114 0.00% [DEBUG] sofia.c:4718 inbound-codec-prefs [PCMU,PCMA]
2026-09-28 06:55:06.398124 0.00% [DEBUG] sofia.c:4718 outbound-codec-prefs [PCMU,PCMA]
2026-09-28 06:55:06.398138 0.00% [DEBUG] sofia.c:4718 rfc2833-pt [101]
2026-09-28 06:55:06.398147 0.00% [DEBUG] sofia.c:4718 liberal-dtmf [true]
2026-09-28 06:55:06.398157 0.00% [DEBUG] sofia.c:4718 dtmf-duration [2000]
2026-09-28 06:55:06.398171 0.00% [DEBUG] sofia.c:4718 inbound-codec-negotiation [generous]
2026-09-28 06:55:06.398182 0.00% [DEBUG] sofia.c:4718 rtp-timer-name [soft]
2026-09-28 06:55:06.398191 0.00% [DEBUG] sofia.c:4718 apply-inbound-acl [obd-dev-acl]
2026-09-28 06:55:06.398226 0.00% [INFO] sofia.c:6173 Setting nonce TTL to 60 seconds
2026-09-28 06:55:06.398234 0.00% [INFO] sofia.c:6178 Setting MAX Auth Validity to 0 Attempts
2026-09-28 06:55:06.399067 0.00% [NOTICE] sofia.c:6341 Started Profile obd-endpoint [sofia_reg_obd-endpoint]
2026-09-28 06:55:06.399526 0.00% [DEBUG] mod_sofia.c:6753 Waiting for profiles to start
2026-09-28 06:55:06.399692 0.00% [WARNING] sofia.c:2279 MSG Thread 0 Started
2026-09-28 06:55:06.399969 0.00% [DEBUG] sofia.c:3153 Creating agent for obd-endpoint
2026-09-28 06:55:06.404823 0.00% [DEBUG] switch_core_sqldb.c:1494 SQL ERR [no such table: sip_registrations]
[delete from sip_registrations where sub_host is null and hostname='probe' and network_ip like '%' and network_port like '%' and sip_username like '%' and mwi_user  like '%' and mwi_host like '%' and orig_server_host like '%' and orig_hostname like '%']
Auto Generating Table!
2026-09-28 06:55:06.404901 0.00% [DEBUG] switch_core_sqldb.c:1501 Ignoring SQL ERR [no such table: sip_registrations]
[drop table sip_registrations]
2026-09-28 06:55:06.406769 0.00% [DEBUG] switch_core_sqldb.c:1494 SQL ERR [no such table: sip_subscriptions]
[delete from sip_subscriptions where hostname='probe' and full_to='XXX']
Auto Generating Table!
2026-09-28 06:55:06.406841 0.00% [DEBUG] switch_core_sqldb.c:1501 Ignoring SQL ERR [no such table: sip_subscriptions]
[DROP TABLE sip_subscriptions]
2026-09-28 06:55:06.408090 0.00% [DEBUG] switch_core_sqldb.c:1494 SQL ERR [no such table: sip_dialogs]
[delete from sip_dialogs where hostname='probe' and (expires <> -9999 or rpid='' or sip_from_tag='' or rcd > 0)]
Auto Generating Table!
2026-09-28 06:55:06.408136 0.00% [DEBUG] switch_core_sqldb.c:1501 Ignoring SQL ERR [no such table: sip_dialogs]
[DROP TABLE sip_dialogs]
2026-09-28 06:55:06.408940 0.00% [DEBUG] switch_core_sqldb.c:1494 SQL ERR [no such table: sip_presence]
[delete from sip_presence where hostname='probe' or open_closed='']
Auto Generating Table!
2026-09-28 06:55:06.408984 0.00% [DEBUG] switch_core_sqldb.c:1501 Ignoring SQL ERR [no such table: sip_presence]
[DROP TABLE sip_presence]
2026-09-28 06:55:06.409692 0.00% [DEBUG] switch_core_sqldb.c:1494 SQL ERR [no such table: sip_authentication]
[delete from sip_authentication where hostname='probe' or last_nc >= 0 or algorithm >= 0]
Auto Generating Table!
2026-09-28 06:55:06.409734 0.00% [DEBUG] switch_core_sqldb.c:1501 Ignoring SQL ERR [no such table: sip_authentication]
[DROP TABLE sip_authentication]
2026-09-28 06:55:06.410567 0.00% [DEBUG] switch_core_sqldb.c:1494 SQL ERR [no such table: sip_shared_appearance_subscriptions]
[delete from sip_shared_appearance_subscriptions where contact_str='' or hostname='probe' and network_ip like '%']
Auto Generating Table!
2026-09-28 06:55:06.410631 0.00% [DEBUG] switch_core_sqldb.c:1501 Ignoring SQL ERR [no such table: sip_shared_appearance_subscriptions]
[DROP TABLE sip_shared_appearance_subscriptions]
2026-09-28 06:55:06.412266 0.00% [DEBUG] switch_core_sqldb.c:1494 SQL ERR [no such table: sip_shared_appearance_dialogs]
[delete from sip_shared_appearance_dialogs where contact_str='' or hostname='probe' and network_ip like '%']
Auto Generating Table!
2026-09-28 06:55:06.412332 0.00% [DEBUG] switch_core_sqldb.c:1501 Ignoring SQL ERR [no such table: sip_shared_appearance_dialogs]
[DROP TABLE sip_shared_appearance_dialogs]
2026-09-28 06:55:06.493260 0.00% [DEBUG] sofia.c:3316 Created agent for obd-endpoint
2026-09-28 06:55:06.493451 0.00% [DEBUG] sofia.c:3366 Set params for obd-endpoint
2026-09-28 06:55:06.493460 0.00% [DEBUG] sofia.c:3413 Activated db for obd-endpoint
2026-09-28 06:55:06.497865 0.00% [INFO] switch_core_sqldb.c:1840 sofia:obd-endpoint Starting SQL thread.
2026-09-28 06:55:06.499681 0.00% [DEBUG] sofia.c:3451 Starting thread for obd-endpoint
2026-09-28 06:55:06.499722 0.00% [DEBUG] sofia.c:3043 Launching worker thread for obd-endpoint
2026-09-28 06:55:06.502770 0.00% [NOTICE] sofia_reg.c:3722 Added gateway 'platform-switch' to profile 'obd-endpoint'
2026-09-28 06:55:07.509660 0.00% [NOTICE] sofia_reg.c:463 Registering platform-switch
2026-09-28 06:55:07.616297 0.00% [ERR] sofia_reg.c:2661 platform-switch Failed Registration with status Forbidden [403]. failure #1
2026-09-28 06:55:07.902853 0.00% [CONSOLE] switch_loadable_module.c:1772 Successfully Loaded [mod_sofia]
2026-09-28 06:55:07.902996 0.00% [NOTICE] switch_loadable_module.c:172 Adding Endpoint 'sofia'
2026-09-28 06:55:07.903101 0.00% [NOTICE] switch_loadable_module.c:172 Adding Endpoint 'rtp'
2026-09-28 06:55:07.903130 0.00% [NOTICE] switch_loadable_module.c:329 Adding Application 'sofia_sla'
2026-09-28 06:55:07.903157 0.00% [NOTICE] switch_loadable_module.c:329 Adding Application 'sofia_stir_shaken_vs'
2026-09-28 06:55:07.903221 0.00% [NOTICE] switch_loadable_module.c:389 Adding API Function 'sofia'
2026-09-28 06:55:07.903245 0.00% [NOTICE] switch_loadable_module.c:389 Adding API Function 'sofia_gateway_data'
2026-09-28 06:55:07.903266 0.00% [NOTICE] switch_loadable_module.c:389 Adding API Function 'sofia_username_of'
2026-09-28 06:55:07.903324 0.00% [NOTICE] switch_loadable_module.c:389 Adding API Function 'sofia_contact'
2026-09-28 06:55:07.903344 0.00% [NOTICE] switch_loadable_module.c:389 Adding API Function 'sofia_count_reg'
2026-09-28 06:55:07.903371 0.00% [NOTICE] switch_loadable_module.c:389 Adding API Function 'sofia_dig'
2026-09-28 06:55:07.903394 0.00% [NOTICE] switch_loadable_module.c:389 Adding API Function 'sofia_presence_data'
2026-09-28 06:55:07.903420 0.00% [NOTICE] switch_loadable_module.c:419 Adding JSON API Function 'sofia.status'
2026-09-28 06:55:07.903442 0.00% [NOTICE] switch_loadable_module.c:419 Adding JSON API Function 'sofia.status.info'
2026-09-28 06:55:07.903614 0.00% [NOTICE] switch_loadable_module.c:621 Adding Chat interface 'sip'
2026-09-28 06:55:07.903639 0.00% [NOTICE] switch_loadable_module.c:683 Adding Management interface 'mod_sofia' OID[.1.3.6.1.4.1.27880.1001]
2026-09-28 06:55:07.905736 0.00% [CONSOLE] switch_loadable_module.c:1772 Successfully Loaded [mod_loopback]
2026-09-28 06:55:07.905769 0.00% [NOTICE] switch_loadable_module.c:172 Adding Endpoint 'loopback'
2026-09-28 06:55:07.905874 0.00% [NOTICE] switch_loadable_module.c:172 Adding Endpoint 'null'
2026-09-28 06:55:07.905901 0.00% [NOTICE] switch_loadable_module.c:329 Adding Application 'unloop'
2026-09-28 06:55:07.906852 0.00% [CONSOLE] switch_loadable_module.c:1772 Successfully Loaded [mod_rtc]
2026-09-28 06:55:07.906914 0.00% [NOTICE] switch_loadable_module.c:172 Adding Endpoint 'rtc'
2026-09-28 06:55:07.911081 0.00% [DEBUG] switch_core_sqldb.c:1494 SQL ERR [no such table: json_store]
[select name from json_store where name='']
Auto Generating Table!
2026-09-28 06:55:07.911125 0.00% [DEBUG] switch_core_sqldb.c:1501 Ignoring SQL ERR [no such table: json_store]
[drop table json_store]
2026-09-28 06:55:07.913046 0.00% [INFO] mod_verto.c:5331 Secure key and cert specified
2026-09-28 06:55:07.913123 0.00% [DEBUG] mod_verto.c:5445 default-v4 Bound to 172.25.0.3:8081
2026-09-28 06:55:07.913131 0.00% [DEBUG] mod_verto.c:5445 default-v4 Bound to 172.25.0.3:8082
2026-09-28 06:55:07.913407 0.00% [INFO] mod_verto.c:5331 Secure key and cert specified
2026-09-28 06:55:07.913419 0.00% [DEBUG] mod_verto.c:5445 default-v6 Bound to [::1]:8081
2026-09-28 06:55:07.913424 0.00% [DEBUG] mod_verto.c:5445 default-v6 Bound to [::1]:8082
2026-09-28 06:55:07.921048 0.00% [CONSOLE] switch_loadable_module.c:1772 Successfully Loaded [mod_verto]
2026-09-28 06:55:07.921108 0.00% [NOTICE] switch_loadable_module.c:172 Adding Endpoint 'verto.rtc'
2026-09-28 06:55:07.921191 0.00% [NOTICE] switch_loadable_module.c:389 Adding API Function 'verto'
2026-09-28 06:55:07.921224 0.00% [NOTICE] switch_loadable_module.c:389 Adding API Function 'verto_contact'
2026-09-28 06:55:07.921247 0.00% [NOTICE] switch_loadable_module.c:419 Adding JSON API Function 'store'
2026-09-28 06:55:07.921279 0.00% [NOTICE] switch_loadable_module.c:621 Adding Chat interface 'verto'
2026-09-28 06:55:07.922115 0.00% [INFO] mod_verto.c:5101 default-v4 MCAST Bound to 224.1.1.1:1337/1338
2026-09-28 06:55:07.925612 0.00% [CONSOLE] switch_loadable_module.c:1772 Successfully Loaded [mod_commands]
2026-09-28 06:55:07.925674 0.00% [NOTICE] switch_loadable_module.c:329 Adding Application 'msrp_recv_file'
2026-09-28 06:55:07.925726 0.00% [NOTICE] switch_loadable_module.c:329 Adding Application 'msrp_send_file'
2026-09-28 06:55:07.925742 0.00% [NOTICE] switch_loadable_module.c:389 Adding API Function 'bg_system'
2026-09-28 06:55:07.925804 0.00% [NOTICE] switch_loadable_module.c:389 Adding API Function 'system'
2026-09-28 06:55:07.925819 0.00% [NOTICE] switch_loadable_module.c:389 Adding API Function 'bg_spawn'
2026-09-28 06:55:07.925833 0.00% [NOTICE] switch_loadable_module.c:389 Adding API Function 'spawn'
2026-09-28 06:55:07.925844 0.00% [NOTICE] switch_loadable_module.c:389 Adding API Function 'spawn_stream'
2026-09-28 06:55:07.925885 0.00% [NOTICE] switch_loadable_module.c:389 Adding API Function 'acl'
2026-09-28 06:55:07.925897 0.00% [NOTICE] switch_loadable_module.c:389 Adding API Function 'alias'
2026-09-28 06:55:07.926260 0.00% [NOTICE] switch_loadable_module.c:389 Adding API Function 'coalesce'
2026-09-28 06:55:07.926321 0.00% [NOTICE] switch_loadable_module.c:389 Adding API Function 'banner'
2026-09-28 06:55:07.926482 0.00% [NOTICE] switch_loadable_module.c:389 Adding API Function 'bgapi'
2026-09-28 06:55:07.926505 0.00% [NOTICE] switch_loadable_module.c:389 Adding API Function 'break'
2026-09-28 06:55:07.926522 0.00% [NOTICE] switch_loadable_module.c:389 Adding API Function 'complete'
2026-09-28 06:55:07.926538 0.00% [NOTICE] switch_loadable_module.c:389 Adding API Function 'cond'
2026-09-28 06:55:07.926552 0.00% [NOTICE] switch_loadable_module.c:389 Adding API Function 'console_complete'
2026-09-28 06:55:07.926566 0.00% [NOTICE] switch_loadable_module.c:389 Adding API Function 'console_complete_xml'
2026-09-28 06:55:07.926585 0.00% [NOTICE] switch_loadable_module.c:389 Adding API Function 'create_uuid'
2026-09-28 06:55:07.926602 0.00% [NOTICE] switch_loadable_module.c:389 Adding API Function 'db_cache'
2026-09-28 06:55:07.926622 0.00% [NOTICE] switch_loadable_module.c:389 Adding API Function 'domain_data'
2026-09-28 06:55:07.926638 0.00% [NOTICE] switch_loadable_module.c:389 Adding API Function 'domain_exists'
2026-09-28 06:55:07.926662 0.00% [NOTICE] switch_loadable_module.c:389 Adding API Function 'echo'
2026-09-28 06:55:07.926678 0.00% [NOTICE] switch_loadable_module.c:389 Adding API Function 'event_channel_broadcast'
2026-09-28 06:55:07.926696 0.00% [NOTICE] switch_loadable_module.c:389 Adding API Function 'escape'
2026-09-28 06:55:07.926715 0.00% [NOTICE] switch_loadable_module.c:389 Adding API Function 'eval'
2026-09-28 06:55:07.926729 0.00% [NOTICE] switch_loadable_module.c:389 Adding API Function 'expand'
2026-09-28 06:55:07.926746 0.00% [NOTICE] switch_loadable_module.c:389 Adding API Function 'find_user_xml'
2026-09-28 06:55:07.926767 0.00% [NOTICE] switch_loadable_module.c:389 Adding API Function 'fsctl'
2026-09-28 06:55:07.926795 0.00% [NOTICE] switch_loadable_module.c:389 Adding API Function '...'
2026-09-28 06:55:07.926909 0.00% [NOTICE] switch_loadable_module.c:389 Adding API Function 'shutdown'
2026-09-28 06:55:07.926925 0.00% [NOTICE] switch_loadable_module.c:389 Adding API Function 'version'
2026-09-28 06:55:07.926939 0.00% [NOTICE] switch_loadable_module.c:389 Adding API Function 'global_getvar'
2026-09-28 06:55:07.926955 0.00% [NOTICE] switch_loadable_module.c:389 Adding API Function 'global_setvar'
2026-09-28 06:55:07.927124 0.00% [NOTICE] switch_loadable_module.c:389 Adding API Function 'group_call'
2026-09-28 06:55:07.927141 0.00% [NOTICE] switch_loadable_module.c:389 Adding API Function 'help'
2026-09-28 06:55:07.927153 0.00% [NOTICE] switch_loadable_module.c:389 Adding API Function 'host_lookup'
2026-09-28 06:55:07.927221 0.00% [NOTICE] switch_loadable_module.c:389 Adding API Function 'hostname'
2026-09-28 06:55:07.927240 0.00% [NOTICE] switch_loadable_module.c:389 Adding API Function 'interface_ip'
2026-09-28 06:55:07.927254 0.00% [NOTICE] switch_loadable_module.c:389 Adding API Function 'switchname'
2026-09-28 06:55:07.927266 0.00% [NOTICE] switch_loadable_module.c:389 Adding API Function 'gethost'
2026-09-28 06:55:07.927279 0.00% [NOTICE] switch_loadable_module.c:389 Adding API Function 'getenv'
2026-09-28 06:55:07.927308 0.00% [NOTICE] switch_loadable_module.c:389 Adding API Function 'hupall'
2026-09-28 06:55:07.927451 0.00% [NOTICE] switch_loadable_module.c:389 Adding API Function 'in_group'
2026-09-28 06:55:07.927501 0.00% [NOTICE] switch_loadable_module.c:389 Adding API Function 'is_lan_addr'
2026-09-28 06:55:07.927525 0.00% [NOTICE] switch_loadable_module.c:389 Adding API Function 'limit_usage'
2026-09-28 06:55:07.927544 0.00% [NOTICE] switch_loadable_module.c:389 Adding API Function 'limit_hash_usage'
2026-09-28 06:55:07.927563 0.00% [NOTICE] switch_loadable_module.c:389 Adding API Function 'limit_status'
2026-09-28 06:55:07.927711 0.00% [NOTICE] switch_loadable_module.c:389 Adding API Function 'limit_reset'
2026-09-28 06:55:07.927850 0.00% [NOTICE] switch_loadable_module.c:389 Adding API Function 'limit_interval_reset'
2026-09-28 06:55:07.927868 0.00% [NOTICE] switch_loadable_module.c:389 Adding API Function 'list_users'
2026-09-28 06:55:07.927885 0.00% [NOTICE] switch_loadable_module.c:389 Adding API Function 'load'
2026-09-28 06:55:07.927897 0.00% [NOTICE] switch_loadable_module.c:389 Adding API Function 'log'
2026-09-28 06:55:07.928007 0.00% [NOTICE] switch_loadable_module.c:389 Adding API Function 'md5'
2026-09-28 06:55:07.928024 0.00% [NOTICE] switch_loadable_module.c:389 Adding API Function 'module_exists'
2026-09-28 06:55:07.928037 0.00% [NOTICE] switch_loadable_module.c:389 Adding API Function 'msleep'
2026-09-28 06:55:07.928053 0.00% [NOTICE] switch_loadable_module.c:389 Adding API Function 'nat_map'
2026-09-28 06:55:07.928070 0.00% [NOTICE] switch_loadable_module.c:389 Adding API Function 'originate'
2026-09-28 06:55:07.928095 0.00% [NOTICE] switch_loadable_module.c:389 Adding API Function 'pause'
2026-09-28 06:55:07.928170 0.00% [NOTICE] switch_loadable_module.c:389 Adding API Function 'pool_stats'
2026-09-28 06:55:07.928199 0.00% [NOTICE] switch_loadable_module.c:389 Adding API Function 'quote_shell_arg'
2026-09-28 06:55:07.928215 0.00% [NOTICE] switch_loadable_module.c:389 Adding API Function 'regex'
2026-09-28 06:55:07.928228 0.00% [NOTICE] switch_loadable_module.c:389 Adding API Function 'reloadacl'
2026-09-28 06:55:07.928240 0.00% [NOTICE] switch_loadable_module.c:389 Adding API Function 'reload'
2026-09-28 06:55:07.928307 0.00% [NOTICE] switch_loadable_module.c:389 Adding API Function 'reloadxml'
2026-09-28 06:55:07.928319 0.00% [NOTICE] switch_loadable_module.c:389 Adding API Function 'reloadcert'
2026-09-28 06:55:07.928331 0.00% [NOTICE] switch_loadable_module.c:389 Adding API Function 'replace'
2026-09-28 06:55:07.928343 0.00% [NOTICE] switch_loadable_module.c:389 Adding API Function 'say_string'
2026-09-28 06:55:07.928364 0.00% [NOTICE] switch_loadable_module.c:389 Adding API Function 'sched_api'
2026-09-28 06:55:07.928377 0.00% [NOTICE] switch_loadable_module.c:389 Adding API Function 'sched_broadcast'
2026-09-28 06:55:07.928389 0.00% [NOTICE] switch_loadable_module.c:389 Adding API Function 'sched_del'
2026-09-28 06:55:07.928402 0.00% [NOTICE] switch_loadable_module.c:389 Adding API Function 'sched_hangup'
2026-09-28 06:55:07.928414 0.00% [NOTICE] switch_loadable_module.c:389 Adding API Function 'sched_transfer'
2026-09-28 06:55:07.928567 0.00% [NOTICE] switch_loadable_module.c:389 Adding API Function 'show'
2026-09-28 06:55:07.928608 0.00% [NOTICE] switch_loadable_module.c:389 Adding API Function 'sql_escape'
2026-09-28 06:55:07.928625 0.00% [NOTICE] switch_loadable_module.c:389 Adding API Function 'status'
2026-09-28 06:55:07.928637 0.00% [NOTICE] switch_loadable_module.c:389 Adding API Function 'strftime_tz'
2026-09-28 06:55:07.928652 0.00% [NOTICE] switch_loadable_module.c:389 Adding API Function 'stun'
2026-09-28 06:55:07.928665 0.00% [NOTICE] switch_loadable_module.c:389 Adding API Function 'time_test'
2026-09-28 06:55:07.928683 0.00% [NOTICE] switch_loadable_module.c:389 Adding API Function 'timer_test'
2026-09-28 06:55:07.928696 0.00% [NOTICE] switch_loadable_module.c:389 Adding API Function 'tone_detect'
2026-09-28 06:55:07.928710 0.00% [NOTICE] switch_loadable_module.c:389 Adding API Function 'unload'
2026-09-28 06:55:07.928722 0.00% [NOTICE] switch_loadable_module.c:389 Adding API Function 'unsched_api'
2026-09-28 06:55:07.928734 0.00% [NOTICE] switch_loadable_module.c:389 Adding API Function 'uptime'
2026-09-28 06:55:07.928759 0.00% [NOTICE] switch_loadable_module.c:389 Adding API Function 'reg_url'
2026-09-28 06:55:07.928808 0.00% [NOTICE] switch_loadable_module.c:389 Adding API Function 'url_decode'
2026-09-28 06:55:07.928829 0.00% [NOTICE] switch_loadable_module.c:389 Adding API Function 'url_encode'
2026-09-28 06:55:07.928853 0.00% [NOTICE] switch_loadable_module.c:389 Adding API Function 'toupper'
2026-09-28 06:55:07.928865 0.00% [NOTICE] switch_loadable_module.c:389 Adding API Function 'tolower'
2026-09-28 06:55:07.928879 0.00% [NOTICE] switch_loadable_module.c:389 Adding API Function 'user_data'
2026-09-28 06:55:07.928892 0.00% [NOTICE] switch_loadable_module.c:389 Adding API Function 'uuid_early_ok'
2026-09-28 06:55:07.928907 0.00% [NOTICE] switch_loadable_module.c:389 Adding API Function 'user_exists'
2026-09-28 06:55:07.928924 0.00% [NOTICE] switch_loadable_module.c:389 Adding API Function 'uuid_answer'
2026-09-28 06:55:07.928935 0.00% [NOTICE] switch_loadable_module.c:389 Adding API Function 'uuid_audio'
2026-09-28 06:55:07.929180 0.00% [NOTICE] switch_loadable_module.c:389 Adding API Function 'uuid_break'
2026-09-28 06:55:07.929209 0.00% [NOTICE] switch_loadable_module.c:389 Adding API Function 'uuid_bridge'
2026-09-28 06:55:07.929244 0.00% [NOTICE] switch_loadable_module.c:389 Adding API Function 'uuid_broadcast'
2026-09-28 06:55:07.929260 0.00% [NOTICE] switch_loadable_module.c:389 Adding API Function 'uuid_buglist'
2026-09-28 06:55:07.929276 0.00% [NOTICE] switch_loadable_module.c:389 Adding API Function 'uuid_chat'
2026-09-28 06:55:07.929290 0.00% [NOTICE] switch_loadable_module.c:389 Adding API Function 'uuid_send_text'
2026-09-28 06:55:07.929314 0.00% [NOTICE] switch_loadable_module.c:389 Adding API Function 'uuid_capture_text'
2026-09-28 06:55:07.929334 0.00% [NOTICE] switch_loadable_module.c:389 Adding API Function 'uuid_codec_debug'
2026-09-28 06:55:07.929373 0.00% [NOTICE] switch_loadable_module.c:389 Adding API Function 'uuid_codec_param'
2026-09-28 06:55:07.929439 0.00% [NOTICE] switch_loadable_module.c:389 Adding API Function 'uuid_debug_media'
2026-09-28 06:55:07.929458 0.00% [NOTICE] switch_loadable_module.c:389 Adding API Function 'uuid_deflect'
2026-09-28 06:55:07.929476 0.00% [NOTICE] switch_loadable_module.c:389 Adding API Function 'uuid_displace'
2026-09-28 06:55:07.929490 0.00% [NOTICE] switch_loadable_module.c:389 Adding API Function 'uuid_display'
2026-09-28 06:55:07.929503 0.00% [NOTICE] switch_loadable_module.c:389 Adding API Function 'uuid_media_params'
2026-09-28 06:55:07.929526 0.00% [NOTICE] switch_loadable_module.c:389 Adding API Function 'uuid_drop_dtmf'
2026-09-28 06:55:07.929540 0.00% [NOTICE] switch_loadable_module.c:389 Adding API Function 'uuid_dump'
2026-09-28 06:55:07.929648 0.00% [NOTICE] switch_loadable_module.c:389 Adding API Function 'uuid_exists'
2026-09-28 06:55:07.929664 0.00% [NOTICE] switch_loadable_module.c:389 Adding API Function 'uuid_fileman'
2026-09-28 06:55:07.929678 0.00% [NOTICE] switch_loadable_module.c:389 Adding API Function 'uuid_flush_dtmf'
2026-09-28 06:55:07.929690 0.00% [NOTICE] switch_loadable_module.c:389 Adding API Function 'uuid_getvar'
2026-09-28 06:55:07.929717 0.00% [NOTICE] switch_loadable_module.c:389 Adding API Function 'uuid_hold'
2026-09-28 06:55:07.929852 0.00% [NOTICE] switch_loadable_module.c:389 Adding API Function 'uuid_kill'
2026-09-28 06:55:07.929873 0.00% [NOTICE] switch_loadable_module.c:389 Adding API Function 'uuid_send_message'
2026-09-28 06:55:07.929887 0.00% [NOTICE] switch_loadable_module.c:389 Adding API Function 'uuid_send_info'
2026-09-28 06:55:07.929902 0.00% [NOTICE] switch_loadable_module.c:389 Adding API Function 'uuid_set_media_stats'
2026-09-28 06:55:07.929916 0.00% [NOTICE] switch_loadable_module.c:389 Adding API Function 'uuid_video_bitrate'
2026-09-28 06:55:07.929981 0.00% [NOTICE] switch_loadable_module.c:389 Adding API Function 'uuid_video_bandwidth'
2026-09-28 06:55:07.929995 0.00% [NOTICE] switch_loadable_module.c:389 Adding API Function 'uuid_video_refresh'
2026-09-28 06:55:07.930022 0.00% [NOTICE] switch_loadable_module.c:389 Adding API Function 'uuid_outgoing_answer'
2026-09-28 06:55:07.930036 0.00% [NOTICE] switch_loadable_module.c:389 Adding API Function 'uuid_limit'
2026-09-28 06:55:07.930056 0.00% [NOTICE] switch_loadable_module.c:389 Adding API Function 'uuid_limit_release'
2026-09-28 06:55:07.930068 0.00% [NOTICE] switch_loadable_module.c:389 Adding API Function 'uuid_loglevel'
2026-09-28 06:55:07.930081 0.00% [NOTICE] switch_loadable_module.c:389 Adding API Function 'uuid_media'
2026-09-28 06:55:07.930093 0.00% [NOTICE] switch_loadable_module.c:389 Adding API Function 'uuid_media_3p'
2026-09-28 06:55:07.930104 0.00% [NOTICE] switch_loadable_module.c:389 Adding API Function 'uuid_media_reneg'
2026-09-28 06:55:07.930116 0.00% [NOTICE] switch_loadable_module.c:389 Adding API Function 'uuid_park'
2026-09-28 06:55:07.930128 0.00% [NOTICE] switch_loadable_module.c:389 Adding API Function 'uuid_pause'
2026-09-28 06:55:07.930140 0.00% [NOTICE] switch_loadable_module.c:389 Adding API Function 'uuid_phone_event'
2026-09-28 06:55:07.930316 0.00% [NOTICE] switch_loadable_module.c:389 Adding API Function 'uuid_ring_ready'
2026-09-28 06:55:07.930337 0.00% [NOTICE] switch_loadable_module.c:389 Adding API Function 'uuid_pre_answer'
2026-09-28 06:55:07.930353 0.00% [NOTICE] switch_loadable_module.c:389 Adding API Function 'uuid_preprocess'
2026-09-28 06:55:07.930371 0.00% [NOTICE] switch_loadable_module.c:389 Adding API Function 'uuid_record'
2026-09-28 06:55:07.930384 0.00% [NOTICE] switch_loadable_module.c:389 Adding API Function 'uuid_recovery_refresh'
2026-09-28 06:55:07.930397 0.00% [NOTICE] switch_loadable_module.c:389 Adding API Function 'uuid_recv_dtmf'
2026-09-28 06:55:07.930409 0.00% [NOTICE] switch_loadable_module.c:389 Adding API Function 'uuid_redirect'
2026-09-28 06:55:07.930421 0.00% [NOTICE] switch_loadable_module.c:389 Adding API Function 'uuid_send_dtmf'
2026-09-28 06:55:07.930432 0.00% [NOTICE] switch_loadable_module.c:389 Adding API Function 'uuid_session_heartbeat'
2026-09-28 06:55:07.930445 0.00% [NOTICE] switch_loadable_module.c:389 Adding API Function 'uuid_setvar_multi'
2026-09-28 06:55:07.930465 0.00% [NOTICE] switch_loadable_module.c:389 Adding API Function 'uuid_setvar'
2026-09-28 06:55:07.930481 0.00% [NOTICE] switch_loadable_module.c:389 Adding API Function 'uuid_transfer'
2026-09-28 06:55:07.930494 0.00% [NOTICE] switch_loadable_module.c:389 Adding API Function 'uuid_dual_transfer'
2026-09-28 06:55:07.930506 0.00% [NOTICE] switch_loadable_module.c:389 Adding API Function 'uuid_simplify'
2026-09-28 06:55:07.930517 0.00% [NOTICE] switch_loadable_module.c:389 Adding API Function 'uuid_jitterbuffer'
2026-09-28 06:55:07.930529 0.00% [NOTICE] switch_loadable_module.c:389 Adding API Function 'uuid_zombie_exec'
2026-09-28 06:55:07.930539 0.00% [NOTICE] switch_loadable_module.c:389 Adding API Function 'uuid_xfer_zombie'
2026-09-28 06:55:07.930647 0.00% [NOTICE] switch_loadable_module.c:389 Adding API Function 'xml_flush_cache'
2026-09-28 06:55:07.930805 0.00% [NOTICE] switch_loadable_module.c:389 Adding API Function 'xml_locate'
2026-09-28 06:55:07.930827 0.00% [NOTICE] switch_loadable_module.c:389 Adding API Function 'xml_wrap'
2026-09-28 06:55:07.930848 0.00% [NOTICE] switch_loadable_module.c:389 Adding API Function 'file_exists'
2026-09-28 06:55:07.930864 0.00% [NOTICE] switch_loadable_module.c:389 Adding API Function 'getcputime'
2026-09-28 06:55:07.930888 0.00% [NOTICE] switch_loadable_module.c:389 Adding API Function 'json'
2026-09-28 06:55:07.930928 0.00% [NOTICE] switch_loadable_module.c:389 Adding API Function 'memory'
2026-09-28 06:55:07.930948 0.00% [NOTICE] switch_loadable_module.c:389 Adding API Function 'msrp'
2026-09-28 06:55:07.930961 0.00% [NOTICE] switch_loadable_module.c:389 Adding API Function 'uuid_msrp_send'
2026-09-28 06:55:07.930974 0.00% [NOTICE] switch_loadable_module.c:419 Adding JSON API Function 'mediaStats'
2026-09-28 06:55:07.931002 0.00% [NOTICE] switch_loadable_module.c:419 Adding JSON API Function 'status'
2026-09-28 06:55:07.931024 0.00% [NOTICE] switch_loadable_module.c:419 Adding JSON API Function 'fsapi'
2026-09-28 06:55:07.931048 0.00% [NOTICE] switch_loadable_module.c:419 Adding JSON API Function 'execute'
2026-09-28 06:55:07.931091 0.00% [NOTICE] switch_loadable_module.c:419 Adding JSON API Function 'channelData'
2026-09-28 06:55:07.935301 0.00% [CONSOLE] switch_loadable_module.c:1772 Successfully Loaded [mod_conference]
2026-09-28 06:55:07.935332 0.00% [NOTICE] switch_loadable_module.c:329 Adding Application 'conference'
2026-09-28 06:55:07.935351 0.00% [NOTICE] switch_loadable_module.c:329 Adding Application 'conference_set_auto_outcall'
2026-09-28 06:55:07.935363 0.00% [NOTICE] switch_loadable_module.c:389 Adding API Function 'conference'
2026-09-28 06:55:07.935375 0.00% [NOTICE] switch_loadable_module.c:621 Adding Chat interface 'conf'
2026-09-28 06:55:07.935803 0.00% [CONSOLE] sofia_presence.c:1621 Event Thread Started
2026-09-28 06:55:07.938436 0.00% [DEBUG] switch_core_sqldb.c:1494 SQL ERR [no such table: limit_data]
[select * from limit_data]
Auto Generating Table!
2026-09-28 06:55:07.939642 0.00% [DEBUG] switch_core_sqldb.c:1494 SQL ERR [no such table: db_data]
[select * from db_data]
Auto Generating Table!
2026-09-28 06:55:07.941163 0.00% [DEBUG] switch_core_sqldb.c:1494 SQL ERR [no such table: group_data]
[select * from group_data]
Auto Generating Table!
2026-09-28 06:55:07.948282 0.00% [CONSOLE] switch_loadable_module.c:1772 Successfully Loaded [mod_db]
2026-09-28 06:55:07.948312 0.00% [NOTICE] switch_loadable_module.c:329 Adding Application 'db'
2026-09-28 06:55:07.948343 0.00% [NOTICE] switch_loadable_module.c:329 Adding Application 'group'
2026-09-28 06:55:07.948369 0.00% [NOTICE] switch_loadable_module.c:389 Adding API Function 'db'
2026-09-28 06:55:07.948399 0.00% [NOTICE] switch_loadable_module.c:389 Adding API Function 'group'
2026-09-28 06:55:07.948411 0.00% [NOTICE] switch_loadable_module.c:717 Adding Limit interface 'db'
2026-09-28 06:55:08.436698 0.00% [CONSOLE] switch_loadable_module.c:1772 Successfully Loaded [mod_dptools]
2026-09-28 06:55:08.436852 0.00% [NOTICE] switch_loadable_module.c:172 Adding Endpoint 'error'
2026-09-28 06:55:08.436946 0.00% [NOTICE] switch_loadable_module.c:172 Adding Endpoint 'group'
2026-09-28 06:55:08.436976 0.00% [NOTICE] switch_loadable_module.c:172 Adding Endpoint 'user'
2026-09-28 06:55:08.436996 0.00% [NOTICE] switch_loadable_module.c:172 Adding Endpoint 'pickup'
2026-09-28 06:55:08.437022 0.00% [NOTICE] switch_loadable_module.c:273 Adding Dialplan 'inline'
2026-09-28 06:55:08.437044 0.00% [NOTICE] switch_loadable_module.c:329 Adding Application 'blind_transfer_ack'
2026-09-28 06:55:08.437075 0.00% [NOTICE] switch_loadable_module.c:329 Adding Application 'bind_digit_action'
2026-09-28 06:55:08.437317 0.00% [NOTICE] switch_loadable_module.c:329 Adding Application 'capture'
2026-09-28 06:55:08.437349 0.00% [NOTICE] switch_loadable_module.c:329 Adding Application 'clear_digit_action'
2026-09-28 06:55:08.437368 0.00% [NOTICE] switch_loadable_module.c:329 Adding Application 'digit_action_set_realm'
2026-09-28 06:55:08.437419 0.00% [NOTICE] switch_loadable_module.c:329 Adding Application 'privacy'
2026-09-28 06:55:08.437438 0.00% [NOTICE] switch_loadable_module.c:329 Adding Application 'set_audio_level'
2026-09-28 06:55:08.437459 0.00% [NOTICE] switch_loadable_module.c:329 Adding Application 'set_mute'
2026-09-28 06:55:08.437477 0.00% [NOTICE] switch_loadable_module.c:329 Adding Application 'flush_dtmf'
2026-09-28 06:55:08.437503 0.00% [NOTICE] switch_loadable_module.c:329 Adding Application 'hold'
2026-09-28 06:55:08.437524 0.00% [NOTICE] switch_loadable_module.c:329 Adding Application 'unhold'
2026-09-28 06:55:08.437681 0.00% [NOTICE] switch_loadable_module.c:329 Adding Application 'mutex'
2026-09-28 06:55:08.437714 0.00% [NOTICE] switch_loadable_module.c:329 Adding Application 'page'
2026-09-28 06:55:08.437741 0.00% [NOTICE] switch_loadable_module.c:329 Adding Application 'transfer'
2026-09-28 06:55:08.437767 0.00% [NOTICE] switch_loadable_module.c:329 Adding Application 'check_acl'
2026-09-28 06:55:08.437794 0.00% [NOTICE] switch_loadable_module.c:329 Adding Application 'verbose_events'
2026-09-28 06:55:08.437846 0.00% [NOTICE] switch_loadable_module.c:329 Adding Application 'novideo'
2026-09-28 06:55:08.437889 0.00% [NOTICE] switch_loadable_module.c:329 Adding Application 'cng_plc'
2026-09-28 06:55:08.437919 0.00% [NOTICE] switch_loadable_module.c:329 Adding Application 'early_hangup'
2026-09-28 06:55:08.438155 0.00% [NOTICE] switch_loadable_module.c:329 Adding Application 'sleep'
2026-09-28 06:55:08.438181 0.00% [NOTICE] switch_loadable_module.c:329 Adding Application 'delay_echo'
2026-09-28 06:55:08.438215 0.00% [NOTICE] switch_loadable_module.c:329 Adding Application 'strftime'
2026-09-28 06:55:08.438241 0.00% [NOTICE] switch_loadable_module.c:329 Adding Application 'phrase'
2026-09-28 06:55:08.438273 0.00% [NOTICE] switch_loadable_module.c:329 Adding Application 'eval'
2026-09-28 06:55:08.438292 0.00% [NOTICE] switch_loadable_module.c:329 Adding Application 'set_media_stats'
2026-09-28 06:55:08.438323 0.00% [NOTICE] switch_loadable_module.c:329 Adding Application 'stop'
2026-09-28 06:55:08.438348 0.00% [NOTICE] switch_loadable_module.c:329 Adding Application 'set_zombie_exec'
2026-09-28 06:55:08.438367 0.00% [NOTICE] switch_loadable_module.c:329 Adding Application 'pre_answer'
2026-09-28 06:55:08.438388 0.00% [NOTICE] switch_loadable_module.c:329 Adding Application 'answer'
2026-09-28 06:55:08.438407 0.00% [NOTICE] switch_loadable_module.c:329 Adding Application 'wait_for_answer'
2026-09-28 06:55:08.438429 0.00% [NOTICE] switch_loadable_module.c:329 Adding Application 'wait_for_video_ready'
2026-09-28 06:55:08.438448 0.00% [NOTICE] switch_loadable_module.c:329 Adding Application 'hangup'
2026-09-28 06:55:08.438468 0.00% [NOTICE] switch_loadable_module.c:329 Adding Application 'set_name'
2026-09-28 06:55:08.438496 0.00% [NOTICE] switch_loadable_module.c:329 Adding Application 'presence'
2026-09-28 06:55:08.438622 0.00% [NOTICE] switch_loadable_module.c:329 Adding Application 'log'
2026-09-28 06:55:08.438647 0.00% [NOTICE] switch_loadable_module.c:329 Adding Application 'info'
2026-09-28 06:55:08.438668 0.00% [NOTICE] switch_loadable_module.c:329 Adding Application 'event'
2026-09-28 06:55:08.438690 0.00% [NOTICE] switch_loadable_module.c:329 Adding Application 'sound_test'
2026-09-28 06:55:08.438720 0.00% [NOTICE] switch_loadable_module.c:329 Adding Application 'export'
2026-09-28 06:55:08.438763 0.00% [NOTICE] switch_loadable_module.c:329 Adding Application 'bridge_export'
2026-09-28 06:55:08.438786 0.00% [NOTICE] switch_loadable_module.c:329 Adding Application 'set'
2026-09-28 06:55:08.438814 0.00% [NOTICE] switch_loadable_module.c:329 Adding Application 'multiset'
2026-09-28 06:55:08.438836 0.00% [NOTICE] switch_loadable_module.c:329 Adding Application 'push'
2026-09-28 06:55:08.438856 0.00% [NOTICE] switch_loadable_module.c:329 Adding Application 'unshift'
2026-09-28 06:55:08.438879 0.00% [NOTICE] switch_loadable_module.c:329 Adding Application 'set_global'
2026-09-28 06:55:08.438899 0.00% [NOTICE] switch_loadable_module.c:329 Adding Application 'set_profile_var'
2026-09-28 06:55:08.438920 0.00% [NOTICE] switch_loadable_module.c:329 Adding Application 'unset'
2026-09-28 06:55:08.438939 0.00% [NOTICE] switch_loadable_module.c:329 Adding Application 'multiunset'
2026-09-28 06:55:08.439117 0.00% [NOTICE] switch_loadable_module.c:329 Adding Application 'capture_text'
2026-09-28 06:55:08.439148 0.00% [NOTICE] switch_loadable_module.c:329 Adding Application 'acknowledge_call'
2026-09-28 06:55:08.439168 0.00% [NOTICE] switch_loadable_module.c:329 Adding Application 'ring_ready'
2026-09-28 06:55:08.439201 0.00% [NOTICE] switch_loadable_module.c:329 Adding Application 'remove_bugs'
2026-09-28 06:55:08.439224 0.00% [NOTICE] switch_loadable_module.c:329 Adding Application 'break'
2026-09-28 06:55:08.439251 0.00% [NOTICE] switch_loadable_module.c:329 Adding Application 'detect_speech'
2026-09-28 06:55:08.439278 0.00% [NOTICE] switch_loadable_module.c:329 Adding Application 'play_and_detect_speech'
2026-09-28 06:55:08.439308 0.00% [NOTICE] switch_loadable_module.c:329 Adding Application 'ivr'
2026-09-28 06:55:08.439331 0.00% [NOTICE] switch_loadable_module.c:329 Adding Application 'redirect'
2026-09-28 06:55:08.439358 0.00% [NOTICE] switch_loadable_module.c:329 Adding Application 'video_refresh'
2026-09-28 06:55:08.439379 0.00% [NOTICE] switch_loadable_module.c:329 Adding Application 'video_decode'
2026-09-28 06:55:08.439402 0.00% [NOTICE] switch_loadable_module.c:329 Adding Application 'send_info'
2026-09-28 06:55:08.439428 0.00% [NOTICE] switch_loadable_module.c:329 Adding Application 'jitterbuffer'
2026-09-28 06:55:08.439460 0.00% [NOTICE] switch_loadable_module.c:329 Adding Application 'send_display'
2026-09-28 06:55:08.439481 0.00% [NOTICE] switch_loadable_module.c:329 Adding Application 'respond'
2026-09-28 06:55:08.439507 0.00% [NOTICE] switch_loadable_module.c:329 Adding Application 'deflect'
2026-09-28 06:55:08.439526 0.00% [NOTICE] switch_loadable_module.c:329 Adding Application 'recovery_refresh'
2026-09-28 06:55:08.439546 0.00% [NOTICE] switch_loadable_module.c:329 Adding Application 'reuse_caller_profile'
2026-09-28 06:55:08.439718 0.00% [NOTICE] switch_loadable_module.c:329 Adding Application 'queue_dtmf'
2026-09-28 06:55:08.439744 0.00% [NOTICE] switch_loadable_module.c:329 Adding Application 'send_dtmf'
2026-09-28 06:55:08.439772 0.00% [NOTICE] switch_loadable_module.c:329 Adding Application 'sched_cancel'
2026-09-28 06:55:08.439794 0.00% [NOTICE] switch_loadable_module.c:329 Adding Application 'sched_hangup'
2026-09-28 06:55:08.439820 0.00% [NOTICE] switch_loadable_module.c:329 Adding Application 'sched_broadcast'
2026-09-28 06:55:08.439855 0.00% [NOTICE] switch_loadable_module.c:329 Adding Application 'sched_transfer'
2026-09-28 06:55:08.439874 0.00% [NOTICE] switch_loadable_module.c:329 Adding Application 'execute_extension'
2026-09-28 06:55:08.439898 0.00% [NOTICE] switch_loadable_module.c:329 Adding Application 'sched_heartbeat'
2026-09-28 06:55:08.439919 0.00% [NOTICE] switch_loadable_module.c:329 Adding Application 'enable_heartbeat'
2026-09-28 06:55:08.439941 0.00% [NOTICE] switch_loadable_module.c:329 Adding Application 'filter_codecs'
2026-09-28 06:55:08.439968 0.00% [NOTICE] switch_loadable_module.c:329 Adding Application 'enable_keepalive'
2026-09-28 06:55:08.439990 0.00% [NOTICE] switch_loadable_module.c:329 Adding Application 'media_reset'
2026-09-28 06:55:08.440009 0.00% [NOTICE] switch_loadable_module.c:329 Adding Application 'mkdir'
2026-09-28 06:55:08.440041 0.00% [NOTICE] switch_loadable_module.c:329 Adding Application 'rename'
2026-09-28 06:55:08.440059 0.00% [NOTICE] switch_loadable_module.c:329 Adding Application 'transfer_vars'
2026-09-28 06:55:08.440078 0.00% [NOTICE] switch_loadable_module.c:329 Adding Application 'soft_hold'
2026-09-28 06:55:08.440097 0.00% [NOTICE] switch_loadable_module.c:329 Adding Application 'bind_meta_app'
2026-09-28 06:55:08.440136 0.00% [NOTICE] switch_loadable_module.c:329 Adding Application 'unbind_meta_app'
2026-09-28 06:55:08.440155 0.00% [NOTICE] switch_loadable_module.c:329 Adding Application 'block_dtmf'
2026-09-28 06:55:08.440174 0.00% [NOTICE] switch_loadable_module.c:329 Adding Application 'unblock_dtmf'
2026-09-28 06:55:08.440198 0.00% [NOTICE] switch_loadable_module.c:329 Adding Application 'intercept'
2026-09-28 06:55:08.440218 0.00% [NOTICE] switch_loadable_module.c:329 Adding Application 'eavesdrop'
2026-09-28 06:55:08.440309 0.00% [NOTICE] switch_loadable_module.c:329 Adding Application 'native_eavesdrop'
2026-09-28 06:55:08.440338 0.00% [NOTICE] switch_loadable_module.c:329 Adding Application 'three_way'
2026-09-28 06:55:08.440363 0.00% [NOTICE] switch_loadable_module.c:329 Adding Application 'set_user'
2026-09-28 06:55:08.440385 0.00% [NOTICE] switch_loadable_module.c:329 Adding Application 'stop_dtmf'
2026-09-28 06:55:08.440417 0.00% [NOTICE] switch_loadable_module.c:329 Adding Application 'start_dtmf'
2026-09-28 06:55:08.440438 0.00% [NOTICE] switch_loadable_module.c:329 Adding Application 'stop_dtmf_generate'
2026-09-28 06:55:08.440459 0.00% [NOTICE] switch_loadable_module.c:329 Adding Application 'start_dtmf_generate'
2026-09-28 06:55:08.440489 0.00% [NOTICE] switch_loadable_module.c:329 Adding Application 'stop_tone_detect'
2026-09-28 06:55:08.440518 0.00% [NOTICE] switch_loadable_module.c:329 Adding Application 'fax_detect'
2026-09-28 06:55:08.440541 0.00% [NOTICE] switch_loadable_module.c:329 Adding Application 'tone_detect'
2026-09-28 06:55:08.440571 0.00% [NOTICE] switch_loadable_module.c:329 Adding Application 'echo'
2026-09-28 06:55:08.440603 0.00% [NOTICE] switch_loadable_module.c:329 Adding Application 'park'
2026-09-28 06:55:08.440620 0.00% [NOTICE] switch_loadable_module.c:329 Adding Application 'park_state'
2026-09-28 06:55:08.440639 0.00% [NOTICE] switch_loadable_module.c:329 Adding Application 'gentones'
2026-09-28 06:55:08.440666 0.00% [NOTICE] switch_loadable_module.c:329 Adding Application 'playback'
2026-09-28 06:55:08.440703 0.00% [NOTICE] switch_loadable_module.c:329 Adding Application 'broadcast'
2026-09-28 06:55:08.440810 0.00% [NOTICE] switch_loadable_module.c:329 Adding Application 'endless_playback'
2026-09-28 06:55:08.440841 0.00% [NOTICE] switch_loadable_module.c:329 Adding Application 'loop_playback'
2026-09-28 06:55:08.440875 0.00% [NOTICE] switch_loadable_module.c:329 Adding Application 'att_xfer'
2026-09-28 06:55:08.440903 0.00% [NOTICE] switch_loadable_module.c:329 Adding Application 'read'
2026-09-28 06:55:08.440928 0.00% [NOTICE] switch_loadable_module.c:329 Adding Application 'play_and_get_digits'
2026-09-28 06:55:08.440956 0.00% [NOTICE] switch_loadable_module.c:329 Adding Application 'stop_video_write_overlay'
2026-09-28 06:55:08.440979 0.00% [NOTICE] switch_loadable_module.c:329 Adding Application 'video_write_overlay'
2026-09-28 06:55:08.441004 0.00% [NOTICE] switch_loadable_module.c:329 Adding Application 'stop_record_session'
2026-09-28 06:55:08.441034 0.00% [NOTICE] switch_loadable_module.c:329 Adding Application 'record_session'
2026-09-28 06:55:08.441063 0.00% [NOTICE] switch_loadable_module.c:329 Adding Application 'record_session_mask'
2026-09-28 06:55:08.441088 0.00% [NOTICE] switch_loadable_module.c:329 Adding Application 'record_session_unmask'
2026-09-28 06:55:08.441178 0.00% [NOTICE] switch_loadable_module.c:329 Adding Application 'record_session_pause'
2026-09-28 06:55:08.441319 0.00% [NOTICE] switch_loadable_module.c:329 Adding Application 'record_session_resume'
2026-09-28 06:55:08.441381 0.00% [NOTICE] switch_loadable_module.c:329 Adding Application 'record'
2026-09-28 06:55:08.441409 0.00% [NOTICE] switch_loadable_module.c:329 Adding Application 'preprocess'
2026-09-28 06:55:08.441431 0.00% [NOTICE] switch_loadable_module.c:329 Adding Application 'stop_displace_session'
2026-09-28 06:55:08.441451 0.00% [NOTICE] switch_loadable_module.c:329 Adding Application 'displace_session'
2026-09-28 06:55:08.441477 0.00% [NOTICE] switch_loadable_module.c:329 Adding Application 'speak'
2026-09-28 06:55:08.441676 0.00% [NOTICE] switch_loadable_module.c:329 Adding Application 'clear_speech_cache'
2026-09-28 06:55:08.441722 0.00% [NOTICE] switch_loadable_module.c:329 Adding Application 'bridge'
2026-09-28 06:55:08.441750 0.00% [NOTICE] switch_loadable_module.c:329 Adding Application 'system'
2026-09-28 06:55:08.441773 0.00% [NOTICE] switch_loadable_module.c:329 Adding Application 'bgsystem'
2026-09-28 06:55:08.441797 0.00% [NOTICE] switch_loadable_module.c:329 Adding Application 'say'
2026-09-28 06:55:08.441922 0.00% [NOTICE] switch_loadable_module.c:329 Adding Application 'detect_audio'
2026-09-28 06:55:08.442002 0.00% [NOTICE] switch_loadable_module.c:329 Adding Application 'detect_silence'
2026-09-28 06:55:08.442028 0.00% [NOTICE] switch_loadable_module.c:329 Adding Application 'wait_for_silence'
2026-09-28 06:55:08.442053 0.00% [NOTICE] switch_loadable_module.c:329 Adding Application 'session_loglevel'
2026-09-28 06:55:08.442092 0.00% [NOTICE] switch_loadable_module.c:329 Adding Application 'limit'
2026-09-28 06:55:08.442115 0.00% [NOTICE] switch_loadable_module.c:329 Adding Application 'limit_hash'
2026-09-28 06:55:08.442137 0.00% [NOTICE] switch_loadable_module.c:329 Adding Application 'limit_execute'
2026-09-28 06:55:08.442232 0.00% [NOTICE] switch_loadable_module.c:329 Adding Application 'limit_hash_execute'
2026-09-28 06:55:08.442263 0.00% [NOTICE] switch_loadable_module.c:329 Adding Application 'pickup'
2026-09-28 06:55:08.442302 0.00% [NOTICE] switch_loadable_module.c:329 Adding Application 'deduplicate_dtmf'
2026-09-28 06:55:08.442379 0.00% [NOTICE] switch_loadable_module.c:329 Adding Application 'vad_test'
2026-09-28 06:55:08.442419 0.00% [NOTICE] switch_loadable_module.c:329 Adding Application 'debug_media'
2026-09-28 06:55:08.442435 0.00% [NOTICE] switch_loadable_module.c:389 Adding API Function 'strepoch'
2026-09-28 06:55:08.442451 0.00% [NOTICE] switch_loadable_module.c:389 Adding API Function 'page'
2026-09-28 06:55:08.442463 0.00% [NOTICE] switch_loadable_module.c:389 Adding API Function 'strmicroepoch'
2026-09-28 06:55:08.442474 0.00% [NOTICE] switch_loadable_module.c:389 Adding API Function 'chat'
2026-09-28 06:55:08.442522 0.00% [NOTICE] switch_loadable_module.c:389 Adding API Function 'strftime'
2026-09-28 06:55:08.442534 0.00% [NOTICE] switch_loadable_module.c:389 Adding API Function 'presence'
2026-09-28 06:55:08.442568 0.00% [NOTICE] switch_loadable_module.c:455 Adding File Format 'file_string'
2026-09-28 06:55:08.442712 0.00% [NOTICE] switch_loadable_module.c:455 Adding File Format 'file'
2026-09-28 06:55:08.442730 0.00% [NOTICE] switch_loadable_module.c:455 Adding File Format 'tts'
2026-09-28 06:55:08.442745 0.00% [NOTICE] switch_loadable_module.c:621 Adding Chat interface 'event'
2026-09-28 06:55:08.442783 0.00% [NOTICE] switch_loadable_module.c:621 Adding Chat interface 'api'
2026-09-28 06:55:08.443832 0.00% [CONSOLE] switch_loadable_module.c:1772 Successfully Loaded [mod_expr]
2026-09-28 06:55:08.443871 0.00% [NOTICE] switch_loadable_module.c:389 Adding API Function 'expr'
2026-09-28 06:55:08.450663 0.00% [INFO] switch_core_sqldb.c:1840 fifo Starting SQL thread.
2026-09-28 06:55:08.452399 0.00% [DEBUG] switch_core_sqldb.c:1494 SQL ERR [no such table: fifo_outbound]
[delete from fifo_outbound where static = 1 or taking_calls < 0 or stop_time < 0]
Auto Generating Table!
2026-09-28 06:55:08.452471 0.00% [DEBUG] switch_core_sqldb.c:1501 Ignoring SQL ERR [no such table: fifo_outbound]
[drop table fifo_outbound]
2026-09-28 06:55:08.454369 0.00% [DEBUG] switch_core_sqldb.c:1494 SQL ERR [no such table: fifo_bridge]
[delete from fifo_bridge]
Auto Generating Table!
2026-09-28 06:55:08.454453 0.00% [DEBUG] switch_core_sqldb.c:1501 Ignoring SQL ERR [no such table: fifo_bridge]
[drop table fifo_bridge]
2026-09-28 06:55:08.455417 0.00% [DEBUG] switch_core_sqldb.c:1494 SQL ERR [no such table: fifo_callers]
[delete from fifo_callers]
Auto Generating Table!
2026-09-28 06:55:08.455615 0.00% [DEBUG] switch_core_sqldb.c:1501 Ignoring SQL ERR [no such table: fifo_callers]
[drop table fifo_callers]
2026-09-28 06:55:08.457869 0.00% [INFO] mod_fifo.c:4647 cool_fifo@172.25.0.3 configured
2026-09-28 06:55:08.458510 0.00% [CONSOLE] switch_loadable_module.c:1772 Successfully Loaded [mod_fifo]
2026-09-28 06:55:08.458546 0.00% [NOTICE] switch_loadable_module.c:329 Adding Application 'fifo'
2026-09-28 06:55:08.458642 0.00% [NOTICE] switch_loadable_module.c:329 Adding Application 'fifo_track_call'
2026-09-28 06:55:08.458678 0.00% [NOTICE] switch_loadable_module.c:389 Adding API Function 'fifo'
2026-09-28 06:55:08.458709 0.00% [NOTICE] switch_loadable_module.c:389 Adding API Function 'fifo_member'
2026-09-28 06:55:08.458737 0.00% [NOTICE] switch_loadable_module.c:389 Adding API Function 'fifo_add_outbound'
2026-09-28 06:55:08.458776 0.00% [NOTICE] switch_loadable_module.c:389 Adding API Function 'fifo_check_bridge'
2026-09-28 06:55:08.460414 0.00% [DEBUG] switch_scheduler.c:263 Added task 3 limit_hash_cleanup (mod_hash) to run at 1790579408
2026-09-28 06:55:08.460586 0.00% [CONSOLE] switch_loadable_module.c:1772 Successfully Loaded [mod_hash]
2026-09-28 06:55:08.460612 0.00% [NOTICE] switch_loadable_module.c:329 Adding Application 'hash'
2026-09-28 06:55:08.460643 0.00% [NOTICE] switch_loadable_module.c:389 Adding API Function 'hash'
2026-09-28 06:55:08.460756 0.00% [NOTICE] switch_loadable_module.c:389 Adding API Function 'hash_dump'
2026-09-28 06:55:08.460794 0.00% [NOTICE] switch_loadable_module.c:389 Adding API Function 'hash_remote'
2026-09-28 06:55:08.460822 0.00% [NOTICE] switch_loadable_module.c:717 Adding Limit interface 'hash'
2026-09-28 06:55:08.468363 0.00% [DEBUG] switch_core_sqldb.c:1494 SQL ERR [no such table: voicemail_msgs]
[select count(forwarded_by) from voicemail_msgs]
Auto Generating Table!
2026-09-28 06:55:08.468862 0.00% [DEBUG] switch_core_sqldb.c:1508 SQL ERR [no such table: voicemail_msgs]
[alter table voicemail_msgs add forwarded_by varchar(255)]
2026-09-28 06:55:08.468932 0.00% [DEBUG] switch_core_sqldb.c:1494 SQL ERR [no such table: voicemail_msgs]
[select count(forwarded_by) from voicemail_msgs]
Auto Generating Table!
2026-09-28 06:55:08.468982 0.00% [DEBUG] switch_core_sqldb.c:1501 Ignoring SQL ERR [no such table: voicemail_msgs]
[drop table voicemail_msgs]
2026-09-28 06:55:08.469867 0.00% [DEBUG] switch_core_sqldb.c:1494 SQL ERR [no such table: voicemail_prefs]
[select count(username) from voicemail_prefs]
Auto Generating Table!
2026-09-28 06:55:08.469918 0.00% [DEBUG] switch_core_sqldb.c:1501 Ignoring SQL ERR [no such table: voicemail_prefs]
[drop table voicemail_prefs]
2026-09-28 06:55:08.482037 0.00% [INFO] mod_voicemail.c:794 Added Profile default
2026-09-28 06:55:08.482143 0.00% [CONSOLE] switch_loadable_module.c:1772 Successfully Loaded [mod_voicemail]
2026-09-28 06:55:08.482223 0.00% [NOTICE] switch_loadable_module.c:329 Adding Application 'voicemail'
2026-09-28 06:55:08.482451 0.00% [NOTICE] switch_loadable_module.c:389 Adding API Function 'voicemail'
2026-09-28 06:55:08.482481 0.00% [NOTICE] switch_loadable_module.c:389 Adding API Function 'voicemail_inject'
2026-09-28 06:55:08.482508 0.00% [NOTICE] switch_loadable_module.c:389 Adding API Function 'vm_inject'
2026-09-28 06:55:08.482532 0.00% [NOTICE] switch_loadable_module.c:389 Adding API Function 'vm_boxcount'
2026-09-28 06:55:08.482603 0.00% [NOTICE] switch_loadable_module.c:389 Adding API Function 'vm_prefs'
2026-09-28 06:55:08.482626 0.00% [NOTICE] switch_loadable_module.c:389 Adding API Function 'vm_delete'
2026-09-28 06:55:08.482793 0.00% [NOTICE] switch_loadable_module.c:389 Adding API Function 'vm_read'
2026-09-28 06:55:08.482823 0.00% [NOTICE] switch_loadable_module.c:389 Adding API Function 'vm_list'
2026-09-28 06:55:08.482868 0.00% [NOTICE] switch_loadable_module.c:389 Adding API Function 'vm_fsdb_auth_login'
2026-09-28 06:55:08.482967 0.00% [NOTICE] switch_loadable_module.c:389 Adding API Function 'vm_fsdb_msg_count'
2026-09-28 06:55:08.482983 0.00% [NOTICE] switch_loadable_module.c:389 Adding API Function 'vm_fsdb_msg_list'
2026-09-28 06:55:08.482995 0.00% [NOTICE] switch_loadable_module.c:389 Adding API Function 'vm_fsdb_msg_get'
2026-09-28 06:55:08.483010 0.00% [NOTICE] switch_loadable_module.c:389 Adding API Function 'vm_fsdb_msg_delete'
2026-09-28 06:55:08.483025 0.00% [NOTICE] switch_loadable_module.c:389 Adding API Function 'vm_fsdb_msg_undelete'
2026-09-28 06:55:08.483037 0.00% [NOTICE] switch_loadable_module.c:389 Adding API Function 'vm_fsdb_msg_email'
2026-09-28 06:55:08.483051 0.00% [NOTICE] switch_loadable_module.c:389 Adding API Function 'vm_fsdb_msg_purge'
2026-09-28 06:55:08.483066 0.00% [NOTICE] switch_loadable_module.c:389 Adding API Function 'vm_fsdb_msg_save'
2026-09-28 06:55:08.483079 0.00% [NOTICE] switch_loadable_module.c:389 Adding API Function 'vm_fsdb_msg_forward'
2026-09-28 06:55:08.483092 0.00% [NOTICE] switch_loadable_module.c:389 Adding API Function 'vm_fsdb_pref_greeting_set'
2026-09-28 06:55:08.483105 0.00% [NOTICE] switch_loadable_module.c:389 Adding API Function 'vm_fsdb_pref_greeting_get'
2026-09-28 06:55:08.483118 0.00% [NOTICE] switch_loadable_module.c:389 Adding API Function 'vm_fsdb_pref_recname_set'
2026-09-28 06:55:08.483133 0.00% [NOTICE] switch_loadable_module.c:389 Adding API Function 'vm_fsdb_pref_password_set'
2026-09-28 06:55:08.484647 0.00% [CONSOLE] switch_loadable_module.c:1772 Successfully Loaded [mod_esf]
2026-09-28 06:55:08.484673 0.00% [NOTICE] switch_loadable_module.c:329 Adding Application 'esf_page_group'
2026-09-28 06:55:08.487354 0.00% [CONSOLE] switch_loadable_module.c:1772 Successfully Loaded [mod_fsv]
2026-09-28 06:55:08.487380 0.00% [NOTICE] switch_loadable_module.c:329 Adding Application 'play_fsv'
2026-09-28 06:55:08.487440 0.00% [NOTICE] switch_loadable_module.c:329 Adding Application 'record_fsv'
2026-09-28 06:55:08.487459 0.00% [NOTICE] switch_loadable_module.c:329 Adding Application 'play_yuv'
2026-09-28 06:55:08.487474 0.00% [NOTICE] switch_loadable_module.c:329 Adding Application 'decode_video'
2026-09-28 06:55:08.487491 0.00% [NOTICE] switch_loadable_module.c:455 Adding File Format 'fsv'
2026-09-28 06:55:08.488127 0.00% [CONSOLE] switch_loadable_module.c:1772 Successfully Loaded [mod_valet_parking]
2026-09-28 06:55:08.488160 0.00% [NOTICE] switch_loadable_module.c:329 Adding Application 'valet_park'
2026-09-28 06:55:08.488270 0.00% [NOTICE] switch_loadable_module.c:389 Adding API Function 'valet_info'
2026-09-28 06:55:08.497174 0.00% [NOTICE] mod_httapi.c:2171 Profile [default] JSON Function [http://www.freeswitch.org/api/index.cgi]
2026-09-28 06:55:08.497256 0.00% [CONSOLE] switch_loadable_module.c:1772 Successfully Loaded [mod_httapi]
2026-09-28 06:55:08.497291 0.00% [NOTICE] switch_loadable_module.c:329 Adding Application 'httapi'
2026-09-28 06:55:08.497382 0.00% [NOTICE] switch_loadable_module.c:389 Adding API Function 'httapi'
2026-09-28 06:55:08.497404 0.00% [NOTICE] switch_loadable_module.c:455 Adding File Format 'http'
2026-09-28 06:55:08.497422 0.00% [NOTICE] switch_loadable_module.c:455 Adding File Format 'https'
2026-09-28 06:55:08.498318 0.00% [CONSOLE] switch_loadable_module.c:1772 Successfully Loaded [mod_dialplan_xml]
2026-09-28 06:55:08.498351 0.00% [NOTICE] switch_loadable_module.c:273 Adding Dialplan 'XML'
2026-09-28 06:55:08.499081 0.00% [CONSOLE] switch_loadable_module.c:1772 Successfully Loaded [mod_dialplan_asterisk]
2026-09-28 06:55:08.499112 0.00% [NOTICE] switch_loadable_module.c:172 Adding Endpoint 'SIP'
2026-09-28 06:55:08.499175 0.00% [NOTICE] switch_loadable_module.c:172 Adding Endpoint 'IAX2'
2026-09-28 06:55:08.499199 0.00% [NOTICE] switch_loadable_module.c:273 Adding Dialplan 'asterisk'
2026-09-28 06:55:08.499219 0.00% [NOTICE] switch_loadable_module.c:329 Adding Application 'Dial'
2026-09-28 06:55:08.499239 0.00% [NOTICE] switch_loadable_module.c:329 Adding Application 'Goto'
2026-09-28 06:55:08.499261 0.00% [NOTICE] switch_loadable_module.c:329 Adding Application 'AvoidingDeadlock'
2026-09-28 06:55:08.502368 0.00% [DEBUG] mod_spandsp_fax.c:213 FAX timer thread started.
2026-09-28 06:55:08.512234 0.00% [WARNING] sofia_reg.c:520 platform-switch Failed Registration [403], setting retry to 30 seconds.
2026-09-28 06:55:08.524988 0.00% [DEBUG] mod_spandsp.c:894 mod_spandsp loaded, using spandsp library version [20120902 163333]
2026-09-28 06:55:08.525014 0.00% [CONSOLE] switch_loadable_module.c:1772 Successfully Loaded [mod_spandsp]
2026-09-28 06:55:08.525048 0.00% [NOTICE] switch_loadable_module.c:172 Adding Endpoint 'modem'
2026-09-28 06:55:08.525129 0.00% [NOTICE] switch_loadable_module.c:223 Adding Codec DVI4 6 ADPCM (IMA) 16000hz 10ms 1ch 64000bps
2026-09-28 06:55:08.525140 0.00% [NOTICE] switch_loadable_module.c:223 Adding Codec DVI4 6 ADPCM (IMA) 16000hz 20ms 1ch 64000bps
2026-09-28 06:55:08.525146 0.00% [NOTICE] switch_loadable_module.c:223 Adding Codec DVI4 6 ADPCM (IMA) 16000hz 30ms 1ch 64000bps
2026-09-28 06:55:08.525151 0.00% [NOTICE] switch_loadable_module.c:223 Adding Codec DVI4 6 ADPCM (IMA) 16000hz 40ms 1ch 64000bps
2026-09-28 06:55:08.525155 0.00% [NOTICE] switch_loadable_module.c:223 Adding Codec DVI4 6 ADPCM (IMA) 16000hz 50ms 1ch 64000bps
2026-09-28 06:55:08.525159 0.00% [NOTICE] switch_loadable_module.c:223 Adding Codec DVI4 6 ADPCM (IMA) 16000hz 60ms 1ch 64000bps
2026-09-28 06:55:08.525163 0.00% [NOTICE] switch_loadable_module.c:223 Adding Codec DVI4 5 ADPCM (IMA) 8000hz 10ms 1ch 32000bps
2026-09-28 06:55:08.525167 0.00% [NOTICE] switch_loadable_module.c:223 Adding Codec DVI4 5 ADPCM (IMA) 8000hz 20ms 1ch 32000bps
2026-09-28 06:55:08.525170 0.00% [NOTICE] switch_loadable_module.c:223 Adding Codec DVI4 5 ADPCM (IMA) 8000hz 30ms 1ch 32000bps
2026-09-28 06:55:08.525174 0.00% [NOTICE] switch_loadable_module.c:223 Adding Codec DVI4 5 ADPCM (IMA) 8000hz 40ms 1ch 32000bps
2026-09-28 06:55:08.525178 0.00% [NOTICE] switch_loadable_module.c:223 Adding Codec DVI4 5 ADPCM (IMA) 8000hz 50ms 1ch 32000bps
2026-09-28 06:55:08.525184 0.00% [NOTICE] switch_loadable_module.c:223 Adding Codec DVI4 5 ADPCM (IMA) 8000hz 60ms 1ch 32000bps
2026-09-28 06:55:08.525195 0.00% [NOTICE] switch_loadable_module.c:223 Adding Codec DVI4 5 ADPCM (IMA) 8000hz 70ms 1ch 32000bps
2026-09-28 06:55:08.525204 0.00% [NOTICE] switch_loadable_module.c:223 Adding Codec DVI4 5 ADPCM (IMA) 8000hz 80ms 1ch 32000bps
2026-09-28 06:55:08.525262 0.00% [NOTICE] switch_loadable_module.c:223 Adding Codec DVI4 5 ADPCM (IMA) 8000hz 90ms 1ch 32000bps
2026-09-28 06:55:08.525269 0.00% [NOTICE] switch_loadable_module.c:223 Adding Codec DVI4 5 ADPCM (IMA) 8000hz 100ms 1ch 32000bps
2026-09-28 06:55:08.525274 0.00% [NOTICE] switch_loadable_module.c:223 Adding Codec DVI4 5 ADPCM (IMA) 8000hz 110ms 1ch 32000bps
2026-09-28 06:55:08.525277 0.00% [NOTICE] switch_loadable_module.c:223 Adding Codec DVI4 5 ADPCM (IMA) 8000hz 120ms 1ch 32000bps
2026-09-28 06:55:08.525330 0.00% [NOTICE] switch_loadable_module.c:223 Adding Codec AAL2-G726-16 124 G.726 16k (AAL2) 8000hz 10ms 1ch 16000bps
2026-09-28 06:55:08.525339 0.00% [NOTICE] switch_loadable_module.c:223 Adding Codec AAL2-G726-16 124 G.726 16k (AAL2) 8000hz 20ms 1ch 16000bps
2026-09-28 06:55:08.525345 0.00% [NOTICE] switch_loadable_module.c:223 Adding Codec AAL2-G726-16 124 G.726 16k (AAL2) 8000hz 30ms 1ch 16000bps
2026-09-28 06:55:08.525350 0.00% [NOTICE] switch_loadable_module.c:223 Adding Codec AAL2-G726-16 124 G.726 16k (AAL2) 8000hz 40ms 1ch 16000bps
2026-09-28 06:55:08.525353 0.00% [NOTICE] switch_loadable_module.c:223 Adding Codec AAL2-G726-16 124 G.726 16k (AAL2) 8000hz 50ms 1ch 16000bps
2026-09-28 06:55:08.525357 0.00% [NOTICE] switch_loadable_module.c:223 Adding Codec AAL2-G726-16 124 G.726 16k (AAL2) 8000hz 60ms 1ch 16000bps
2026-09-28 06:55:08.525361 0.00% [NOTICE] switch_loadable_module.c:223 Adding Codec AAL2-G726-16 124 G.726 16k (AAL2) 8000hz 70ms 1ch 16000bps
2026-09-28 06:55:08.525365 0.00% [NOTICE] switch_loadable_module.c:223 Adding Codec AAL2-G726-16 124 G.726 16k (AAL2) 8000hz 80ms 1ch 16000bps
2026-09-28 06:55:08.525369 0.00% [NOTICE] switch_loadable_module.c:223 Adding Codec AAL2-G726-16 124 G.726 16k (AAL2) 8000hz 90ms 1ch 16000bps
2026-09-28 06:55:08.525373 0.00% [NOTICE] switch_loadable_module.c:223 Adding Codec AAL2-G726-16 124 G.726 16k (AAL2) 8000hz 100ms 1ch 16000bps
2026-09-28 06:55:08.525377 0.00% [NOTICE] switch_loadable_module.c:223 Adding Codec AAL2-G726-16 124 G.726 16k (AAL2) 8000hz 110ms 1ch 16000bps
2026-09-28 06:55:08.525381 0.00% [NOTICE] switch_loadable_module.c:223 Adding Codec AAL2-G726-16 124 G.726 16k (AAL2) 8000hz 120ms 1ch 16000bps
2026-09-28 06:55:08.525417 0.00% [NOTICE] switch_loadable_module.c:223 Adding Codec G726-16 124 G.726 16k 8000hz 10ms 1ch 16000bps
2026-09-28 06:55:08.525424 0.00% [NOTICE] switch_loadable_module.c:223 Adding Codec G726-16 124 G.726 16k 8000hz 20ms 1ch 16000bps
2026-09-28 06:55:08.525432 0.00% [NOTICE] switch_loadable_module.c:223 Adding Codec G726-16 124 G.726 16k 8000hz 30ms 1ch 16000bps
2026-09-28 06:55:08.525440 0.00% [NOTICE] switch_loadable_module.c:223 Adding Codec G726-16 124 G.726 16k 8000hz 40ms 1ch 16000bps
2026-09-28 06:55:08.525449 0.00% [NOTICE] switch_loadable_module.c:223 Adding Codec G726-16 124 G.726 16k 8000hz 50ms 1ch 16000bps
2026-09-28 06:55:08.525454 0.00% [NOTICE] switch_loadable_module.c:223 Adding Codec G726-16 124 G.726 16k 8000hz 60ms 1ch 16000bps
2026-09-28 06:55:08.525457 0.00% [NOTICE] switch_loadable_module.c:223 Adding Codec G726-16 124 G.726 16k 8000hz 70ms 1ch 16000bps
2026-09-28 06:55:08.525461 0.00% [NOTICE] switch_loadable_module.c:223 Adding Codec G726-16 124 G.726 16k 8000hz 80ms 1ch 16000bps
2026-09-28 06:55:08.525465 0.00% [NOTICE] switch_loadable_module.c:223 Adding Codec G726-16 124 G.726 16k 8000hz 90ms 1ch 16000bps
2026-09-28 06:55:08.525500 0.00% [NOTICE] switch_loadable_module.c:223 Adding Codec G726-16 124 G.726 16k 8000hz 100ms 1ch 16000bps
2026-09-28 06:55:08.525510 0.00% [NOTICE] switch_loadable_module.c:223 Adding Codec G726-16 124 G.726 16k 8000hz 110ms 1ch 16000bps
2026-09-28 06:55:08.525518 0.00% [NOTICE] switch_loadable_module.c:223 Adding Codec G726-16 124 G.726 16k 8000hz 120ms 1ch 16000bps
2026-09-28 06:55:08.525589 0.00% [NOTICE] switch_loadable_module.c:223 Adding Codec AAL2-G726-24 123 G.726 24k (AAL2) 8000hz 10ms 1ch 24000bps
2026-09-28 06:55:08.525603 0.00% [NOTICE] switch_loadable_module.c:223 Adding Codec AAL2-G726-24 123 G.726 24k (AAL2) 8000hz 20ms 1ch 24000bps
2026-09-28 06:55:08.525612 0.00% [NOTICE] switch_loadable_module.c:223 Adding Codec AAL2-G726-24 123 G.726 24k (AAL2) 8000hz 30ms 1ch 24000bps
2026-09-28 06:55:08.525617 0.00% [NOTICE] switch_loadable_module.c:223 Adding Codec AAL2-G726-24 123 G.726 24k (AAL2) 8000hz 40ms 1ch 24000bps
2026-09-28 06:55:08.525621 0.00% [NOTICE] switch_loadable_module.c:223 Adding Codec AAL2-G726-24 123 G.726 24k (AAL2) 8000hz 50ms 1ch 24000bps
2026-09-28 06:55:08.525625 0.00% [NOTICE] switch_loadable_module.c:223 Adding Codec AAL2-G726-24 123 G.726 24k (AAL2) 8000hz 60ms 1ch 24000bps
2026-09-28 06:55:08.525686 0.00% [NOTICE] switch_loadable_module.c:223 Adding Codec AAL2-G726-24 123 G.726 24k (AAL2) 8000hz 70ms 1ch 24000bps
2026-09-28 06:55:08.525691 0.00% [NOTICE] switch_loadable_module.c:223 Adding Codec AAL2-G726-24 123 G.726 24k (AAL2) 8000hz 80ms 1ch 24000bps
2026-09-28 06:55:08.525695 0.00% [NOTICE] switch_loadable_module.c:223 Adding Codec AAL2-G726-24 123 G.726 24k (AAL2) 8000hz 90ms 1ch 24000bps
2026-09-28 06:55:08.525698 0.00% [NOTICE] switch_loadable_module.c:223 Adding Codec AAL2-G726-24 123 G.726 24k (AAL2) 8000hz 100ms 1ch 24000bps
2026-09-28 06:55:08.525702 0.00% [NOTICE] switch_loadable_module.c:223 Adding Codec AAL2-G726-24 123 G.726 24k (AAL2) 8000hz 110ms 1ch 24000bps
2026-09-28 06:55:08.525706 0.00% [NOTICE] switch_loadable_module.c:223 Adding Codec AAL2-G726-24 123 G.726 24k (AAL2) 8000hz 120ms 1ch 24000bps
2026-09-28 06:55:08.525761 0.00% [NOTICE] switch_loadable_module.c:223 Adding Codec G726-24 123 G.726 24k 8000hz 10ms 1ch 24000bps
2026-09-28 06:55:08.525772 0.00% [NOTICE] switch_loadable_module.c:223 Adding Codec G726-24 123 G.726 24k 8000hz 20ms 1ch 24000bps
2026-09-28 06:55:08.525777 0.00% [NOTICE] switch_loadable_module.c:223 Adding Codec G726-24 123 G.726 24k 8000hz 30ms 1ch 24000bps
2026-09-28 06:55:08.525781 0.00% [NOTICE] switch_loadable_module.c:223 Adding Codec G726-24 123 G.726 24k 8000hz 40ms 1ch 24000bps
2026-09-28 06:55:08.525784 0.00% [NOTICE] switch_loadable_module.c:223 Adding Codec G726-24 123 G.726 24k 8000hz 50ms 1ch 24000bps
2026-09-28 06:55:08.525788 0.00% [NOTICE] switch_loadable_module.c:223 Adding Codec G726-24 123 G.726 24k 8000hz 60ms 1ch 24000bps
2026-09-28 06:55:08.525792 0.00% [NOTICE] switch_loadable_module.c:223 Adding Codec G726-24 123 G.726 24k 8000hz 70ms 1ch 24000bps
2026-09-28 06:55:08.525797 0.00% [NOTICE] switch_loadable_module.c:223 Adding Codec G726-24 123 G.726 24k 8000hz 80ms 1ch 24000bps
2026-09-28 06:55:08.525800 0.00% [NOTICE] switch_loadable_module.c:223 Adding Codec G726-24 123 G.726 24k 8000hz 90ms 1ch 24000bps
2026-09-28 06:55:08.525804 0.00% [NOTICE] switch_loadable_module.c:223 Adding Codec G726-24 123 G.726 24k 8000hz 100ms 1ch 24000bps
2026-09-28 06:55:08.525808 0.00% [NOTICE] switch_loadable_module.c:223 Adding Codec G726-24 123 G.726 24k 8000hz 110ms 1ch 24000bps
2026-09-28 06:55:08.525820 0.00% [NOTICE] switch_loadable_module.c:223 Adding Codec G726-24 123 G.726 24k 8000hz 120ms 1ch 24000bps
2026-09-28 06:55:08.525861 0.00% [NOTICE] switch_loadable_module.c:223 Adding Codec AAL2-G726-32 122 G.726 32k (AAL2) 8000hz 10ms 1ch 32000bps
2026-09-28 06:55:08.525872 0.00% [NOTICE] switch_loadable_module.c:223 Adding Codec AAL2-G726-32 122 G.726 32k (AAL2) 8000hz 20ms 1ch 32000bps
2026-09-28 06:55:08.525880 0.00% [NOTICE] switch_loadable_module.c:223 Adding Codec AAL2-G726-32 122 G.726 32k (AAL2) 8000hz 30ms 1ch 32000bps
2026-09-28 06:55:08.525890 0.00% [NOTICE] switch_loadable_module.c:223 Adding Codec AAL2-G726-32 122 G.726 32k (AAL2) 8000hz 40ms 1ch 32000bps
2026-09-28 06:55:08.525898 0.00% [NOTICE] switch_loadable_module.c:223 Adding Codec AAL2-G726-32 122 G.726 32k (AAL2) 8000hz 50ms 1ch 32000bps
2026-09-28 06:55:08.525906 0.00% [NOTICE] switch_loadable_module.c:223 Adding Codec AAL2-G726-32 122 G.726 32k (AAL2) 8000hz 60ms 1ch 32000bps
2026-09-28 06:55:08.525914 0.00% [NOTICE] switch_loadable_module.c:223 Adding Codec AAL2-G726-32 122 G.726 32k (AAL2) 8000hz 70ms 1ch 32000bps
2026-09-28 06:55:08.525922 0.00% [NOTICE] switch_loadable_module.c:223 Adding Codec AAL2-G726-32 122 G.726 32k (AAL2) 8000hz 80ms 1ch 32000bps
2026-09-28 06:55:08.525958 0.00% [NOTICE] switch_loadable_module.c:223 Adding Codec AAL2-G726-32 122 G.726 32k (AAL2) 8000hz 90ms 1ch 32000bps
2026-09-28 06:55:08.525969 0.00% [NOTICE] switch_loadable_module.c:223 Adding Codec AAL2-G726-32 122 G.726 32k (AAL2) 8000hz 100ms 1ch 32000bps
2026-09-28 06:55:08.525978 0.00% [NOTICE] switch_loadable_module.c:223 Adding Codec AAL2-G726-32 122 G.726 32k (AAL2) 8000hz 110ms 1ch 32000bps
2026-09-28 06:55:08.525986 0.00% [NOTICE] switch_loadable_module.c:223 Adding Codec AAL2-G726-32 122 G.726 32k (AAL2) 8000hz 120ms 1ch 32000bps
2026-09-28 06:55:08.526047 0.00% [NOTICE] switch_loadable_module.c:223 Adding Codec G726-32 122 G.726 32k 8000hz 10ms 1ch 32000bps
2026-09-28 06:55:08.526176 0.00% [NOTICE] switch_loadable_module.c:223 Adding Codec G726-32 122 G.726 32k 8000hz 20ms 1ch 32000bps
2026-09-28 06:55:08.526197 0.00% [NOTICE] switch_loadable_module.c:223 Adding Codec G726-32 122 G.726 32k 8000hz 30ms 1ch 32000bps
2026-09-28 06:55:08.526233 0.00% [NOTICE] switch_loadable_module.c:223 Adding Codec G726-32 122 G.726 32k 8000hz 40ms 1ch 32000bps
2026-09-28 06:55:08.526240 0.00% [NOTICE] switch_loadable_module.c:223 Adding Codec G726-32 122 G.726 32k 8000hz 50ms 1ch 32000bps
2026-09-28 06:55:08.526247 0.00% [NOTICE] switch_loadable_module.c:223 Adding Codec G726-32 122 G.726 32k 8000hz 60ms 1ch 32000bps
2026-09-28 06:55:08.526254 0.00% [NOTICE] switch_loadable_module.c:223 Adding Codec G726-32 122 G.726 32k 8000hz 70ms 1ch 32000bps
2026-09-28 06:55:08.526261 0.00% [NOTICE] switch_loadable_module.c:223 Adding Codec G726-32 122 G.726 32k 8000hz 80ms 1ch 32000bps
2026-09-28 06:55:08.526267 0.00% [NOTICE] switch_loadable_module.c:223 Adding Codec G726-32 122 G.726 32k 8000hz 90ms 1ch 32000bps
2026-09-28 06:55:08.526274 0.00% [NOTICE] switch_loadable_module.c:223 Adding Codec G726-32 122 G.726 32k 8000hz 100ms 1ch 32000bps
2026-09-28 06:55:08.526281 0.00% [NOTICE] switch_loadable_module.c:223 Adding Codec G726-32 122 G.726 32k 8000hz 110ms 1ch 32000bps
2026-09-28 06:55:08.526287 0.00% [NOTICE] switch_loadable_module.c:223 Adding Codec G726-32 122 G.726 32k 8000hz 120ms 1ch 32000bps
2026-09-28 06:55:08.526362 0.00% [NOTICE] switch_loadable_module.c:223 Adding Codec AAL2-G726-40 121 G.726 40k (AAL2) 8000hz 10ms 1ch 40000bps
2026-09-28 06:55:08.526372 0.00% [NOTICE] switch_loadable_module.c:223 Adding Codec AAL2-G726-40 121 G.726 40k (AAL2) 8000hz 20ms 1ch 40000bps
2026-09-28 06:55:08.526380 0.00% [NOTICE] switch_loadable_module.c:223 Adding Codec AAL2-G726-40 121 G.726 40k (AAL2) 8000hz 30ms 1ch 40000bps
2026-09-28 06:55:08.526442 0.00% [NOTICE] switch_loadable_module.c:223 Adding Codec AAL2-G726-40 121 G.726 40k (AAL2) 8000hz 40ms 1ch 40000bps
2026-09-28 06:55:08.526451 0.00% [NOTICE] switch_loadable_module.c:223 Adding Codec AAL2-G726-40 121 G.726 40k (AAL2) 8000hz 50ms 1ch 40000bps
2026-09-28 06:55:08.526458 0.00% [NOTICE] switch_loadable_module.c:223 Adding Codec AAL2-G726-40 121 G.726 40k (AAL2) 8000hz 60ms 1ch 40000bps
2026-09-28 06:55:08.526465 0.00% [NOTICE] switch_loadable_module.c:223 Adding Codec AAL2-G726-40 121 G.726 40k (AAL2) 8000hz 70ms 1ch 40000bps
2026-09-28 06:55:08.526472 0.00% [NOTICE] switch_loadable_module.c:223 Adding Codec AAL2-G726-40 121 G.726 40k (AAL2) 8000hz 80ms 1ch 40000bps
2026-09-28 06:55:08.526488 0.00% [NOTICE] switch_loadable_module.c:223 Adding Codec AAL2-G726-40 121 G.726 40k (AAL2) 8000hz 90ms 1ch 40000bps
2026-09-28 06:55:08.526495 0.00% [NOTICE] switch_loadable_module.c:223 Adding Codec AAL2-G726-40 121 G.726 40k (AAL2) 8000hz 100ms 1ch 40000bps
2026-09-28 06:55:08.526503 0.00% [NOTICE] switch_loadable_module.c:223 Adding Codec AAL2-G726-40 121 G.726 40k (AAL2) 8000hz 110ms 1ch 40000bps
2026-09-28 06:55:08.526509 0.00% [NOTICE] switch_loadable_module.c:223 Adding Codec AAL2-G726-40 121 G.726 40k (AAL2) 8000hz 120ms 1ch 40000bps
2026-09-28 06:55:08.526567 0.00% [NOTICE] switch_loadable_module.c:223 Adding Codec G726-40 121 G.726 40k 8000hz 10ms 1ch 40000bps
2026-09-28 06:55:08.526576 0.00% [NOTICE] switch_loadable_module.c:223 Adding Codec G726-40 121 G.726 40k 8000hz 20ms 1ch 40000bps
2026-09-28 06:55:08.526583 0.00% [NOTICE] switch_loadable_module.c:223 Adding Codec G726-40 121 G.726 40k 8000hz 30ms 1ch 40000bps
2026-09-28 06:55:08.526590 0.00% [NOTICE] switch_loadable_module.c:223 Adding Codec G726-40 121 G.726 40k 8000hz 40ms 1ch 40000bps
2026-09-28 06:55:08.526597 0.00% [NOTICE] switch_loadable_module.c:223 Adding Codec G726-40 121 G.726 40k 8000hz 50ms 1ch 40000bps
2026-09-28 06:55:08.526603 0.00% [NOTICE] switch_loadable_module.c:223 Adding Codec G726-40 121 G.726 40k 8000hz 60ms 1ch 40000bps
2026-09-28 06:55:08.526610 0.00% [NOTICE] switch_loadable_module.c:223 Adding Codec G726-40 121 G.726 40k 8000hz 70ms 1ch 40000bps
2026-09-28 06:55:08.526618 0.00% [NOTICE] switch_loadable_module.c:223 Adding Codec G726-40 121 G.726 40k 8000hz 80ms 1ch 40000bps
2026-09-28 06:55:08.526625 0.00% [NOTICE] switch_loadable_module.c:223 Adding Codec G726-40 121 G.726 40k 8000hz 90ms 1ch 40000bps
2026-09-28 06:55:08.526632 0.00% [NOTICE] switch_loadable_module.c:223 Adding Codec G726-40 121 G.726 40k 8000hz 100ms 1ch 40000bps
2026-09-28 06:55:08.526639 0.00% [NOTICE] switch_loadable_module.c:223 Adding Codec G726-40 121 G.726 40k 8000hz 110ms 1ch 40000bps
2026-09-28 06:55:08.526646 0.00% [NOTICE] switch_loadable_module.c:223 Adding Codec G726-40 121 G.726 40k 8000hz 120ms 1ch 40000bps
2026-09-28 06:55:08.526716 0.00% [NOTICE] switch_loadable_module.c:223 Adding Codec G722 9 G.722 16000hz 10ms 1ch 64000bps
2026-09-28 06:55:08.526726 0.00% [NOTICE] switch_loadable_module.c:223 Adding Codec G722 9 G.722 16000hz 20ms 1ch 64000bps
2026-09-28 06:55:08.526732 0.00% [NOTICE] switch_loadable_module.c:223 Adding Codec G722 9 G.722 16000hz 30ms 1ch 64000bps
2026-09-28 06:55:08.526739 0.00% [NOTICE] switch_loadable_module.c:223 Adding Codec G722 9 G.722 16000hz 40ms 1ch 64000bps
2026-09-28 06:55:08.526746 0.00% [NOTICE] switch_loadable_module.c:223 Adding Codec G722 9 G.722 16000hz 50ms 1ch 64000bps
2026-09-28 06:55:08.526753 0.00% [NOTICE] switch_loadable_module.c:223 Adding Codec G722 9 G.722 16000hz 60ms 1ch 64000bps
2026-09-28 06:55:08.526802 0.00% [NOTICE] switch_loadable_module.c:223 Adding Codec GSM 3 GSM 8000hz 20ms 1ch 13200bps
2026-09-28 06:55:08.526811 0.00% [NOTICE] switch_loadable_module.c:223 Adding Codec GSM 3 GSM 8000hz 40ms 1ch 13200bps
2026-09-28 06:55:08.526819 0.00% [NOTICE] switch_loadable_module.c:223 Adding Codec GSM 3 GSM 8000hz 60ms 1ch 13200bps
2026-09-28 06:55:08.526826 0.00% [NOTICE] switch_loadable_module.c:223 Adding Codec GSM 3 GSM 8000hz 80ms 1ch 13200bps
2026-09-28 06:55:08.526832 0.00% [NOTICE] switch_loadable_module.c:223 Adding Codec GSM 3 GSM 8000hz 100ms 1ch 13200bps
2026-09-28 06:55:08.526839 0.00% [NOTICE] switch_loadable_module.c:223 Adding Codec GSM 3 GSM 8000hz 120ms 1ch 13200bps
2026-09-28 06:55:08.526887 0.00% [NOTICE] switch_loadable_module.c:223 Adding Codec LPC 7 LPC-10 8000hz 90ms 1ch 2400bps
2026-09-28 06:55:08.526912 0.00% [NOTICE] switch_loadable_module.c:329 Adding Application 't38_gateway'
2026-09-28 06:55:08.526936 0.00% [NOTICE] switch_loadable_module.c:329 Adding Application 'rxfax'
2026-09-28 06:55:08.526983 0.00% [NOTICE] switch_loadable_module.c:329 Adding Application 'txfax'
2026-09-28 06:55:08.527004 0.00% [NOTICE] switch_loadable_module.c:329 Adding Application 'stopfax'
2026-09-28 06:55:08.527038 0.00% [NOTICE] switch_loadable_module.c:329 Adding Application 'spandsp_stop_dtmf'
2026-09-28 06:55:08.527062 0.00% [NOTICE] switch_loadable_module.c:329 Adding Application 'spandsp_start_dtmf'
2026-09-28 06:55:08.527133 0.00% [NOTICE] switch_loadable_module.c:329 Adding Application 'spandsp_stop_inject_tdd'
2026-09-28 06:55:08.527154 0.00% [NOTICE] switch_loadable_module.c:329 Adding Application 'spandsp_inject_tdd'
2026-09-28 06:55:08.527232 0.00% [NOTICE] switch_loadable_module.c:329 Adding Application 'spandsp_stop_detect_tdd'
2026-09-28 06:55:08.527255 0.00% [NOTICE] switch_loadable_module.c:329 Adding Application 'spandsp_detect_tdd'
2026-09-28 06:55:08.527278 0.00% [NOTICE] switch_loadable_module.c:329 Adding Application 'spandsp_send_tdd'
2026-09-28 06:55:08.527369 0.00% [NOTICE] switch_loadable_module.c:329 Adding Application 'spandsp_start_fax_detect'
2026-09-28 06:55:08.527389 0.00% [NOTICE] switch_loadable_module.c:329 Adding Application 'spandsp_stop_fax_detect'
2026-09-28 06:55:08.527418 0.00% [NOTICE] switch_loadable_module.c:329 Adding Application 'spandsp_start_tone_detect'
2026-09-28 06:55:08.527439 0.00% [NOTICE] switch_loadable_module.c:329 Adding Application 'spandsp_stop_tone_detect'
2026-09-28 06:55:08.527488 0.00% [NOTICE] switch_loadable_module.c:389 Adding API Function 'spandsp_start_tone_detect'
2026-09-28 06:55:08.527511 0.00% [NOTICE] switch_loadable_module.c:389 Adding API Function 'spandsp_stop_tone_detect'
2026-09-28 06:55:08.527531 0.00% [NOTICE] switch_loadable_module.c:389 Adding API Function 'start_tdd_detect'
2026-09-28 06:55:08.527550 0.00% [NOTICE] switch_loadable_module.c:389 Adding API Function 'stop_tdd_detect'
2026-09-28 06:55:08.527576 0.00% [NOTICE] switch_loadable_module.c:389 Adding API Function 'uuid_send_tdd'
2026-09-28 06:55:08.528236 0.00% [CONSOLE] switch_loadable_module.c:1772 Successfully Loaded [mod_g723_1]
2026-09-28 06:55:08.528270 0.00% [NOTICE] switch_loadable_module.c:223 Adding Codec G723 4 G.723.1 6.3k 8000hz 120ms 1ch 6300bps
2026-09-28 06:55:08.528279 0.00% [NOTICE] switch_loadable_module.c:223 Adding Codec G723 4 G.723.1 6.3k 8000hz 90ms 1ch 6300bps
2026-09-28 06:55:08.528287 0.00% [NOTICE] switch_loadable_module.c:223 Adding Codec G723 4 G.723.1 6.3k 8000hz 60ms 1ch 6300bps
2026-09-28 06:55:08.528294 0.00% [NOTICE] switch_loadable_module.c:223 Adding Codec G723 4 G.723.1 6.3k 8000hz 30ms 1ch 6300bps
2026-09-28 06:55:08.529062 0.00% [CONSOLE] switch_loadable_module.c:1772 Successfully Loaded [mod_g729]
2026-09-28 06:55:08.529091 0.00% [NOTICE] switch_loadable_module.c:223 Adding Codec G729 18 G.729 8000hz 10ms 1ch 8000bps
2026-09-28 06:55:08.529101 0.00% [NOTICE] switch_loadable_module.c:223 Adding Codec G729 18 G.729 8000hz 20ms 1ch 8000bps
2026-09-28 06:55:08.529106 0.00% [NOTICE] switch_loadable_module.c:223 Adding Codec G729 18 G.729 8000hz 30ms 1ch 8000bps
2026-09-28 06:55:08.529110 0.00% [NOTICE] switch_loadable_module.c:223 Adding Codec G729 18 G.729 8000hz 40ms 1ch 8000bps
2026-09-28 06:55:08.529114 0.00% [NOTICE] switch_loadable_module.c:223 Adding Codec G729 18 G.729 8000hz 50ms 1ch 8000bps
2026-09-28 06:55:08.529118 0.00% [NOTICE] switch_loadable_module.c:223 Adding Codec G729 18 G.729 8000hz 60ms 1ch 8000bps
2026-09-28 06:55:08.529122 0.00% [NOTICE] switch_loadable_module.c:223 Adding Codec G729 18 G.729 8000hz 70ms 1ch 8000bps
2026-09-28 06:55:08.529127 0.00% [NOTICE] switch_loadable_module.c:223 Adding Codec G729 18 G.729 8000hz 80ms 1ch 8000bps
2026-09-28 06:55:08.529131 0.00% [NOTICE] switch_loadable_module.c:223 Adding Codec G729 18 G.729 8000hz 90ms 1ch 8000bps
2026-09-28 06:55:08.529135 0.00% [NOTICE] switch_loadable_module.c:223 Adding Codec G729 18 G.729 8000hz 100ms 1ch 8000bps
2026-09-28 06:55:08.529139 0.00% [NOTICE] switch_loadable_module.c:223 Adding Codec G729 18 G.729 8000hz 110ms 1ch 8000bps
2026-09-28 06:55:08.529189 0.00% [NOTICE] switch_loadable_module.c:223 Adding Codec G729 18 G.729 8000hz 120ms 1ch 8000bps
2026-09-28 06:55:08.529720 0.00% [CONSOLE] switch_loadable_module.c:1772 Successfully Loaded [mod_amr]
2026-09-28 06:55:08.529742 0.00% [NOTICE] switch_loadable_module.c:223 Adding Codec AMR 96 AMR / Octet Aligned 8000hz 20ms 1ch 12200bps
2026-09-28 06:55:08.529799 0.00% [NOTICE] switch_loadable_module.c:223 Adding Codec AMR 97 AMR / Bandwidth Efficient 8000hz 20ms 1ch 12200bps
2026-09-28 06:55:08.530799 0.00% [CONSOLE] switch_loadable_module.c:1772 Successfully Loaded [mod_b64]
2026-09-28 06:55:08.530891 0.00% [NOTICE] switch_loadable_module.c:223 Adding Codec b64 116 B64 (STANDARD) 32000hz 20ms 1ch 684800bps
2026-09-28 06:55:08.530931 0.00% [NOTICE] switch_loadable_module.c:223 Adding Codec b64 116 B64 (STANDARD) 16000hz 20ms 1ch 342400bps
2026-09-28 06:55:08.530941 0.00% [NOTICE] switch_loadable_module.c:223 Adding Codec b64 116 B64 (STANDARD) 8000hz 20ms 1ch 171200bps
2026-09-28 06:55:08.535256 0.00% [CONSOLE] switch_loadable_module.c:1772 Successfully Loaded [mod_opus]
2026-09-28 06:55:08.535285 0.00% [NOTICE] switch_loadable_module.c:229 Adding Codec opus 116 OPUS (STANDARD) 8000hz 40ms 2ch (VBR)
2026-09-28 06:55:08.535361 0.00% [NOTICE] switch_loadable_module.c:229 Adding Codec opus 116 OPUS (STANDARD) 8000hz 40ms 1ch (VBR)
2026-09-28 06:55:08.535398 0.00% [NOTICE] switch_loadable_module.c:229 Adding Codec opus 116 OPUS (STANDARD) 8000hz 120ms 1ch (VBR)
2026-09-28 06:55:08.535471 0.00% [NOTICE] switch_loadable_module.c:229 Adding Codec opus 116 OPUS (STANDARD) 8000hz 100ms 1ch (VBR)
2026-09-28 06:55:08.535512 0.00% [NOTICE] switch_loadable_module.c:229 Adding Codec opus 116 OPUS (STANDARD) 8000hz 80ms 1ch (VBR)
2026-09-28 06:55:08.535546 0.00% [NOTICE] switch_loadable_module.c:229 Adding Codec opus 116 OPUS (STANDARD) 8000hz 60ms 1ch (VBR)
2026-09-28 06:55:08.535578 0.00% [NOTICE] switch_loadable_module.c:229 Adding Codec opus 116 OPUS (STANDARD) 8000hz 20ms 2ch (VBR)
2026-09-28 06:55:08.535620 0.00% [NOTICE] switch_loadable_module.c:229 Adding Codec opus 116 OPUS (STANDARD) 8000hz 20ms 1ch (VBR)
2026-09-28 06:55:08.535659 0.00% [NOTICE] switch_loadable_module.c:229 Adding Codec opus 116 OPUS (STANDARD) 8000hz 10ms 2ch (VBR)
2026-09-28 06:55:08.535691 0.00% [NOTICE] switch_loadable_module.c:229 Adding Codec opus 116 OPUS (STANDARD) 8000hz 10ms 1ch (VBR)
2026-09-28 06:55:08.535725 0.00% [NOTICE] switch_loadable_module.c:229 Adding Codec opus 116 OPUS (STANDARD) 16000hz 40ms 2ch (VBR)
2026-09-28 06:55:08.535765 0.00% [NOTICE] switch_loadable_module.c:229 Adding Codec opus 116 OPUS (STANDARD) 16000hz 40ms 1ch (VBR)
2026-09-28 06:55:08.535800 0.00% [NOTICE] switch_loadable_module.c:229 Adding Codec opus 116 OPUS (STANDARD) 16000hz 60ms 1ch (VBR)
2026-09-28 06:55:08.535904 0.00% [NOTICE] switch_loadable_module.c:229 Adding Codec opus 116 OPUS (STANDARD) 16000hz 20ms 2ch (VBR)
2026-09-28 06:55:08.535941 0.00% [NOTICE] switch_loadable_module.c:229 Adding Codec opus 116 OPUS (STANDARD) 16000hz 20ms 1ch (VBR)
2026-09-28 06:55:08.535975 0.00% [NOTICE] switch_loadable_module.c:229 Adding Codec opus 116 OPUS (STANDARD) 16000hz 10ms 2ch (VBR)
2026-09-28 06:55:08.536007 0.00% [NOTICE] switch_loadable_module.c:229 Adding Codec opus 116 OPUS (STANDARD) 16000hz 10ms 1ch (VBR)
2026-09-28 06:55:08.536040 0.00% [NOTICE] switch_loadable_module.c:229 Adding Codec opus 116 OPUS (STANDARD) 48000hz 40ms 2ch (VBR)
2026-09-28 06:55:08.536080 0.00% [NOTICE] switch_loadable_module.c:229 Adding Codec opus 116 OPUS (STANDARD) 48000hz 40ms 1ch (VBR)
2026-09-28 06:55:08.536114 0.00% [NOTICE] switch_loadable_module.c:229 Adding Codec opus 116 OPUS (STANDARD) 48000hz 20ms 2ch (VBR)
2026-09-28 06:55:08.536152 0.00% [NOTICE] switch_loadable_module.c:229 Adding Codec opus 116 OPUS (STANDARD) 48000hz 20ms 1ch (VBR)
2026-09-28 06:55:08.536184 0.00% [NOTICE] switch_loadable_module.c:229 Adding Codec opus 116 OPUS (STANDARD) 48000hz 10ms 2ch (VBR)
2026-09-28 06:55:08.536216 0.00% [NOTICE] switch_loadable_module.c:229 Adding Codec opus 116 OPUS (STANDARD) 48000hz 10ms 1ch (VBR)
2026-09-28 06:55:08.536298 0.00% [NOTICE] switch_loadable_module.c:389 Adding API Function 'opus_debug'
2026-09-28 06:55:08.536822 0.00% [CRIT] switch_loadable_module.c:1754 Error Loading module /usr/lib/freeswitch/mod/mod_av.so
**Error loading shared library libavformat.so.62: No such file or directory (needed by /usr/lib/freeswitch/mod/mod_av.so)**
2026-09-28 06:55:08.545818 0.00% [INFO] mod_sndfile.c:498 
LibSndFile Version : libsndfile-1.2.2 Supported Formats
================================================================================
AIFF (Apple/SGI)  (extension "aiff")
AU (Sun/NeXT)  (extension "au")
AVR (Audio Visual Research)  (extension "avr")
CAF (Apple Core Audio File)  (extension "caf")
FLAC (Free Lossless Audio Codec)  (extension "flac")
HTK (HMM Tool Kit)  (extension "htk")
IFF (Amiga IFF/SVX8/SV16)  (extension "iff")
MAT4 (GNU Octave 2.0 / Matlab 4.2)  (extension "mat")
MAT5 (GNU Octave 2.1 / Matlab 5.0)  (extension "mat")
MPC (Akai MPC 2k)  (extension "mpc")
MPEG-1/2 Audio  (extension "m1a")
OGG (OGG Container format)  (extension "oga")
OGG (OGG Container format)  (extension "ogg")
PAF (Ensoniq PARIS)  (extension "paf")
PVF (Portable Voice Format)  (extension "pvf")
RAW (header-less)  (extension "raw")
RF64 (RIFF 64)  (extension "rf64")
SD2 (Sound Designer II)  (extension "sd2")
SDS (Midi Sample Dump Standard)  (extension "sds")
SF (Berkeley/IRCAM/CARL)  (extension "sf")
VOC (Creative Labs)  (extension "voc")
W64 (SoundFoundry WAVE 64)  (extension "w64")
WAV (Microsoft)  (extension "wav")
WAV (NIST Sphere)  (extension "wav")
WAVEX (Microsoft)  (extension "wav")
WVE (Psion Series 3)  (extension "wve")
XI (FastTracker 2)  (extension "xi")
================================================================================
2026-09-28 06:55:08.546073 0.00% [CONSOLE] switch_loadable_module.c:1772 Successfully Loaded [mod_sndfile]
2026-09-28 06:55:08.546176 0.00% [NOTICE] switch_loadable_module.c:389 Adding API Function 'sndfile_debug'
2026-09-28 06:55:08.546284 0.00% [NOTICE] switch_loadable_module.c:455 Adding File Format 'aiff'
2026-09-28 06:55:08.546307 0.00% [NOTICE] switch_loadable_module.c:455 Adding File Format 'au'
2026-09-28 06:55:08.546324 0.00% [NOTICE] switch_loadable_module.c:455 Adding File Format 'avr'
2026-09-28 06:55:08.546339 0.00% [NOTICE] switch_loadable_module.c:455 Adding File Format 'caf'
2026-09-28 06:55:08.546352 0.00% [NOTICE] switch_loadable_module.c:455 Adding File Format 'flac'
2026-09-28 06:55:08.546369 0.00% [NOTICE] switch_loadable_module.c:455 Adding File Format 'htk'
2026-09-28 06:55:08.546411 0.00% [NOTICE] switch_loadable_module.c:455 Adding File Format 'iff'
2026-09-28 06:55:08.546423 0.00% [NOTICE] switch_loadable_module.c:455 Adding File Format 'mat'
2026-09-28 06:55:08.546437 0.00% [NOTICE] switch_loadable_module.c:455 Adding File Format 'mpc'
2026-09-28 06:55:08.546450 0.00% [NOTICE] switch_loadable_module.c:455 Adding File Format 'm1a'
2026-09-28 06:55:08.546462 0.00% [NOTICE] switch_loadable_module.c:455 Adding File Format 'oga'
2026-09-28 06:55:08.546591 0.00% [NOTICE] switch_loadable_module.c:455 Adding File Format 'paf'
2026-09-28 06:55:08.546660 0.00% [NOTICE] switch_loadable_module.c:455 Adding File Format 'pvf'
2026-09-28 06:55:08.546692 0.00% [NOTICE] switch_loadable_module.c:455 Adding File Format 'raw'
2026-09-28 06:55:08.546707 0.00% [NOTICE] switch_loadable_module.c:455 Adding File Format 'rf64'
2026-09-28 06:55:08.546737 0.00% [NOTICE] switch_loadable_module.c:455 Adding File Format 'sd2'
2026-09-28 06:55:08.546803 0.00% [NOTICE] switch_loadable_module.c:455 Adding File Format 'sds'
2026-09-28 06:55:08.546843 0.00% [NOTICE] switch_loadable_module.c:455 Adding File Format 'sf'
2026-09-28 06:55:08.546863 0.00% [NOTICE] switch_loadable_module.c:455 Adding File Format 'voc'
2026-09-28 06:55:08.546877 0.00% [NOTICE] switch_loadable_module.c:455 Adding File Format 'w64'
2026-09-28 06:55:08.546890 0.00% [NOTICE] switch_loadable_module.c:455 Adding File Format 'wav'
2026-09-28 06:55:08.546903 0.00% [NOTICE] switch_loadable_module.c:455 Adding File Format 'wve'
2026-09-28 06:55:08.546915 0.00% [NOTICE] switch_loadable_module.c:455 Adding File Format 'xi'
2026-09-28 06:55:08.546927 0.00% [NOTICE] switch_loadable_module.c:455 Adding File Format 'r8'
2026-09-28 06:55:08.546939 0.00% [NOTICE] switch_loadable_module.c:455 Adding File Format 'r16'
2026-09-28 06:55:08.546952 0.00% [NOTICE] switch_loadable_module.c:455 Adding File Format 'r24'
2026-09-28 06:55:08.546968 0.00% [NOTICE] switch_loadable_module.c:455 Adding File Format 'r32'
2026-09-28 06:55:08.546990 0.00% [NOTICE] switch_loadable_module.c:455 Adding File Format 'gsm'
2026-09-28 06:55:08.547017 0.00% [NOTICE] switch_loadable_module.c:455 Adding File Format 'ul'
2026-09-28 06:55:08.547031 0.00% [NOTICE] switch_loadable_module.c:455 Adding File Format 'ulaw'
2026-09-28 06:55:08.547061 0.00% [NOTICE] switch_loadable_module.c:455 Adding File Format 'al'
2026-09-28 06:55:08.547079 0.00% [NOTICE] switch_loadable_module.c:455 Adding File Format 'alaw'
2026-09-28 06:55:08.547116 0.00% [NOTICE] switch_loadable_module.c:455 Adding File Format 'adpcm'
2026-09-28 06:55:08.547334 0.00% [NOTICE] switch_loadable_module.c:455 Adding File Format 'vox'
2026-09-28 06:55:08.547355 0.00% [NOTICE] switch_loadable_module.c:455 Adding File Format 'oga'
2026-09-28 06:55:08.547368 0.00% [NOTICE] switch_loadable_module.c:455 Adding File Format 'ogg'
2026-09-28 06:55:08.548111 0.00% [CONSOLE] switch_loadable_module.c:1772 Successfully Loaded [mod_native_file]
2026-09-28 06:55:08.548141 0.00% [NOTICE] switch_loadable_module.c:455 Adding File Format 'AAL2-G726-32'
2026-09-28 06:55:08.548207 0.00% [NOTICE] switch_loadable_module.c:455 Adding File Format 'DVI4'
2026-09-28 06:55:08.548224 0.00% [NOTICE] switch_loadable_module.c:455 Adding File Format 'PCMU'
2026-09-28 06:55:08.548235 0.00% [NOTICE] switch_loadable_module.c:455 Adding File Format 'G722'
2026-09-28 06:55:08.548257 0.00% [NOTICE] switch_loadable_module.c:455 Adding File Format 'AAL2-G726-24'
2026-09-28 06:55:08.548270 0.00% [NOTICE] switch_loadable_module.c:455 Adding File Format 'AAL2-G726-40'
2026-09-28 06:55:08.548281 0.00% [NOTICE] switch_loadable_module.c:455 Adding File Format 'L16'
2026-09-28 06:55:08.548318 0.00% [NOTICE] switch_loadable_module.c:455 Adding File Format 'G726-16'
2026-09-28 06:55:08.548330 0.00% [NOTICE] switch_loadable_module.c:455 Adding File Format 'PCMA'
2026-09-28 06:55:08.548343 0.00% [NOTICE] switch_loadable_module.c:455 Adding File Format 'G726-24'
2026-09-28 06:55:08.548357 0.00% [NOTICE] switch_loadable_module.c:455 Adding File Format 'G729'
2026-09-28 06:55:08.548375 0.00% [NOTICE] switch_loadable_module.c:455 Adding File Format 'AAL2-G726-16'
2026-09-28 06:55:08.548388 0.00% [NOTICE] switch_loadable_module.c:455 Adding File Format 'G726-32'
2026-09-28 06:55:08.548400 0.00% [NOTICE] switch_loadable_module.c:455 Adding File Format 'GSM'
2026-09-28 06:55:08.548413 0.00% [NOTICE] switch_loadable_module.c:455 Adding File Format 'G726-40'
2026-09-28 06:55:08.548434 0.00% [NOTICE] switch_loadable_module.c:455 Adding File Format 'G723'
2026-09-28 06:55:08.548448 0.00% [NOTICE] switch_loadable_module.c:455 Adding File Format 'LPC'
2026-09-28 06:55:08.549006 0.00% [CONSOLE] switch_loadable_module.c:1772 Successfully Loaded [mod_png]
2026-09-28 06:55:08.549028 0.00% [NOTICE] switch_loadable_module.c:389 Adding API Function 'uuid_write_png'
2026-09-28 06:55:08.549085 0.00% [NOTICE] switch_loadable_module.c:455 Adding File Format 'png'
2026-09-28 06:55:08.551775 0.00% [CONSOLE] switch_loadable_module.c:1772 Successfully Loaded [mod_local_stream]
2026-09-28 06:55:08.551803 0.00% [NOTICE] switch_loadable_module.c:389 Adding API Function 'local_stream'
2026-09-28 06:55:08.551860 0.00% [NOTICE] switch_loadable_module.c:455 Adding File Format 'local_stream'
2026-09-28 06:55:08.552749 0.00% [CONSOLE] switch_loadable_module.c:1772 Successfully Loaded [mod_tone_stream]
2026-09-28 06:55:08.552775 0.00% [NOTICE] switch_loadable_module.c:455 Adding File Format 'tone_stream'
2026-09-28 06:55:08.552839 0.00% [NOTICE] switch_loadable_module.c:455 Adding File Format 'silence_stream'
2026-09-28 06:55:08.555732 0.00% [DEBUG] switch_loadable_module.c:1706 Loading module with global namespace at request of module
2026-09-28 06:55:08.556372 0.00% [CONSOLE] switch_loadable_module.c:1772 Successfully Loaded [mod_lua]
2026-09-28 06:55:08.556406 0.00% [NOTICE] switch_loadable_module.c:273 Adding Dialplan 'LUA'
2026-09-28 06:55:08.556482 0.00% [NOTICE] switch_loadable_module.c:329 Adding Application 'lua'
2026-09-28 06:55:08.556517 0.00% [NOTICE] switch_loadable_module.c:359 Adding Chat Application 'lua'
2026-09-28 06:55:08.556542 0.00% [NOTICE] switch_loadable_module.c:389 Adding API Function 'luarun'
2026-09-28 06:55:08.556569 0.00% [NOTICE] switch_loadable_module.c:389 Adding API Function 'lua'
2026-09-28 06:55:08.557321 0.00% [CONSOLE] switch_loadable_module.c:1772 Successfully Loaded [mod_say_en]
2026-09-28 06:55:08.557353 0.00% [NOTICE] switch_loadable_module.c:651 Adding Say interface 'en'
2026-09-28 06:55:08.557477 0.00% [CONSOLE] switch_loadable_module.c:149 Starting runtime thread for mod_verto
2026-09-28 06:55:08.557839 0.00% [CONSOLE] switch_loadable_module.c:149 Starting runtime thread for mod_event_socket
2026-09-28 06:55:08.558227 0.00% [CONSOLE] switch_loadable_module.c:149 Starting runtime thread for CORE_SOFTTIMER_MODULE
2026-09-28 06:55:08.558760 100.00% [INFO] switch_time.c:627 Clock synchronized to system time.
2026-09-28 06:55:08.559098 100.00% [DEBUG] switch_loadable_module.c:910 Chat Thread Started
2026-09-28 06:55:08.559535 100.00% [DEBUG] mod_event_socket.c:2979 Socket up listening on 0.0.0.0:8021
2026-09-28 06:55:08.559613 100.00% [DEBUG] switch_loadable_module.c:910 Chat Thread Started
2026-09-28 06:55:08.559883 100.00% [NOTICE] switch_core.c:1482 Created ip list rfc6598.auto default (deny)
2026-09-28 06:55:08.559904 100.00% [NOTICE] switch_utils.c:665 Adding 100.64.0.0/10 (allow) [] to list rfc6598.auto
2026-09-28 06:55:08.559916 100.00% [NOTICE] switch_core.c:1488 Created ip list rfc1918.auto default (deny)
2026-09-28 06:55:08.559923 100.00% [NOTICE] switch_utils.c:665 Adding 10.0.0.0/8 (allow) [] to list rfc1918.auto
2026-09-28 06:55:08.559932 100.00% [NOTICE] switch_utils.c:665 Adding 172.16.0.0/12 (allow) [] to list rfc1918.auto
2026-09-28 06:55:08.559940 100.00% [NOTICE] switch_utils.c:665 Adding 192.168.0.0/16 (allow) [] to list rfc1918.auto
2026-09-28 06:55:08.559949 100.00% [NOTICE] switch_utils.c:665 Adding fe80::/10 (allow) [] to list rfc1918.auto
2026-09-28 06:55:08.559957 100.00% [NOTICE] switch_core.c:1497 Created ip list wan.auto default (allow)
2026-09-28 06:55:08.559985 100.00% [NOTICE] switch_utils.c:665 Adding 0.0.0.0/8 (deny) [] to list wan.auto
2026-09-28 06:55:08.559995 100.00% [NOTICE] switch_utils.c:665 Adding 10.0.0.0/8 (deny) [] to list wan.auto
2026-09-28 06:55:08.560004 100.00% [NOTICE] switch_utils.c:665 Adding 172.16.0.0/12 (deny) [] to list wan.auto
2026-09-28 06:55:08.560013 100.00% [NOTICE] switch_utils.c:665 Adding 192.168.0.0/16 (deny) [] to list wan.auto
2026-09-28 06:55:08.560021 100.00% [NOTICE] switch_utils.c:665 Adding 169.254.0.0/16 (deny) [] to list wan.auto
2026-09-28 06:55:08.560028 100.00% [NOTICE] switch_utils.c:665 Adding 100.64.0.0/10 (deny) [] to list wan.auto
2026-09-28 06:55:08.560038 100.00% [NOTICE] switch_utils.c:665 Adding fe80::/10 (deny) [] to list wan.auto
2026-09-28 06:55:08.560046 100.00% [NOTICE] switch_core.c:1509 Created ip list wan_v6.auto default (allow)
2026-09-28 06:55:08.560053 100.00% [NOTICE] switch_utils.c:665 Adding 0.0.0.0/0 (deny) [] to list wan_v6.auto
2026-09-28 06:55:08.560059 100.00% [NOTICE] switch_utils.c:665 Adding fe80::/10 (deny) [] to list wan_v6.auto
2026-09-28 06:55:08.560064 100.00% [NOTICE] switch_core.c:1517 Created ip list wan_v4.auto default (allow)
2026-09-28 06:55:08.560067 100.00% [NOTICE] switch_utils.c:665 Adding 0.0.0.0/8 (deny) [] to list wan_v4.auto
2026-09-28 06:55:08.560071 100.00% [NOTICE] switch_utils.c:665 Adding 10.0.0.0/8 (deny) [] to list wan_v4.auto
2026-09-28 06:55:08.560093 100.00% [NOTICE] switch_utils.c:665 Adding 172.16.0.0/12 (deny) [] to list wan_v4.auto
2026-09-28 06:55:08.560097 100.00% [NOTICE] switch_utils.c:665 Adding 192.168.0.0/16 (deny) [] to list wan_v4.auto
2026-09-28 06:55:08.560112 100.00% [NOTICE] switch_utils.c:665 Adding 169.254.0.0/16 (deny) [] to list wan_v4.auto
2026-09-28 06:55:08.560116 100.00% [NOTICE] switch_utils.c:665 Adding 100.64.0.0/10 (deny) [] to list wan_v4.auto
2026-09-28 06:55:08.560125 100.00% [NOTICE] switch_utils.c:665 Adding ::/0 (deny) [] to list wan_v4.auto
2026-09-28 06:55:08.560130 100.00% [NOTICE] switch_core.c:1530 Created ip list any_v6.auto default (allow)
2026-09-28 06:55:08.560134 100.00% [NOTICE] switch_utils.c:665 Adding 0.0.0.0/0 (deny) [] to list any_v6.auto
2026-09-28 06:55:08.560140 100.00% [NOTICE] switch_core.c:1537 Created ip list any_v4.auto default (allow)
2026-09-28 06:55:08.560143 100.00% [NOTICE] switch_utils.c:665 Adding ::/0 (deny) [] to list any_v4.auto
2026-09-28 06:55:08.560147 100.00% [NOTICE] switch_core.c:1544 Created ip list nat.auto default (deny)
2026-09-28 06:55:08.560151 100.00% [NOTICE] switch_core.c:1546 Adding 172.25.0.3/255.255.0.0 (deny) to list nat.auto
2026-09-28 06:55:08.560155 100.00% [NOTICE] switch_utils.c:665 Adding 10.0.0.0/8 (allow) [] to list nat.auto
2026-09-28 06:55:08.560159 100.00% [NOTICE] switch_utils.c:665 Adding 172.16.0.0/12 (allow) [] to list nat.auto
2026-09-28 06:55:08.560163 100.00% [NOTICE] switch_utils.c:665 Adding 192.168.0.0/16 (allow) [] to list nat.auto
2026-09-28 06:55:08.560166 100.00% [NOTICE] switch_utils.c:665 Adding 100.64.0.0/10 (allow) [] to list nat.auto
2026-09-28 06:55:08.560169 100.00% [NOTICE] switch_core.c:1556 Created ip list loopback.auto default (deny)
2026-09-28 06:55:08.560172 100.00% [NOTICE] switch_utils.c:665 Adding 127.0.0.0/8 (allow) [] to list loopback.auto
2026-09-28 06:55:08.560176 100.00% [NOTICE] switch_utils.c:665 Adding ::1/128 (allow) [] to list loopback.auto
2026-09-28 06:55:08.560180 100.00% [NOTICE] switch_core.c:1563 Created ip list localnet.auto default (deny)
2026-09-28 06:55:08.560190 100.00% [NOTICE] switch_core.c:1566 Adding 172.25.0.3/255.255.0.0 (allow) to list localnet.auto
2026-09-28 06:55:08.560200 100.00% [CONSOLE] switch_core.c:1593 Created ip list obd-dev-acl default (deny)
2026-09-28 06:55:08.560206 100.00% [NOTICE] switch_utils.c:665 Adding 127.0.0.1/32 (allow) [] to list obd-dev-acl
2026-09-28 06:55:08.560211 100.00% [NOTICE] switch_utils.c:665 Adding ::1/128 (allow) [] to list obd-dev-acl
2026-09-28 06:55:08.560215 100.00% [NOTICE] switch_utils.c:665 Adding 10.0.0.0/8 (allow) [] to list obd-dev-acl
2026-09-28 06:55:08.560220 100.00% [NOTICE] switch_utils.c:665 Adding 172.16.0.0/12 (allow) [] to list obd-dev-acl
2026-09-28 06:55:08.560224 100.00% [NOTICE] switch_utils.c:665 Adding 192.168.0.0/16 (allow) [] to list obd-dev-acl
2026-09-28 06:55:08.560229 100.00% [CONSOLE] switch_core.c:1593 Created ip list domains default (deny)
2026-09-28 06:55:08.560269 100.00% [NOTICE] switch_utils.c:665 Adding 192.0.2.0/24 (allow) [brian@172.25.0.3] to list domains
2026-09-28 06:55:08.560427 100.00% [CONSOLE] switch_core.c:2497 [m[33m[44m
.=============================================================.
|   _____              ______        _____ _____ ____ _   _   |
|  |  ___| __ ___  ___/ ___\ \      / /_ _|_   _/ ___| | | |  |
|  | |_ | '__/ _ \/ _ \___ \\ \ /\ / / | |  | || |   | |_| |  |
|  |  _|| | |  __/  __/___) |\ V  V /  | |  | || |___|  _  |  |
|  |_|  |_|  \___|\___|____/  \_/\_/  |___| |_| \____|_| |_|  |
|                                                             |
.=============================================================.
|   Anthony Minessale II, Michael Jerris, Brian West, Others  |
|   FreeSWITCH (http://www.freeswitch.org)                    |
|   Paypal Donations Appreciated: paypal@freeswitch.org       |
|   Brought to you by ClueCon http://www.cluecon.com/         |
.=============================================================.

.===============================================================.
|       _                                                       |
|   ___| |_   _  ___  ___ ___  _ __         ___ ___  _ __ ___   |
|  / __| | | | |/ _ \/ __/ _ \| '_ \       / __/ _ \| '_ ` _ \  |
| | (__| | |_| |  __/ (_| (_) | | | |  _  | (_| (_) | | | | | | |
|  \___|_|\__,_|\___|\___\___/|_| |_| (_)  \___\___/|_| |_| |_| |
|                                                               |
.===============================================================.
[m

2026-09-28 06:55:08.560445 100.00% [INFO] switch_core.c:2506 
FreeSWITCH Version 1.11.1-release~64bit ( 64bit)

FreeSWITCH Started
Max Sessions [1000]
Session Rate [30]
SQL [Enabled]
2026-09-28 06:55:08.560457 100.00% [CONSOLE] switch_core.c:2514 
[This app Best viewed at 160x60 or more..]
2026-09-28 06:55:36.498830 92.80% [INFO] switch_core.c:2894 Shutting down
2026-09-28 06:55:36.498830 92.80% [CONSOLE] switch_core.c:3041 End existing sessions
2026-09-28 06:55:36.498830 92.80% [CONSOLE] switch_core.c:3043 Clean up modules.
2026-09-28 06:55:36.498830 92.80% [DEBUG] switch_loadable_module.c:919 Chat Thread Ended
2026-09-28 06:55:36.498830 92.80% [DEBUG] switch_loadable_module.c:919 Chat Thread Ended
2026-09-28 06:55:36.498830 92.80% [NOTICE] switch_loadable_module.c:1230 Deleting Application 'play_fsv'
2026-09-28 06:55:36.498830 92.80% [DEBUG] switch_loadable_module.c:1232 Write lock interface 'play_fsv' to wait for existing references.
2026-09-28 06:55:36.518758 92.80% [NOTICE] switch_loadable_module.c:1230 Deleting Application 'record_fsv'
2026-09-28 06:55:36.518758 92.80% [DEBUG] switch_loadable_module.c:1232 Write lock interface 'record_fsv' to wait for existing references.
2026-09-28 06:55:36.518758 92.80% [NOTICE] switch_loadable_module.c:1230 Deleting Application 'play_yuv'
2026-09-28 06:55:36.518758 92.80% [DEBUG] switch_loadable_module.c:1232 Write lock interface 'play_yuv' to wait for existing references.
2026-09-28 06:55:36.518758 92.80% [NOTICE] switch_loadable_module.c:1230 Deleting Application 'decode_video'
2026-09-28 06:55:36.518758 92.80% [DEBUG] switch_loadable_module.c:1232 Write lock interface 'decode_video' to wait for existing references.
2026-09-28 06:55:36.518758 92.80% [DEBUG] switch_loadable_module.c:1350 Write lock interface 'mod_fsv' to wait for existing references.
2026-09-28 06:55:36.518758 92.80% [NOTICE] switch_loadable_module.c:1360 Deleting File Format 'fsv'
2026-09-28 06:55:36.518758 92.80% [CONSOLE] switch_loadable_module.c:2357 mod_fsv has no shutdown routine
2026-09-28 06:55:36.518758 92.80% [NOTICE] switch_loadable_module.c:1230 Deleting Application 'hash'
2026-09-28 06:55:36.518758 92.80% [DEBUG] switch_loadable_module.c:1232 Write lock interface 'hash' to wait for existing references.
2026-09-28 06:55:36.518758 92.80% [NOTICE] switch_loadable_module.c:1285 Deleting API Function 'hash'
2026-09-28 06:55:36.518758 92.80% [DEBUG] switch_loadable_module.c:1287 Write lock interface 'hash' to wait for existing references.
2026-09-28 06:55:36.518758 92.80% [NOTICE] switch_loadable_module.c:1285 Deleting API Function 'hash_dump'
2026-09-28 06:55:36.518758 92.80% [DEBUG] switch_loadable_module.c:1287 Write lock interface 'hash_dump' to wait for existing references.
2026-09-28 06:55:36.518758 92.80% [NOTICE] switch_loadable_module.c:1285 Deleting API Function 'hash_remote'
2026-09-28 06:55:36.518758 92.80% [DEBUG] switch_loadable_module.c:1287 Write lock interface 'hash_remote' to wait for existing references.
2026-09-28 06:55:36.518758 92.80% [NOTICE] switch_loadable_module.c:1608 Deleting Limit interface 'hash'
2026-09-28 06:55:36.518758 92.80% [CONSOLE] switch_loadable_module.c:2354 Stopping: mod_hash
2026-09-28 06:55:36.518758 92.80% [NOTICE] switch_loadable_module.c:1153 Deleting Codec VP8 99 VP8 Video 90000hz 0ms
2026-09-28 06:55:36.518758 92.80% [NOTICE] switch_loadable_module.c:1153 Deleting Codec VP9 99 VP9 Video 90000hz 0ms
2026-09-28 06:55:36.518758 92.80% [NOTICE] switch_loadable_module.c:1285 Deleting API Function 'vpx'
2026-09-28 06:55:36.518758 92.80% [DEBUG] switch_loadable_module.c:1287 Write lock interface 'vpx' to wait for existing references.
2026-09-28 06:55:36.518758 92.80% [CONSOLE] switch_loadable_module.c:2354 Stopping: CORE_VPX_MODULE
2026-09-28 06:55:36.518758 92.80% [NOTICE] switch_loadable_module.c:1153 Deleting Codec SPEEX 99 Speex 32000hz 20ms
2026-09-28 06:55:36.518758 92.80% [NOTICE] switch_loadable_module.c:1153 Deleting Codec SPEEX 99 Speex 16000hz 20ms
2026-09-28 06:55:36.518758 92.80% [NOTICE] switch_loadable_module.c:1153 Deleting Codec SPEEX 99 Speex 8000hz 20ms
2026-09-28 06:55:36.518758 92.80% [CONSOLE] switch_loadable_module.c:2357 CORE_SPEEX_MODULE has no shutdown routine
2026-09-28 06:55:36.518758 92.80% [DEBUG] switch_loadable_module.c:1350 Write lock interface 'mod_native_file' to wait for existing references.
2026-09-28 06:55:36.518758 92.80% [NOTICE] switch_loadable_module.c:1360 Deleting File Format 'AAL2-G726-32'
2026-09-28 06:55:36.518758 92.80% [NOTICE] switch_loadable_module.c:1360 Deleting File Format 'DVI4'
2026-09-28 06:55:36.518758 92.80% [NOTICE] switch_loadable_module.c:1360 Deleting File Format 'PCMU'
2026-09-28 06:55:36.518758 92.80% [NOTICE] switch_loadable_module.c:1360 Deleting File Format 'G722'
2026-09-28 06:55:36.518758 92.80% [NOTICE] switch_loadable_module.c:1360 Deleting File Format 'AAL2-G726-24'
2026-09-28 06:55:36.518758 92.80% [NOTICE] switch_loadable_module.c:1360 Deleting File Format 'AAL2-G726-40'
2026-09-28 06:55:36.518758 92.80% [NOTICE] switch_loadable_module.c:1360 Deleting File Format 'L16'
2026-09-28 06:55:36.518758 92.80% [NOTICE] switch_loadable_module.c:1360 Deleting File Format 'G726-16'
2026-09-28 06:55:36.518758 92.80% [NOTICE] switch_loadable_module.c:1360 Deleting File Format 'PCMA'
2026-09-28 06:55:36.518758 92.80% [NOTICE] switch_loadable_module.c:1360 Deleting File Format 'G726-24'
2026-09-28 06:55:36.518758 92.80% [NOTICE] switch_loadable_module.c:1360 Deleting File Format 'G729'
2026-09-28 06:55:36.518758 92.80% [NOTICE] switch_loadable_module.c:1360 Deleting File Format 'AAL2-G726-16'
2026-09-28 06:55:36.518758 92.80% [NOTICE] switch_loadable_module.c:1360 Deleting File Format 'G726-32'
2026-09-28 06:55:36.518758 92.80% [NOTICE] switch_loadable_module.c:1360 Deleting File Format 'GSM'
2026-09-28 06:55:36.518758 92.80% [NOTICE] switch_loadable_module.c:1360 Deleting File Format 'G726-40'
2026-09-28 06:55:36.518758 92.80% [NOTICE] switch_loadable_module.c:1360 Deleting File Format 'G723'
2026-09-28 06:55:36.518758 92.80% [NOTICE] switch_loadable_module.c:1360 Deleting File Format 'LPC'
2026-09-28 06:55:36.518758 92.80% [CONSOLE] switch_loadable_module.c:2357 mod_native_file has no shutdown routine
2026-09-28 06:55:36.518758 92.80% [NOTICE] switch_loadable_module.c:1285 Deleting API Function 'cdr_csv'
2026-09-28 06:55:36.518758 92.80% [DEBUG] switch_loadable_module.c:1287 Write lock interface 'cdr_csv' to wait for existing references.
2026-09-28 06:55:36.518758 92.80% [CONSOLE] switch_loadable_module.c:2354 Stopping: mod_cdr_csv
2026-09-28 06:55:36.518758 92.80% [DEBUG] switch_event.c:2157 Event Binding deleted for mod_cdr_csv:TRAP
2026-09-28 06:55:36.518758 92.80% [DEBUG] switch_loadable_module.c:1117 Write lock interface 'loopback' to wait for existing references.
2026-09-28 06:55:36.518758 92.80% [NOTICE] switch_loadable_module.c:1125 Deleting Endpoint 'loopback'
2026-09-28 06:55:36.518758 92.80% [DEBUG] switch_loadable_module.c:1117 Write lock interface 'null' to wait for existing references.
2026-09-28 06:55:36.518758 92.80% [NOTICE] switch_loadable_module.c:1125 Deleting Endpoint 'null'
2026-09-28 06:55:36.518758 92.80% [NOTICE] switch_loadable_module.c:1230 Deleting Application 'unloop'
2026-09-28 06:55:36.518758 92.80% [DEBUG] switch_loadable_module.c:1232 Write lock interface 'unloop' to wait for existing references.
2026-09-28 06:55:36.518758 92.80% [CONSOLE] switch_loadable_module.c:2354 Stopping: mod_loopback
2026-09-28 06:55:36.518758 92.80% [NOTICE] switch_event.c:468 Subclass reservation deleted for mod_loopback.c:loopback::bowout
2026-09-28 06:55:36.518758 92.80% [NOTICE] switch_event.c:468 Subclass reservation deleted for mod_loopback.c:loopback::direct
2026-09-28 06:55:36.518758 92.80% [DEBUG] switch_event.c:2157 Event Binding deleted for mod_loopback:RELOADXML
2026-09-28 06:55:36.518758 92.80% [NOTICE] switch_loadable_module.c:1230 Deleting Application 'voicemail'
2026-09-28 06:55:36.518758 92.80% [DEBUG] switch_loadable_module.c:1232 Write lock interface 'voicemail' to wait for existing references.
2026-09-28 06:55:36.518758 92.80% [NOTICE] switch_loadable_module.c:1285 Deleting API Function 'voicemail'
2026-09-28 06:55:36.518758 92.80% [DEBUG] switch_loadable_module.c:1287 Write lock interface 'voicemail' to wait for existing references.
2026-09-28 06:55:36.518758 92.80% [NOTICE] switch_loadable_module.c:1285 Deleting API Function 'voicemail_inject'
2026-09-28 06:55:36.518758 92.80% [DEBUG] switch_loadable_module.c:1287 Write lock interface 'voicemail_inject' to wait for existing references.
2026-09-28 06:55:36.518758 92.80% [NOTICE] switch_loadable_module.c:1285 Deleting API Function 'vm_inject'
2026-09-28 06:55:36.518758 92.80% [DEBUG] switch_loadable_module.c:1287 Write lock interface 'vm_inject' to wait for existing references.
2026-09-28 06:55:36.518758 92.80% [NOTICE] switch_loadable_module.c:1285 Deleting API Function 'vm_boxcount'
2026-09-28 06:55:36.518758 92.80% [DEBUG] switch_loadable_module.c:1287 Write lock interface 'vm_boxcount' to wait for existing references.
2026-09-28 06:55:36.518758 92.80% [NOTICE] switch_loadable_module.c:1285 Deleting API Function 'vm_prefs'
2026-09-28 06:55:36.518758 92.80% [DEBUG] switch_loadable_module.c:1287 Write lock interface 'vm_prefs' to wait for existing references.
2026-09-28 06:55:36.518758 92.80% [NOTICE] switch_loadable_module.c:1285 Deleting API Function 'vm_delete'
2026-09-28 06:55:36.518758 92.80% [DEBUG] switch_loadable_module.c:1287 Write lock interface 'vm_delete' to wait for existing references.
2026-09-28 06:55:36.518758 92.80% [NOTICE] switch_loadable_module.c:1285 Deleting API Function 'vm_read'
2026-09-28 06:55:36.518758 92.80% [DEBUG] switch_loadable_module.c:1287 Write lock interface 'vm_read' to wait for existing references.
2026-09-28 06:55:36.518758 92.80% [NOTICE] switch_loadable_module.c:1285 Deleting API Function 'vm_list'
2026-09-28 06:55:36.518758 92.80% [DEBUG] switch_loadable_module.c:1287 Write lock interface 'vm_list' to wait for existing references.
2026-09-28 06:55:36.518758 92.80% [NOTICE] switch_loadable_module.c:1285 Deleting API Function 'vm_fsdb_auth_login'
2026-09-28 06:55:36.518758 92.80% [DEBUG] switch_loadable_module.c:1287 Write lock interface 'vm_fsdb_auth_login' to wait for existing references.
2026-09-28 06:55:36.518758 92.80% [NOTICE] switch_loadable_module.c:1285 Deleting API Function 'vm_fsdb_msg_count'
2026-09-28 06:55:36.518758 92.80% [DEBUG] switch_loadable_module.c:1287 Write lock interface 'vm_fsdb_msg_count' to wait for existing references.
2026-09-28 06:55:36.518758 92.80% [NOTICE] switch_loadable_module.c:1285 Deleting API Function 'vm_fsdb_msg_list'
2026-09-28 06:55:36.518758 92.80% [DEBUG] switch_loadable_module.c:1287 Write lock interface 'vm_fsdb_msg_list' to wait for existing references.
2026-09-28 06:55:36.518758 92.80% [NOTICE] switch_loadable_module.c:1285 Deleting API Function 'vm_fsdb_msg_get'
2026-09-28 06:55:36.518758 92.80% [DEBUG] switch_loadable_module.c:1287 Write lock interface 'vm_fsdb_msg_get' to wait for existing references.
2026-09-28 06:55:36.518758 92.80% [NOTICE] switch_loadable_module.c:1285 Deleting API Function 'vm_fsdb_msg_delete'
2026-09-28 06:55:36.518758 92.80% [DEBUG] switch_loadable_module.c:1287 Write lock interface 'vm_fsdb_msg_delete' to wait for existing references.
2026-09-28 06:55:36.518758 92.80% [NOTICE] switch_loadable_module.c:1285 Deleting API Function 'vm_fsdb_msg_undelete'
2026-09-28 06:55:36.518758 92.80% [DEBUG] switch_loadable_module.c:1287 Write lock interface 'vm_fsdb_msg_undelete' to wait for existing references.
2026-09-28 06:55:36.518758 92.80% [NOTICE] switch_loadable_module.c:1285 Deleting API Function 'vm_fsdb_msg_email'
2026-09-28 06:55:36.518758 92.80% [DEBUG] switch_loadable_module.c:1287 Write lock interface 'vm_fsdb_msg_email' to wait for existing references.
2026-09-28 06:55:36.518758 92.80% [NOTICE] switch_loadable_module.c:1285 Deleting API Function 'vm_fsdb_msg_purge'
2026-09-28 06:55:36.518758 92.80% [DEBUG] switch_loadable_module.c:1287 Write lock interface 'vm_fsdb_msg_purge' to wait for existing references.
2026-09-28 06:55:36.518758 92.80% [NOTICE] switch_loadable_module.c:1285 Deleting API Function 'vm_fsdb_msg_save'
2026-09-28 06:55:36.518758 92.80% [DEBUG] switch_loadable_module.c:1287 Write lock interface 'vm_fsdb_msg_save' to wait for existing references.
2026-09-28 06:55:36.518758 92.80% [NOTICE] switch_loadable_module.c:1285 Deleting API Function 'vm_fsdb_msg_forward'
2026-09-28 06:55:36.518758 92.80% [DEBUG] switch_loadable_module.c:1287 Write lock interface 'vm_fsdb_msg_forward' to wait for existing references.
2026-09-28 06:55:36.518758 92.80% [NOTICE] switch_loadable_module.c:1285 Deleting API Function 'vm_fsdb_pref_greeting_set'
2026-09-28 06:55:36.518758 92.80% [DEBUG] switch_loadable_module.c:1287 Write lock interface 'vm_fsdb_pref_greeting_set' to wait for existing references.
2026-09-28 06:55:36.518758 92.80% [NOTICE] switch_loadable_module.c:1285 Deleting API Function 'vm_fsdb_pref_greeting_get'
2026-09-28 06:55:36.518758 92.80% [DEBUG] switch_loadable_module.c:1287 Write lock interface 'vm_fsdb_pref_greeting_get' to wait for existing references.
2026-09-28 06:55:36.518758 92.80% [NOTICE] switch_loadable_module.c:1285 Deleting API Function 'vm_fsdb_pref_recname_set'
2026-09-28 06:55:36.518758 92.80% [DEBUG] switch_loadable_module.c:1287 Write lock interface 'vm_fsdb_pref_recname_set' to wait for existing references.
2026-09-28 06:55:36.518758 92.80% [NOTICE] switch_loadable_module.c:1285 Deleting API Function 'vm_fsdb_pref_password_set'
2026-09-28 06:55:36.518758 92.80% [DEBUG] switch_loadable_module.c:1287 Write lock interface 'vm_fsdb_pref_password_set' to wait for existing references.
2026-09-28 06:55:36.518758 92.80% [CONSOLE] switch_loadable_module.c:2354 Stopping: mod_voicemail
2026-09-28 06:55:36.518758 92.80% [NOTICE] switch_event.c:468 Subclass reservation deleted for mod_voicemail.c:vm::maintenance
2026-09-28 06:55:36.518758 92.80% [DEBUG] switch_event.c:2157 Event Binding deleted for mod_voicemail:MESSAGE_QUERY
2026-09-28 06:55:36.518758 92.80% [DEBUG] mod_voicemail.c:6294 Waiting for write lock (Profile default)
2026-09-28 06:55:36.518758 92.80% [DEBUG] mod_voicemail.c:6297 Destroying Profile default
2026-09-28 06:55:36.538762 92.80% [DEBUG] switch_loadable_module.c:1117 Write lock interface 'modem' to wait for existing references.
2026-09-28 06:55:36.538762 92.80% [NOTICE] switch_loadable_module.c:1125 Deleting Endpoint 'modem'
2026-09-28 06:55:36.538762 92.80% [NOTICE] switch_loadable_module.c:1153 Deleting Codec DVI4 6 ADPCM (IMA) 16000hz 10ms
2026-09-28 06:55:36.538762 92.80% [NOTICE] switch_loadable_module.c:1153 Deleting Codec DVI4 6 ADPCM (IMA) 16000hz 20ms
2026-09-28 06:55:36.538762 92.80% [NOTICE] switch_loadable_module.c:1153 Deleting Codec DVI4 6 ADPCM (IMA) 16000hz 30ms
2026-09-28 06:55:36.538762 92.80% [NOTICE] switch_loadable_module.c:1153 Deleting Codec DVI4 6 ADPCM (IMA) 16000hz 40ms
2026-09-28 06:55:36.538762 92.80% [NOTICE] switch_loadable_module.c:1153 Deleting Codec DVI4 6 ADPCM (IMA) 16000hz 50ms
2026-09-28 06:55:36.538762 92.80% [NOTICE] switch_loadable_module.c:1153 Deleting Codec DVI4 6 ADPCM (IMA) 16000hz 60ms
2026-09-28 06:55:36.538762 92.80% [NOTICE] switch_loadable_module.c:1153 Deleting Codec DVI4 5 ADPCM (IMA) 8000hz 10ms
2026-09-28 06:55:36.538762 92.80% [NOTICE] switch_loadable_module.c:1153 Deleting Codec DVI4 5 ADPCM (IMA) 8000hz 20ms
2026-09-28 06:55:36.538762 92.80% [NOTICE] switch_loadable_module.c:1153 Deleting Codec DVI4 5 ADPCM (IMA) 8000hz 30ms
2026-09-28 06:55:36.538762 92.80% [NOTICE] switch_loadable_module.c:1153 Deleting Codec DVI4 5 ADPCM (IMA) 8000hz 40ms
2026-09-28 06:55:36.538762 92.80% [NOTICE] switch_loadable_module.c:1153 Deleting Codec DVI4 5 ADPCM (IMA) 8000hz 50ms
2026-09-28 06:55:36.538762 92.80% [NOTICE] switch_loadable_module.c:1153 Deleting Codec DVI4 5 ADPCM (IMA) 8000hz 60ms
2026-09-28 06:55:36.538762 92.80% [NOTICE] switch_loadable_module.c:1153 Deleting Codec DVI4 5 ADPCM (IMA) 8000hz 70ms
2026-09-28 06:55:36.538762 92.80% [NOTICE] switch_loadable_module.c:1153 Deleting Codec DVI4 5 ADPCM (IMA) 8000hz 80ms
2026-09-28 06:55:36.538762 92.80% [NOTICE] switch_loadable_module.c:1153 Deleting Codec DVI4 5 ADPCM (IMA) 8000hz 90ms
2026-09-28 06:55:36.538762 92.80% [NOTICE] switch_loadable_module.c:1153 Deleting Codec DVI4 5 ADPCM (IMA) 8000hz 100ms
2026-09-28 06:55:36.538762 92.80% [NOTICE] switch_loadable_module.c:1153 Deleting Codec DVI4 5 ADPCM (IMA) 8000hz 110ms
2026-09-28 06:55:36.538762 92.80% [NOTICE] switch_loadable_module.c:1153 Deleting Codec DVI4 5 ADPCM (IMA) 8000hz 120ms
2026-09-28 06:55:36.538762 92.80% [NOTICE] switch_loadable_module.c:1153 Deleting Codec AAL2-G726-16 124 G.726 16k (AAL2) 8000hz 10ms
2026-09-28 06:55:36.538762 92.80% [NOTICE] switch_loadable_module.c:1153 Deleting Codec AAL2-G726-16 124 G.726 16k (AAL2) 8000hz 20ms
2026-09-28 06:55:36.538762 92.80% [NOTICE] switch_loadable_module.c:1153 Deleting Codec AAL2-G726-16 124 G.726 16k (AAL2) 8000hz 30ms
2026-09-28 06:55:36.538762 92.80% [NOTICE] switch_loadable_module.c:1153 Deleting Codec AAL2-G726-16 124 G.726 16k (AAL2) 8000hz 40ms
2026-09-28 06:55:36.538762 92.80% [NOTICE] switch_loadable_module.c:1153 Deleting Codec AAL2-G726-16 124 G.726 16k (AAL2) 8000hz 50ms
2026-09-28 06:55:36.538762 92.80% [NOTICE] switch_loadable_module.c:1153 Deleting Codec AAL2-G726-16 124 G.726 16k (AAL2) 8000hz 60ms
2026-09-28 06:55:36.538762 92.80% [NOTICE] switch_loadable_module.c:1153 Deleting Codec AAL2-G726-16 124 G.726 16k (AAL2) 8000hz 70ms
2026-09-28 06:55:36.538762 92.80% [NOTICE] switch_loadable_module.c:1153 Deleting Codec AAL2-G726-16 124 G.726 16k (AAL2) 8000hz 80ms
2026-09-28 06:55:36.538762 92.80% [NOTICE] switch_loadable_module.c:1153 Deleting Codec AAL2-G726-16 124 G.726 16k (AAL2) 8000hz 90ms
2026-09-28 06:55:36.538762 92.80% [NOTICE] switch_loadable_module.c:1153 Deleting Codec AAL2-G726-16 124 G.726 16k (AAL2) 8000hz 100ms
2026-09-28 06:55:36.538762 92.80% [NOTICE] switch_loadable_module.c:1153 Deleting Codec AAL2-G726-16 124 G.726 16k (AAL2) 8000hz 110ms
2026-09-28 06:55:36.538762 92.80% [NOTICE] switch_loadable_module.c:1153 Deleting Codec AAL2-G726-16 124 G.726 16k (AAL2) 8000hz 120ms
2026-09-28 06:55:36.538762 92.80% [NOTICE] switch_loadable_module.c:1153 Deleting Codec G726-16 124 G.726 16k 8000hz 10ms
2026-09-28 06:55:36.538762 92.80% [NOTICE] switch_loadable_module.c:1153 Deleting Codec G726-16 124 G.726 16k 8000hz 20ms
2026-09-28 06:55:36.538762 92.80% [NOTICE] switch_loadable_module.c:1153 Deleting Codec G726-16 124 G.726 16k 8000hz 30ms
2026-09-28 06:55:36.538762 92.80% [NOTICE] switch_loadable_module.c:1153 Deleting Codec G726-16 124 G.726 16k 8000hz 40ms
2026-09-28 06:55:36.538762 92.80% [NOTICE] switch_loadable_module.c:1153 Deleting Codec G726-16 124 G.726 16k 8000hz 50ms
2026-09-28 06:55:36.538762 92.80% [NOTICE] switch_loadable_module.c:1153 Deleting Codec G726-16 124 G.726 16k 8000hz 60ms
2026-09-28 06:55:36.538762 92.80% [NOTICE] switch_loadable_module.c:1153 Deleting Codec G726-16 124 G.726 16k 8000hz 70ms
2026-09-28 06:55:36.538762 92.80% [NOTICE] switch_loadable_module.c:1153 Deleting Codec G726-16 124 G.726 16k 8000hz 80ms
2026-09-28 06:55:36.538762 92.80% [NOTICE] switch_loadable_module.c:1153 Deleting Codec G726-16 124 G.726 16k 8000hz 90ms
2026-09-28 06:55:36.538762 92.80% [NOTICE] switch_loadable_module.c:1153 Deleting Codec G726-16 124 G.726 16k 8000hz 100ms
2026-09-28 06:55:36.538762 92.80% [NOTICE] switch_loadable_module.c:1153 Deleting Codec G726-16 124 G.726 16k 8000hz 110ms
2026-09-28 06:55:36.538762 92.80% [NOTICE] switch_loadable_module.c:1153 Deleting Codec G726-16 124 G.726 16k 8000hz 120ms
2026-09-28 06:55:36.538762 92.80% [NOTICE] switch_loadable_module.c:1153 Deleting Codec AAL2-G726-24 123 G.726 24k (AAL2) 8000hz 10ms
2026-09-28 06:55:36.538762 92.80% [NOTICE] switch_loadable_module.c:1153 Deleting Codec AAL2-G726-24 123 G.726 24k (AAL2) 8000hz 20ms
2026-09-28 06:55:36.538762 92.80% [NOTICE] switch_loadable_module.c:1153 Deleting Codec AAL2-G726-24 123 G.726 24k (AAL2) 8000hz 30ms
2026-09-28 06:55:36.538762 92.80% [NOTICE] switch_loadable_module.c:1153 Deleting Codec AAL2-G726-24 123 G.726 24k (AAL2) 8000hz 40ms
2026-09-28 06:55:36.538762 92.80% [NOTICE] switch_loadable_module.c:1153 Deleting Codec AAL2-G726-24 123 G.726 24k (AAL2) 8000hz 50ms
2026-09-28 06:55:36.538762 92.80% [NOTICE] switch_loadable_module.c:1153 Deleting Codec AAL2-G726-24 123 G.726 24k (AAL2) 8000hz 60ms
2026-09-28 06:55:36.538762 92.80% [NOTICE] switch_loadable_module.c:1153 Deleting Codec AAL2-G726-24 123 G.726 24k (AAL2) 8000hz 70ms
2026-09-28 06:55:36.538762 92.80% [NOTICE] switch_loadable_module.c:1153 Deleting Codec AAL2-G726-24 123 G.726 24k (AAL2) 8000hz 80ms
2026-09-28 06:55:36.538762 92.80% [NOTICE] switch_loadable_module.c:1153 Deleting Codec AAL2-G726-24 123 G.726 24k (AAL2) 8000hz 90ms
2026-09-28 06:55:36.538762 92.80% [NOTICE] switch_loadable_module.c:1153 Deleting Codec AAL2-G726-24 123 G.726 24k (AAL2) 8000hz 100ms
2026-09-28 06:55:36.538762 92.80% [NOTICE] switch_loadable_module.c:1153 Deleting Codec AAL2-G726-24 123 G.726 24k (AAL2) 8000hz 110ms
2026-09-28 06:55:36.538762 92.80% [NOTICE] switch_loadable_module.c:1153 Deleting Codec AAL2-G726-24 123 G.726 24k (AAL2) 8000hz 120ms
2026-09-28 06:55:36.538762 92.80% [NOTICE] switch_loadable_module.c:1153 Deleting Codec G726-24 123 G.726 24k 8000hz 10ms
2026-09-28 06:55:36.538762 92.80% [NOTICE] switch_loadable_module.c:1153 Deleting Codec G726-24 123 G.726 24k 8000hz 20ms
2026-09-28 06:55:36.538762 92.80% [NOTICE] switch_loadable_module.c:1153 Deleting Codec G726-24 123 G.726 24k 8000hz 30ms
2026-09-28 06:55:36.538762 92.80% [NOTICE] switch_loadable_module.c:1153 Deleting Codec G726-24 123 G.726 24k 8000hz 40ms
2026-09-28 06:55:36.538762 92.80% [NOTICE] switch_loadable_module.c:1153 Deleting Codec G726-24 123 G.726 24k 8000hz 50ms
2026-09-28 06:55:36.538762 92.80% [NOTICE] switch_loadable_module.c:1153 Deleting Codec G726-24 123 G.726 24k 8000hz 60ms
2026-09-28 06:55:36.538762 92.80% [NOTICE] switch_loadable_module.c:1153 Deleting Codec G726-24 123 G.726 24k 8000hz 70ms
2026-09-28 06:55:36.538762 92.80% [NOTICE] switch_loadable_module.c:1153 Deleting Codec G726-24 123 G.726 24k 8000hz 80ms
2026-09-28 06:55:36.538762 92.80% [NOTICE] switch_loadable_module.c:1153 Deleting Codec G726-24 123 G.726 24k 8000hz 90ms
2026-09-28 06:55:36.538762 92.80% [NOTICE] switch_loadable_module.c:1153 Deleting Codec G726-24 123 G.726 24k 8000hz 100ms
2026-09-28 06:55:36.538762 92.80% [NOTICE] switch_loadable_module.c:1153 Deleting Codec G726-24 123 G.726 24k 8000hz 110ms
2026-09-28 06:55:36.538762 92.80% [NOTICE] switch_loadable_module.c:1153 Deleting Codec G726-24 123 G.726 24k 8000hz 120ms
2026-09-28 06:55:36.538762 92.80% [NOTICE] switch_loadable_module.c:1153 Deleting Codec AAL2-G726-32 122 G.726 32k (AAL2) 8000hz 10ms
2026-09-28 06:55:36.538762 92.80% [NOTICE] switch_loadable_module.c:1153 Deleting Codec AAL2-G726-32 122 G.726 32k (AAL2) 8000hz 20ms
2026-09-28 06:55:36.538762 92.80% [NOTICE] switch_loadable_module.c:1153 Deleting Codec AAL2-G726-32 122 G.726 32k (AAL2) 8000hz 30ms
2026-09-28 06:55:36.538762 92.80% [NOTICE] switch_loadable_module.c:1153 Deleting Codec AAL2-G726-32 122 G.726 32k (AAL2) 8000hz 40ms
2026-09-28 06:55:36.538762 92.80% [NOTICE] switch_loadable_module.c:1153 Deleting Codec AAL2-G726-32 122 G.726 32k (AAL2) 8000hz 50ms
2026-09-28 06:55:36.538762 92.80% [NOTICE] switch_loadable_module.c:1153 Deleting Codec AAL2-G726-32 122 G.726 32k (AAL2) 8000hz 60ms
2026-09-28 06:55:36.538762 92.80% [NOTICE] switch_loadable_module.c:1153 Deleting Codec AAL2-G726-32 122 G.726 32k (AAL2) 8000hz 70ms
2026-09-28 06:55:36.538762 92.80% [NOTICE] switch_loadable_module.c:1153 Deleting Codec AAL2-G726-32 122 G.726 32k (AAL2) 8000hz 80ms
2026-09-28 06:55:36.538762 92.80% [NOTICE] switch_loadable_module.c:1153 Deleting Codec AAL2-G726-32 122 G.726 32k (AAL2) 8000hz 90ms
2026-09-28 06:55:36.538762 92.80% [NOTICE] switch_loadable_module.c:1153 Deleting Codec AAL2-G726-32 122 G.726 32k (AAL2) 8000hz 100ms
2026-09-28 06:55:36.538762 92.80% [NOTICE] switch_loadable_module.c:1153 Deleting Codec AAL2-G726-32 122 G.726 32k (AAL2) 8000hz 110ms
2026-09-28 06:55:36.538762 92.80% [NOTICE] switch_loadable_module.c:1153 Deleting Codec AAL2-G726-32 122 G.726 32k (AAL2) 8000hz 120ms
2026-09-28 06:55:36.538762 92.80% [NOTICE] switch_loadable_module.c:1153 Deleting Codec G726-32 122 G.726 32k 8000hz 10ms
2026-09-28 06:55:36.538762 92.80% [NOTICE] switch_loadable_module.c:1153 Deleting Codec G726-32 122 G.726 32k 8000hz 20ms
2026-09-28 06:55:36.538762 92.80% [NOTICE] switch_loadable_module.c:1153 Deleting Codec G726-32 122 G.726 32k 8000hz 30ms
2026-09-28 06:55:36.538762 92.80% [NOTICE] switch_loadable_module.c:1153 Deleting Codec G726-32 122 G.726 32k 8000hz 40ms
2026-09-28 06:55:36.538762 92.80% [NOTICE] switch_loadable_module.c:1153 Deleting Codec G726-32 122 G.726 32k 8000hz 50ms
2026-09-28 06:55:36.538762 92.80% [NOTICE] switch_loadable_module.c:1153 Deleting Codec G726-32 122 G.726 32k 8000hz 60ms
2026-09-28 06:55:36.538762 92.80% [NOTICE] switch_loadable_module.c:1153 Deleting Codec G726-32 122 G.726 32k 8000hz 70ms
2026-09-28 06:55:36.538762 92.80% [NOTICE] switch_loadable_module.c:1153 Deleting Codec G726-32 122 G.726 32k 8000hz 80ms
2026-09-28 06:55:36.538762 92.80% [NOTICE] switch_loadable_module.c:1153 Deleting Codec G726-32 122 G.726 32k 8000hz 90ms
2026-09-28 06:55:36.538762 92.80% [NOTICE] switch_loadable_module.c:1153 Deleting Codec G726-32 122 G.726 32k 8000hz 100ms
2026-09-28 06:55:36.538762 92.80% [NOTICE] switch_loadable_module.c:1153 Deleting Codec G726-32 122 G.726 32k 8000hz 110ms
2026-09-28 06:55:36.538762 92.80% [NOTICE] switch_loadable_module.c:1153 Deleting Codec G726-32 122 G.726 32k 8000hz 120ms
2026-09-28 06:55:36.538762 92.80% [NOTICE] switch_loadable_module.c:1153 Deleting Codec AAL2-G726-40 121 G.726 40k (AAL2) 8000hz 10ms
2026-09-28 06:55:36.538762 92.80% [NOTICE] switch_loadable_module.c:1153 Deleting Codec AAL2-G726-40 121 G.726 40k (AAL2) 8000hz 20ms
2026-09-28 06:55:36.538762 92.80% [NOTICE] switch_loadable_module.c:1153 Deleting Codec AAL2-G726-40 121 G.726 40k (AAL2) 8000hz 30ms
2026-09-28 06:55:36.538762 92.80% [NOTICE] switch_loadable_module.c:1153 Deleting Codec AAL2-G726-40 121 G.726 40k (AAL2) 8000hz 40ms
2026-09-28 06:55:36.538762 92.80% [NOTICE] switch_loadable_module.c:1153 Deleting Codec AAL2-G726-40 121 G.726 40k (AAL2) 8000hz 50ms
2026-09-28 06:55:36.538762 92.80% [NOTICE] switch_loadable_module.c:1153 Deleting Codec AAL2-G726-40 121 G.726 40k (AAL2) 8000hz 60ms
2026-09-28 06:55:36.538762 92.80% [NOTICE] switch_loadable_module.c:1153 Deleting Codec AAL2-G726-40 121 G.726 40k (AAL2) 8000hz 70ms
2026-09-28 06:55:36.538762 92.80% [NOTICE] switch_loadable_module.c:1153 Deleting Codec AAL2-G726-40 121 G.726 40k (AAL2) 8000hz 80ms
2026-09-28 06:55:36.538762 92.80% [NOTICE] switch_loadable_module.c:1153 Deleting Codec AAL2-G726-40 121 G.726 40k (AAL2) 8000hz 90ms
2026-09-28 06:55:36.538762 92.80% [NOTICE] switch_loadable_module.c:1153 Deleting Codec AAL2-G726-40 121 G.726 40k (AAL2) 8000hz 100ms
2026-09-28 06:55:36.538762 92.80% [NOTICE] switch_loadable_module.c:1153 Deleting Codec AAL2-G726-40 121 G.726 40k (AAL2) 8000hz 110ms
2026-09-28 06:55:36.538762 92.80% [NOTICE] switch_loadable_module.c:1153 Deleting Codec AAL2-G726-40 121 G.726 40k (AAL2) 8000hz 120ms
2026-09-28 06:55:36.538762 92.80% [NOTICE] switch_loadable_module.c:1153 Deleting Codec G726-40 121 G.726 40k 8000hz 10ms
2026-09-28 06:55:36.538762 92.80% [NOTICE] switch_loadable_module.c:1153 Deleting Codec G726-40 121 G.726 40k 8000hz 20ms
2026-09-28 06:55:36.538762 92.80% [NOTICE] switch_loadable_module.c:1153 Deleting Codec G726-40 121 G.726 40k 8000hz 30ms
2026-09-28 06:55:36.538762 92.80% [NOTICE] switch_loadable_module.c:1153 Deleting Codec G726-40 121 G.726 40k 8000hz 40ms
2026-09-28 06:55:36.538762 92.80% [NOTICE] switch_loadable_module.c:1153 Deleting Codec G726-40 121 G.726 40k 8000hz 50ms
2026-09-28 06:55:36.538762 92.80% [NOTICE] switch_loadable_module.c:1153 Deleting Codec G726-40 121 G.726 40k 8000hz 60ms
2026-09-28 06:55:36.538762 92.80% [NOTICE] switch_loadable_module.c:1153 Deleting Codec G726-40 121 G.726 40k 8000hz 70ms
2026-09-28 06:55:36.538762 92.80% [NOTICE] switch_loadable_module.c:1153 Deleting Codec G726-40 121 G.726 40k 8000hz 80ms
2026-09-28 06:55:36.538762 92.80% [NOTICE] switch_loadable_module.c:1153 Deleting Codec G726-40 121 G.726 40k 8000hz 90ms
2026-09-28 06:55:36.538762 92.80% [NOTICE] switch_loadable_module.c:1153 Deleting Codec G726-40 121 G.726 40k 8000hz 100ms
2026-09-28 06:55:36.538762 92.80% [NOTICE] switch_loadable_module.c:1153 Deleting Codec G726-40 121 G.726 40k 8000hz 110ms
2026-09-28 06:55:36.538762 92.80% [NOTICE] switch_loadable_module.c:1153 Deleting Codec G726-40 121 G.726 40k 8000hz 120ms
2026-09-28 06:55:36.538762 92.80% [NOTICE] switch_loadable_module.c:1153 Deleting Codec G722 9 G.722 16000hz 10ms
2026-09-28 06:55:36.538762 92.80% [NOTICE] switch_loadable_module.c:1153 Deleting Codec G722 9 G.722 16000hz 20ms
2026-09-28 06:55:36.538762 92.80% [NOTICE] switch_loadable_module.c:1153 Deleting Codec G722 9 G.722 16000hz 30ms
2026-09-28 06:55:36.538762 92.80% [NOTICE] switch_loadable_module.c:1153 Deleting Codec G722 9 G.722 16000hz 40ms
2026-09-28 06:55:36.538762 92.80% [NOTICE] switch_loadable_module.c:1153 Deleting Codec G722 9 G.722 16000hz 50ms
2026-09-28 06:55:36.538762 92.80% [NOTICE] switch_loadable_module.c:1153 Deleting Codec G722 9 G.722 16000hz 60ms
2026-09-28 06:55:36.538762 92.80% [NOTICE] switch_loadable_module.c:1153 Deleting Codec GSM 3 GSM 8000hz 20ms
2026-09-28 06:55:36.538762 92.80% [NOTICE] switch_loadable_module.c:1153 Deleting Codec GSM 3 GSM 8000hz 40ms
2026-09-28 06:55:36.538762 92.80% [NOTICE] switch_loadable_module.c:1153 Deleting Codec GSM 3 GSM 8000hz 60ms
2026-09-28 06:55:36.538762 92.80% [NOTICE] switch_loadable_module.c:1153 Deleting Codec GSM 3 GSM 8000hz 80ms
2026-09-28 06:55:36.538762 92.80% [NOTICE] switch_loadable_module.c:1153 Deleting Codec GSM 3 GSM 8000hz 100ms
2026-09-28 06:55:36.538762 92.80% [NOTICE] switch_loadable_module.c:1153 Deleting Codec GSM 3 GSM 8000hz 120ms
2026-09-28 06:55:36.538762 92.80% [NOTICE] switch_loadable_module.c:1153 Deleting Codec LPC 7 LPC-10 8000hz 90ms
2026-09-28 06:55:36.538762 92.80% [NOTICE] switch_loadable_module.c:1230 Deleting Application 't38_gateway'
2026-09-28 06:55:36.538762 92.80% [DEBUG] switch_loadable_module.c:1232 Write lock interface 't38_gateway' to wait for existing references.
2026-09-28 06:55:36.538762 92.80% [NOTICE] switch_loadable_module.c:1230 Deleting Application 'rxfax'
2026-09-28 06:55:36.538762 92.80% [DEBUG] switch_loadable_module.c:1232 Write lock interface 'rxfax' to wait for existing references.
2026-09-28 06:55:36.538762 92.80% [NOTICE] switch_loadable_module.c:1230 Deleting Application 'txfax'
2026-09-28 06:55:36.538762 92.80% [DEBUG] switch_loadable_module.c:1232 Write lock interface 'txfax' to wait for existing references.
2026-09-28 06:55:36.538762 92.80% [NOTICE] switch_loadable_module.c:1230 Deleting Application 'stopfax'
2026-09-28 06:55:36.538762 92.80% [DEBUG] switch_loadable_module.c:1232 Write lock interface 'stopfax' to wait for existing references.
2026-09-28 06:55:36.538762 92.80% [NOTICE] switch_loadable_module.c:1230 Deleting Application 'spandsp_stop_dtmf'
2026-09-28 06:55:36.538762 92.80% [DEBUG] switch_loadable_module.c:1232 Write lock interface 'spandsp_stop_dtmf' to wait for existing references.
2026-09-28 06:55:36.538762 92.80% [NOTICE] switch_loadable_module.c:1230 Deleting Application 'spandsp_start_dtmf'
2026-09-28 06:55:36.538762 92.80% [DEBUG] switch_loadable_module.c:1232 Write lock interface 'spandsp_start_dtmf' to wait for existing references.
2026-09-28 06:55:36.538762 92.80% [NOTICE] switch_loadable_module.c:1230 Deleting Application 'spandsp_stop_inject_tdd'
2026-09-28 06:55:36.538762 92.80% [DEBUG] switch_loadable_module.c:1232 Write lock interface 'spandsp_stop_inject_tdd' to wait for existing references.
2026-09-28 06:55:36.538762 92.80% [NOTICE] switch_loadable_module.c:1230 Deleting Application 'spandsp_inject_tdd'
2026-09-28 06:55:36.538762 92.80% [DEBUG] switch_loadable_module.c:1232 Write lock interface 'spandsp_inject_tdd' to wait for existing references.
2026-09-28 06:55:36.538762 92.80% [NOTICE] switch_loadable_module.c:1230 Deleting Application 'spandsp_stop_detect_tdd'
2026-09-28 06:55:36.538762 92.80% [DEBUG] switch_loadable_module.c:1232 Write lock interface 'spandsp_stop_detect_tdd' to wait for existing references.
2026-09-28 06:55:36.538762 92.80% [NOTICE] switch_loadable_module.c:1230 Deleting Application 'spandsp_detect_tdd'
2026-09-28 06:55:36.538762 92.80% [DEBUG] switch_loadable_module.c:1232 Write lock interface 'spandsp_detect_tdd' to wait for existing references.
2026-09-28 06:55:36.538762 92.80% [NOTICE] switch_loadable_module.c:1230 Deleting Application 'spandsp_send_tdd'
2026-09-28 06:55:36.538762 92.80% [DEBUG] switch_loadable_module.c:1232 Write lock interface 'spandsp_send_tdd' to wait for existing references.
2026-09-28 06:55:36.538762 92.80% [NOTICE] switch_loadable_module.c:1230 Deleting Application 'spandsp_start_fax_detect'
2026-09-28 06:55:36.538762 92.80% [DEBUG] switch_loadable_module.c:1232 Write lock interface 'spandsp_start_fax_detect' to wait for existing references.
2026-09-28 06:55:36.538762 92.80% [NOTICE] switch_loadable_module.c:1230 Deleting Application 'spandsp_stop_fax_detect'
2026-09-28 06:55:36.538762 92.80% [DEBUG] switch_loadable_module.c:1232 Write lock interface 'spandsp_stop_fax_detect' to wait for existing references.
2026-09-28 06:55:36.538762 92.80% [NOTICE] switch_loadable_module.c:1230 Deleting Application 'spandsp_start_tone_detect'
2026-09-28 06:55:36.538762 92.80% [DEBUG] switch_loadable_module.c:1232 Write lock interface 'spandsp_start_tone_detect' to wait for existing references.
2026-09-28 06:55:36.538762 92.80% [NOTICE] switch_loadable_module.c:1230 Deleting Application 'spandsp_stop_tone_detect'
2026-09-28 06:55:36.538762 92.80% [DEBUG] switch_loadable_module.c:1232 Write lock interface 'spandsp_stop_tone_detect' to wait for existing references.
2026-09-28 06:55:36.538762 92.80% [NOTICE] switch_loadable_module.c:1285 Deleting API Function 'spandsp_start_tone_detect'
2026-09-28 06:55:36.538762 92.80% [DEBUG] switch_loadable_module.c:1287 Write lock interface 'spandsp_start_tone_detect' to wait for existing references.
2026-09-28 06:55:36.538762 92.80% [NOTICE] switch_loadable_module.c:1285 Deleting API Function 'spandsp_stop_tone_detect'
2026-09-28 06:55:36.538762 92.80% [DEBUG] switch_loadable_module.c:1287 Write lock interface 'spandsp_stop_tone_detect' to wait for existing references.
2026-09-28 06:55:36.538762 92.80% [NOTICE] switch_loadable_module.c:1285 Deleting API Function 'start_tdd_detect'
2026-09-28 06:55:36.538762 92.80% [DEBUG] switch_loadable_module.c:1287 Write lock interface 'start_tdd_detect' to wait for existing references.
2026-09-28 06:55:36.538762 92.80% [NOTICE] switch_loadable_module.c:1285 Deleting API Function 'stop_tdd_detect'
2026-09-28 06:55:36.538762 92.80% [DEBUG] switch_loadable_module.c:1287 Write lock interface 'stop_tdd_detect' to wait for existing references.
2026-09-28 06:55:36.538762 92.80% [NOTICE] switch_loadable_module.c:1285 Deleting API Function 'uuid_send_tdd'
2026-09-28 06:55:36.538762 92.80% [DEBUG] switch_loadable_module.c:1287 Write lock interface 'uuid_send_tdd' to wait for existing references.
2026-09-28 06:55:36.538762 92.80% [CONSOLE] switch_loadable_module.c:2354 Stopping: mod_spandsp
2026-09-28 06:55:36.538762 92.80% [DEBUG] switch_event.c:2157 Event Binding deleted for mod_spandsp:RELOADXML
2026-09-28 06:55:36.538762 92.80% [DEBUG] switch_event.c:2157 Event Binding deleted for mod_spandsp:CUSTOM
2026-09-28 06:55:36.538762 92.80% [NOTICE] switch_event.c:468 Subclass reservation deleted for mod_spandsp.c:TDD::RECV_MESSAGE
2026-09-28 06:55:36.538762 92.80% [NOTICE] switch_event.c:468 Subclass reservation deleted for mod_spandsp.c:spandsp::txfaxnegociateresult
2026-09-28 06:55:36.538762 92.80% [NOTICE] switch_event.c:468 Subclass reservation deleted for mod_spandsp.c:spandsp::rxfaxnegociateresult
2026-09-28 06:55:36.538762 92.80% [NOTICE] switch_event.c:468 Subclass reservation deleted for mod_spandsp.c:spandsp::txfaxpageresult
2026-09-28 06:55:36.538762 92.80% [NOTICE] switch_event.c:468 Subclass reservation deleted for mod_spandsp.c:spandsp::rxfaxpageresult
2026-09-28 06:55:36.538762 92.80% [NOTICE] switch_event.c:468 Subclass reservation deleted for mod_spandsp.c:spandsp::txfaxresult
2026-09-28 06:55:36.538762 92.80% [NOTICE] switch_event.c:468 Subclass reservation deleted for mod_spandsp.c:spandsp::rxfaxresult
2026-09-28 06:55:36.538762 92.80% [DEBUG] mod_spandsp_fax.c:244 FAX timer thread ended.
2026-09-28 06:55:36.538762 92.80% [NOTICE] switch_loadable_module.c:1153 Deleting Codec G723 4 G.723.1 6.3k 8000hz 120ms
2026-09-28 06:55:36.538762 92.80% [NOTICE] switch_loadable_module.c:1153 Deleting Codec G723 4 G.723.1 6.3k 8000hz 90ms
2026-09-28 06:55:36.538762 92.80% [NOTICE] switch_loadable_module.c:1153 Deleting Codec G723 4 G.723.1 6.3k 8000hz 60ms
2026-09-28 06:55:36.538762 92.80% [NOTICE] switch_loadable_module.c:1153 Deleting Codec G723 4 G.723.1 6.3k 8000hz 30ms
2026-09-28 06:55:36.538762 92.80% [CONSOLE] switch_loadable_module.c:2357 mod_g723_1 has no shutdown routine
2026-09-28 06:55:36.538762 92.80% [NOTICE] switch_loadable_module.c:1285 Deleting API Function 'local_stream'
2026-09-28 06:55:36.538762 92.80% [DEBUG] switch_loadable_module.c:1287 Write lock interface 'local_stream' to wait for existing references.
2026-09-28 06:55:36.538762 92.80% [DEBUG] switch_loadable_module.c:1350 Write lock interface 'mod_local_stream' to wait for existing references.
2026-09-28 06:55:36.538762 92.80% [NOTICE] switch_loadable_module.c:1360 Deleting File Format 'local_stream'
2026-09-28 06:55:36.538762 92.80% [CONSOLE] switch_loadable_module.c:2354 Stopping: mod_local_stream
2026-09-28 06:55:36.538762 92.80% [DEBUG] switch_event.c:2157 Event Binding deleted for mod_local_stream:SHUTDOWN
2026-09-28 06:55:36.538762 92.80% [DEBUG] switch_loadable_module.c:1117 Write lock interface 'sofia' to wait for existing references.
2026-09-28 06:55:36.538762 92.80% [NOTICE] switch_loadable_module.c:1125 Deleting Endpoint 'sofia'
2026-09-28 06:55:36.538762 92.80% [DEBUG] switch_loadable_module.c:1117 Write lock interface 'rtp' to wait for existing references.
2026-09-28 06:55:36.538762 92.80% [NOTICE] switch_loadable_module.c:1125 Deleting Endpoint 'rtp'
2026-09-28 06:55:36.538762 92.80% [NOTICE] switch_loadable_module.c:1230 Deleting Application 'sofia_sla'
2026-09-28 06:55:36.538762 92.80% [DEBUG] switch_loadable_module.c:1232 Write lock interface 'sofia_sla' to wait for existing references.
2026-09-28 06:55:36.538762 92.80% [NOTICE] switch_loadable_module.c:1230 Deleting Application 'sofia_stir_shaken_vs'
2026-09-28 06:55:36.538762 92.80% [DEBUG] switch_loadable_module.c:1232 Write lock interface 'sofia_stir_shaken_vs' to wait for existing references.
2026-09-28 06:55:36.538762 92.80% [NOTICE] switch_loadable_module.c:1285 Deleting API Function 'sofia'
2026-09-28 06:55:36.538762 92.80% [DEBUG] switch_loadable_module.c:1287 Write lock interface 'sofia' to wait for existing references.
2026-09-28 06:55:36.538762 92.80% [NOTICE] switch_loadable_module.c:1285 Deleting API Function 'sofia_gateway_data'
2026-09-28 06:55:36.538762 92.80% [DEBUG] switch_loadable_module.c:1287 Write lock interface 'sofia_gateway_data' to wait for existing references.
2026-09-28 06:55:36.538762 92.80% [NOTICE] switch_loadable_module.c:1285 Deleting API Function 'sofia_username_of'
2026-09-28 06:55:36.538762 92.80% [DEBUG] switch_loadable_module.c:1287 Write lock interface 'sofia_username_of' to wait for existing references.
2026-09-28 06:55:36.538762 92.80% [NOTICE] switch_loadable_module.c:1285 Deleting API Function 'sofia_contact'
2026-09-28 06:55:36.538762 92.80% [DEBUG] switch_loadable_module.c:1287 Write lock interface 'sofia_contact' to wait for existing references.
2026-09-28 06:55:36.538762 92.80% [NOTICE] switch_loadable_module.c:1285 Deleting API Function 'sofia_count_reg'
2026-09-28 06:55:36.538762 92.80% [DEBUG] switch_loadable_module.c:1287 Write lock interface 'sofia_count_reg' to wait for existing references.
2026-09-28 06:55:36.538762 92.80% [NOTICE] switch_loadable_module.c:1285 Deleting API Function 'sofia_dig'
2026-09-28 06:55:36.538762 92.80% [DEBUG] switch_loadable_module.c:1287 Write lock interface 'sofia_dig' to wait for existing references.
2026-09-28 06:55:36.538762 92.80% [NOTICE] switch_loadable_module.c:1285 Deleting API Function 'sofia_presence_data'
2026-09-28 06:55:36.538762 92.80% [DEBUG] switch_loadable_module.c:1287 Write lock interface 'sofia_presence_data' to wait for existing references.
2026-09-28 06:55:36.538762 92.80% [NOTICE] switch_loadable_module.c:1317 Deleting API Function 'sofia.status'
2026-09-28 06:55:36.538762 92.80% [DEBUG] switch_loadable_module.c:1319 Write lock interface 'sofia.status' to wait for existing references.
2026-09-28 06:55:36.538762 92.80% [NOTICE] switch_loadable_module.c:1317 Deleting API Function 'sofia.status.info'
2026-09-28 06:55:36.538762 92.80% [DEBUG] switch_loadable_module.c:1319 Write lock interface 'sofia.status.info' to wait for existing references.
2026-09-28 06:55:36.538762 92.80% [DEBUG] switch_loadable_module.c:1537 Write lock interface 'sip' to wait for existing references.
2026-09-28 06:55:36.538762 92.80% [NOTICE] switch_loadable_module.c:1546 Deleting Chat interface 'sip'
2026-09-28 06:55:36.538762 92.80% [NOTICE] switch_loadable_module.c:1590 Deleting Management interface 'mod_sofia' OID[.1.3.6.1.4.1.27880.1001]
2026-09-28 06:55:36.538762 92.80% [CONSOLE] switch_loadable_module.c:2354 Stopping: mod_sofia
2026-09-28 06:55:36.538762 92.80% [NOTICE] switch_event.c:468 Subclass reservation deleted for mod_sofia.c:sofia::notify_refer
2026-09-28 06:55:36.538762 92.80% [NOTICE] switch_event.c:468 Subclass reservation deleted for mod_sofia.c:sofia::notify_watched_header
2026-09-28 06:55:36.538762 92.80% [NOTICE] switch_event.c:468 Subclass reservation deleted for mod_sofia.c:sofia::unregister
2026-09-28 06:55:36.538762 92.80% [NOTICE] switch_event.c:468 Subclass reservation deleted for mod_sofia.c:sofia::profile_start
2026-09-28 06:55:36.538762 92.80% [NOTICE] switch_event.c:468 Subclass reservation deleted for mod_sofia.c:sofia::reinvite
2026-09-28 06:55:36.538762 92.80% [NOTICE] switch_event.c:468 Subclass reservation deleted for mod_sofia.c:sofia::replaced
2026-09-28 06:55:36.538762 92.80% [NOTICE] switch_event.c:468 Subclass reservation deleted for mod_sofia.c:sofia::transferor
2026-09-28 06:55:36.538762 92.80% [NOTICE] switch_event.c:468 Subclass reservation deleted for mod_sofia.c:sofia::transferee
2026-09-28 06:55:36.538762 92.80% [NOTICE] switch_event.c:468 Subclass reservation deleted for mod_sofia.c:sofia::error
2026-09-28 06:55:36.538762 92.80% [NOTICE] switch_event.c:468 Subclass reservation deleted for mod_sofia.c:sofia::intercepted
2026-09-28 06:55:36.538762 92.80% [NOTICE] switch_event.c:468 Subclass reservation deleted for mod_sofia.c:sofia::gateway_state
2026-09-28 06:55:36.538762 92.80% [NOTICE] switch_event.c:468 Subclass reservation deleted for mod_sofia.c:sofia::sip_user_state
2026-09-28 06:55:36.538762 92.80% [NOTICE] switch_event.c:468 Subclass reservation deleted for mod_sofia.c:sofia::gateway_delete
2026-09-28 06:55:36.538762 92.80% [NOTICE] switch_event.c:468 Subclass reservation deleted for mod_sofia.c:sofia::expire
2026-09-28 06:55:36.538762 92.80% [NOTICE] switch_event.c:468 Subclass reservation deleted for mod_sofia.c:sofia::register_attempt
2026-09-28 06:55:36.538762 92.80% [NOTICE] switch_event.c:468 Subclass reservation deleted for mod_sofia.c:sofia::register_failure
2026-09-28 06:55:36.538762 92.80% [NOTICE] switch_event.c:468 Subclass reservation deleted for mod_sofia.c:sofia::pre_register
2026-09-28 06:55:36.538762 92.80% [NOTICE] switch_event.c:468 Subclass reservation deleted for mod_sofia.c:sofia::register
2026-09-28 06:55:36.538762 92.80% [NOTICE] switch_event.c:468 Subclass reservation deleted for mod_sofia.c:sofia::gateway_add
2026-09-28 06:55:36.538762 92.80% [NOTICE] switch_event.c:468 Subclass reservation deleted for mod_sofia.c:sofia::bye_response
2026-09-28 06:55:36.558802 92.80% [DEBUG] switch_event.c:2157 Event Binding deleted for mod_sofia:PRESENCE_IN
2026-09-28 06:55:36.558802 92.80% [DEBUG] switch_event.c:2157 Event Binding deleted for mod_sofia:PRESENCE_OUT
2026-09-28 06:55:36.558802 92.80% [DEBUG] switch_event.c:2157 Event Binding deleted for mod_sofia:PRESENCE_PROBE
2026-09-28 06:55:36.558802 92.80% [DEBUG] switch_event.c:2157 Event Binding deleted for mod_sofia:MESSAGE_WAITING
2026-09-28 06:55:36.558802 92.80% [DEBUG] switch_event.c:2157 Event Binding deleted for mod_sofia:ROSTER
2026-09-28 06:55:36.558802 92.80% [DEBUG] switch_event.c:2157 Event Binding deleted for mod_sofia:CONFERENCE_DATA
2026-09-28 06:55:36.558802 92.80% [DEBUG] switch_event.c:2157 Event Binding deleted for mod_sofia:TRAP
2026-09-28 06:55:36.558802 92.80% [DEBUG] switch_event.c:2157 Event Binding deleted for mod_sofia:NOTIFY
2026-09-28 06:55:36.558802 92.80% [DEBUG] switch_event.c:2157 Event Binding deleted for mod_sofia:PHONE_FEATURE
2026-09-28 06:55:36.558802 92.80% [DEBUG] switch_event.c:2157 Event Binding deleted for mod_sofia:SEND_MESSAGE
2026-09-28 06:55:36.558802 92.80% [DEBUG] switch_event.c:2157 Event Binding deleted for mod_sofia:SEND_INFO
2026-09-28 06:55:36.558802 92.80% [DEBUG] switch_event.c:2157 Event Binding deleted for mod_sofia:CUSTOM
2026-09-28 06:55:36.558802 92.80% [CONSOLE] sofia_presence.c:1663 Event Thread Ended
2026-09-28 06:55:36.638778 92.63% [DEBUG] sofia_reg.c:328 Removing gateway obd-endpoint::platform-switch from hash.
2026-09-28 06:55:36.638778 92.63% [NOTICE] sofia_reg.c:141 UN-Registering platform-switch
2026-09-28 06:55:36.638778 92.63% [NOTICE] sofia_reg.c:342 Deleted gateway platform-switch
2026-09-28 06:55:36.638778 92.63% [NOTICE] sofia.c:3501 Waiting for worker thread
2026-09-28 06:55:36.658779 92.63% [INFO] switch_core_sqldb.c:1874 sofia:obd-endpoint Destroying SQL queue.
2026-09-28 06:55:36.958769 92.63% [INFO] switch_core_sqldb.c:1825 sofia:obd-endpoint Stopping SQL thread.
2026-09-28 06:55:36.958769 92.63% [DEBUG] sofia.c:3573 Write lock obd-endpoint
2026-09-28 06:55:36.958769 92.63% [DEBUG] sofia.c:3586 Write unlock obd-endpoint
2026-09-28 06:55:36.958769 92.63% [WARNING] sofia.c:2297 MSG Thread Ended
2026-09-28 06:55:36.958769 92.63% [NOTICE] switch_loadable_module.c:1285 Deleting API Function 'uuid_write_png'
2026-09-28 06:55:36.958769 92.63% [DEBUG] switch_loadable_module.c:1287 Write lock interface 'uuid_write_png' to wait for existing references.
2026-09-28 06:55:36.958769 92.63% [DEBUG] switch_loadable_module.c:1350 Write lock interface 'mod_png' to wait for existing references.
2026-09-28 06:55:36.958769 92.63% [NOTICE] switch_loadable_module.c:1360 Deleting File Format 'png'
2026-09-28 06:55:36.958769 92.63% [CONSOLE] switch_loadable_module.c:2354 Stopping: mod_png
2026-09-28 06:55:36.958769 92.63% [NOTICE] switch_loadable_module.c:1230 Deleting Application 'esf_page_group'
2026-09-28 06:55:36.958769 92.63% [DEBUG] switch_loadable_module.c:1232 Write lock interface 'esf_page_group' to wait for existing references.
2026-09-28 06:55:36.958769 92.63% [CONSOLE] switch_loadable_module.c:2357 mod_esf has no shutdown routine
2026-09-28 06:55:36.958769 92.63% [NOTICE] switch_loadable_module.c:1285 Deleting API Function 'sndfile_debug'
2026-09-28 06:55:36.958769 92.63% [DEBUG] switch_loadable_module.c:1287 Write lock interface 'sndfile_debug' to wait for existing references.
2026-09-28 06:55:36.958769 92.63% [DEBUG] switch_loadable_module.c:1350 Write lock interface 'mod_sndfile' to wait for existing references.
2026-09-28 06:55:36.958769 92.63% [NOTICE] switch_loadable_module.c:1360 Deleting File Format 'aiff'
2026-09-28 06:55:36.958769 92.63% [NOTICE] switch_loadable_module.c:1360 Deleting File Format 'au'
2026-09-28 06:55:36.958769 92.63% [NOTICE] switch_loadable_module.c:1360 Deleting File Format 'avr'
2026-09-28 06:55:36.958769 92.63% [NOTICE] switch_loadable_module.c:1360 Deleting File Format 'caf'
2026-09-28 06:55:36.958769 92.63% [NOTICE] switch_loadable_module.c:1360 Deleting File Format 'flac'
2026-09-28 06:55:36.958769 92.63% [NOTICE] switch_loadable_module.c:1360 Deleting File Format 'htk'
2026-09-28 06:55:36.958769 92.63% [NOTICE] switch_loadable_module.c:1360 Deleting File Format 'iff'
2026-09-28 06:55:36.958769 92.63% [NOTICE] switch_loadable_module.c:1360 Deleting File Format 'mat'
2026-09-28 06:55:36.958769 92.63% [NOTICE] switch_loadable_module.c:1360 Deleting File Format 'mpc'
2026-09-28 06:55:36.958769 92.63% [NOTICE] switch_loadable_module.c:1360 Deleting File Format 'm1a'
2026-09-28 06:55:36.958769 92.63% [NOTICE] switch_loadable_module.c:1360 Deleting File Format 'oga'
2026-09-28 06:55:36.958769 92.63% [NOTICE] switch_loadable_module.c:1360 Deleting File Format 'paf'
2026-09-28 06:55:36.958769 92.63% [NOTICE] switch_loadable_module.c:1360 Deleting File Format 'pvf'
2026-09-28 06:55:36.958769 92.63% [NOTICE] switch_loadable_module.c:1360 Deleting File Format 'raw'
2026-09-28 06:55:36.958769 92.63% [NOTICE] switch_loadable_module.c:1360 Deleting File Format 'rf64'
2026-09-28 06:55:36.958769 92.63% [NOTICE] switch_loadable_module.c:1360 Deleting File Format 'sd2'
2026-09-28 06:55:36.958769 92.63% [NOTICE] switch_loadable_module.c:1360 Deleting File Format 'sds'
2026-09-28 06:55:36.958769 92.63% [NOTICE] switch_loadable_module.c:1360 Deleting File Format 'sf'
2026-09-28 06:55:36.958769 92.63% [NOTICE] switch_loadable_module.c:1360 Deleting File Format 'voc'
2026-09-28 06:55:36.958769 92.63% [NOTICE] switch_loadable_module.c:1360 Deleting File Format 'w64'
2026-09-28 06:55:36.958769 92.63% [NOTICE] switch_loadable_module.c:1360 Deleting File Format 'wav'
2026-09-28 06:55:36.958769 92.63% [NOTICE] switch_loadable_module.c:1360 Deleting File Format 'wve'
2026-09-28 06:55:36.958769 92.63% [NOTICE] switch_loadable_module.c:1360 Deleting File Format 'xi'
2026-09-28 06:55:36.958769 92.63% [NOTICE] switch_loadable_module.c:1360 Deleting File Format 'r8'
2026-09-28 06:55:36.958769 92.63% [NOTICE] switch_loadable_module.c:1360 Deleting File Format 'r16'
2026-09-28 06:55:36.958769 92.63% [NOTICE] switch_loadable_module.c:1360 Deleting File Format 'r24'
2026-09-28 06:55:36.958769 92.63% [NOTICE] switch_loadable_module.c:1360 Deleting File Format 'r32'
2026-09-28 06:55:36.958769 92.63% [NOTICE] switch_loadable_module.c:1360 Deleting File Format 'gsm'
2026-09-28 06:55:36.958769 92.63% [NOTICE] switch_loadable_module.c:1360 Deleting File Format 'ul'
2026-09-28 06:55:36.958769 92.63% [NOTICE] switch_loadable_module.c:1360 Deleting File Format 'ulaw'
2026-09-28 06:55:36.958769 92.63% [NOTICE] switch_loadable_module.c:1360 Deleting File Format 'al'
2026-09-28 06:55:36.958769 92.63% [NOTICE] switch_loadable_module.c:1360 Deleting File Format 'alaw'
2026-09-28 06:55:36.958769 92.63% [NOTICE] switch_loadable_module.c:1360 Deleting File Format 'adpcm'
2026-09-28 06:55:36.958769 92.63% [NOTICE] switch_loadable_module.c:1360 Deleting File Format 'vox'
2026-09-28 06:55:36.958769 92.63% [NOTICE] switch_loadable_module.c:1360 Deleting File Format 'oga'
2026-09-28 06:55:36.958769 92.63% [NOTICE] switch_loadable_module.c:1360 Deleting File Format 'ogg'
2026-09-28 06:55:36.958769 92.63% [CONSOLE] switch_loadable_module.c:2354 Stopping: mod_sndfile
2026-09-28 06:55:36.958769 92.63% [DEBUG] switch_loadable_module.c:1565 Write lock interface 'en' to wait for existing references.
2026-09-28 06:55:36.958769 92.63% [NOTICE] switch_loadable_module.c:1573 Deleting Say interface 'en'
2026-09-28 06:55:36.958769 92.63% [CONSOLE] switch_loadable_module.c:2357 mod_say_en has no shutdown routine
